COMPLAINT_NUMBER,BEAT,STREET,ADDRESS,LOCATION_CODE,INCIDENT_TIME_START,INCIDENT_TIME_END,NOTIFICATION_DATE,ACCSUEDOFFICER_FNAME,ACCUSEDOFFICER_LNAME,ACCUSED_STAR,ACCUSED_UNIT,ACCUSED_DETAIL,ACCUSED_APPOINTMENT_DATE,ACCUSED_POSITION,INITIAL_CATEGORY_CODE,INITIAL_CATEGORY,CURRENT_CATEGORY_CODE,CURRENT_CATEGORY,CURRENT_STATUS,FINDING_CODE,INVOLVED_OFFICER_LNAME,INVOLVED_OFFICER_FNAME,INVOLVED_OFFICER_UNIT,INVOLVED_OFFICER_DETAIL,INVOLVED_OFFICER_POSITION,INVOLVED_OFFICER_AGE,INVOLVED_OFFICER_SEX,INVOLVED_OFFICER_RACE,foia,INVOLVED_OFFICER_DESCRIPTION,INVOLVED_OFFICER_TYPE,start_code_2,start_code_1,rec,sum_rec
1060964,634,95TH ST,14,CTA BUS STOP,,,25mar2013,,GOCHEE,3909,006,,24feb2003,POLICE OFFICER,05B,EXCESSIVE FORCE / ON DUTY - NO INJURY,S117,PUSH/PULL/GRAB,CLOSED/FINAL,UNFOUNDED,BILLUPS,GAVIN,,,UNKNOWN,,MALE,BLACK,apr2016,,,05,0,0,1
1060964,634,95TH ST,14,CTA BUS STOP,,,25mar2013,,GOCHEE,3909,006,,24feb2003,POLICE OFFICER,05B,EXCESSIVE FORCE / ON DUTY - NO INJURY,S117,PUSH/PULL/GRAB,CLOSED/FINAL,UNFOUNDED,BILLUPS,GAVIN,,,UNKNOWN,22,MALE,BLACK,apr2016,,,05,0,0,1
1060964,634,95TH ST,14,CTA BUS STOP,,,25mar2013,,OMARA,4084,006,,25jun2001,POLICE OFFICER,05B,EXCESSIVE FORCE / ON DUTY - NO INJURY,S117,PUSH/PULL/GRAB,CLOSED/FINAL,UNFOUNDED,BILLUPS,GAVIN,,,UNKNOWN,,MALE,BLACK,apr2016,,,05,0,0,1
1060964,634,95TH ST,14,CTA BUS STOP,,,25mar2013,,OMARA,4084,006,,25jun2001,POLICE OFFICER,05B,EXCESSIVE FORCE / ON DUTY - NO INJURY,S117,PUSH/PULL/GRAB,CLOSED/FINAL,UNFOUNDED,BILLUPS,GAVIN,,,UNKNOWN,22,MALE,BLACK,apr2016,,,05,0,0,1
