COMPLAINT_NUMBER,BEAT,STREET,ADDRESS,LOCATION_CODE,INCIDENT_TIME_START,INCIDENT_TIME_END,NOTIFICATION_DATE,ACCSUEDOFFICER_FNAME,ACCUSEDOFFICER_LNAME,ACCUSED_STAR,ACCUSED_UNIT,ACCUSED_DETAIL,ACCUSED_APPOINTMENT_DATE,ACCUSED_POSITION,INITIAL_CATEGORY_CODE,INITIAL_CATEGORY,CURRENT_CATEGORY_CODE,CURRENT_CATEGORY,CURRENT_STATUS,FINDING_CODE,INVOLVED_OFFICER_LNAME,INVOLVED_OFFICER_FNAME,INVOLVED_OFFICER_UNIT,INVOLVED_OFFICER_DETAIL,INVOLVED_OFFICER_POSITION,INVOLVED_OFFICER_AGE,INVOLVED_OFFICER_SEX,INVOLVED_OFFICER_RACE,foia,INVOLVED_OFFICER_DESCRIPTION,INVOLVED_OFFICER_TYPE,start_code_2,start_code_1,rec,sum_rec
1060039,1921,WESTERN AVE,3450,STREET,09feb2013 09:55:00,09feb2013 09:55:00,09feb2013,,,,,,,,05Z,MISCELLANEOUS,05Z,MISCELLANEOUS,CLOSED/RESIGNED NOT SERVED,SUSTAINED,SENNELLO,MICHAELE,,,UNKNOWN,37,FEMALE,WHITE,apr2016,,,05,0,0,1
1060039,1921,WESTERN AVE,3450,STREET,09feb2013 09:55:00,09feb2013 09:55:00,09feb2013,,HOFF,20976,630,,13apr1987,PO AS DETECTIVE,05Z,MISCELLANEOUS,05Z,MISCELLANEOUS,CLOSED/RESIGNED NOT SERVED,SUSTAINED,FARRELL,BRIAN,,,UNKNOWN,39,MALE,,apr2016,,,05,0,0,1
1060039,1921,WESTERN AVE,3450,STREET,09feb2013 09:55:00,09feb2013 09:55:00,09feb2013,,HOFF,20976,630,,13apr1987,PO AS DETECTIVE,05Z,MISCELLANEOUS,05Z,MISCELLANEOUS,CLOSED/RESIGNED NOT SERVED,SUSTAINED,SENNELLO,JOSEPH,,,UNKNOWN,39,MALE,WHITE,apr2016,,,05,0,0,1
1060039,1921,WESTERN AVE,3450,STREET,09feb2013 09:55:00,09feb2013 09:55:00,09feb2013,,HOFF,20976,630,,13apr1987,PO AS DETECTIVE,05Z,MISCELLANEOUS,05Z,MISCELLANEOUS,CLOSED/RESIGNED NOT SERVED,SUSTAINED,SENNELLO,MICHAELE,,,UNKNOWN,37,FEMALE,WHITE,apr2016,,,05,0,0,1
1060039,1921,WESTERN AVE,3450,STREET,09feb2013 09:55:00,09feb2013 09:55:00,09feb2013,,,,,,,,05Z,MISCELLANEOUS,05Z,MISCELLANEOUS,CLOSED/RESIGNED NOT SERVED,SUSTAINED,SENNELLO,JOSEPH,,,UNKNOWN,39,MALE,WHITE,apr2016,,,05,0,0,1
1060039,1921,WESTERN AVE,3450,STREET,09feb2013 09:55:00,09feb2013 09:55:00,09feb2013,,,,,,,,05Z,MISCELLANEOUS,05Z,MISCELLANEOUS,CLOSED/RESIGNED NOT SERVED,SUSTAINED,FARRELL,BRIAN,,,UNKNOWN,39,MALE,,apr2016,,,05,0,0,1
