COMPLAINT_NUMBER,BEAT,STREET,ADDRESS,LOCATION_CODE,INCIDENT_TIME_START,INCIDENT_TIME_END,NOTIFICATION_DATE,ACCSUEDOFFICER_FNAME,ACCUSEDOFFICER_LNAME,ACCUSED_STAR,ACCUSED_UNIT,ACCUSED_DETAIL,ACCUSED_APPOINTMENT_DATE,ACCUSED_POSITION,INITIAL_CATEGORY_CODE,INITIAL_CATEGORY,CURRENT_CATEGORY_CODE,CURRENT_CATEGORY,CURRENT_STATUS,FINDING_CODE,INVOLVED_OFFICER_LNAME,INVOLVED_OFFICER_FNAME,INVOLVED_OFFICER_UNIT,INVOLVED_OFFICER_DETAIL,INVOLVED_OFFICER_POSITION,INVOLVED_OFFICER_AGE,INVOLVED_OFFICER_SEX,INVOLVED_OFFICER_RACE,foia,INVOLVED_OFFICER_DESCRIPTION,INVOLVED_OFFICER_TYPE,start_code_2,start_code_1,rec,sum_rec
1056949,1814,LAKE SHORE DR,1601,PARK PROPERTY,03sep2012 20:00:00,03sep2012 20:00:00,10sep2012,MICHELLE,TANNEHILL,5495,024,211,09mar2009,POLICE OFFICER,05A,EXCESSIVE FORCE / ON DUTY - INJURY,S021,MISCELLANEOUS,CLOSED/FINAL,NOT SUSTAINED,CEBALLOS,OMAR,,,UNKNOWN,,MALE,WHITE HISPANIC,apr2016,,,05,0,0,1
1056949,1814,LAKE SHORE DR,1601,PARK PROPERTY,03sep2012 20:00:00,03sep2012 20:00:00,10sep2012,MICHELLE,TANNEHILL,5495,024,211,09mar2009,POLICE OFFICER,05A,EXCESSIVE FORCE / ON DUTY - INJURY,S021,MISCELLANEOUS,CLOSED/FINAL,NOT SUSTAINED,COMWELL,JESSICA,,,UNKNOWN,,FEMALE,WHITE,apr2016,,,05,0,0,1
1056949,1814,LAKE SHORE DR,1601,PARK PROPERTY,03sep2012 20:00:00,03sep2012 20:00:00,10sep2012,MICHELLE,TANNEHILL,5495,024,211,09mar2009,POLICE OFFICER,05A,EXCESSIVE FORCE / ON DUTY - INJURY,S021,MISCELLANEOUS,CLOSED/FINAL,NOT SUSTAINED,CEBALLOS,CASSANDRA,,,UNKNOWN,,FEMALE,WHITE HISPANIC,apr2016,,,05,0,0,1
1056949,1814,LAKE SHORE DR,1601,PARK PROPERTY,03sep2012 20:00:00,03sep2012 20:00:00,10sep2012,MICHELLE,TANNEHILL,5495,024,211,09mar2009,POLICE OFFICER,05A,EXCESSIVE FORCE / ON DUTY - INJURY,S021,MISCELLANEOUS,CLOSED/FINAL,NOT SUSTAINED,KOMLO,JESSICA,,,UNKNOWN,,FEMALE,WHITE,apr2016,,,05,0,0,1
1056949,1814,LAKE SHORE DR,1601,PARK PROPERTY,03sep2012 20:00:00,03sep2012 20:00:00,10sep2012,MICHELLE,TANNEHILL,5495,024,211,09mar2009,POLICE OFFICER,05A,EXCESSIVE FORCE / ON DUTY - INJURY,S021,MISCELLANEOUS,CLOSED/FINAL,NOT SUSTAINED,CEBALLOS,JOANNA,,,UNKNOWN,,FEMALE,WHITE HISPANIC,apr2016,,,05,0,0,1
1056949,1814,LAKE SHORE DR,1601,PARK PROPERTY,03sep2012 20:00:00,03sep2012 20:00:00,10sep2012,MICHELLE,TANNEHILL,5495,024,211,09mar2009,POLICE OFFICER,05A,EXCESSIVE FORCE / ON DUTY - INJURY,S021,MISCELLANEOUS,CLOSED/FINAL,NOT SUSTAINED,PAYNE,GREGORY,001,211,POLICE OFFICER,,MALE,AMER IND/ALASKAN NATIVE,apr2016,,,05,0,0,1
