COMPLAINT_NUMBER,BEAT,STREET,ADDRESS,LOCATION_CODE,INCIDENT_TIME_START,INCIDENT_TIME_END,NOTIFICATION_DATE,ACCSUEDOFFICER_FNAME,ACCUSEDOFFICER_LNAME,ACCUSED_STAR,ACCUSED_UNIT,ACCUSED_DETAIL,ACCUSED_APPOINTMENT_DATE,ACCUSED_POSITION,INITIAL_CATEGORY_CODE,INITIAL_CATEGORY,CURRENT_CATEGORY_CODE,CURRENT_CATEGORY,CURRENT_STATUS,FINDING_CODE,INVOLVED_OFFICER_LNAME,INVOLVED_OFFICER_FNAME,INVOLVED_OFFICER_UNIT,INVOLVED_OFFICER_DETAIL,INVOLVED_OFFICER_POSITION,INVOLVED_OFFICER_AGE,INVOLVED_OFFICER_SEX,INVOLVED_OFFICER_RACE,foia,INVOLVED_OFFICER_DESCRIPTION,INVOLVED_OFFICER_TYPE,start_code_2,start_code_1,rec,sum_rec
1057888,2533,CRYSTAL ST,5000,STREET,20oct2012 15:30:00,20oct2012 15:30:00,20oct2012,PANOS,THEODORIDES,5383,313,,18dec2000,POLICE OFFICER,01B,"RACIAL / ETHNIC, ETC.",S029,TAKE DOWN (THROWN TO GROUND),CLOSED/FINAL,EXONERATED,HARDMON,TIFFANY,,,UNKNOWN,39,FEMALE,BLACK,apr2016,,,01,0,0,1
1057888,2533,CRYSTAL ST,5000,STREET,20oct2012 15:30:00,20oct2012 15:30:00,20oct2012,,,,,,,,01B,"RACIAL / ETHNIC, ETC.",S029,TAKE DOWN (THROWN TO GROUND),CLOSED/FINAL,EXONERATED,HARDMON,TIFFANY,,,UNKNOWN,38,FEMALE,BLACK,apr2016,,,01,0,0,1
1057888,2533,CRYSTAL ST,5000,STREET,20oct2012 15:30:00,20oct2012 15:30:00,20oct2012,,,,,,,,01B,"RACIAL / ETHNIC, ETC.",S029,TAKE DOWN (THROWN TO GROUND),CLOSED/FINAL,EXONERATED,HARDMON,ANTHONY,,,UNKNOWN,14,MALE,BLACK,apr2016,,,01,0,1,1
1057888,2533,CRYSTAL ST,5000,STREET,20oct2012 15:30:00,20oct2012 15:30:00,20oct2012,PANOS,THEODORIDES,5383,313,,18dec2000,POLICE OFFICER,01B,"RACIAL / ETHNIC, ETC.",S029,TAKE DOWN (THROWN TO GROUND),CLOSED/FINAL,EXONERATED,HARDMON,TIFFANY,,,UNKNOWN,38,FEMALE,BLACK,apr2016,,,01,0,0,1
1057888,2533,CRYSTAL ST,5000,STREET,20oct2012 15:30:00,20oct2012 15:30:00,20oct2012,RICHARD,YI,18009,313,,25oct2004,POLICE OFFICER,01B,"RACIAL / ETHNIC, ETC.",S029,TAKE DOWN (THROWN TO GROUND),CLOSED/FINAL,EXONERATED,HARDMON,TIFFANY,,,UNKNOWN,38,FEMALE,BLACK,apr2016,,,01,0,0,1
1057888,2533,CRYSTAL ST,5000,STREET,20oct2012 15:30:00,20oct2012 15:30:00,20oct2012,PANOS,THEODORIDES,5383,313,,18dec2000,POLICE OFFICER,01B,"RACIAL / ETHNIC, ETC.",S029,TAKE DOWN (THROWN TO GROUND),CLOSED/FINAL,EXONERATED,HARDMON,ANTHONY,,,UNKNOWN,14,MALE,BLACK,apr2016,,,01,0,0,1
1057888,2533,CRYSTAL ST,5000,STREET,20oct2012 15:30:00,20oct2012 15:30:00,20oct2012,RICHARD,YI,18009,313,,25oct2004,POLICE OFFICER,01B,"RACIAL / ETHNIC, ETC.",S029,TAKE DOWN (THROWN TO GROUND),CLOSED/FINAL,EXONERATED,HARDMON,TIFFANY,,,UNKNOWN,39,FEMALE,BLACK,apr2016,,,01,0,0,1
1057888,2533,CRYSTAL ST,5000,STREET,20oct2012 15:30:00,20oct2012 15:30:00,20oct2012,,,,,,,,01B,"RACIAL / ETHNIC, ETC.",S029,TAKE DOWN (THROWN TO GROUND),CLOSED/FINAL,EXONERATED,HARDMON,TIFFANY,,,UNKNOWN,39,FEMALE,BLACK,apr2016,,,01,0,0,1
1057888,2533,CRYSTAL ST,5000,STREET,20oct2012 15:30:00,20oct2012 15:30:00,20oct2012,RICHARD,YI,18009,313,,25oct2004,POLICE OFFICER,01B,"RACIAL / ETHNIC, ETC.",S029,TAKE DOWN (THROWN TO GROUND),CLOSED/FINAL,EXONERATED,HARDMON,ANTHONY,,,UNKNOWN,14,MALE,BLACK,apr2016,,,01,0,0,1
