COMPLAINT_NUMBER,BEAT,STREET,ADDRESS,LOCATION_CODE,INCIDENT_TIME_START,INCIDENT_TIME_END,NOTIFICATION_DATE,ACCSUEDOFFICER_FNAME,ACCUSEDOFFICER_LNAME,ACCUSED_STAR,ACCUSED_UNIT,ACCUSED_DETAIL,ACCUSED_APPOINTMENT_DATE,ACCUSED_POSITION,INITIAL_CATEGORY_CODE,INITIAL_CATEGORY,CURRENT_CATEGORY_CODE,CURRENT_CATEGORY,CURRENT_STATUS,FINDING_CODE,INVOLVED_OFFICER_LNAME,INVOLVED_OFFICER_FNAME,INVOLVED_OFFICER_UNIT,INVOLVED_OFFICER_DETAIL,INVOLVED_OFFICER_POSITION,INVOLVED_OFFICER_AGE,INVOLVED_OFFICER_SEX,INVOLVED_OFFICER_RACE,foia,INVOLVED_OFFICER_DESCRIPTION,INVOLVED_OFFICER_TYPE,start_code_2,start_code_1,rec,sum_rec
1059884,522,LAFAYETTE AVE,11532,RESIDENCE,30jan2013 20:00:00,30jan2013 21:00:00,31jan2013,,LANDRUM,17355,006,606,29nov2004,POLICE OFFICER,S030,DRAGGED,05B,EXCESSIVE FORCE / ON DUTY - NO INJURY,CLOSED/FINAL,NOT SUSTAINED,ANTONIAZZI,GINO,022,212,POLICE OFFICER,,MALE,WHITE,apr2016,,,S0,S,0,1
1059884,522,LAFAYETTE AVE,11532,RESIDENCE,30jan2013 20:00:00,30jan2013 21:00:00,31jan2013,,LANDRUM,17355,006,606,29nov2004,POLICE OFFICER,S030,DRAGGED,05B,EXCESSIVE FORCE / ON DUTY - NO INJURY,CLOSED/FINAL,NOT SUSTAINED,GREGORY,JAMES,,,UNKNOWN,30,MALE,BLACK,apr2016,,,S0,S,0,1
1059884,522,LAFAYETTE AVE,11532,RESIDENCE,30jan2013 20:00:00,30jan2013 21:00:00,31jan2013,,,,,,,,S030,DRAGGED,05B,EXCESSIVE FORCE / ON DUTY - NO INJURY,CLOSED/FINAL,NOT SUSTAINED,CALLE,DAVID,025,606,POLICE OFFICER,,MALE,SPANISH (DO NOT USE),apr2016,,,S0,S,0,1
1059884,522,LAFAYETTE AVE,11532,RESIDENCE,30jan2013 20:00:00,30jan2013 21:00:00,31jan2013,,,,,,,,S030,DRAGGED,05B,EXCESSIVE FORCE / ON DUTY - NO INJURY,CLOSED/FINAL,NOT SUSTAINED,GREGORY,JAMES,,,UNKNOWN,30,MALE,BLACK,apr2016,,,S0,S,0,1
1059884,522,LAFAYETTE AVE,11532,RESIDENCE,30jan2013 20:00:00,30jan2013 21:00:00,31jan2013,,BAILEY,6683,007,189,25sep2006,POLICE OFFICER,S030,DRAGGED,05B,EXCESSIVE FORCE / ON DUTY - NO INJURY,CLOSED/FINAL,UNFOUNDED,JAMES,GREGORY,,,UNKNOWN,30,MALE,BLACK,apr2016,,,S0,S,0,1
1059884,522,LAFAYETTE AVE,11532,RESIDENCE,30jan2013 20:00:00,30jan2013 21:00:00,31jan2013,,BAILEY,6683,007,189,25sep2006,POLICE OFFICER,S030,DRAGGED,05B,EXCESSIVE FORCE / ON DUTY - NO INJURY,CLOSED/FINAL,UNFOUNDED,GREGORY,JAMES,,,UNKNOWN,30,MALE,BLACK,apr2016,,,S0,S,0,1
1059884,522,LAFAYETTE AVE,11532,RESIDENCE,30jan2013 20:00:00,30jan2013 21:00:00,31jan2013,,BAILEY,6683,007,189,25sep2006,POLICE OFFICER,S030,DRAGGED,05B,EXCESSIVE FORCE / ON DUTY - NO INJURY,CLOSED/FINAL,UNFOUNDED,STAMPS,JENARRIS,,,UNKNOWN,10,MALE,BLACK,apr2016,,,S0,S,0,1
1059884,522,LAFAYETTE AVE,11532,RESIDENCE,30jan2013 20:00:00,30jan2013 21:00:00,31jan2013,,LANDRUM,17355,006,606,29nov2004,POLICE OFFICER,S030,DRAGGED,05B,EXCESSIVE FORCE / ON DUTY - NO INJURY,CLOSED/FINAL,NOT SUSTAINED,HOLLIDAY,SHARI,,,UNKNOWN,27,FEMALE,BLACK,apr2016,,,S0,S,0,1
1059884,522,LAFAYETTE AVE,11532,RESIDENCE,30jan2013 20:00:00,30jan2013 21:00:00,31jan2013,,,,,,,,S030,DRAGGED,05B,EXCESSIVE FORCE / ON DUTY - NO INJURY,CLOSED/FINAL,NOT SUSTAINED,ANTONIAZZI,GINO,022,212,POLICE OFFICER,,MALE,WHITE,apr2016,,,S0,S,1,1
1059884,522,LAFAYETTE AVE,11532,RESIDENCE,30jan2013 20:00:00,30jan2013 21:00:00,31jan2013,,,,,,,,S030,DRAGGED,05B,EXCESSIVE FORCE / ON DUTY - NO INJURY,CLOSED/FINAL,NOT SUSTAINED,JAMES,GREGORY,,,UNKNOWN,30,MALE,BLACK,apr2016,,,S0,S,0,1
1059884,522,LAFAYETTE AVE,11532,RESIDENCE,30jan2013 20:00:00,30jan2013 21:00:00,31jan2013,,,,,,,,S030,DRAGGED,05B,EXCESSIVE FORCE / ON DUTY - NO INJURY,CLOSED/FINAL,NOT SUSTAINED,STAMPS,JENARRIS,,,UNKNOWN,10,MALE,BLACK,apr2016,,,S0,S,0,1
1059884,522,LAFAYETTE AVE,11532,RESIDENCE,30jan2013 20:00:00,30jan2013 21:00:00,31jan2013,,LANDRUM,17355,006,606,29nov2004,POLICE OFFICER,S030,DRAGGED,05B,EXCESSIVE FORCE / ON DUTY - NO INJURY,CLOSED/FINAL,NOT SUSTAINED,JAMES,GREGORY,,,UNKNOWN,30,MALE,BLACK,apr2016,,,S0,S,0,1
1059884,522,LAFAYETTE AVE,11532,RESIDENCE,30jan2013 20:00:00,30jan2013 21:00:00,31jan2013,,LANDRUM,17355,006,606,29nov2004,POLICE OFFICER,S030,DRAGGED,05B,EXCESSIVE FORCE / ON DUTY - NO INJURY,CLOSED/FINAL,NOT SUSTAINED,CALLE,DAVID,025,606,POLICE OFFICER,,MALE,SPANISH (DO NOT USE),apr2016,,,S0,S,0,1
1059884,522,LAFAYETTE AVE,11532,RESIDENCE,30jan2013 20:00:00,30jan2013 21:00:00,31jan2013,,BAILEY,6683,007,189,25sep2006,POLICE OFFICER,S030,DRAGGED,05B,EXCESSIVE FORCE / ON DUTY - NO INJURY,CLOSED/FINAL,UNFOUNDED,ANTONIAZZI,GINO,022,212,POLICE OFFICER,,MALE,WHITE,apr2016,,,S0,S,0,1
1059884,522,LAFAYETTE AVE,11532,RESIDENCE,30jan2013 20:00:00,30jan2013 21:00:00,31jan2013,,,,,,,,S030,DRAGGED,05B,EXCESSIVE FORCE / ON DUTY - NO INJURY,CLOSED/FINAL,NOT SUSTAINED,HOLLIDAY,SHARI,,,UNKNOWN,27,FEMALE,BLACK,apr2016,,,S0,S,0,1
1059884,522,LAFAYETTE AVE,11532,RESIDENCE,30jan2013 20:00:00,30jan2013 21:00:00,31jan2013,,BAILEY,6683,007,189,25sep2006,POLICE OFFICER,S030,DRAGGED,05B,EXCESSIVE FORCE / ON DUTY - NO INJURY,CLOSED/FINAL,UNFOUNDED,CALLE,DAVID,025,606,POLICE OFFICER,,MALE,SPANISH (DO NOT USE),apr2016,,,S0,S,0,1
1059884,522,LAFAYETTE AVE,11532,RESIDENCE,30jan2013 20:00:00,30jan2013 21:00:00,31jan2013,,BAILEY,6683,007,189,25sep2006,POLICE OFFICER,S030,DRAGGED,05B,EXCESSIVE FORCE / ON DUTY - NO INJURY,CLOSED/FINAL,UNFOUNDED,HOLLIDAY,SHARI,,,UNKNOWN,28,FEMALE,BLACK,apr2016,,,S0,S,0,1
1059884,522,LAFAYETTE AVE,11532,RESIDENCE,30jan2013 20:00:00,30jan2013 21:00:00,31jan2013,,LANDRUM,17355,006,606,29nov2004,POLICE OFFICER,S030,DRAGGED,05B,EXCESSIVE FORCE / ON DUTY - NO INJURY,CLOSED/FINAL,NOT SUSTAINED,HOLLIDAY,SHARI,,,UNKNOWN,28,FEMALE,BLACK,apr2016,,,S0,S,0,1
1059884,522,LAFAYETTE AVE,11532,RESIDENCE,30jan2013 20:00:00,30jan2013 21:00:00,31jan2013,,,,,,,,S030,DRAGGED,05B,EXCESSIVE FORCE / ON DUTY - NO INJURY,CLOSED/FINAL,NOT SUSTAINED,HOLLIDAY,SHARI,,,UNKNOWN,28,FEMALE,BLACK,apr2016,,,S0,S,0,1
1059884,522,LAFAYETTE AVE,11532,RESIDENCE,30jan2013 20:00:00,30jan2013 21:00:00,31jan2013,,BAILEY,6683,007,189,25sep2006,POLICE OFFICER,S030,DRAGGED,05B,EXCESSIVE FORCE / ON DUTY - NO INJURY,CLOSED/FINAL,UNFOUNDED,HOLLIDAY,SHARI,,,UNKNOWN,27,FEMALE,BLACK,apr2016,,,S0,S,0,1
1059884,522,LAFAYETTE AVE,11532,RESIDENCE,30jan2013 20:00:00,30jan2013 21:00:00,31jan2013,,LANDRUM,17355,006,606,29nov2004,POLICE OFFICER,S030,DRAGGED,05B,EXCESSIVE FORCE / ON DUTY - NO INJURY,CLOSED/FINAL,NOT SUSTAINED,STAMPS,JENARRIS,,,UNKNOWN,10,MALE,BLACK,apr2016,,,S0,S,0,1
