COMPLAINT_NUMBER,BEAT,STREET,ADDRESS,LOCATION_CODE,INCIDENT_TIME_START,INCIDENT_TIME_END,NOTIFICATION_DATE,ACCSUEDOFFICER_FNAME,ACCUSEDOFFICER_LNAME,ACCUSED_STAR,ACCUSED_UNIT,ACCUSED_DETAIL,ACCUSED_APPOINTMENT_DATE,ACCUSED_POSITION,INITIAL_CATEGORY_CODE,INITIAL_CATEGORY,CURRENT_CATEGORY_CODE,CURRENT_CATEGORY,CURRENT_STATUS,FINDING_CODE,INVOLVED_OFFICER_LNAME,INVOLVED_OFFICER_FNAME,INVOLVED_OFFICER_UNIT,INVOLVED_OFFICER_DETAIL,INVOLVED_OFFICER_POSITION,INVOLVED_OFFICER_AGE,INVOLVED_OFFICER_SEX,INVOLVED_OFFICER_RACE,foia,INVOLVED_OFFICER_DESCRIPTION,INVOLVED_OFFICER_TYPE,start_code_2,start_code_1,rec,sum_rec
1058715,1112,MONTICELLO AVE,853,STREET,31oct2012 12:30:00,31oct2012 12:30:00,29nov2012,JOSEPH,MERKEL,19301,019,213,31aug1998,POLICE OFFICER,05A,EXCESSIVE FORCE / ON DUTY - INJURY,S005,KICKED,CLOSED/FINAL,NOT SUSTAINED,STEWARD,WESLEY,,,UNKNOWN,42,MALE,BLACK,apr2016,,,05,0,0,1
1058715,1112,MONTICELLO AVE,853,STREET,31oct2012 12:30:00,31oct2012 12:30:00,29nov2012,,,,,,,,05A,EXCESSIVE FORCE / ON DUTY - INJURY,S005,KICKED,CLOSED/FINAL,NOT SUSTAINED,STEWARD,WESLEY,,,UNKNOWN,42,MALE,BLACK,apr2016,,,05,0,0,1
1058715,1112,MONTICELLO AVE,853,STREET,31oct2012 12:30:00,31oct2012 12:30:00,29nov2012,BRIAN,MURPHY,8469,024,213,30apr2001,POLICE OFFICER,05A,EXCESSIVE FORCE / ON DUTY - INJURY,S005,KICKED,CLOSED/FINAL,NOT SUSTAINED,LIEDTKE,SCOTT,019,213,POLICE OFFICER,,MALE,WHITE,apr2016,,,05,0,0,1
1058715,1112,MONTICELLO AVE,853,STREET,31oct2012 12:30:00,31oct2012 12:30:00,29nov2012,,,,,,,,05A,EXCESSIVE FORCE / ON DUTY - INJURY,S005,KICKED,CLOSED/FINAL,NOT SUSTAINED,STEWARD,WESLEY,,,UNKNOWN,41,MALE,BLACK,apr2016,,,05,0,0,1
1058715,1112,MONTICELLO AVE,853,STREET,31oct2012 12:30:00,31oct2012 12:30:00,29nov2012,JOSEPH,MERKEL,19301,019,213,31aug1998,POLICE OFFICER,05A,EXCESSIVE FORCE / ON DUTY - INJURY,S005,KICKED,CLOSED/FINAL,NOT SUSTAINED,RYLE,JAMES,019,213,SERGEANT OF POLICE,,MALE,WHITE,apr2016,,,05,0,0,1
1058715,1112,MONTICELLO AVE,853,STREET,31oct2012 12:30:00,31oct2012 12:30:00,29nov2012,,,,,,,,05A,EXCESSIVE FORCE / ON DUTY - INJURY,S005,KICKED,CLOSED/FINAL,NOT SUSTAINED,,,,,,,,,apr2016,,,05,0,0,1
1058715,1112,MONTICELLO AVE,853,STREET,31oct2012 12:30:00,31oct2012 12:30:00,29nov2012,BRIAN,MURPHY,8469,024,213,30apr2001,POLICE OFFICER,05A,EXCESSIVE FORCE / ON DUTY - INJURY,S005,KICKED,CLOSED/FINAL,NOT SUSTAINED,RYLE,JAMES,019,213,SERGEANT OF POLICE,,MALE,WHITE,apr2016,,,05,0,0,1
1058715,1112,MONTICELLO AVE,853,STREET,31oct2012 12:30:00,31oct2012 12:30:00,29nov2012,,,,,,,,05A,EXCESSIVE FORCE / ON DUTY - INJURY,S005,KICKED,CLOSED/FINAL,NOT SUSTAINED,RYLE,JAMES,019,213,SERGEANT OF POLICE,,MALE,WHITE,apr2016,,,05,0,0,1
1058715,1112,MONTICELLO AVE,853,STREET,31oct2012 12:30:00,31oct2012 12:30:00,29nov2012,JOSEPH,MERKEL,19301,019,213,31aug1998,POLICE OFFICER,05A,EXCESSIVE FORCE / ON DUTY - INJURY,S005,KICKED,CLOSED/FINAL,NOT SUSTAINED,,,,,,,,,apr2016,,,05,0,0,1
1058715,1112,MONTICELLO AVE,853,STREET,31oct2012 12:30:00,31oct2012 12:30:00,29nov2012,,,,,,,,05A,EXCESSIVE FORCE / ON DUTY - INJURY,S005,KICKED,CLOSED/FINAL,NOT SUSTAINED,LIEDTKE,SCOTT,019,213,POLICE OFFICER,,MALE,WHITE,apr2016,,,05,0,1,1
1058715,1112,MONTICELLO AVE,853,STREET,31oct2012 12:30:00,31oct2012 12:30:00,29nov2012,BRIAN,MURPHY,8469,024,213,30apr2001,POLICE OFFICER,05A,EXCESSIVE FORCE / ON DUTY - INJURY,S005,KICKED,CLOSED/FINAL,NOT SUSTAINED,STEWARD,WESLEY,,,UNKNOWN,41,MALE,BLACK,apr2016,,,05,0,0,1
1058715,1112,MONTICELLO AVE,853,STREET,31oct2012 12:30:00,31oct2012 12:30:00,29nov2012,BRIAN,MURPHY,8469,024,213,30apr2001,POLICE OFFICER,05A,EXCESSIVE FORCE / ON DUTY - INJURY,S005,KICKED,CLOSED/FINAL,NOT SUSTAINED,,,,,,,,,apr2016,,,05,0,0,1
1058715,1112,MONTICELLO AVE,853,STREET,31oct2012 12:30:00,31oct2012 12:30:00,29nov2012,JOSEPH,MERKEL,19301,019,213,31aug1998,POLICE OFFICER,05A,EXCESSIVE FORCE / ON DUTY - INJURY,S005,KICKED,CLOSED/FINAL,NOT SUSTAINED,STEWARD,WESLEY,,,UNKNOWN,41,MALE,BLACK,apr2016,,,05,0,0,1
1058715,1112,MONTICELLO AVE,853,STREET,31oct2012 12:30:00,31oct2012 12:30:00,29nov2012,JOSEPH,MERKEL,19301,019,213,31aug1998,POLICE OFFICER,05A,EXCESSIVE FORCE / ON DUTY - INJURY,S005,KICKED,CLOSED/FINAL,NOT SUSTAINED,LIEDTKE,SCOTT,019,213,POLICE OFFICER,,MALE,WHITE,apr2016,,,05,0,0,1
1058715,1112,MONTICELLO AVE,853,STREET,31oct2012 12:30:00,31oct2012 12:30:00,29nov2012,BRIAN,MURPHY,8469,024,213,30apr2001,POLICE OFFICER,05A,EXCESSIVE FORCE / ON DUTY - INJURY,S005,KICKED,CLOSED/FINAL,NOT SUSTAINED,STEWARD,WESLEY,,,UNKNOWN,42,MALE,BLACK,apr2016,,,05,0,0,1
