COMPLAINT_NUMBER,BEAT,STREET,ADDRESS,LOCATION_CODE,INCIDENT_TIME_START,INCIDENT_TIME_END,NOTIFICATION_DATE,ACCSUEDOFFICER_FNAME,ACCUSEDOFFICER_LNAME,ACCUSED_STAR,ACCUSED_UNIT,ACCUSED_DETAIL,ACCUSED_APPOINTMENT_DATE,ACCUSED_POSITION,INITIAL_CATEGORY_CODE,INITIAL_CATEGORY,CURRENT_CATEGORY_CODE,CURRENT_CATEGORY,CURRENT_STATUS,FINDING_CODE,INVOLVED_OFFICER_LNAME,INVOLVED_OFFICER_FNAME,INVOLVED_OFFICER_UNIT,INVOLVED_OFFICER_DETAIL,INVOLVED_OFFICER_POSITION,INVOLVED_OFFICER_AGE,INVOLVED_OFFICER_SEX,INVOLVED_OFFICER_RACE,foia,INVOLVED_OFFICER_DESCRIPTION,INVOLVED_OFFICER_TYPE,start_code_2,start_code_1,rec,sum_rec
1061708,511,WENTWORTH AVE,9500,SIDEWALK,23apr2013 20:29:59,23apr2013 21:00:00,24apr2013,,WALKER,19899,006,,05sep1995,POLICE OFFICER,S002,OPEN HAND STRIKE (SLAP),05A,EXCESSIVE FORCE / ON DUTY - INJURY,CLOSED/FINAL,UNFOUNDED,SANDERS,SHIRLEY,,,UNKNOWN,32,FEMALE,BLACK,apr2016,,,S0,S,0,1
1061708,511,WENTWORTH AVE,9500,SIDEWALK,23apr2013 20:29:59,23apr2013 21:00:00,24apr2013,,,,,,,,S002,OPEN HAND STRIKE (SLAP),05A,EXCESSIVE FORCE / ON DUTY - INJURY,CLOSED/FINAL,UNFOUNDED,BAILEY,TERRANCE,,,UNKNOWN,28,MALE,BLACK,apr2016,,,S0,S,0,1
1061708,511,WENTWORTH AVE,9500,SIDEWALK,23apr2013 20:29:59,23apr2013 21:00:00,24apr2013,,,,,,,,S002,OPEN HAND STRIKE (SLAP),05A,EXCESSIVE FORCE / ON DUTY - INJURY,CLOSED/FINAL,UNFOUNDED,SANDERS,SHIRLEY,,,UNKNOWN,32,FEMALE,BLACK,apr2016,,,S0,S,0,1
1061708,511,WENTWORTH AVE,9500,SIDEWALK,23apr2013 20:29:59,23apr2013 21:00:00,24apr2013,,FLAHERTY,13584,006,,29nov2004,POLICE OFFICER,S002,OPEN HAND STRIKE (SLAP),05A,EXCESSIVE FORCE / ON DUTY - INJURY,CLOSED/FINAL,EXONERATED,SANDERS,SHIRLEY,,,UNKNOWN,32,FEMALE,BLACK,apr2016,,,S0,S,0,1
1061708,511,WENTWORTH AVE,9500,SIDEWALK,23apr2013 20:29:59,23apr2013 21:00:00,24apr2013,,FLAHERTY,13584,006,,29nov2004,POLICE OFFICER,S002,OPEN HAND STRIKE (SLAP),05A,EXCESSIVE FORCE / ON DUTY - INJURY,CLOSED/FINAL,EXONERATED,BAILEY,TERRANCE,,,UNKNOWN,28,MALE,BLACK,apr2016,,,S0,S,0,1
1061708,511,WENTWORTH AVE,9500,SIDEWALK,23apr2013 20:29:59,23apr2013 21:00:00,24apr2013,,WALKER,19899,006,,05sep1995,POLICE OFFICER,S002,OPEN HAND STRIKE (SLAP),05A,EXCESSIVE FORCE / ON DUTY - INJURY,CLOSED/FINAL,UNFOUNDED,BAILEY,TERRANCE,,,UNKNOWN,28,MALE,BLACK,apr2016,,,S0,S,0,1
