COMPLAINT_NUMBER,BEAT,STREET,ADDRESS,LOCATION_CODE,INCIDENT_TIME_START,INCIDENT_TIME_END,NOTIFICATION_DATE,ACCSUEDOFFICER_FNAME,ACCUSEDOFFICER_LNAME,ACCUSED_STAR,ACCUSED_UNIT,ACCUSED_DETAIL,ACCUSED_APPOINTMENT_DATE,ACCUSED_POSITION,INITIAL_CATEGORY_CODE,INITIAL_CATEGORY,CURRENT_CATEGORY_CODE,CURRENT_CATEGORY,CURRENT_STATUS,FINDING_CODE,INVOLVED_OFFICER_LNAME,INVOLVED_OFFICER_FNAME,INVOLVED_OFFICER_UNIT,INVOLVED_OFFICER_DETAIL,INVOLVED_OFFICER_POSITION,INVOLVED_OFFICER_AGE,INVOLVED_OFFICER_SEX,INVOLVED_OFFICER_RACE,foia,INVOLVED_OFFICER_DESCRIPTION,INVOLVED_OFFICER_TYPE,start_code_2,start_code_1,rec,sum_rec
1057779,3100,MEADOW LANE,11613,STREET,14oct2012 23:13:59,14oct2012 23:13:59,15oct2012,ANTHONY,NORADIN,21252,630,,18jan1994,PO AS DETECTIVE,05L,DOMESTIC INCIDENT - NOT PHYSICAL,05L,DOMESTIC INCIDENT - NOT PHYSICAL,PENDING I.P.R.A. COORDINATOR REVIEW,NOT SUSTAINED,GLOBKE,TANYA,,,UNKNOWN,,FEMALE,,apr2016,,,05,0,0,1
1057779,3100,MEADOW LANE,11613,STREET,14oct2012 23:13:59,14oct2012 23:13:59,15oct2012,ANTHONY,NORADIN,21252,630,,18jan1994,PO AS DETECTIVE,05L,DOMESTIC INCIDENT - NOT PHYSICAL,05L,DOMESTIC INCIDENT - NOT PHYSICAL,PENDING I.P.R.A. COORDINATOR REVIEW,NOT SUSTAINED,GLOBKE,TANYA,,,UNKNOWN,47,FEMALE,WHITE,apr2016,,,05,0,0,1
1057779,3100,MEADOW LANE,11613,STREET,14oct2012 23:13:59,14oct2012 23:13:59,15oct2012,ANTHONY,NORADIN,21252,630,,18jan1994,PO AS DETECTIVE,05L,DOMESTIC INCIDENT - NOT PHYSICAL,05L,DOMESTIC INCIDENT - NOT PHYSICAL,PENDING I.P.R.A. COORDINATOR REVIEW,SUSTAINED,GLOBKE,TANYA,,,UNKNOWN,,FEMALE,,apr2016,,,05,0,0,1
1057779,3100,MEADOW LANE,11613,STREET,14oct2012 23:13:59,14oct2012 23:13:59,15oct2012,ANTHONY,NORADIN,21252,630,,18jan1994,PO AS DETECTIVE,05L,DOMESTIC INCIDENT - NOT PHYSICAL,05L,DOMESTIC INCIDENT - NOT PHYSICAL,PENDING I.P.R.A. COORDINATOR REVIEW,SUSTAINED,GLOBKE,TANYA,,,UNKNOWN,47,FEMALE,WHITE,apr2016,,,05,0,0,1
