COMPLAINT_NUMBER,BEAT,STREET,ADDRESS,LOCATION_CODE,INCIDENT_TIME_START,INCIDENT_TIME_END,NOTIFICATION_DATE,ACCSUEDOFFICER_FNAME,ACCUSEDOFFICER_LNAME,ACCUSED_STAR,ACCUSED_UNIT,ACCUSED_DETAIL,ACCUSED_APPOINTMENT_DATE,ACCUSED_POSITION,INITIAL_CATEGORY_CODE,INITIAL_CATEGORY,CURRENT_CATEGORY_CODE,CURRENT_CATEGORY,CURRENT_STATUS,FINDING_CODE,INVOLVED_OFFICER_LNAME,INVOLVED_OFFICER_FNAME,INVOLVED_OFFICER_UNIT,INVOLVED_OFFICER_DETAIL,INVOLVED_OFFICER_POSITION,INVOLVED_OFFICER_AGE,INVOLVED_OFFICER_SEX,INVOLVED_OFFICER_RACE,foia,INVOLVED_OFFICER_DESCRIPTION,INVOLVED_OFFICER_TYPE,start_code_2,start_code_1,rec,sum_rec
1061141,1122,HAMLIN AVE,622,APARTMENT,15mar2013 20:45:00,15mar2013 20:45:00,03apr2013,,,,,,,,05B,EXCESSIVE FORCE / ON DUTY - NO INJURY,S042,MISCELLANEOUS,CLOSED/FINAL,NOT SUSTAINED,COBAR,VANESSA,011,,POLICE OFFICER,,FEMALE,SPANISH (DO NOT USE),apr2016,,,05,0,1,1
1061141,1122,HAMLIN AVE,622,APARTMENT,15mar2013 20:45:00,15mar2013 20:45:00,03apr2013,,,,,,,,05B,EXCESSIVE FORCE / ON DUTY - NO INJURY,S042,MISCELLANEOUS,CLOSED/FINAL,NOT SUSTAINED,SIMMONS,ARMET,,,UNKNOWN,36,MALE,BLACK,apr2016,,,05,0,0,1
1061141,1122,HAMLIN AVE,622,APARTMENT,15mar2013 20:45:00,15mar2013 20:45:00,03apr2013,,,,,,,,05B,EXCESSIVE FORCE / ON DUTY - NO INJURY,S042,MISCELLANEOUS,CLOSED/FINAL,NOT SUSTAINED,MCKENNA,JOHN,011,,POLICE OFFICER,,MALE,WHITE,apr2016,,,05,0,0,1
1061141,1122,HAMLIN AVE,622,APARTMENT,15mar2013 20:45:00,15mar2013 20:45:00,03apr2013,,,,,,,,05B,EXCESSIVE FORCE / ON DUTY - NO INJURY,S042,MISCELLANEOUS,CLOSED/FINAL,NOT SUSTAINED,SANTIAGO,TIFFANY,011,,PO/FIELD TRNING OFF,,FEMALE,SPANISH (DO NOT USE),apr2016,,,05,0,0,1
1061141,1122,HAMLIN AVE,622,APARTMENT,15mar2013 20:45:00,15mar2013 20:45:00,03apr2013,,,,,,,,05B,EXCESSIVE FORCE / ON DUTY - NO INJURY,S042,MISCELLANEOUS,CLOSED/FINAL,NOT SUSTAINED,SIMMONS,ARMET,,,UNKNOWN,34,MALE,BLACK,apr2016,,,05,0,0,1
