COMPLAINT_NUMBER,BEAT,STREET,ADDRESS,LOCATION_CODE,INCIDENT_TIME_START,INCIDENT_TIME_END,NOTIFICATION_DATE,ACCSUEDOFFICER_FNAME,ACCUSEDOFFICER_LNAME,ACCUSED_STAR,ACCUSED_UNIT,ACCUSED_DETAIL,ACCUSED_APPOINTMENT_DATE,ACCUSED_POSITION,INITIAL_CATEGORY_CODE,INITIAL_CATEGORY,CURRENT_CATEGORY_CODE,CURRENT_CATEGORY,CURRENT_STATUS,FINDING_CODE,INVOLVED_OFFICER_LNAME,INVOLVED_OFFICER_FNAME,INVOLVED_OFFICER_UNIT,INVOLVED_OFFICER_DETAIL,INVOLVED_OFFICER_POSITION,INVOLVED_OFFICER_AGE,INVOLVED_OFFICER_SEX,INVOLVED_OFFICER_RACE,foia,INVOLVED_OFFICER_DESCRIPTION,INVOLVED_OFFICER_TYPE,start_code_2,start_code_1,rec,sum_rec
1061480,131,STATE ST,1718,POLICE FACILITY/VEH PARKING LOT,15apr2013 07:54:59,15apr2013 07:54:59,15apr2013,,,,,,,,05A,EXCESSIVE FORCE / ON DUTY - INJURY,S021,MISCELLANEOUS,CLOSED/FINAL,UNFOUNDED,MARTINEZ,JOHN ,,,UNKNOWN,38,MALE,WHITE HISPANIC,apr2016,,,05,0,0,1
1061480,131,STATE ST,1718,POLICE FACILITY/VEH PARKING LOT,15apr2013 07:54:59,15apr2013 07:54:59,15apr2013,,,,,,,,05A,EXCESSIVE FORCE / ON DUTY - INJURY,S021,MISCELLANEOUS,CLOSED/FINAL,UNFOUNDED,MARTINEZ,JOHN ,,,UNKNOWN,40,MALE,WHITE HISPANIC,apr2016,,,05,0,0,1
1061480,131,STATE ST,1718,POLICE FACILITY/VEH PARKING LOT,15apr2013 07:54:59,15apr2013 07:54:59,15apr2013,,,,,,,,05A,EXCESSIVE FORCE / ON DUTY - INJURY,S021,MISCELLANEOUS,CLOSED/FINAL,UNFOUNDED,,,,,,,,,apr2016,,,05,0,0,1
1061480,131,STATE ST,1718,POLICE FACILITY/VEH PARKING LOT,15apr2013 07:54:59,15apr2013 07:54:59,15apr2013,,,,,,,,05A,EXCESSIVE FORCE / ON DUTY - INJURY,S021,MISCELLANEOUS,CLOSED/FINAL,UNFOUNDED,MARTINEZ,NATHANIEL,,,,10,MALE,WHITE HISPANIC,apr2016,,,05,0,0,1
1061480,131,STATE ST,1718,POLICE FACILITY/VEH PARKING LOT,15apr2013 07:54:59,15apr2013 07:54:59,15apr2013,,,,,,,,05A,EXCESSIVE FORCE / ON DUTY - INJURY,S021,MISCELLANEOUS,CLOSED/FINAL,UNFOUNDED,DICKENS,JULIE,001,,POLICE OFFICER,,FEMALE,BLACK,apr2016,,,05,0,0,1
1061480,131,STATE ST,1718,POLICE FACILITY/VEH PARKING LOT,15apr2013 07:54:59,15apr2013 07:54:59,15apr2013,,,,,,,,05A,EXCESSIVE FORCE / ON DUTY - INJURY,S021,MISCELLANEOUS,CLOSED/FINAL,UNFOUNDED,MARTINEZ,JUAN,,,,13,MALE,WHITE HISPANIC,apr2016,,,05,0,0,1
