COMPLAINT_NUMBER,BEAT,STREET,ADDRESS,LOCATION_CODE,INCIDENT_TIME_START,INCIDENT_TIME_END,NOTIFICATION_DATE,ACCSUEDOFFICER_FNAME,ACCUSEDOFFICER_LNAME,ACCUSED_STAR,ACCUSED_UNIT,ACCUSED_DETAIL,ACCUSED_APPOINTMENT_DATE,ACCUSED_POSITION,INITIAL_CATEGORY_CODE,INITIAL_CATEGORY,CURRENT_CATEGORY_CODE,CURRENT_CATEGORY,CURRENT_STATUS,FINDING_CODE,INVOLVED_OFFICER_LNAME,INVOLVED_OFFICER_FNAME,INVOLVED_OFFICER_UNIT,INVOLVED_OFFICER_DETAIL,INVOLVED_OFFICER_POSITION,INVOLVED_OFFICER_AGE,INVOLVED_OFFICER_SEX,INVOLVED_OFFICER_RACE,foia,INVOLVED_OFFICER_DESCRIPTION,INVOLVED_OFFICER_TYPE,start_code_2,start_code_1,rec,sum_rec
1060619,731,71ST ST,145,STREET,08mar2013 00:59:59,08mar2013 03:00:00,09mar2013,,PALERMO,13482,007,,25oct2004,POLICE OFFICER,,,S117,PUSH/PULL/GRAB,CLOSED/FINAL,UNFOUNDED,PATTERSON,ANTHONY,,,UNKNOWN,31,MALE,BLACK,apr2016,,,,,0,1
1060619,731,71ST ST,145,STREET,08mar2013 00:59:59,08mar2013 03:00:00,09mar2013,,SERRANO JR,12766,007,,30jul2007,POLICE OFFICER,,,S117,PUSH/PULL/GRAB,CLOSED/FINAL,EXONERATED,PATTERSON,ANTHONY,,,UNKNOWN,31,MALE,BLACK,apr2016,,,,,0,1
1060619,731,71ST ST,145,STREET,08mar2013 00:59:59,08mar2013 03:00:00,09mar2013,,SERRANO JR,12766,007,,30jul2007,POLICE OFFICER,,,S117,PUSH/PULL/GRAB,CLOSED/FINAL,NOT SUSTAINED,PATTERSON,ANTHONY,,,UNKNOWN,31,MALE,BLACK,apr2016,,,,,0,1
1060619,731,71ST ST,145,STREET,08mar2013 00:59:59,08mar2013 03:00:00,09mar2013,,PALERMO,13482,007,,25oct2004,POLICE OFFICER,,,S117,PUSH/PULL/GRAB,CLOSED/FINAL,EXONERATED,PATTERSON,ANTHONY,,,UNKNOWN,31,MALE,BLACK,apr2016,,,,,0,1
1060619,731,71ST ST,145,STREET,08mar2013 00:59:59,08mar2013 03:00:00,09mar2013,,PALERMO,13482,007,,25oct2004,POLICE OFFICER,,,S117,PUSH/PULL/GRAB,CLOSED/FINAL,EXONERATED,PATTERSON,ANTHONY,,,UNKNOWN,29,MALE,BLACK,apr2016,,,,,1,1
1060619,731,71ST ST,145,STREET,08mar2013 00:59:59,08mar2013 03:00:00,09mar2013,,SERRANO JR,12766,007,,30jul2007,POLICE OFFICER,,,S117,PUSH/PULL/GRAB,CLOSED/FINAL,EXONERATED,PATTERSON,ANTHONY,,,UNKNOWN,29,MALE,BLACK,apr2016,,,,,0,1
1060619,731,71ST ST,145,STREET,08mar2013 00:59:59,08mar2013 03:00:00,09mar2013,,SERRANO JR,12766,007,,30jul2007,POLICE OFFICER,,,S117,PUSH/PULL/GRAB,CLOSED/FINAL,NOT SUSTAINED,PATTERSON,ANTHONY,,,UNKNOWN,29,MALE,BLACK,apr2016,,,,,0,1
1060619,731,71ST ST,145,STREET,08mar2013 00:59:59,08mar2013 03:00:00,09mar2013,,PALERMO,13482,007,,25oct2004,POLICE OFFICER,,,S117,PUSH/PULL/GRAB,CLOSED/FINAL,UNFOUNDED,PATTERSON,ANTHONY,,,UNKNOWN,29,MALE,BLACK,apr2016,,,,,0,1
