COMPLAINT_NUMBER,BEAT,STREET,ADDRESS,LOCATION_CODE,INCIDENT_TIME_START,INCIDENT_TIME_END,NOTIFICATION_DATE,ACCSUEDOFFICER_FNAME,ACCUSEDOFFICER_LNAME,ACCUSED_STAR,ACCUSED_UNIT,ACCUSED_DETAIL,ACCUSED_APPOINTMENT_DATE,ACCUSED_POSITION,INITIAL_CATEGORY_CODE,INITIAL_CATEGORY,CURRENT_CATEGORY_CODE,CURRENT_CATEGORY,CURRENT_STATUS,FINDING_CODE,INVOLVED_OFFICER_LNAME,INVOLVED_OFFICER_FNAME,INVOLVED_OFFICER_UNIT,INVOLVED_OFFICER_DETAIL,INVOLVED_OFFICER_POSITION,INVOLVED_OFFICER_AGE,INVOLVED_OFFICER_SEX,INVOLVED_OFFICER_RACE,foia,INVOLVED_OFFICER_DESCRIPTION,INVOLVED_OFFICER_TYPE,start_code_2,start_code_1,rec,sum_rec
1056841,323,LANGLEY AVE,7137,RESIDENCE,02sep2012 21:59:59,02sep2012 21:59:59,05sep2012,,,,,,,,05A,EXCESSIVE FORCE / ON DUTY - INJURY,S021,MISCELLANEOUS,CLOSED/FINAL,NOT SUSTAINED,GRAVES,COURTNEY,,,UNKNOWN,28,MALE,BLACK,apr2016,,,05,0,1,1
1056841,323,LANGLEY AVE,7137,RESIDENCE,02sep2012 21:59:59,02sep2012 21:59:59,05sep2012,ANTHONY,BRUNO,12212,003,,25feb2002,POLICE OFFICER,05A,EXCESSIVE FORCE / ON DUTY - INJURY,S021,MISCELLANEOUS,CLOSED/FINAL,UNFOUNDED,GRAVES,COURTNEY,,,UNKNOWN,29,MALE,BLACK,apr2016,,,05,0,0,1
1056841,323,LANGLEY AVE,7137,RESIDENCE,02sep2012 21:59:59,02sep2012 21:59:59,05sep2012,JOHN,FAZY,19953,003,,27nov2006,POLICE OFFICER,05A,EXCESSIVE FORCE / ON DUTY - INJURY,S021,MISCELLANEOUS,CLOSED/FINAL,NOT SUSTAINED,GRAVES,COURTNEY,,,UNKNOWN,28,MALE,BLACK,apr2016,,,05,0,0,1
1056841,323,LANGLEY AVE,7137,RESIDENCE,02sep2012 21:59:59,02sep2012 21:59:59,05sep2012,ANTHONY,BRUNO,12212,003,,25feb2002,POLICE OFFICER,05A,EXCESSIVE FORCE / ON DUTY - INJURY,S021,MISCELLANEOUS,CLOSED/FINAL,UNFOUNDED,GRAVES,COURTNEY,,,UNKNOWN,28,MALE,BLACK,apr2016,,,05,0,0,1
1056841,323,LANGLEY AVE,7137,RESIDENCE,02sep2012 21:59:59,02sep2012 21:59:59,05sep2012,,,,,,,,05A,EXCESSIVE FORCE / ON DUTY - INJURY,S021,MISCELLANEOUS,CLOSED/FINAL,NOT SUSTAINED,GRAVES,COURTNEY,,,UNKNOWN,29,MALE,BLACK,apr2016,,,05,0,0,1
1056841,323,LANGLEY AVE,7137,RESIDENCE,02sep2012 21:59:59,02sep2012 21:59:59,05sep2012,JOHN,FAZY,19953,003,,27nov2006,POLICE OFFICER,05A,EXCESSIVE FORCE / ON DUTY - INJURY,S021,MISCELLANEOUS,CLOSED/FINAL,NOT SUSTAINED,GRAVES,COURTNEY,,,UNKNOWN,29,MALE,BLACK,apr2016,,,05,0,0,1
