COMPLAINT_NUMBER,BEAT,STREET,ADDRESS,LOCATION_CODE,INCIDENT_TIME_START,INCIDENT_TIME_END,NOTIFICATION_DATE,ACCSUEDOFFICER_FNAME,ACCUSEDOFFICER_LNAME,ACCUSED_STAR,ACCUSED_UNIT,ACCUSED_DETAIL,ACCUSED_APPOINTMENT_DATE,ACCUSED_POSITION,INITIAL_CATEGORY_CODE,INITIAL_CATEGORY,CURRENT_CATEGORY_CODE,CURRENT_CATEGORY,CURRENT_STATUS,FINDING_CODE,INVOLVED_OFFICER_LNAME,INVOLVED_OFFICER_FNAME,INVOLVED_OFFICER_UNIT,INVOLVED_OFFICER_DETAIL,INVOLVED_OFFICER_POSITION,INVOLVED_OFFICER_AGE,INVOLVED_OFFICER_SEX,INVOLVED_OFFICER_RACE,foia,INVOLVED_OFFICER_DESCRIPTION,INVOLVED_OFFICER_TYPE,start_code_2,start_code_1,rec,sum_rec
1062037,1111,CICERO AVE,759,STREET,07may2013 07:18:59,07may2013 07:18:59,07may2013,,FAYAD,14189,015,,07jul1997,POLICE OFFICER,05M,UNNECESSARY PHYSICAL CONTACT / ON DUTY - NO INJURY,S125,MISCELLANEOUS,CLOSED/FINAL,UNFOUNDED,LESKA,BRIAN,015,,POLICE OFFICER,,MALE,WHITE,apr2016,,,05,0,0,1
1062037,1111,CICERO AVE,759,STREET,07may2013 07:18:59,07may2013 07:18:59,07may2013,,FAYAD,14189,015,,07jul1997,POLICE OFFICER,05M,UNNECESSARY PHYSICAL CONTACT / ON DUTY - NO INJURY,S125,MISCELLANEOUS,CLOSED/FINAL,UNFOUNDED,YANCEY,GARDELL ,,,UNKNOWN,38,MALE,BLACK,apr2016,,,05,0,0,1
1062037,1111,CICERO AVE,759,STREET,07may2013 07:18:59,07may2013 07:18:59,07may2013,,RAFFAE,2186,015,,26mar1990,SERGEANT OF POLICE,05M,UNNECESSARY PHYSICAL CONTACT / ON DUTY - NO INJURY,S125,MISCELLANEOUS,CLOSED/FINAL,UNFOUNDED,LESKA,BRIAN,015,,POLICE OFFICER,,MALE,WHITE,apr2016,,,05,0,0,1
1062037,1111,CICERO AVE,759,STREET,07may2013 07:18:59,07may2013 07:18:59,07may2013,,,,,,,,05M,UNNECESSARY PHYSICAL CONTACT / ON DUTY - NO INJURY,S125,MISCELLANEOUS,CLOSED/FINAL,NOT SUSTAINED,YANCEY,GARDELL ,,,UNKNOWN,38,MALE,BLACK,apr2016,,,05,0,0,1
1062037,1111,CICERO AVE,759,STREET,07may2013 07:18:59,07may2013 07:18:59,07may2013,,,,,,,,05M,UNNECESSARY PHYSICAL CONTACT / ON DUTY - NO INJURY,S125,MISCELLANEOUS,CLOSED/FINAL,NOT SUSTAINED,LESKA,BRIAN,015,,POLICE OFFICER,,MALE,WHITE,apr2016,,,05,0,1,1
1062037,1111,CICERO AVE,759,STREET,07may2013 07:18:59,07may2013 07:18:59,07may2013,,RAFFAE,2186,015,,26mar1990,SERGEANT OF POLICE,05M,UNNECESSARY PHYSICAL CONTACT / ON DUTY - NO INJURY,S125,MISCELLANEOUS,CLOSED/FINAL,UNFOUNDED,YANCEY,GARDELL ,,,UNKNOWN,38,MALE,BLACK,apr2016,,,05,0,0,1
