COMPLAINT_NUMBER,BEAT,STREET,ADDRESS,LOCATION_CODE,INCIDENT_TIME_START,INCIDENT_TIME_END,NOTIFICATION_DATE,ACCSUEDOFFICER_FNAME,ACCUSEDOFFICER_LNAME,ACCUSED_STAR,ACCUSED_UNIT,ACCUSED_DETAIL,ACCUSED_APPOINTMENT_DATE,ACCUSED_POSITION,INITIAL_CATEGORY_CODE,INITIAL_CATEGORY,CURRENT_CATEGORY_CODE,CURRENT_CATEGORY,CURRENT_STATUS,FINDING_CODE,INVOLVED_OFFICER_LNAME,INVOLVED_OFFICER_FNAME,INVOLVED_OFFICER_UNIT,INVOLVED_OFFICER_DETAIL,INVOLVED_OFFICER_POSITION,INVOLVED_OFFICER_AGE,INVOLVED_OFFICER_SEX,INVOLVED_OFFICER_RACE,foia,INVOLVED_OFFICER_DESCRIPTION,INVOLVED_OFFICER_TYPE,start_code_2,start_code_1,rec,sum_rec
1055928,412,DORCHESTER AVE,8736,RESIDENCE,30jul2012 00:20:00,30jul2012 00:20:00,30jul2012,,,,,,,,S001,CLOSED HAND STRIKE (PUNCH),05A,EXCESSIVE FORCE / ON DUTY - INJURY,CLOSED/FINAL,NOT SUSTAINED,MCCORKLE,CHRISTINA,,,,31,FEMALE,BLACK,apr2016,,,S0,S,0,1
1055928,412,DORCHESTER AVE,8736,RESIDENCE,30jul2012 00:20:00,30jul2012 00:20:00,30jul2012,,,,,,,,S001,CLOSED HAND STRIKE (PUNCH),05A,EXCESSIVE FORCE / ON DUTY - INJURY,CLOSED/FINAL,NOT SUSTAINED,VILLANUEVA,ARTURO,022,,POLICE OFFICER,,MALE,SPANISH (DO NOT USE),apr2016,,,S0,S,0,1
1055928,412,DORCHESTER AVE,8736,RESIDENCE,30jul2012 00:20:00,30jul2012 00:20:00,30jul2012,SHAUNDA,BOND,13687,004,,16dec2009,POLICE OFFICER,S001,CLOSED HAND STRIKE (PUNCH),05A,EXCESSIVE FORCE / ON DUTY - INJURY,CLOSED/FINAL,EXONERATED,COLLINS,BLAKE,,,UNKNOWN,26,MALE,BLACK,apr2016,,,S0,S,0,1
1055928,412,DORCHESTER AVE,8736,RESIDENCE,30jul2012 00:20:00,30jul2012 00:20:00,30jul2012,ARMANDO,UGARTE,15050,006,,03jan2005,POLICE OFFICER,S001,CLOSED HAND STRIKE (PUNCH),05A,EXCESSIVE FORCE / ON DUTY - INJURY,CLOSED/FINAL,EXONERATED,VILLANUEVA,ARTURO,022,,POLICE OFFICER,,MALE,SPANISH (DO NOT USE),apr2016,,,S0,S,0,1
1055928,412,DORCHESTER AVE,8736,RESIDENCE,30jul2012 00:20:00,30jul2012 00:20:00,30jul2012,ARMANDO,UGARTE,15050,006,,03jan2005,POLICE OFFICER,S001,CLOSED HAND STRIKE (PUNCH),05A,EXCESSIVE FORCE / ON DUTY - INJURY,CLOSED/FINAL,NOT SUSTAINED,VILLANUEVA,ARTURO,022,,POLICE OFFICER,,MALE,SPANISH (DO NOT USE),apr2016,,,S0,S,0,1
1055928,412,DORCHESTER AVE,8736,RESIDENCE,30jul2012 00:20:00,30jul2012 00:20:00,30jul2012,SHAUNDA,BOND,13687,004,,16dec2009,POLICE OFFICER,S001,CLOSED HAND STRIKE (PUNCH),05A,EXCESSIVE FORCE / ON DUTY - INJURY,CLOSED/FINAL,NOT SUSTAINED,MCGARY,KIA,,,UNKNOWN,44,FEMALE,BLACK,apr2016,,,S0,S,0,1
1055928,412,DORCHESTER AVE,8736,RESIDENCE,30jul2012 00:20:00,30jul2012 00:20:00,30jul2012,,,,,,,,S001,CLOSED HAND STRIKE (PUNCH),05A,EXCESSIVE FORCE / ON DUTY - INJURY,CLOSED/FINAL,UNFOUNDED,COLLINS,BLAKE,,,UNKNOWN,26,MALE,BLACK,apr2016,,,S0,S,0,1
1055928,412,DORCHESTER AVE,8736,RESIDENCE,30jul2012 00:20:00,30jul2012 00:20:00,30jul2012,SHAUNDA,BOND,13687,004,,16dec2009,POLICE OFFICER,S001,CLOSED HAND STRIKE (PUNCH),05A,EXCESSIVE FORCE / ON DUTY - INJURY,CLOSED/FINAL,NOT SUSTAINED,RUMBAUGH,JEFFREY,006,,POLICE OFFICER,,MALE,WHITE,apr2016,,,S0,S,0,1
1055928,412,DORCHESTER AVE,8736,RESIDENCE,30jul2012 00:20:00,30jul2012 00:20:00,30jul2012,SHAUNDA,BOND,13687,004,,16dec2009,POLICE OFFICER,S001,CLOSED HAND STRIKE (PUNCH),05A,EXCESSIVE FORCE / ON DUTY - INJURY,CLOSED/FINAL,NOT SUSTAINED,MCCORKLE,CHRISTINA,,,,31,FEMALE,BLACK,apr2016,,,S0,S,0,1
1055928,412,DORCHESTER AVE,8736,RESIDENCE,30jul2012 00:20:00,30jul2012 00:20:00,30jul2012,,,,,,,,S001,CLOSED HAND STRIKE (PUNCH),05A,EXCESSIVE FORCE / ON DUTY - INJURY,CLOSED/FINAL,NOT SUSTAINED,VELETA,BERNARD,015,,POLICE OFFICER,,MALE,WHITE,apr2016,,,S0,S,0,1
1055928,412,DORCHESTER AVE,8736,RESIDENCE,30jul2012 00:20:00,30jul2012 00:20:00,30jul2012,,,,,,,,S001,CLOSED HAND STRIKE (PUNCH),05A,EXCESSIVE FORCE / ON DUTY - INJURY,CLOSED/FINAL,UNFOUNDED,SANDERS,PRESTON,,,UNKNOWN,52,MALE,BLACK,apr2016,,,S0,S,0,1
1055928,412,DORCHESTER AVE,8736,RESIDENCE,30jul2012 00:20:00,30jul2012 00:20:00,30jul2012,,,,,,,,S001,CLOSED HAND STRIKE (PUNCH),05A,EXCESSIVE FORCE / ON DUTY - INJURY,CLOSED/FINAL,UNFOUNDED,RUMBAUGH,JEFFREY,006,,POLICE OFFICER,,MALE,WHITE,apr2016,,,S0,S,0,1
1055928,412,DORCHESTER AVE,8736,RESIDENCE,30jul2012 00:20:00,30jul2012 00:20:00,30jul2012,JUAN,BELMONTES,8414,007,,16apr2010,POLICE OFFICER,S001,CLOSED HAND STRIKE (PUNCH),05A,EXCESSIVE FORCE / ON DUTY - INJURY,CLOSED/FINAL,NOT SUSTAINED,MCGARY,KIA,,,UNKNOWN,44,FEMALE,BLACK,apr2016,,,S0,S,0,1
1055928,412,DORCHESTER AVE,8736,RESIDENCE,30jul2012 00:20:00,30jul2012 00:20:00,30jul2012,ARMANDO,UGARTE,15050,006,,03jan2005,POLICE OFFICER,S001,CLOSED HAND STRIKE (PUNCH),05A,EXCESSIVE FORCE / ON DUTY - INJURY,CLOSED/FINAL,EXONERATED,MCCORKLE,CHRISTINA,,,,31,FEMALE,BLACK,apr2016,,,S0,S,0,1
1055928,412,DORCHESTER AVE,8736,RESIDENCE,30jul2012 00:20:00,30jul2012 00:20:00,30jul2012,ARMANDO,UGARTE,15050,006,,03jan2005,POLICE OFFICER,S001,CLOSED HAND STRIKE (PUNCH),05A,EXCESSIVE FORCE / ON DUTY - INJURY,CLOSED/FINAL,NOT SUSTAINED,SANDERS,PRESTON,,,UNKNOWN,52,MALE,BLACK,apr2016,,,S0,S,0,1
1055928,412,DORCHESTER AVE,8736,RESIDENCE,30jul2012 00:20:00,30jul2012 00:20:00,30jul2012,JUAN,BELMONTES,8414,007,,16apr2010,POLICE OFFICER,S001,CLOSED HAND STRIKE (PUNCH),05A,EXCESSIVE FORCE / ON DUTY - INJURY,CLOSED/FINAL,NOT SUSTAINED,VILLANUEVA,ARTURO,022,,POLICE OFFICER,,MALE,SPANISH (DO NOT USE),apr2016,,,S0,S,0,1
1055928,412,DORCHESTER AVE,8736,RESIDENCE,30jul2012 00:20:00,30jul2012 00:20:00,30jul2012,JUAN,BELMONTES,8414,007,,16apr2010,POLICE OFFICER,S001,CLOSED HAND STRIKE (PUNCH),05A,EXCESSIVE FORCE / ON DUTY - INJURY,CLOSED/FINAL,NOT SUSTAINED,VELETA,BERNARD,015,,POLICE OFFICER,,MALE,WHITE,apr2016,,,S0,S,0,1
1055928,412,DORCHESTER AVE,8736,RESIDENCE,30jul2012 00:20:00,30jul2012 00:20:00,30jul2012,JUAN,BELMONTES,8414,007,,16apr2010,POLICE OFFICER,S001,CLOSED HAND STRIKE (PUNCH),05A,EXCESSIVE FORCE / ON DUTY - INJURY,CLOSED/FINAL,EXONERATED,RUMBAUGH,JEFFREY,006,,POLICE OFFICER,,MALE,WHITE,apr2016,,,S0,S,0,1
1055928,412,DORCHESTER AVE,8736,RESIDENCE,30jul2012 00:20:00,30jul2012 00:20:00,30jul2012,JUAN,BELMONTES,8414,007,,16apr2010,POLICE OFFICER,S001,CLOSED HAND STRIKE (PUNCH),05A,EXCESSIVE FORCE / ON DUTY - INJURY,CLOSED/FINAL,NOT SUSTAINED,RUMBAUGH,JEFFREY,006,,POLICE OFFICER,,MALE,WHITE,apr2016,,,S0,S,0,1
1055928,412,DORCHESTER AVE,8736,RESIDENCE,30jul2012 00:20:00,30jul2012 00:20:00,30jul2012,,,,,,,,S001,CLOSED HAND STRIKE (PUNCH),05A,EXCESSIVE FORCE / ON DUTY - INJURY,CLOSED/FINAL,NOT SUSTAINED,RUMBAUGH,JEFFREY,006,,POLICE OFFICER,,MALE,WHITE,apr2016,,,S0,S,0,1
1055928,412,DORCHESTER AVE,8736,RESIDENCE,30jul2012 00:20:00,30jul2012 00:20:00,30jul2012,JUAN,BELMONTES,8414,007,,16apr2010,POLICE OFFICER,S001,CLOSED HAND STRIKE (PUNCH),05A,EXCESSIVE FORCE / ON DUTY - INJURY,CLOSED/FINAL,EXONERATED,SANDERS,PRESTON,,,UNKNOWN,52,MALE,BLACK,apr2016,,,S0,S,0,1
1055928,412,DORCHESTER AVE,8736,RESIDENCE,30jul2012 00:20:00,30jul2012 00:20:00,30jul2012,ARMANDO,UGARTE,15050,006,,03jan2005,POLICE OFFICER,S001,CLOSED HAND STRIKE (PUNCH),05A,EXCESSIVE FORCE / ON DUTY - INJURY,CLOSED/FINAL,NOT SUSTAINED,COLLINS,BLAKE,,,UNKNOWN,26,MALE,BLACK,apr2016,,,S0,S,0,1
1055928,412,DORCHESTER AVE,8736,RESIDENCE,30jul2012 00:20:00,30jul2012 00:20:00,30jul2012,JUAN,BELMONTES,8414,007,,16apr2010,POLICE OFFICER,S001,CLOSED HAND STRIKE (PUNCH),05A,EXCESSIVE FORCE / ON DUTY - INJURY,CLOSED/FINAL,EXONERATED,MCCORKLE,CHRISTINA,,,,31,FEMALE,BLACK,apr2016,,,S0,S,0,1
1055928,412,DORCHESTER AVE,8736,RESIDENCE,30jul2012 00:20:00,30jul2012 00:20:00,30jul2012,JUAN,BELMONTES,8414,007,,16apr2010,POLICE OFFICER,S001,CLOSED HAND STRIKE (PUNCH),05A,EXCESSIVE FORCE / ON DUTY - INJURY,CLOSED/FINAL,EXONERATED,VILLANUEVA,ARTURO,022,,POLICE OFFICER,,MALE,SPANISH (DO NOT USE),apr2016,,,S0,S,0,1
1055928,412,DORCHESTER AVE,8736,RESIDENCE,30jul2012 00:20:00,30jul2012 00:20:00,30jul2012,,,,,,,,S001,CLOSED HAND STRIKE (PUNCH),05A,EXCESSIVE FORCE / ON DUTY - INJURY,CLOSED/FINAL,UNFOUNDED,VELETA,BERNARD,015,,POLICE OFFICER,,MALE,WHITE,apr2016,,,S0,S,0,1
1055928,412,DORCHESTER AVE,8736,RESIDENCE,30jul2012 00:20:00,30jul2012 00:20:00,30jul2012,SHAUNDA,BOND,13687,004,,16dec2009,POLICE OFFICER,S001,CLOSED HAND STRIKE (PUNCH),05A,EXCESSIVE FORCE / ON DUTY - INJURY,CLOSED/FINAL,EXONERATED,VILLANUEVA,ARTURO,022,,POLICE OFFICER,,MALE,SPANISH (DO NOT USE),apr2016,,,S0,S,0,1
1055928,412,DORCHESTER AVE,8736,RESIDENCE,30jul2012 00:20:00,30jul2012 00:20:00,30jul2012,SHAUNDA,BOND,13687,004,,16dec2009,POLICE OFFICER,S001,CLOSED HAND STRIKE (PUNCH),05A,EXCESSIVE FORCE / ON DUTY - INJURY,CLOSED/FINAL,NOT SUSTAINED,SANDERS,PRESTON,,,UNKNOWN,52,MALE,BLACK,apr2016,,,S0,S,0,1
1055928,412,DORCHESTER AVE,8736,RESIDENCE,30jul2012 00:20:00,30jul2012 00:20:00,30jul2012,SHAUNDA,BOND,13687,004,,16dec2009,POLICE OFFICER,S001,CLOSED HAND STRIKE (PUNCH),05A,EXCESSIVE FORCE / ON DUTY - INJURY,CLOSED/FINAL,EXONERATED,MCGARY,KIA,,,UNKNOWN,44,FEMALE,BLACK,apr2016,,,S0,S,0,1
1055928,412,DORCHESTER AVE,8736,RESIDENCE,30jul2012 00:20:00,30jul2012 00:20:00,30jul2012,JUAN,BELMONTES,8414,007,,16apr2010,POLICE OFFICER,S001,CLOSED HAND STRIKE (PUNCH),05A,EXCESSIVE FORCE / ON DUTY - INJURY,CLOSED/FINAL,EXONERATED,MCGARY,KIA,,,UNKNOWN,44,FEMALE,BLACK,apr2016,,,S0,S,0,1
1055928,412,DORCHESTER AVE,8736,RESIDENCE,30jul2012 00:20:00,30jul2012 00:20:00,30jul2012,ARMANDO,UGARTE,15050,006,,03jan2005,POLICE OFFICER,S001,CLOSED HAND STRIKE (PUNCH),05A,EXCESSIVE FORCE / ON DUTY - INJURY,CLOSED/FINAL,EXONERATED,COLLINS,BLAKE,,,UNKNOWN,26,MALE,BLACK,apr2016,,,S0,S,0,1
1055928,412,DORCHESTER AVE,8736,RESIDENCE,30jul2012 00:20:00,30jul2012 00:20:00,30jul2012,SHAUNDA,BOND,13687,004,,16dec2009,POLICE OFFICER,S001,CLOSED HAND STRIKE (PUNCH),05A,EXCESSIVE FORCE / ON DUTY - INJURY,CLOSED/FINAL,EXONERATED,RUMBAUGH,JEFFREY,006,,POLICE OFFICER,,MALE,WHITE,apr2016,,,S0,S,0,1
1055928,412,DORCHESTER AVE,8736,RESIDENCE,30jul2012 00:20:00,30jul2012 00:20:00,30jul2012,JUAN,BELMONTES,8414,007,,16apr2010,POLICE OFFICER,S001,CLOSED HAND STRIKE (PUNCH),05A,EXCESSIVE FORCE / ON DUTY - INJURY,CLOSED/FINAL,EXONERATED,COLLINS,BLAKE,,,UNKNOWN,26,MALE,BLACK,apr2016,,,S0,S,0,1
1055928,412,DORCHESTER AVE,8736,RESIDENCE,30jul2012 00:20:00,30jul2012 00:20:00,30jul2012,ARMANDO,UGARTE,15050,006,,03jan2005,POLICE OFFICER,S001,CLOSED HAND STRIKE (PUNCH),05A,EXCESSIVE FORCE / ON DUTY - INJURY,CLOSED/FINAL,NOT SUSTAINED,MCCORKLE,CHRISTINA,,,,31,FEMALE,BLACK,apr2016,,,S0,S,0,1
1055928,412,DORCHESTER AVE,8736,RESIDENCE,30jul2012 00:20:00,30jul2012 00:20:00,30jul2012,ARMANDO,UGARTE,15050,006,,03jan2005,POLICE OFFICER,S001,CLOSED HAND STRIKE (PUNCH),05A,EXCESSIVE FORCE / ON DUTY - INJURY,CLOSED/FINAL,NOT SUSTAINED,RUMBAUGH,JEFFREY,006,,POLICE OFFICER,,MALE,WHITE,apr2016,,,S0,S,0,1
1055928,412,DORCHESTER AVE,8736,RESIDENCE,30jul2012 00:20:00,30jul2012 00:20:00,30jul2012,,,,,,,,S001,CLOSED HAND STRIKE (PUNCH),05A,EXCESSIVE FORCE / ON DUTY - INJURY,CLOSED/FINAL,UNFOUNDED,MCGARY,KIA,,,UNKNOWN,44,FEMALE,BLACK,apr2016,,,S0,S,0,1
1055928,412,DORCHESTER AVE,8736,RESIDENCE,30jul2012 00:20:00,30jul2012 00:20:00,30jul2012,JUAN,BELMONTES,8414,007,,16apr2010,POLICE OFFICER,S001,CLOSED HAND STRIKE (PUNCH),05A,EXCESSIVE FORCE / ON DUTY - INJURY,CLOSED/FINAL,NOT SUSTAINED,SANDERS,PRESTON,,,UNKNOWN,52,MALE,BLACK,apr2016,,,S0,S,0,1
1055928,412,DORCHESTER AVE,8736,RESIDENCE,30jul2012 00:20:00,30jul2012 00:20:00,30jul2012,ARMANDO,UGARTE,15050,006,,03jan2005,POLICE OFFICER,S001,CLOSED HAND STRIKE (PUNCH),05A,EXCESSIVE FORCE / ON DUTY - INJURY,CLOSED/FINAL,NOT SUSTAINED,MCGARY,KIA,,,UNKNOWN,44,FEMALE,BLACK,apr2016,,,S0,S,0,1
1055928,412,DORCHESTER AVE,8736,RESIDENCE,30jul2012 00:20:00,30jul2012 00:20:00,30jul2012,JUAN,BELMONTES,8414,007,,16apr2010,POLICE OFFICER,S001,CLOSED HAND STRIKE (PUNCH),05A,EXCESSIVE FORCE / ON DUTY - INJURY,CLOSED/FINAL,NOT SUSTAINED,COLLINS,BLAKE,,,UNKNOWN,26,MALE,BLACK,apr2016,,,S0,S,0,1
1055928,412,DORCHESTER AVE,8736,RESIDENCE,30jul2012 00:20:00,30jul2012 00:20:00,30jul2012,,,,,,,,S001,CLOSED HAND STRIKE (PUNCH),05A,EXCESSIVE FORCE / ON DUTY - INJURY,CLOSED/FINAL,NOT SUSTAINED,MCGARY,KIA,,,UNKNOWN,44,FEMALE,BLACK,apr2016,,,S0,S,0,1
1055928,412,DORCHESTER AVE,8736,RESIDENCE,30jul2012 00:20:00,30jul2012 00:20:00,30jul2012,,,,,,,,S001,CLOSED HAND STRIKE (PUNCH),05A,EXCESSIVE FORCE / ON DUTY - INJURY,CLOSED/FINAL,UNFOUNDED,VILLANUEVA,ARTURO,022,,POLICE OFFICER,,MALE,SPANISH (DO NOT USE),apr2016,,,S0,S,0,1
1055928,412,DORCHESTER AVE,8736,RESIDENCE,30jul2012 00:20:00,30jul2012 00:20:00,30jul2012,SHAUNDA,BOND,13687,004,,16dec2009,POLICE OFFICER,S001,CLOSED HAND STRIKE (PUNCH),05A,EXCESSIVE FORCE / ON DUTY - INJURY,CLOSED/FINAL,EXONERATED,MCCORKLE,CHRISTINA,,,,31,FEMALE,BLACK,apr2016,,,S0,S,0,1
1055928,412,DORCHESTER AVE,8736,RESIDENCE,30jul2012 00:20:00,30jul2012 00:20:00,30jul2012,SHAUNDA,BOND,13687,004,,16dec2009,POLICE OFFICER,S001,CLOSED HAND STRIKE (PUNCH),05A,EXCESSIVE FORCE / ON DUTY - INJURY,CLOSED/FINAL,EXONERATED,VELETA,BERNARD,015,,POLICE OFFICER,,MALE,WHITE,apr2016,,,S0,S,0,1
1055928,412,DORCHESTER AVE,8736,RESIDENCE,30jul2012 00:20:00,30jul2012 00:20:00,30jul2012,ARMANDO,UGARTE,15050,006,,03jan2005,POLICE OFFICER,S001,CLOSED HAND STRIKE (PUNCH),05A,EXCESSIVE FORCE / ON DUTY - INJURY,CLOSED/FINAL,EXONERATED,MCGARY,KIA,,,UNKNOWN,44,FEMALE,BLACK,apr2016,,,S0,S,0,1
1055928,412,DORCHESTER AVE,8736,RESIDENCE,30jul2012 00:20:00,30jul2012 00:20:00,30jul2012,SHAUNDA,BOND,13687,004,,16dec2009,POLICE OFFICER,S001,CLOSED HAND STRIKE (PUNCH),05A,EXCESSIVE FORCE / ON DUTY - INJURY,CLOSED/FINAL,NOT SUSTAINED,VELETA,BERNARD,015,,POLICE OFFICER,,MALE,WHITE,apr2016,,,S0,S,0,1
1055928,412,DORCHESTER AVE,8736,RESIDENCE,30jul2012 00:20:00,30jul2012 00:20:00,30jul2012,ARMANDO,UGARTE,15050,006,,03jan2005,POLICE OFFICER,S001,CLOSED HAND STRIKE (PUNCH),05A,EXCESSIVE FORCE / ON DUTY - INJURY,CLOSED/FINAL,EXONERATED,VELETA,BERNARD,015,,POLICE OFFICER,,MALE,WHITE,apr2016,,,S0,S,0,1
1055928,412,DORCHESTER AVE,8736,RESIDENCE,30jul2012 00:20:00,30jul2012 00:20:00,30jul2012,,,,,,,,S001,CLOSED HAND STRIKE (PUNCH),05A,EXCESSIVE FORCE / ON DUTY - INJURY,CLOSED/FINAL,NOT SUSTAINED,SANDERS,PRESTON,,,UNKNOWN,52,MALE,BLACK,apr2016,,,S0,S,0,1
1055928,412,DORCHESTER AVE,8736,RESIDENCE,30jul2012 00:20:00,30jul2012 00:20:00,30jul2012,ARMANDO,UGARTE,15050,006,,03jan2005,POLICE OFFICER,S001,CLOSED HAND STRIKE (PUNCH),05A,EXCESSIVE FORCE / ON DUTY - INJURY,CLOSED/FINAL,EXONERATED,SANDERS,PRESTON,,,UNKNOWN,52,MALE,BLACK,apr2016,,,S0,S,0,1
1055928,412,DORCHESTER AVE,8736,RESIDENCE,30jul2012 00:20:00,30jul2012 00:20:00,30jul2012,ARMANDO,UGARTE,15050,006,,03jan2005,POLICE OFFICER,S001,CLOSED HAND STRIKE (PUNCH),05A,EXCESSIVE FORCE / ON DUTY - INJURY,CLOSED/FINAL,NOT SUSTAINED,VELETA,BERNARD,015,,POLICE OFFICER,,MALE,WHITE,apr2016,,,S0,S,0,1
1055928,412,DORCHESTER AVE,8736,RESIDENCE,30jul2012 00:20:00,30jul2012 00:20:00,30jul2012,JUAN,BELMONTES,8414,007,,16apr2010,POLICE OFFICER,S001,CLOSED HAND STRIKE (PUNCH),05A,EXCESSIVE FORCE / ON DUTY - INJURY,CLOSED/FINAL,NOT SUSTAINED,MCCORKLE,CHRISTINA,,,,31,FEMALE,BLACK,apr2016,,,S0,S,0,1
1055928,412,DORCHESTER AVE,8736,RESIDENCE,30jul2012 00:20:00,30jul2012 00:20:00,30jul2012,,,,,,,,S001,CLOSED HAND STRIKE (PUNCH),05A,EXCESSIVE FORCE / ON DUTY - INJURY,CLOSED/FINAL,NOT SUSTAINED,COLLINS,BLAKE,,,UNKNOWN,26,MALE,BLACK,apr2016,,,S0,S,0,1
1055928,412,DORCHESTER AVE,8736,RESIDENCE,30jul2012 00:20:00,30jul2012 00:20:00,30jul2012,JUAN,BELMONTES,8414,007,,16apr2010,POLICE OFFICER,S001,CLOSED HAND STRIKE (PUNCH),05A,EXCESSIVE FORCE / ON DUTY - INJURY,CLOSED/FINAL,EXONERATED,VELETA,BERNARD,015,,POLICE OFFICER,,MALE,WHITE,apr2016,,,S0,S,0,1
1055928,412,DORCHESTER AVE,8736,RESIDENCE,30jul2012 00:20:00,30jul2012 00:20:00,30jul2012,SHAUNDA,BOND,13687,004,,16dec2009,POLICE OFFICER,S001,CLOSED HAND STRIKE (PUNCH),05A,EXCESSIVE FORCE / ON DUTY - INJURY,CLOSED/FINAL,EXONERATED,SANDERS,PRESTON,,,UNKNOWN,52,MALE,BLACK,apr2016,,,S0,S,0,1
1055928,412,DORCHESTER AVE,8736,RESIDENCE,30jul2012 00:20:00,30jul2012 00:20:00,30jul2012,,,,,,,,S001,CLOSED HAND STRIKE (PUNCH),05A,EXCESSIVE FORCE / ON DUTY - INJURY,CLOSED/FINAL,UNFOUNDED,MCCORKLE,CHRISTINA,,,,31,FEMALE,BLACK,apr2016,,,S0,S,0,1
1055928,412,DORCHESTER AVE,8736,RESIDENCE,30jul2012 00:20:00,30jul2012 00:20:00,30jul2012,ARMANDO,UGARTE,15050,006,,03jan2005,POLICE OFFICER,S001,CLOSED HAND STRIKE (PUNCH),05A,EXCESSIVE FORCE / ON DUTY - INJURY,CLOSED/FINAL,EXONERATED,RUMBAUGH,JEFFREY,006,,POLICE OFFICER,,MALE,WHITE,apr2016,,,S0,S,0,1
1055928,412,DORCHESTER AVE,8736,RESIDENCE,30jul2012 00:20:00,30jul2012 00:20:00,30jul2012,SHAUNDA,BOND,13687,004,,16dec2009,POLICE OFFICER,S001,CLOSED HAND STRIKE (PUNCH),05A,EXCESSIVE FORCE / ON DUTY - INJURY,CLOSED/FINAL,NOT SUSTAINED,COLLINS,BLAKE,,,UNKNOWN,26,MALE,BLACK,apr2016,,,S0,S,0,1
1055928,412,DORCHESTER AVE,8736,RESIDENCE,30jul2012 00:20:00,30jul2012 00:20:00,30jul2012,SHAUNDA,BOND,13687,004,,16dec2009,POLICE OFFICER,S001,CLOSED HAND STRIKE (PUNCH),05A,EXCESSIVE FORCE / ON DUTY - INJURY,CLOSED/FINAL,NOT SUSTAINED,VILLANUEVA,ARTURO,022,,POLICE OFFICER,,MALE,SPANISH (DO NOT USE),apr2016,,,S0,S,0,1
