COMPLAINT_NUMBER,BEAT,STREET,ADDRESS,LOCATION_CODE,INCIDENT_TIME_START,INCIDENT_TIME_END,NOTIFICATION_DATE,ACCSUEDOFFICER_FNAME,ACCUSEDOFFICER_LNAME,ACCUSED_STAR,ACCUSED_UNIT,ACCUSED_DETAIL,ACCUSED_APPOINTMENT_DATE,ACCUSED_POSITION,INITIAL_CATEGORY_CODE,INITIAL_CATEGORY,CURRENT_CATEGORY_CODE,CURRENT_CATEGORY,CURRENT_STATUS,FINDING_CODE,INVOLVED_OFFICER_LNAME,INVOLVED_OFFICER_FNAME,INVOLVED_OFFICER_UNIT,INVOLVED_OFFICER_DETAIL,INVOLVED_OFFICER_POSITION,INVOLVED_OFFICER_AGE,INVOLVED_OFFICER_SEX,INVOLVED_OFFICER_RACE,foia,INVOLVED_OFFICER_DESCRIPTION,INVOLVED_OFFICER_TYPE,start_code_2,start_code_1,rec,sum_rec
1062929,1633,GRACE ST,5500,RESIDENTIAL YARD (FRONT/BACK),18jun2013 05:15:00,18jun2013 05:35:00,18jun2013,,SCHERER,1331,016,,27aug1990,SERGEANT OF POLICE,05B,EXCESSIVE FORCE / ON DUTY - NO INJURY,S042,MISCELLANEOUS,CLOSED/FINAL,NOT SUSTAINED,STASZEL,ANDREW,016,,POLICE OFFICER,,MALE,WHITE,apr2016,,,05,0,0,1
1062929,1633,GRACE ST,5500,RESIDENTIAL YARD (FRONT/BACK),18jun2013 05:15:00,18jun2013 05:35:00,18jun2013,,SCHERER,1331,016,,27aug1990,SERGEANT OF POLICE,05B,EXCESSIVE FORCE / ON DUTY - NO INJURY,S042,MISCELLANEOUS,CLOSED/FINAL,NOT SUSTAINED,GNUTEK,CATHERINE,,,UNKNOWN,52,FEMALE,WHITE,apr2016,,,05,0,0,1
1062929,1633,GRACE ST,5500,RESIDENTIAL YARD (FRONT/BACK),18jun2013 05:15:00,18jun2013 05:35:00,18jun2013,,,,,,,,05B,EXCESSIVE FORCE / ON DUTY - NO INJURY,S042,MISCELLANEOUS,CLOSED/FINAL,EXONERATED,GNUTEK,CATHERINE,,,UNKNOWN,52,FEMALE,WHITE,apr2016,,,05,0,0,1
1062929,1633,GRACE ST,5500,RESIDENTIAL YARD (FRONT/BACK),18jun2013 05:15:00,18jun2013 05:35:00,18jun2013,,SCHERER,1331,016,,27aug1990,SERGEANT OF POLICE,05B,EXCESSIVE FORCE / ON DUTY - NO INJURY,S042,MISCELLANEOUS,CLOSED/FINAL,NOT SUSTAINED,PEREZ,MICHAEL,,,UNKNOWN,22,MALE,WHITE,apr2016,,,05,0,0,1
1062929,1633,GRACE ST,5500,RESIDENTIAL YARD (FRONT/BACK),18jun2013 05:15:00,18jun2013 05:35:00,18jun2013,,,,,,,,05B,EXCESSIVE FORCE / ON DUTY - NO INJURY,S042,MISCELLANEOUS,CLOSED/FINAL,EXONERATED,DYKER,BRUCE,016,,POLICE OFFICER,,MALE,WHITE,apr2016,,,05,0,0,1
1062929,1633,GRACE ST,5500,RESIDENTIAL YARD (FRONT/BACK),18jun2013 05:15:00,18jun2013 05:35:00,18jun2013,,SCHERER,1331,016,,27aug1990,SERGEANT OF POLICE,05B,EXCESSIVE FORCE / ON DUTY - NO INJURY,S042,MISCELLANEOUS,CLOSED/FINAL,NOT SUSTAINED,SUSA,TINA,016,,POLICE OFFICER,,FEMALE,WHITE,apr2016,,,05,0,0,1
1062929,1633,GRACE ST,5500,RESIDENTIAL YARD (FRONT/BACK),18jun2013 05:15:00,18jun2013 05:35:00,18jun2013,,SCHERER,1331,016,,27aug1990,SERGEANT OF POLICE,05B,EXCESSIVE FORCE / ON DUTY - NO INJURY,S042,MISCELLANEOUS,CLOSED/FINAL,NOT SUSTAINED,DYKER,BRUCE,016,,POLICE OFFICER,,MALE,WHITE,apr2016,,,05,0,0,1
1062929,1633,GRACE ST,5500,RESIDENTIAL YARD (FRONT/BACK),18jun2013 05:15:00,18jun2013 05:35:00,18jun2013,,,,,,,,05B,EXCESSIVE FORCE / ON DUTY - NO INJURY,S042,MISCELLANEOUS,CLOSED/FINAL,EXONERATED,PEREZ,MICHAEL,,,UNKNOWN,22,MALE,WHITE,apr2016,,,05,0,0,1
1062929,1633,GRACE ST,5500,RESIDENTIAL YARD (FRONT/BACK),18jun2013 05:15:00,18jun2013 05:35:00,18jun2013,,,,,,,,05B,EXCESSIVE FORCE / ON DUTY - NO INJURY,S042,MISCELLANEOUS,CLOSED/FINAL,EXONERATED,BERNAL,DANIEL,016,,POLICE OFFICER,,MALE,SPANISH (DO NOT USE),apr2016,,,05,0,1,1
1062929,1633,GRACE ST,5500,RESIDENTIAL YARD (FRONT/BACK),18jun2013 05:15:00,18jun2013 05:35:00,18jun2013,,SCHERER,1331,016,,27aug1990,SERGEANT OF POLICE,05B,EXCESSIVE FORCE / ON DUTY - NO INJURY,S042,MISCELLANEOUS,CLOSED/FINAL,NOT SUSTAINED,BERNAL,DANIEL,016,,POLICE OFFICER,,MALE,SPANISH (DO NOT USE),apr2016,,,05,0,0,1
1062929,1633,GRACE ST,5500,RESIDENTIAL YARD (FRONT/BACK),18jun2013 05:15:00,18jun2013 05:35:00,18jun2013,,,,,,,,05B,EXCESSIVE FORCE / ON DUTY - NO INJURY,S042,MISCELLANEOUS,CLOSED/FINAL,EXONERATED,SUSA,TINA,016,,POLICE OFFICER,,FEMALE,WHITE,apr2016,,,05,0,0,1
1062929,1633,GRACE ST,5500,RESIDENTIAL YARD (FRONT/BACK),18jun2013 05:15:00,18jun2013 05:35:00,18jun2013,,,,,,,,05B,EXCESSIVE FORCE / ON DUTY - NO INJURY,S042,MISCELLANEOUS,CLOSED/FINAL,EXONERATED,GNUTEK,RICHARD,,,UNKNOWN,79,MALE,WHITE,apr2016,,,05,0,0,1
1062929,1633,GRACE ST,5500,RESIDENTIAL YARD (FRONT/BACK),18jun2013 05:15:00,18jun2013 05:35:00,18jun2013,,,,,,,,05B,EXCESSIVE FORCE / ON DUTY - NO INJURY,S042,MISCELLANEOUS,CLOSED/FINAL,EXONERATED,STASZEL,ANDREW,016,,POLICE OFFICER,,MALE,WHITE,apr2016,,,05,0,0,1
1062929,1633,GRACE ST,5500,RESIDENTIAL YARD (FRONT/BACK),18jun2013 05:15:00,18jun2013 05:35:00,18jun2013,,SCHERER,1331,016,,27aug1990,SERGEANT OF POLICE,05B,EXCESSIVE FORCE / ON DUTY - NO INJURY,S042,MISCELLANEOUS,CLOSED/FINAL,NOT SUSTAINED,GNUTEK,RICHARD,,,UNKNOWN,79,MALE,WHITE,apr2016,,,05,0,0,1
