COMPLAINT_NUMBER,BEAT,STREET,ADDRESS,LOCATION_CODE,INCIDENT_TIME_START,INCIDENT_TIME_END,NOTIFICATION_DATE,ACCSUEDOFFICER_FNAME,ACCUSEDOFFICER_LNAME,ACCUSED_STAR,ACCUSED_UNIT,ACCUSED_DETAIL,ACCUSED_APPOINTMENT_DATE,ACCUSED_POSITION,INITIAL_CATEGORY_CODE,INITIAL_CATEGORY,CURRENT_CATEGORY_CODE,CURRENT_CATEGORY,CURRENT_STATUS,FINDING_CODE,INVOLVED_OFFICER_LNAME,INVOLVED_OFFICER_FNAME,INVOLVED_OFFICER_UNIT,INVOLVED_OFFICER_DETAIL,INVOLVED_OFFICER_POSITION,INVOLVED_OFFICER_AGE,INVOLVED_OFFICER_SEX,INVOLVED_OFFICER_RACE,foia,INVOLVED_OFFICER_DESCRIPTION,INVOLVED_OFFICER_TYPE,start_code_2,start_code_1,rec,sum_rec
1053148,821,SPAULDING AVE,4624,RESIDENCE,07apr2012 20:26:59,07apr2012 20:26:59,08apr2012,RUDOLPH,GARZA,8667,008,,25aug2003,POLICE OFFICER,S001,CLOSED HAND STRIKE (PUNCH),S001,CLOSED HAND STRIKE (PUNCH),CLOSED/FINAL,NOT SUSTAINED,AMBRIZ,GUADALUPE,,,UNKNOWN,26,MALE,WHITE HISPANIC,apr2016,,,S0,S,0,1
1053148,821,SPAULDING AVE,4624,RESIDENCE,07apr2012 20:26:59,07apr2012 20:26:59,08apr2012,,,,,,,,S001,CLOSED HAND STRIKE (PUNCH),S001,CLOSED HAND STRIKE (PUNCH),CLOSED/FINAL,EXONERATED,AMBRIZ,GUADALUPE,,,UNKNOWN,23,MALE,WHITE HISPANIC,apr2016,,,S0,S,1,1
1053148,821,SPAULDING AVE,4624,RESIDENCE,07apr2012 20:26:59,07apr2012 20:26:59,08apr2012,,,,,,,,S001,CLOSED HAND STRIKE (PUNCH),S001,CLOSED HAND STRIKE (PUNCH),CLOSED/FINAL,EXONERATED,CARRILLO,RAQUEL,,,UNKNOWN,48,FEMALE,WHITE HISPANIC,apr2016,,,S0,S,0,1
1053148,821,SPAULDING AVE,4624,RESIDENCE,07apr2012 20:26:59,07apr2012 20:26:59,08apr2012,,,,,,,,S001,CLOSED HAND STRIKE (PUNCH),S001,CLOSED HAND STRIKE (PUNCH),CLOSED/FINAL,EXONERATED,AMBRIZ,JUVENAL,,,UNKNOWN,19,MALE,WHITE HISPANIC,apr2016,,,S0,S,0,1
1053148,821,SPAULDING AVE,4624,RESIDENCE,07apr2012 20:26:59,07apr2012 20:26:59,08apr2012,,,,,,,,S001,CLOSED HAND STRIKE (PUNCH),S001,CLOSED HAND STRIKE (PUNCH),CLOSED/FINAL,EXONERATED,AMBRIZ,JUVENAL,,,UNKNOWN,17,MALE,WHITE HISPANIC,apr2016,,,S0,S,0,1
1053148,821,SPAULDING AVE,4624,RESIDENCE,07apr2012 20:26:59,07apr2012 20:26:59,08apr2012,RUDOLPH,GARZA,8667,008,,25aug2003,POLICE OFFICER,S001,CLOSED HAND STRIKE (PUNCH),S001,CLOSED HAND STRIKE (PUNCH),CLOSED/FINAL,NOT SUSTAINED,CARRILLO,RAQUEL,,,UNKNOWN,45,FEMALE,WHITE HISPANIC,apr2016,,,S0,S,0,1
1053148,821,SPAULDING AVE,4624,RESIDENCE,07apr2012 20:26:59,07apr2012 20:26:59,08apr2012,,,,,,,,S001,CLOSED HAND STRIKE (PUNCH),S001,CLOSED HAND STRIKE (PUNCH),CLOSED/FINAL,EXONERATED,AMBRIZ,GUADALUPE,,,UNKNOWN,26,MALE,WHITE HISPANIC,apr2016,,,S0,S,0,1
1053148,821,SPAULDING AVE,4624,RESIDENCE,07apr2012 20:26:59,07apr2012 20:26:59,08apr2012,RUDOLPH,GARZA,8667,008,,25aug2003,POLICE OFFICER,S001,CLOSED HAND STRIKE (PUNCH),S001,CLOSED HAND STRIKE (PUNCH),CLOSED/FINAL,NOT SUSTAINED,AMBRIZ,JUVENAL,,,UNKNOWN,17,MALE,WHITE HISPANIC,apr2016,,,S0,S,0,1
1053148,821,SPAULDING AVE,4624,RESIDENCE,07apr2012 20:26:59,07apr2012 20:26:59,08apr2012,RUDOLPH,GARZA,8667,008,,25aug2003,POLICE OFFICER,S001,CLOSED HAND STRIKE (PUNCH),S001,CLOSED HAND STRIKE (PUNCH),CLOSED/FINAL,NOT SUSTAINED,AMBRIZ,GUADALUPE,,,UNKNOWN,23,MALE,WHITE HISPANIC,apr2016,,,S0,S,0,1
1053148,821,SPAULDING AVE,4624,RESIDENCE,07apr2012 20:26:59,07apr2012 20:26:59,08apr2012,,,,,,,,S001,CLOSED HAND STRIKE (PUNCH),S001,CLOSED HAND STRIKE (PUNCH),CLOSED/FINAL,EXONERATED,CARRILLO,RAQUEL,,,UNKNOWN,45,FEMALE,WHITE HISPANIC,apr2016,,,S0,S,0,1
1053148,821,SPAULDING AVE,4624,RESIDENCE,07apr2012 20:26:59,07apr2012 20:26:59,08apr2012,RUDOLPH,GARZA,8667,008,,25aug2003,POLICE OFFICER,S001,CLOSED HAND STRIKE (PUNCH),S001,CLOSED HAND STRIKE (PUNCH),CLOSED/FINAL,NOT SUSTAINED,CARRILLO,RAQUEL,,,UNKNOWN,48,FEMALE,WHITE HISPANIC,apr2016,,,S0,S,0,1
1053148,821,SPAULDING AVE,4624,RESIDENCE,07apr2012 20:26:59,07apr2012 20:26:59,08apr2012,RUDOLPH,GARZA,8667,008,,25aug2003,POLICE OFFICER,S001,CLOSED HAND STRIKE (PUNCH),S001,CLOSED HAND STRIKE (PUNCH),CLOSED/FINAL,NOT SUSTAINED,AMBRIZ,JUVENAL,,,UNKNOWN,19,MALE,WHITE HISPANIC,apr2016,,,S0,S,0,1
