COMPLAINT_NUMBER,BEAT,STREET,ADDRESS,LOCATION_CODE,INCIDENT_TIME_START,INCIDENT_TIME_END,NOTIFICATION_DATE,ACCSUEDOFFICER_FNAME,ACCUSEDOFFICER_LNAME,ACCUSED_STAR,ACCUSED_UNIT,ACCUSED_DETAIL,ACCUSED_APPOINTMENT_DATE,ACCUSED_POSITION,INITIAL_CATEGORY_CODE,INITIAL_CATEGORY,CURRENT_CATEGORY_CODE,CURRENT_CATEGORY,CURRENT_STATUS,FINDING_CODE,INVOLVED_OFFICER_LNAME,INVOLVED_OFFICER_FNAME,INVOLVED_OFFICER_UNIT,INVOLVED_OFFICER_DETAIL,INVOLVED_OFFICER_POSITION,INVOLVED_OFFICER_AGE,INVOLVED_OFFICER_SEX,INVOLVED_OFFICER_RACE,foia,INVOLVED_OFFICER_DESCRIPTION,INVOLVED_OFFICER_TYPE,start_code_2,start_code_1,rec,sum_rec
1053924,2515,GRAND AVE,5555,POLICE FACILITY/VEH PARKING LOT,10may2012 15:00:00,10may2012 15:00:00,10may2012,,,,,,,,01B,"RACIAL / ETHNIC, ETC.",01B,"RACIAL / ETHNIC, ETC.",CLOSED/FINAL,UNFOUNDED,HUH,BENJAMIN,025,,POLICE OFFICER,,MALE,AMER IND/ALASKAN NATIVE,apr2016,,,01,0,0,1
1053924,2515,GRAND AVE,5555,POLICE FACILITY/VEH PARKING LOT,10may2012 15:00:00,10may2012 15:00:00,10may2012,PAUL,LAUBER,6341,025,,17dec2001,POLICE OFFICER,01B,"RACIAL / ETHNIC, ETC.",01B,"RACIAL / ETHNIC, ETC.",CLOSED/FINAL,UNFOUNDED,HIGHTOWER,DIVIS,,,UNKNOWN,33,MALE,BLACK,apr2016,,,01,0,0,1
1053924,2515,GRAND AVE,5555,POLICE FACILITY/VEH PARKING LOT,10may2012 15:00:00,10may2012 15:00:00,10may2012,PAUL,LAUBER,6341,025,,17dec2001,POLICE OFFICER,01B,"RACIAL / ETHNIC, ETC.",01B,"RACIAL / ETHNIC, ETC.",CLOSED/FINAL,UNFOUNDED,HUH,BENJAMIN,025,,POLICE OFFICER,,MALE,AMER IND/ALASKAN NATIVE,apr2016,,,01,0,0,1
1053924,2515,GRAND AVE,5555,POLICE FACILITY/VEH PARKING LOT,10may2012 15:00:00,10may2012 15:00:00,10may2012,,,,,,,,01B,"RACIAL / ETHNIC, ETC.",01B,"RACIAL / ETHNIC, ETC.",CLOSED/FINAL,UNFOUNDED,HIGHTOWER,DIVIS,,,UNKNOWN,33,MALE,BLACK,apr2016,,,01,0,0,1
