COMPLAINT_NUMBER,BEAT,STREET,ADDRESS,LOCATION_CODE,INCIDENT_TIME_START,INCIDENT_TIME_END,NOTIFICATION_DATE,ACCSUEDOFFICER_FNAME,ACCUSEDOFFICER_LNAME,ACCUSED_STAR,ACCUSED_UNIT,ACCUSED_DETAIL,ACCUSED_APPOINTMENT_DATE,ACCUSED_POSITION,INITIAL_CATEGORY_CODE,INITIAL_CATEGORY,CURRENT_CATEGORY_CODE,CURRENT_CATEGORY,CURRENT_STATUS,FINDING_CODE,INVOLVED_OFFICER_LNAME,INVOLVED_OFFICER_FNAME,INVOLVED_OFFICER_UNIT,INVOLVED_OFFICER_DETAIL,INVOLVED_OFFICER_POSITION,INVOLVED_OFFICER_AGE,INVOLVED_OFFICER_SEX,INVOLVED_OFFICER_RACE,foia,INVOLVED_OFFICER_DESCRIPTION,INVOLVED_OFFICER_TYPE,start_code_2,start_code_1,rec,sum_rec
1058024,1622,AUSTIN AVE,4513,RESIDENCE,,,25oct2012,ARCENIO,CRUZ,9666,019,,29jun1992,POLICE OFFICER,S116,MISCELLANEOUS,05L,DOMESTIC INCIDENT - NOT PHYSICAL,CLOSED/FINAL,NOT SUSTAINED,CRUZ,FRANCISCA,,,UNKNOWN,11,MALE,WHITE HISPANIC,apr2016,,,S1,S,0,1
1058024,1622,AUSTIN AVE,4513,RESIDENCE,,,25oct2012,ARCENIO,CRUZ,9666,019,,29jun1992,POLICE OFFICER,S116,MISCELLANEOUS,05L,DOMESTIC INCIDENT - NOT PHYSICAL,CLOSED/FINAL,NOT SUSTAINED,FIROSZ,ROSA,,,UNKNOWN,28,FEMALE,UNKNOWN,apr2016,,,S1,S,0,1
1058024,1622,AUSTIN AVE,4513,RESIDENCE,,,25oct2012,ARCENIO,CRUZ,9666,019,,29jun1992,POLICE OFFICER,S116,MISCELLANEOUS,05L,DOMESTIC INCIDENT - NOT PHYSICAL,CLOSED/FINAL,NOT SUSTAINED,FIROSZ,ROSA,,,UNKNOWN,29,FEMALE,WHITE,apr2016,,,S1,S,0,1
1058024,1622,AUSTIN AVE,4513,RESIDENCE,,,25oct2012,ARCENIO,CRUZ,9666,019,,29jun1992,POLICE OFFICER,S116,MISCELLANEOUS,05L,DOMESTIC INCIDENT - NOT PHYSICAL,CLOSED/FINAL,NOT SUSTAINED,FIROSZ,EDYTA,,,UNKNOWN,49,FEMALE,WHITE,apr2016,,,S1,S,0,1
1058024,1622,AUSTIN AVE,4513,RESIDENCE,,,25oct2012,ARCENIO,CRUZ,9666,019,,29jun1992,POLICE OFFICER,S116,MISCELLANEOUS,05L,DOMESTIC INCIDENT - NOT PHYSICAL,CLOSED/FINAL,NOT SUSTAINED,FIROSZ,EDYTA,,,UNKNOWN,48,FEMALE,WHITE,apr2016,,,S1,S,0,1
1058024,1622,AUSTIN AVE,4513,RESIDENCE,,,25oct2012,ARCENIO,CRUZ,9666,019,,29jun1992,POLICE OFFICER,S116,MISCELLANEOUS,05L,DOMESTIC INCIDENT - NOT PHYSICAL,CLOSED/FINAL,NOT SUSTAINED,CRUZ,FRANCISCA,,,UNKNOWN,9,MALE,WHITE HISPANIC,apr2016,,,S1,S,0,1
