COMPLAINT_NUMBER,BEAT,STREET,ADDRESS,LOCATION_CODE,INCIDENT_TIME_START,INCIDENT_TIME_END,NOTIFICATION_DATE,ACCSUEDOFFICER_FNAME,ACCUSEDOFFICER_LNAME,ACCUSED_STAR,ACCUSED_UNIT,ACCUSED_DETAIL,ACCUSED_APPOINTMENT_DATE,ACCUSED_POSITION,INITIAL_CATEGORY_CODE,INITIAL_CATEGORY,CURRENT_CATEGORY_CODE,CURRENT_CATEGORY,CURRENT_STATUS,FINDING_CODE,INVOLVED_OFFICER_LNAME,INVOLVED_OFFICER_FNAME,INVOLVED_OFFICER_UNIT,INVOLVED_OFFICER_DETAIL,INVOLVED_OFFICER_POSITION,INVOLVED_OFFICER_AGE,INVOLVED_OFFICER_SEX,INVOLVED_OFFICER_RACE,foia,INVOLVED_OFFICER_DESCRIPTION,INVOLVED_OFFICER_TYPE,start_code_2,start_code_1,rec,sum_rec
1054308,522,YALE AVE,11800,ALLEY,13may2012 20:00:00,13may2012 20:00:00,26may2012,JOSEPH,CHLIPALA,5299,312,,24jan2000,POLICE OFFICER,S026,KICKED,05A,EXCESSIVE FORCE / ON DUTY - INJURY,CLOSED/FINAL,NOT SUSTAINED,HIGHLAND,JESSICA,019,,PO/FIELD TRNING OFF,,FEMALE,WHITE,apr2016,,,S0,S,0,1
1054308,522,YALE AVE,11800,ALLEY,13may2012 20:00:00,13may2012 20:00:00,26may2012,,,,,,,,S026,KICKED,05A,EXCESSIVE FORCE / ON DUTY - INJURY,CLOSED/FINAL,UNFOUNDED,BRATTON,BRIAN,003,,POLICE OFFICER,,MALE,WHITE,apr2016,,,S0,S,0,1
1054308,522,YALE AVE,11800,ALLEY,13may2012 20:00:00,13may2012 20:00:00,26may2012,ARTURO,FERNANDEZ,16980,005,,27mar2006,POLICE OFFICER,S026,KICKED,05A,EXCESSIVE FORCE / ON DUTY - INJURY,CLOSED/FINAL,UNFOUNDED,GILMORE,CHRISTOPHER,,,UNKNOWN,30,MALE,BLACK,apr2016,,,S0,S,0,1
1054308,522,YALE AVE,11800,ALLEY,13may2012 20:00:00,13may2012 20:00:00,26may2012,JOSEPH,CHLIPALA,5299,312,,24jan2000,POLICE OFFICER,S026,KICKED,05A,EXCESSIVE FORCE / ON DUTY - INJURY,CLOSED/FINAL,NOT SUSTAINED,BRATTON,BRIAN,003,,POLICE OFFICER,,MALE,WHITE,apr2016,,,S0,S,0,1
1054308,522,YALE AVE,11800,ALLEY,13may2012 20:00:00,13may2012 20:00:00,26may2012,,,,,,,,S026,KICKED,05A,EXCESSIVE FORCE / ON DUTY - INJURY,CLOSED/FINAL,UNFOUNDED,GILMORE,CHRISTOPHER,,,UNKNOWN,30,MALE,BLACK,apr2016,,,S0,S,0,1
1054308,522,YALE AVE,11800,ALLEY,13may2012 20:00:00,13may2012 20:00:00,26may2012,,,,,,,,S026,KICKED,05A,EXCESSIVE FORCE / ON DUTY - INJURY,CLOSED/FINAL,UNFOUNDED,HIGHLAND,JESSICA,019,,PO/FIELD TRNING OFF,,FEMALE,WHITE,apr2016,,,S0,S,0,1
1054308,522,YALE AVE,11800,ALLEY,13may2012 20:00:00,13may2012 20:00:00,26may2012,ARTURO,FERNANDEZ,16980,005,,27mar2006,POLICE OFFICER,S026,KICKED,05A,EXCESSIVE FORCE / ON DUTY - INJURY,CLOSED/FINAL,UNFOUNDED,HIGHLAND,JESSICA,019,,PO/FIELD TRNING OFF,,FEMALE,WHITE,apr2016,,,S0,S,0,1
1054308,522,YALE AVE,11800,ALLEY,13may2012 20:00:00,13may2012 20:00:00,26may2012,ARTURO,FERNANDEZ,16980,005,,27mar2006,POLICE OFFICER,S026,KICKED,05A,EXCESSIVE FORCE / ON DUTY - INJURY,CLOSED/FINAL,UNFOUNDED,BRATTON,BRIAN,003,,POLICE OFFICER,,MALE,WHITE,apr2016,,,S0,S,0,1
1054308,522,YALE AVE,11800,ALLEY,13may2012 20:00:00,13may2012 20:00:00,26may2012,JOSEPH,CHLIPALA,5299,312,,24jan2000,POLICE OFFICER,S026,KICKED,05A,EXCESSIVE FORCE / ON DUTY - INJURY,CLOSED/FINAL,NOT SUSTAINED,GILMORE,CHRISTOPHER,,,UNKNOWN,30,MALE,BLACK,apr2016,,,S0,S,0,1
1054308,522,YALE AVE,11800,ALLEY,13may2012 20:00:00,13may2012 20:00:00,26may2012,JOSEPH,CHLIPALA,5299,312,,24jan2000,POLICE OFFICER,S026,KICKED,05A,EXCESSIVE FORCE / ON DUTY - INJURY,CLOSED/FINAL,NOT SUSTAINED,GILMORE,CHRISTOPHER,,,UNKNOWN,31,MALE,BLACK,apr2016,,,S0,S,0,1
1054308,522,YALE AVE,11800,ALLEY,13may2012 20:00:00,13may2012 20:00:00,26may2012,ARTURO,FERNANDEZ,16980,005,,27mar2006,POLICE OFFICER,S026,KICKED,05A,EXCESSIVE FORCE / ON DUTY - INJURY,CLOSED/FINAL,UNFOUNDED,GILMORE,CHRISTOPHER,,,UNKNOWN,31,MALE,BLACK,apr2016,,,S0,S,0,1
1054308,522,YALE AVE,11800,ALLEY,13may2012 20:00:00,13may2012 20:00:00,26may2012,,,,,,,,S026,KICKED,05A,EXCESSIVE FORCE / ON DUTY - INJURY,CLOSED/FINAL,UNFOUNDED,GILMORE,CHRISTOPHER,,,UNKNOWN,31,MALE,BLACK,apr2016,,,S0,S,0,1
