COMPLAINT_NUMBER,BEAT,STREET,ADDRESS,LOCATION_CODE,INCIDENT_TIME_START,INCIDENT_TIME_END,NOTIFICATION_DATE,ACCSUEDOFFICER_FNAME,ACCUSEDOFFICER_LNAME,ACCUSED_STAR,ACCUSED_UNIT,ACCUSED_DETAIL,ACCUSED_APPOINTMENT_DATE,ACCUSED_POSITION,INITIAL_CATEGORY_CODE,INITIAL_CATEGORY,CURRENT_CATEGORY_CODE,CURRENT_CATEGORY,CURRENT_STATUS,FINDING_CODE,INVOLVED_OFFICER_LNAME,INVOLVED_OFFICER_FNAME,INVOLVED_OFFICER_UNIT,INVOLVED_OFFICER_DETAIL,INVOLVED_OFFICER_POSITION,INVOLVED_OFFICER_AGE,INVOLVED_OFFICER_SEX,INVOLVED_OFFICER_RACE,foia,INVOLVED_OFFICER_DESCRIPTION,INVOLVED_OFFICER_TYPE,start_code_2,start_code_1,rec,sum_rec
1054071,1413,SAWYER AVE,2050,STREET,16may2012 21:00:00,16may2012 21:00:00,17may2012,TIMOTHY,BERAN,19651,017,,18mar1996,POLICE OFFICER,S117,PUSH/PULL/GRAB,05A,EXCESSIVE FORCE / ON DUTY - INJURY,CLOSED/FINAL,NOT SUSTAINED,BONGARTZ JR,WILLIAM,017,,POLICE OFFICER,,MALE,WHITE,apr2016,,,S1,S,0,1
1054071,1413,SAWYER AVE,2050,STREET,16may2012 21:00:00,16may2012 21:00:00,17may2012,,,,,,,,S117,PUSH/PULL/GRAB,05A,EXCESSIVE FORCE / ON DUTY - INJURY,CLOSED/FINAL,NOT SUSTAINED,HERNANDEZ,JUAN,,,UNKNOWN,54,MALE,,apr2016,,,S1,S,0,1
1054071,1413,SAWYER AVE,2050,STREET,16may2012 21:00:00,16may2012 21:00:00,17may2012,,,,,,,,S117,PUSH/PULL/GRAB,05A,EXCESSIVE FORCE / ON DUTY - INJURY,CLOSED/FINAL,NOT SUSTAINED,HERNANDEZ,JUAN,,,UNKNOWN,53,MALE,,apr2016,,,S1,S,0,1
1054071,1413,SAWYER AVE,2050,STREET,16may2012 21:00:00,16may2012 21:00:00,17may2012,,,,,,,,S117,PUSH/PULL/GRAB,05A,EXCESSIVE FORCE / ON DUTY - INJURY,CLOSED/FINAL,NOT SUSTAINED,TOLEDO,PETER,017,,POLICE OFFICER,,MALE,SPANISH (DO NOT USE),apr2016,,,S1,S,0,1
1054071,1413,SAWYER AVE,2050,STREET,16may2012 21:00:00,16may2012 21:00:00,17may2012,,,,,,,,S117,PUSH/PULL/GRAB,05A,EXCESSIVE FORCE / ON DUTY - INJURY,CLOSED/FINAL,NOT SUSTAINED,HERNANDEZ,AMALIA,,,,19,FEMALE,WHITE HISPANIC,apr2016,,,S1,S,0,1
1054071,1413,SAWYER AVE,2050,STREET,16may2012 21:00:00,16may2012 21:00:00,17may2012,,,,,,,,S117,PUSH/PULL/GRAB,05A,EXCESSIVE FORCE / ON DUTY - INJURY,CLOSED/FINAL,NOT SUSTAINED,UCZEN,MARK,017,,POLICE OFFICER,,MALE,WHITE,apr2016,,,S1,S,0,1
1054071,1413,SAWYER AVE,2050,STREET,16may2012 21:00:00,16may2012 21:00:00,17may2012,TIMOTHY,BERAN,19651,017,,18mar1996,POLICE OFFICER,S117,PUSH/PULL/GRAB,05A,EXCESSIVE FORCE / ON DUTY - INJURY,CLOSED/FINAL,NOT SUSTAINED,HERNANDEZ,AMALIA,,,,51,FEMALE,WHITE HISPANIC,apr2016,,,S1,S,0,1
1054071,1413,SAWYER AVE,2050,STREET,16may2012 21:00:00,16may2012 21:00:00,17may2012,,,,,,,,S117,PUSH/PULL/GRAB,05A,EXCESSIVE FORCE / ON DUTY - INJURY,CLOSED/FINAL,NOT SUSTAINED,COLLAZO,ELIZABETH,008,213,SERGEANT OF POLICE,,FEMALE,SPANISH (DO NOT USE),apr2016,,,S1,S,0,1
1054071,1413,SAWYER AVE,2050,STREET,16may2012 21:00:00,16may2012 21:00:00,17may2012,TIMOTHY,BERAN,19651,017,,18mar1996,POLICE OFFICER,S117,PUSH/PULL/GRAB,05A,EXCESSIVE FORCE / ON DUTY - INJURY,CLOSED/FINAL,NOT SUSTAINED,ALFARO,JOSEPH,017,,POLICE OFFICER,,MALE,ASIAN/PACIFIC ISLANDER,apr2016,,,S1,S,0,1
1054071,1413,SAWYER AVE,2050,STREET,16may2012 21:00:00,16may2012 21:00:00,17may2012,,,,,,,,S117,PUSH/PULL/GRAB,05A,EXCESSIVE FORCE / ON DUTY - INJURY,CLOSED/FINAL,NOT SUSTAINED,RIVERA,OMAR,017,,POLICE OFFICER,,MALE,SPANISH (DO NOT USE),apr2016,,,S1,S,0,1
1054071,1413,SAWYER AVE,2050,STREET,16may2012 21:00:00,16may2012 21:00:00,17may2012,TIMOTHY,BERAN,19651,017,,18mar1996,POLICE OFFICER,S117,PUSH/PULL/GRAB,05A,EXCESSIVE FORCE / ON DUTY - INJURY,CLOSED/FINAL,NOT SUSTAINED,RIVERA,OMAR,017,,POLICE OFFICER,,MALE,SPANISH (DO NOT USE),apr2016,,,S1,S,0,1
1054071,1413,SAWYER AVE,2050,STREET,16may2012 21:00:00,16may2012 21:00:00,17may2012,TIMOTHY,BERAN,19651,017,,18mar1996,POLICE OFFICER,S117,PUSH/PULL/GRAB,05A,EXCESSIVE FORCE / ON DUTY - INJURY,CLOSED/FINAL,NOT SUSTAINED,STAUNTON,MARTIN,017,,POLICE OFFICER,,MALE,WHITE,apr2016,,,S1,S,0,1
1054071,1413,SAWYER AVE,2050,STREET,16may2012 21:00:00,16may2012 21:00:00,17may2012,TIMOTHY,BERAN,19651,017,,18mar1996,POLICE OFFICER,S117,PUSH/PULL/GRAB,05A,EXCESSIVE FORCE / ON DUTY - INJURY,CLOSED/FINAL,NOT SUSTAINED,HERNANDEZ,JUAN,,,UNKNOWN,54,MALE,,apr2016,,,S1,S,0,1
1054071,1413,SAWYER AVE,2050,STREET,16may2012 21:00:00,16may2012 21:00:00,17may2012,TIMOTHY,BERAN,19651,017,,18mar1996,POLICE OFFICER,S117,PUSH/PULL/GRAB,05A,EXCESSIVE FORCE / ON DUTY - INJURY,CLOSED/FINAL,NOT SUSTAINED,MURILLO,DAVIS,017,,POLICE OFFICER,,MALE,SPANISH (DO NOT USE),apr2016,,,S1,S,0,1
1054071,1413,SAWYER AVE,2050,STREET,16may2012 21:00:00,16may2012 21:00:00,17may2012,,,,,,,,S117,PUSH/PULL/GRAB,05A,EXCESSIVE FORCE / ON DUTY - INJURY,CLOSED/FINAL,NOT SUSTAINED,MARTINEZ,ROGELIO,017,,POLICE OFFICER,,MALE,SPANISH (DO NOT USE),apr2016,,,S1,S,0,1
1054071,1413,SAWYER AVE,2050,STREET,16may2012 21:00:00,16may2012 21:00:00,17may2012,TIMOTHY,BERAN,19651,017,,18mar1996,POLICE OFFICER,S117,PUSH/PULL/GRAB,05A,EXCESSIVE FORCE / ON DUTY - INJURY,CLOSED/FINAL,NOT SUSTAINED,UCZEN,MARK,017,,POLICE OFFICER,,MALE,WHITE,apr2016,,,S1,S,0,1
1054071,1413,SAWYER AVE,2050,STREET,16may2012 21:00:00,16may2012 21:00:00,17may2012,,,,,,,,S117,PUSH/PULL/GRAB,05A,EXCESSIVE FORCE / ON DUTY - INJURY,CLOSED/FINAL,NOT SUSTAINED,BONGARTZ JR,WILLIAM,017,,POLICE OFFICER,,MALE,WHITE,apr2016,,,S1,S,0,1
1054071,1413,SAWYER AVE,2050,STREET,16may2012 21:00:00,16may2012 21:00:00,17may2012,TIMOTHY,BERAN,19651,017,,18mar1996,POLICE OFFICER,S117,PUSH/PULL/GRAB,05A,EXCESSIVE FORCE / ON DUTY - INJURY,CLOSED/FINAL,NOT SUSTAINED,COLLAZO,ELIZABETH,008,213,SERGEANT OF POLICE,,FEMALE,SPANISH (DO NOT USE),apr2016,,,S1,S,0,1
1054071,1413,SAWYER AVE,2050,STREET,16may2012 21:00:00,16may2012 21:00:00,17may2012,,,,,,,,S117,PUSH/PULL/GRAB,05A,EXCESSIVE FORCE / ON DUTY - INJURY,CLOSED/FINAL,NOT SUSTAINED,MURILLO,DAVIS,017,,POLICE OFFICER,,MALE,SPANISH (DO NOT USE),apr2016,,,S1,S,0,1
1054071,1413,SAWYER AVE,2050,STREET,16may2012 21:00:00,16may2012 21:00:00,17may2012,TIMOTHY,BERAN,19651,017,,18mar1996,POLICE OFFICER,S117,PUSH/PULL/GRAB,05A,EXCESSIVE FORCE / ON DUTY - INJURY,CLOSED/FINAL,NOT SUSTAINED,TOLEDO,PETER,017,,POLICE OFFICER,,MALE,SPANISH (DO NOT USE),apr2016,,,S1,S,0,1
1054071,1413,SAWYER AVE,2050,STREET,16may2012 21:00:00,16may2012 21:00:00,17may2012,TIMOTHY,BERAN,19651,017,,18mar1996,POLICE OFFICER,S117,PUSH/PULL/GRAB,05A,EXCESSIVE FORCE / ON DUTY - INJURY,CLOSED/FINAL,NOT SUSTAINED,HERNANDEZ,AMALIA,,,,19,FEMALE,WHITE HISPANIC,apr2016,,,S1,S,0,1
1054071,1413,SAWYER AVE,2050,STREET,16may2012 21:00:00,16may2012 21:00:00,17may2012,,,,,,,,S117,PUSH/PULL/GRAB,05A,EXCESSIVE FORCE / ON DUTY - INJURY,CLOSED/FINAL,NOT SUSTAINED,BEAZLEY,THOMAS,017,,SERGEANT OF POLICE,,MALE,WHITE,apr2016,,,S1,S,0,1
1054071,1413,SAWYER AVE,2050,STREET,16may2012 21:00:00,16may2012 21:00:00,17may2012,,,,,,,,S117,PUSH/PULL/GRAB,05A,EXCESSIVE FORCE / ON DUTY - INJURY,CLOSED/FINAL,NOT SUSTAINED,STAUNTON,MARTIN,017,,POLICE OFFICER,,MALE,WHITE,apr2016,,,S1,S,0,1
1054071,1413,SAWYER AVE,2050,STREET,16may2012 21:00:00,16may2012 21:00:00,17may2012,,,,,,,,S117,PUSH/PULL/GRAB,05A,EXCESSIVE FORCE / ON DUTY - INJURY,CLOSED/FINAL,NOT SUSTAINED,HERNANDEZ,AMALIA,,,,51,FEMALE,WHITE HISPANIC,apr2016,,,S1,S,0,1
1054071,1413,SAWYER AVE,2050,STREET,16may2012 21:00:00,16may2012 21:00:00,17may2012,,,,,,,,S117,PUSH/PULL/GRAB,05A,EXCESSIVE FORCE / ON DUTY - INJURY,CLOSED/FINAL,NOT SUSTAINED,NESTOROWICZ,PIOTR,017,,POLICE OFFICER,,MALE,WHITE,apr2016,,,S1,S,0,1
1054071,1413,SAWYER AVE,2050,STREET,16may2012 21:00:00,16may2012 21:00:00,17may2012,TIMOTHY,BERAN,19651,017,,18mar1996,POLICE OFFICER,S117,PUSH/PULL/GRAB,05A,EXCESSIVE FORCE / ON DUTY - INJURY,CLOSED/FINAL,NOT SUSTAINED,HERNANDEZ,JUAN,,,UNKNOWN,53,MALE,,apr2016,,,S1,S,0,1
1054071,1413,SAWYER AVE,2050,STREET,16may2012 21:00:00,16may2012 21:00:00,17may2012,TIMOTHY,BERAN,19651,017,,18mar1996,POLICE OFFICER,S117,PUSH/PULL/GRAB,05A,EXCESSIVE FORCE / ON DUTY - INJURY,CLOSED/FINAL,NOT SUSTAINED,NESTOROWICZ,PIOTR,017,,POLICE OFFICER,,MALE,WHITE,apr2016,,,S1,S,0,1
1054071,1413,SAWYER AVE,2050,STREET,16may2012 21:00:00,16may2012 21:00:00,17may2012,,,,,,,,S117,PUSH/PULL/GRAB,05A,EXCESSIVE FORCE / ON DUTY - INJURY,CLOSED/FINAL,NOT SUSTAINED,ALFARO,JOSEPH,017,,POLICE OFFICER,,MALE,ASIAN/PACIFIC ISLANDER,apr2016,,,S1,S,1,1
1054071,1413,SAWYER AVE,2050,STREET,16may2012 21:00:00,16may2012 21:00:00,17may2012,TIMOTHY,BERAN,19651,017,,18mar1996,POLICE OFFICER,S117,PUSH/PULL/GRAB,05A,EXCESSIVE FORCE / ON DUTY - INJURY,CLOSED/FINAL,NOT SUSTAINED,BEAZLEY,THOMAS,017,,SERGEANT OF POLICE,,MALE,WHITE,apr2016,,,S1,S,0,1
1054071,1413,SAWYER AVE,2050,STREET,16may2012 21:00:00,16may2012 21:00:00,17may2012,TIMOTHY,BERAN,19651,017,,18mar1996,POLICE OFFICER,S117,PUSH/PULL/GRAB,05A,EXCESSIVE FORCE / ON DUTY - INJURY,CLOSED/FINAL,NOT SUSTAINED,MARTINEZ,ROGELIO,017,,POLICE OFFICER,,MALE,SPANISH (DO NOT USE),apr2016,,,S1,S,0,1
