COMPLAINT_NUMBER,BEAT,STREET,ADDRESS,LOCATION_CODE,INCIDENT_TIME_START,INCIDENT_TIME_END,NOTIFICATION_DATE,ACCSUEDOFFICER_FNAME,ACCUSEDOFFICER_LNAME,ACCUSED_STAR,ACCUSED_UNIT,ACCUSED_DETAIL,ACCUSED_APPOINTMENT_DATE,ACCUSED_POSITION,INITIAL_CATEGORY_CODE,INITIAL_CATEGORY,CURRENT_CATEGORY_CODE,CURRENT_CATEGORY,CURRENT_STATUS,FINDING_CODE,INVOLVED_OFFICER_LNAME,INVOLVED_OFFICER_FNAME,INVOLVED_OFFICER_UNIT,INVOLVED_OFFICER_DETAIL,INVOLVED_OFFICER_POSITION,INVOLVED_OFFICER_AGE,INVOLVED_OFFICER_SEX,INVOLVED_OFFICER_RACE,foia,INVOLVED_OFFICER_DESCRIPTION,INVOLVED_OFFICER_TYPE,start_code_2,start_code_1,rec,sum_rec
1058899,825,FAIRFIELD AVE,6339,STREET,07dec2012 03:59:59,07dec2012 03:59:59,07dec2012,,,,,,,,05A,EXCESSIVE FORCE / ON DUTY - INJURY,S121,HANDCUFF TOO TIGHT,CLOSED/FINAL,NOT SUSTAINED,MARTINEZ,JOSE,,,UNKNOWN,41,MALE,WHITE HISPANIC,apr2016,,,05,0,0,1
1058899,825,FAIRFIELD AVE,6339,STREET,07dec2012 03:59:59,07dec2012 03:59:59,07dec2012,,,,,,,,05A,EXCESSIVE FORCE / ON DUTY - INJURY,S121,HANDCUFF TOO TIGHT,CLOSED/FINAL,NOT SUSTAINED,IBARRA,MISAEL,008,,POLICE OFFICER,,MALE,WHITE HISPANIC,apr2016,,,05,0,1,1
1058899,825,FAIRFIELD AVE,6339,STREET,07dec2012 03:59:59,07dec2012 03:59:59,07dec2012,MICHAEL,POWER,8661,008,,01sep2010,POLICE OFFICER,05A,EXCESSIVE FORCE / ON DUTY - INJURY,S121,HANDCUFF TOO TIGHT,CLOSED/FINAL,NOT SUSTAINED,MARTINEZ,JOSE,,,UNKNOWN,42,MALE,WHITE HISPANIC,apr2016,,,05,0,0,1
1058899,825,FAIRFIELD AVE,6339,STREET,07dec2012 03:59:59,07dec2012 03:59:59,07dec2012,MICHAEL,POWER,8661,008,,01sep2010,POLICE OFFICER,05A,EXCESSIVE FORCE / ON DUTY - INJURY,S121,HANDCUFF TOO TIGHT,CLOSED/FINAL,NOT SUSTAINED,IBARRA,MISAEL,008,,POLICE OFFICER,,MALE,WHITE HISPANIC,apr2016,,,05,0,0,1
1058899,825,FAIRFIELD AVE,6339,STREET,07dec2012 03:59:59,07dec2012 03:59:59,07dec2012,,,,,,,,05A,EXCESSIVE FORCE / ON DUTY - INJURY,S121,HANDCUFF TOO TIGHT,CLOSED/FINAL,NOT SUSTAINED,MARTINEZ,JOSE,,,UNKNOWN,42,MALE,WHITE HISPANIC,apr2016,,,05,0,0,1
1058899,825,FAIRFIELD AVE,6339,STREET,07dec2012 03:59:59,07dec2012 03:59:59,07dec2012,MICHAEL,POWER,8661,008,,01sep2010,POLICE OFFICER,05A,EXCESSIVE FORCE / ON DUTY - INJURY,S121,HANDCUFF TOO TIGHT,CLOSED/FINAL,NOT SUSTAINED,MARTINEZ,JOSE,,,UNKNOWN,41,MALE,WHITE HISPANIC,apr2016,,,05,0,0,1
