COMPLAINT_NUMBER,BEAT,STREET,ADDRESS,LOCATION_CODE,INCIDENT_TIME_START,INCIDENT_TIME_END,NOTIFICATION_DATE,ACCSUEDOFFICER_FNAME,ACCUSEDOFFICER_LNAME,ACCUSED_STAR,ACCUSED_UNIT,ACCUSED_DETAIL,ACCUSED_APPOINTMENT_DATE,ACCUSED_POSITION,INITIAL_CATEGORY_CODE,INITIAL_CATEGORY,CURRENT_CATEGORY_CODE,CURRENT_CATEGORY,CURRENT_STATUS,FINDING_CODE,INVOLVED_OFFICER_LNAME,INVOLVED_OFFICER_FNAME,INVOLVED_OFFICER_UNIT,INVOLVED_OFFICER_DETAIL,INVOLVED_OFFICER_POSITION,INVOLVED_OFFICER_AGE,INVOLVED_OFFICER_SEX,INVOLVED_OFFICER_RACE,foia,INVOLVED_OFFICER_DESCRIPTION,INVOLVED_OFFICER_TYPE,start_code_2,start_code_1,rec,sum_rec
1054496,1422,DRAKE AVE,1854,STREET,04jun2012 23:00:00,04jun2012 23:00:00,05jun2012,,,,,,,,S043,CLOSED HAND STRIKE (PUNCH),05A,EXCESSIVE FORCE / ON DUTY - INJURY,PENDING REVIEW AFTER SUPERINTENDENT DECISION,ADDITIONAL INVESTIGATION REQUESTED,SPEAKS,VINCENT,,,,50,MALE,,apr2016,,,S0,S,0,1
1054496,1422,DRAKE AVE,1854,STREET,04jun2012 23:00:00,04jun2012 23:00:00,05jun2012,,,,,,,,S043,CLOSED HAND STRIKE (PUNCH),05A,EXCESSIVE FORCE / ON DUTY - INJURY,PENDING REVIEW AFTER SUPERINTENDENT DECISION,ADDITIONAL INVESTIGATION REQUESTED,ZEPEDA,ABRAHAM,,,UNKNOWN,18,MALE,,apr2016,,,S0,S,0,1
1054496,1422,DRAKE AVE,1854,STREET,04jun2012 23:00:00,04jun2012 23:00:00,05jun2012,,,,,,,,S043,CLOSED HAND STRIKE (PUNCH),05A,EXCESSIVE FORCE / ON DUTY - INJURY,PENDING REVIEW AFTER SUPERINTENDENT DECISION,SUSTAINED,SPEAKS,VINCENT,,,,50,MALE,,apr2016,,,S0,S,0,1
1054496,1422,DRAKE AVE,1854,STREET,04jun2012 23:00:00,04jun2012 23:00:00,05jun2012,,,,,,,,S043,CLOSED HAND STRIKE (PUNCH),05A,EXCESSIVE FORCE / ON DUTY - INJURY,PENDING REVIEW AFTER SUPERINTENDENT DECISION,ADDITIONAL INVESTIGATION REQUESTED,ZEPEDA,ABRAHAM,,,UNKNOWN,20,MALE,,apr2016,,,S0,S,0,1
1054496,1422,DRAKE AVE,1854,STREET,04jun2012 23:00:00,04jun2012 23:00:00,05jun2012,ENRIQUE,BADILLO,19255,014,,02sep1997,POLICE OFFICER,S043,CLOSED HAND STRIKE (PUNCH),05A,EXCESSIVE FORCE / ON DUTY - INJURY,PENDING REVIEW AFTER SUPERINTENDENT DECISION,SUSTAINED,ALLEN,DAVID,,,,49,MALE,,apr2016,,,S0,S,0,1
1054496,1422,DRAKE AVE,1854,STREET,04jun2012 23:00:00,04jun2012 23:00:00,05jun2012,ENRIQUE,BADILLO,19255,014,,02sep1997,POLICE OFFICER,S043,CLOSED HAND STRIKE (PUNCH),05A,EXCESSIVE FORCE / ON DUTY - INJURY,PENDING REVIEW AFTER SUPERINTENDENT DECISION,EXONERATED,ZEPEDA,ABRAHAM,,,UNKNOWN,18,MALE,,apr2016,,,S0,S,0,1
1054496,1422,DRAKE AVE,1854,STREET,04jun2012 23:00:00,04jun2012 23:00:00,05jun2012,,,,,,,,S043,CLOSED HAND STRIKE (PUNCH),05A,EXCESSIVE FORCE / ON DUTY - INJURY,PENDING REVIEW AFTER SUPERINTENDENT DECISION,SUSTAINED,ALLEN,DAVID,,,,49,MALE,,apr2016,,,S0,S,0,1
1054496,1422,DRAKE AVE,1854,STREET,04jun2012 23:00:00,04jun2012 23:00:00,05jun2012,ENRIQUE,BADILLO,19255,014,,02sep1997,POLICE OFFICER,S043,CLOSED HAND STRIKE (PUNCH),05A,EXCESSIVE FORCE / ON DUTY - INJURY,PENDING REVIEW AFTER SUPERINTENDENT DECISION,SUSTAINED,SPEAKS,VINCENT,,,,50,MALE,,apr2016,,,S0,S,0,1
1054496,1422,DRAKE AVE,1854,STREET,04jun2012 23:00:00,04jun2012 23:00:00,05jun2012,ENRIQUE,BADILLO,19255,014,,02sep1997,POLICE OFFICER,S043,CLOSED HAND STRIKE (PUNCH),05A,EXCESSIVE FORCE / ON DUTY - INJURY,PENDING REVIEW AFTER SUPERINTENDENT DECISION,EXONERATED,ALLEN,DAVID,,,,49,MALE,,apr2016,,,S0,S,0,1
1054496,1422,DRAKE AVE,1854,STREET,04jun2012 23:00:00,04jun2012 23:00:00,05jun2012,,,,,,,,S043,CLOSED HAND STRIKE (PUNCH),05A,EXCESSIVE FORCE / ON DUTY - INJURY,PENDING REVIEW AFTER SUPERINTENDENT DECISION,ADDITIONAL INVESTIGATION REQUESTED,ALLEN,DAVID,,,,49,MALE,,apr2016,,,S0,S,1,1
1054496,1422,DRAKE AVE,1854,STREET,04jun2012 23:00:00,04jun2012 23:00:00,05jun2012,ENRIQUE,BADILLO,19255,014,,02sep1997,POLICE OFFICER,S043,CLOSED HAND STRIKE (PUNCH),05A,EXCESSIVE FORCE / ON DUTY - INJURY,PENDING REVIEW AFTER SUPERINTENDENT DECISION,SUSTAINED,ZEPEDA,ABRAHAM,,,UNKNOWN,18,MALE,,apr2016,,,S0,S,0,1
1054496,1422,DRAKE AVE,1854,STREET,04jun2012 23:00:00,04jun2012 23:00:00,05jun2012,ENRIQUE,BADILLO,19255,014,,02sep1997,POLICE OFFICER,S043,CLOSED HAND STRIKE (PUNCH),05A,EXCESSIVE FORCE / ON DUTY - INJURY,PENDING REVIEW AFTER SUPERINTENDENT DECISION,EXONERATED,SPEAKS,VINCENT,,,,50,MALE,,apr2016,,,S0,S,0,1
1054496,1422,DRAKE AVE,1854,STREET,04jun2012 23:00:00,04jun2012 23:00:00,05jun2012,ENRIQUE,BADILLO,19255,014,,02sep1997,POLICE OFFICER,S043,CLOSED HAND STRIKE (PUNCH),05A,EXCESSIVE FORCE / ON DUTY - INJURY,PENDING REVIEW AFTER SUPERINTENDENT DECISION,EXONERATED,ZEPEDA,ABRAHAM,,,UNKNOWN,20,MALE,,apr2016,,,S0,S,0,1
1054496,1422,DRAKE AVE,1854,STREET,04jun2012 23:00:00,04jun2012 23:00:00,05jun2012,,,,,,,,S043,CLOSED HAND STRIKE (PUNCH),05A,EXCESSIVE FORCE / ON DUTY - INJURY,PENDING REVIEW AFTER SUPERINTENDENT DECISION,SUSTAINED,ZEPEDA,ABRAHAM,,,UNKNOWN,20,MALE,,apr2016,,,S0,S,0,1
1054496,1422,DRAKE AVE,1854,STREET,04jun2012 23:00:00,04jun2012 23:00:00,05jun2012,ENRIQUE,BADILLO,19255,014,,02sep1997,POLICE OFFICER,S043,CLOSED HAND STRIKE (PUNCH),05A,EXCESSIVE FORCE / ON DUTY - INJURY,PENDING REVIEW AFTER SUPERINTENDENT DECISION,SUSTAINED,ZEPEDA,ABRAHAM,,,UNKNOWN,20,MALE,,apr2016,,,S0,S,0,1
1054496,1422,DRAKE AVE,1854,STREET,04jun2012 23:00:00,04jun2012 23:00:00,05jun2012,,,,,,,,S043,CLOSED HAND STRIKE (PUNCH),05A,EXCESSIVE FORCE / ON DUTY - INJURY,PENDING REVIEW AFTER SUPERINTENDENT DECISION,SUSTAINED,ZEPEDA,ABRAHAM,,,UNKNOWN,18,MALE,,apr2016,,,S0,S,0,1
