COMPLAINT_NUMBER,BEAT,STREET,ADDRESS,LOCATION_CODE,INCIDENT_TIME_START,INCIDENT_TIME_END,NOTIFICATION_DATE,ACCSUEDOFFICER_FNAME,ACCUSEDOFFICER_LNAME,ACCUSED_STAR,ACCUSED_UNIT,ACCUSED_DETAIL,ACCUSED_APPOINTMENT_DATE,ACCUSED_POSITION,INITIAL_CATEGORY_CODE,INITIAL_CATEGORY,CURRENT_CATEGORY_CODE,CURRENT_CATEGORY,CURRENT_STATUS,FINDING_CODE,INVOLVED_OFFICER_LNAME,INVOLVED_OFFICER_FNAME,INVOLVED_OFFICER_UNIT,INVOLVED_OFFICER_DETAIL,INVOLVED_OFFICER_POSITION,INVOLVED_OFFICER_AGE,INVOLVED_OFFICER_SEX,INVOLVED_OFFICER_RACE,foia,INVOLVED_OFFICER_DESCRIPTION,INVOLVED_OFFICER_TYPE,start_code_2,start_code_1,rec,sum_rec
1057085,513,110TH ST,251,STREET,14sep2012 21:55:00,14sep2012 21:55:00,15sep2012,EDWARD,FULTON,12724,005,,26mar1990,POLICE OFFICER,05A,EXCESSIVE FORCE / ON DUTY - INJURY,S010,IMPACT WEAPON - AUTHORIZED (BATON / ASP),CLOSED/FINAL,NOT SUSTAINED,RIGOLI,MICHAEL,012,,LIEUTENANT OF POLICE,,MALE,WHITE,apr2016,,,05,0,0,1
1057085,513,110TH ST,251,STREET,14sep2012 21:55:00,14sep2012 21:55:00,15sep2012,CHRISTOPH,GREEN,13996,005,,18dec2000,POLICE OFFICER,05A,EXCESSIVE FORCE / ON DUTY - INJURY,S010,IMPACT WEAPON - AUTHORIZED (BATON / ASP),CLOSED/FINAL,UNFOUNDED,BLACKMON,CYNTHIA ,,,UNKNOWN,,FEMALE,BLACK,apr2016,,,05,0,0,1
1057085,513,110TH ST,251,STREET,14sep2012 21:55:00,14sep2012 21:55:00,15sep2012,CHRISTOPH,GREEN,13996,005,,18dec2000,POLICE OFFICER,05A,EXCESSIVE FORCE / ON DUTY - INJURY,S010,IMPACT WEAPON - AUTHORIZED (BATON / ASP),CLOSED/FINAL,UNFOUNDED,GANCZEWSKI,ANDRONIKI,005,,POLICE OFFICER,,FEMALE,WHITE,apr2016,,,05,0,0,1
1057085,513,110TH ST,251,STREET,14sep2012 21:55:00,14sep2012 21:55:00,15sep2012,,,,,,,,05A,EXCESSIVE FORCE / ON DUTY - INJURY,S010,IMPACT WEAPON - AUTHORIZED (BATON / ASP),CLOSED/FINAL,UNFOUNDED,BLACKMON,CYNTHIA ,,,UNKNOWN,,FEMALE,BLACK,apr2016,,,05,0,0,1
1057085,513,110TH ST,251,STREET,14sep2012 21:55:00,14sep2012 21:55:00,15sep2012,,,,,,,,05A,EXCESSIVE FORCE / ON DUTY - INJURY,S010,IMPACT WEAPON - AUTHORIZED (BATON / ASP),CLOSED/FINAL,UNFOUNDED,GANCZEWSKI,ANDRONIKI,005,,POLICE OFFICER,,FEMALE,WHITE,apr2016,,,05,0,0,1
1057085,513,110TH ST,251,STREET,14sep2012 21:55:00,14sep2012 21:55:00,15sep2012,EDWARD,FULTON,12724,005,,26mar1990,POLICE OFFICER,05A,EXCESSIVE FORCE / ON DUTY - INJURY,S010,IMPACT WEAPON - AUTHORIZED (BATON / ASP),CLOSED/FINAL,NOT SUSTAINED,SCHUR,ADAM,022,,POLICE OFFICER,,MALE,WHITE,apr2016,,,05,0,0,1
1057085,513,110TH ST,251,STREET,14sep2012 21:55:00,14sep2012 21:55:00,15sep2012,EDWARD,FULTON,12724,005,,26mar1990,POLICE OFFICER,05A,EXCESSIVE FORCE / ON DUTY - INJURY,S010,IMPACT WEAPON - AUTHORIZED (BATON / ASP),CLOSED/FINAL,NOT SUSTAINED,GANCZEWSKI,ANDRONIKI,005,,POLICE OFFICER,,FEMALE,WHITE,apr2016,,,05,0,0,1
1057085,513,110TH ST,251,STREET,14sep2012 21:55:00,14sep2012 21:55:00,15sep2012,EDWARD,FULTON,12724,005,,26mar1990,POLICE OFFICER,05A,EXCESSIVE FORCE / ON DUTY - INJURY,S010,IMPACT WEAPON - AUTHORIZED (BATON / ASP),CLOSED/FINAL,NOT SUSTAINED,WILLIAMS,KEITH,,,,60,MALE,BLACK,apr2016,,,05,0,0,1
1057085,513,110TH ST,251,STREET,14sep2012 21:55:00,14sep2012 21:55:00,15sep2012,CHRISTOPH,GREEN,13996,005,,18dec2000,POLICE OFFICER,05A,EXCESSIVE FORCE / ON DUTY - INJURY,S010,IMPACT WEAPON - AUTHORIZED (BATON / ASP),CLOSED/FINAL,UNFOUNDED,BLACKMON,KIM,,,,,FEMALE,BLACK,apr2016,,,05,0,0,1
1057085,513,110TH ST,251,STREET,14sep2012 21:55:00,14sep2012 21:55:00,15sep2012,CHRISTOPH,GREEN,13996,005,,18dec2000,POLICE OFFICER,05A,EXCESSIVE FORCE / ON DUTY - INJURY,S010,IMPACT WEAPON - AUTHORIZED (BATON / ASP),CLOSED/FINAL,UNFOUNDED,RIGOLI,MICHAEL,012,,LIEUTENANT OF POLICE,,MALE,WHITE,apr2016,,,05,0,0,1
1057085,513,110TH ST,251,STREET,14sep2012 21:55:00,14sep2012 21:55:00,15sep2012,,,,,,,,05A,EXCESSIVE FORCE / ON DUTY - INJURY,S010,IMPACT WEAPON - AUTHORIZED (BATON / ASP),CLOSED/FINAL,UNFOUNDED,WILLIAMS,KEITH,,,,60,MALE,BLACK,apr2016,,,05,0,0,1
1057085,513,110TH ST,251,STREET,14sep2012 21:55:00,14sep2012 21:55:00,15sep2012,EDWARD,FULTON,12724,005,,26mar1990,POLICE OFFICER,05A,EXCESSIVE FORCE / ON DUTY - INJURY,S010,IMPACT WEAPON - AUTHORIZED (BATON / ASP),CLOSED/FINAL,NOT SUSTAINED,BLACKMON,KIM,,,,,FEMALE,BLACK,apr2016,,,05,0,0,1
1057085,513,110TH ST,251,STREET,14sep2012 21:55:00,14sep2012 21:55:00,15sep2012,EDWARD,FULTON,12724,005,,26mar1990,POLICE OFFICER,05A,EXCESSIVE FORCE / ON DUTY - INJURY,S010,IMPACT WEAPON - AUTHORIZED (BATON / ASP),CLOSED/FINAL,NOT SUSTAINED,BLACKMON,CYNTHIA ,,,UNKNOWN,,FEMALE,BLACK,apr2016,,,05,0,0,1
1057085,513,110TH ST,251,STREET,14sep2012 21:55:00,14sep2012 21:55:00,15sep2012,CHRISTOPH,GREEN,13996,005,,18dec2000,POLICE OFFICER,05A,EXCESSIVE FORCE / ON DUTY - INJURY,S010,IMPACT WEAPON - AUTHORIZED (BATON / ASP),CLOSED/FINAL,UNFOUNDED,BLACKMON,RACHELLE,,,,44,FEMALE,BLACK,apr2016,,,05,0,0,1
1057085,513,110TH ST,251,STREET,14sep2012 21:55:00,14sep2012 21:55:00,15sep2012,CHRISTOPH,GREEN,13996,005,,18dec2000,POLICE OFFICER,05A,EXCESSIVE FORCE / ON DUTY - INJURY,S010,IMPACT WEAPON - AUTHORIZED (BATON / ASP),CLOSED/FINAL,UNFOUNDED,SCHUR,ADAM,022,,POLICE OFFICER,,MALE,WHITE,apr2016,,,05,0,0,1
1057085,513,110TH ST,251,STREET,14sep2012 21:55:00,14sep2012 21:55:00,15sep2012,CHRISTOPH,GREEN,13996,005,,18dec2000,POLICE OFFICER,05A,EXCESSIVE FORCE / ON DUTY - INJURY,S010,IMPACT WEAPON - AUTHORIZED (BATON / ASP),CLOSED/FINAL,UNFOUNDED,WILLIAMS,KEITH,,,,60,MALE,BLACK,apr2016,,,05,0,0,1
1057085,513,110TH ST,251,STREET,14sep2012 21:55:00,14sep2012 21:55:00,15sep2012,,,,,,,,05A,EXCESSIVE FORCE / ON DUTY - INJURY,S010,IMPACT WEAPON - AUTHORIZED (BATON / ASP),CLOSED/FINAL,UNFOUNDED,BLACKMON,KIM,,,,,FEMALE,BLACK,apr2016,,,05,0,0,1
1057085,513,110TH ST,251,STREET,14sep2012 21:55:00,14sep2012 21:55:00,15sep2012,,,,,,,,05A,EXCESSIVE FORCE / ON DUTY - INJURY,S010,IMPACT WEAPON - AUTHORIZED (BATON / ASP),CLOSED/FINAL,UNFOUNDED,SCHUR,ADAM,022,,POLICE OFFICER,,MALE,WHITE,apr2016,,,05,0,0,1
1057085,513,110TH ST,251,STREET,14sep2012 21:55:00,14sep2012 21:55:00,15sep2012,,,,,,,,05A,EXCESSIVE FORCE / ON DUTY - INJURY,S010,IMPACT WEAPON - AUTHORIZED (BATON / ASP),CLOSED/FINAL,UNFOUNDED,BLACKMON,RACHELLE,,,,44,FEMALE,BLACK,apr2016,,,05,0,0,1
1057085,513,110TH ST,251,STREET,14sep2012 21:55:00,14sep2012 21:55:00,15sep2012,EDWARD,FULTON,12724,005,,26mar1990,POLICE OFFICER,05A,EXCESSIVE FORCE / ON DUTY - INJURY,S010,IMPACT WEAPON - AUTHORIZED (BATON / ASP),CLOSED/FINAL,NOT SUSTAINED,BLACKMON,RACHELLE,,,,44,FEMALE,BLACK,apr2016,,,05,0,0,1
1057085,513,110TH ST,251,STREET,14sep2012 21:55:00,14sep2012 21:55:00,15sep2012,,,,,,,,05A,EXCESSIVE FORCE / ON DUTY - INJURY,S010,IMPACT WEAPON - AUTHORIZED (BATON / ASP),CLOSED/FINAL,UNFOUNDED,RIGOLI,MICHAEL,012,,LIEUTENANT OF POLICE,,MALE,WHITE,apr2016,,,05,0,0,1
