COMPLAINT_NUMBER,BEAT,STREET,ADDRESS,LOCATION_CODE,INCIDENT_TIME_START,INCIDENT_TIME_END,NOTIFICATION_DATE,ACCSUEDOFFICER_FNAME,ACCUSEDOFFICER_LNAME,ACCUSED_STAR,ACCUSED_UNIT,ACCUSED_DETAIL,ACCUSED_APPOINTMENT_DATE,ACCUSED_POSITION,INITIAL_CATEGORY_CODE,INITIAL_CATEGORY,CURRENT_CATEGORY_CODE,CURRENT_CATEGORY,CURRENT_STATUS,FINDING_CODE,INVOLVED_OFFICER_LNAME,INVOLVED_OFFICER_FNAME,INVOLVED_OFFICER_UNIT,INVOLVED_OFFICER_DETAIL,INVOLVED_OFFICER_POSITION,INVOLVED_OFFICER_AGE,INVOLVED_OFFICER_SEX,INVOLVED_OFFICER_RACE,foia,INVOLVED_OFFICER_DESCRIPTION,INVOLVED_OFFICER_TYPE,start_code_2,start_code_1,rec,sum_rec
1062892,1121,DRAKE AVE,725,RESIDENTIAL YARD (FRONT/BACK),14jun2013 20:45:00,14jun2013 20:50:00,14jun2013,,WESTON,2101,017,,18nov1985,SERGEANT OF POLICE,01B,"RACIAL / ETHNIC, ETC.",01B,"RACIAL / ETHNIC, ETC.",CLOSED/FINAL,UNFOUNDED,GRIFFIN,DWAYNE,,,UNKNOWN,53,MALE,BLACK,apr2016,,,01,0,0,1
1062892,1121,DRAKE AVE,725,RESIDENTIAL YARD (FRONT/BACK),14jun2013 20:45:00,14jun2013 20:50:00,14jun2013,,WESTON,2101,017,,18nov1985,SERGEANT OF POLICE,01B,"RACIAL / ETHNIC, ETC.",01B,"RACIAL / ETHNIC, ETC.",CLOSED/FINAL,UNFOUNDED,,,,,,,,,apr2016,,,01,0,0,1
1062892,1121,DRAKE AVE,725,RESIDENTIAL YARD (FRONT/BACK),14jun2013 20:45:00,14jun2013 20:50:00,14jun2013,,,,,,,,01B,"RACIAL / ETHNIC, ETC.",01B,"RACIAL / ETHNIC, ETC.",CLOSED/FINAL,UNFOUNDED,,,,,,,,,apr2016,,,01,0,0,1
1062892,1121,DRAKE AVE,725,RESIDENTIAL YARD (FRONT/BACK),14jun2013 20:45:00,14jun2013 20:50:00,14jun2013,,,,,,,,01B,"RACIAL / ETHNIC, ETC.",01B,"RACIAL / ETHNIC, ETC.",CLOSED/FINAL,UNFOUNDED,SEAN,RICHARDSON,,,UNKNOWN,43,MALE,BLACK,apr2016,,,01,0,0,1
1062892,1121,DRAKE AVE,725,RESIDENTIAL YARD (FRONT/BACK),14jun2013 20:45:00,14jun2013 20:50:00,14jun2013,,,,,,,,01B,"RACIAL / ETHNIC, ETC.",01B,"RACIAL / ETHNIC, ETC.",CLOSED/FINAL,UNFOUNDED,GOINS,TIFFANY,,,UNKNOWN,40,FEMALE,BLACK,apr2016,,,01,0,0,1
1062892,1121,DRAKE AVE,725,RESIDENTIAL YARD (FRONT/BACK),14jun2013 20:45:00,14jun2013 20:50:00,14jun2013,,WESTON,2101,017,,18nov1985,SERGEANT OF POLICE,01B,"RACIAL / ETHNIC, ETC.",01B,"RACIAL / ETHNIC, ETC.",CLOSED/FINAL,UNFOUNDED,GRIFFIN,DWAYNE,,,UNKNOWN,51,MALE,BLACK,apr2016,,,01,0,0,1
1062892,1121,DRAKE AVE,725,RESIDENTIAL YARD (FRONT/BACK),14jun2013 20:45:00,14jun2013 20:50:00,14jun2013,,WESTON,2101,017,,18nov1985,SERGEANT OF POLICE,01B,"RACIAL / ETHNIC, ETC.",01B,"RACIAL / ETHNIC, ETC.",CLOSED/FINAL,UNFOUNDED,GOINS,TIFFANY,,,UNKNOWN,40,FEMALE,BLACK,apr2016,,,01,0,0,1
1062892,1121,DRAKE AVE,725,RESIDENTIAL YARD (FRONT/BACK),14jun2013 20:45:00,14jun2013 20:50:00,14jun2013,,WESTON,2101,017,,18nov1985,SERGEANT OF POLICE,01B,"RACIAL / ETHNIC, ETC.",01B,"RACIAL / ETHNIC, ETC.",CLOSED/FINAL,UNFOUNDED,SEAN,RICHARDSON,,,UNKNOWN,45,MALE,BLACK,apr2016,,,01,0,0,1
1062892,1121,DRAKE AVE,725,RESIDENTIAL YARD (FRONT/BACK),14jun2013 20:45:00,14jun2013 20:50:00,14jun2013,,,,,,,,01B,"RACIAL / ETHNIC, ETC.",01B,"RACIAL / ETHNIC, ETC.",CLOSED/FINAL,UNFOUNDED,SEAN,RICHARDSON,,,UNKNOWN,45,MALE,BLACK,apr2016,,,01,0,0,1
1062892,1121,DRAKE AVE,725,RESIDENTIAL YARD (FRONT/BACK),14jun2013 20:45:00,14jun2013 20:50:00,14jun2013,,,,,,,,01B,"RACIAL / ETHNIC, ETC.",01B,"RACIAL / ETHNIC, ETC.",CLOSED/FINAL,UNFOUNDED,GRIFFIN,DWAYNE,,,UNKNOWN,51,MALE,BLACK,apr2016,,,01,0,0,1
1062892,1121,DRAKE AVE,725,RESIDENTIAL YARD (FRONT/BACK),14jun2013 20:45:00,14jun2013 20:50:00,14jun2013,,,,,,,,01B,"RACIAL / ETHNIC, ETC.",01B,"RACIAL / ETHNIC, ETC.",CLOSED/FINAL,UNFOUNDED,GOINS,TIFFANY,,,UNKNOWN,42,FEMALE,BLACK,apr2016,,,01,0,0,1
1062892,1121,DRAKE AVE,725,RESIDENTIAL YARD (FRONT/BACK),14jun2013 20:45:00,14jun2013 20:50:00,14jun2013,,WESTON,2101,017,,18nov1985,SERGEANT OF POLICE,01B,"RACIAL / ETHNIC, ETC.",01B,"RACIAL / ETHNIC, ETC.",CLOSED/FINAL,UNFOUNDED,SEAN,RICHARDSON,,,UNKNOWN,43,MALE,BLACK,apr2016,,,01,0,0,1
1062892,1121,DRAKE AVE,725,RESIDENTIAL YARD (FRONT/BACK),14jun2013 20:45:00,14jun2013 20:50:00,14jun2013,,,,,,,,01B,"RACIAL / ETHNIC, ETC.",01B,"RACIAL / ETHNIC, ETC.",CLOSED/FINAL,UNFOUNDED,GRIFFIN,DWAYNE,,,UNKNOWN,53,MALE,BLACK,apr2016,,,01,0,0,1
1062892,1121,DRAKE AVE,725,RESIDENTIAL YARD (FRONT/BACK),14jun2013 20:45:00,14jun2013 20:50:00,14jun2013,,WESTON,2101,017,,18nov1985,SERGEANT OF POLICE,01B,"RACIAL / ETHNIC, ETC.",01B,"RACIAL / ETHNIC, ETC.",CLOSED/FINAL,UNFOUNDED,GOINS,TIFFANY,,,UNKNOWN,42,FEMALE,BLACK,apr2016,,,01,0,0,1
