COMPLAINT_NUMBER,BEAT,STREET,ADDRESS,LOCATION_CODE,INCIDENT_TIME_START,INCIDENT_TIME_END,NOTIFICATION_DATE,ACCSUEDOFFICER_FNAME,ACCUSEDOFFICER_LNAME,ACCUSED_STAR,ACCUSED_UNIT,ACCUSED_DETAIL,ACCUSED_APPOINTMENT_DATE,ACCUSED_POSITION,INITIAL_CATEGORY_CODE,INITIAL_CATEGORY,CURRENT_CATEGORY_CODE,CURRENT_CATEGORY,CURRENT_STATUS,FINDING_CODE,INVOLVED_OFFICER_LNAME,INVOLVED_OFFICER_FNAME,INVOLVED_OFFICER_UNIT,INVOLVED_OFFICER_DETAIL,INVOLVED_OFFICER_POSITION,INVOLVED_OFFICER_AGE,INVOLVED_OFFICER_SEX,INVOLVED_OFFICER_RACE,foia,INVOLVED_OFFICER_DESCRIPTION,INVOLVED_OFFICER_TYPE,start_code_2,start_code_1,rec,sum_rec
1058654,2023,KENMORE AVE,5400,STREET,26nov2012 03:59:59,26nov2012 03:59:59,26nov2012,SCOTT,WHITE,19645,020,,29oct2007,POLICE OFFICER,S101,UNJUSTIFIED POINTING OF FIREARM - HANDGUN,05P,UNNECESSARY DISPLAY OF WEAPON / ON DUTY,CLOSED/FINAL,EXONERATED,TATUM,DANDRE,,,UNKNOWN,37,MALE,BLACK,apr2016,,,S1,S,0,1
1058654,2023,KENMORE AVE,5400,STREET,26nov2012 03:59:59,26nov2012 03:59:59,26nov2012,MICHAEL,CONNOR,16704,020,,06feb1995,POLICE OFFICER,S101,UNJUSTIFIED POINTING OF FIREARM - HANDGUN,05P,UNNECESSARY DISPLAY OF WEAPON / ON DUTY,CLOSED/FINAL,UNFOUNDED,TATUM,DANDRE,,,UNKNOWN,37,MALE,BLACK,apr2016,,,S1,S,0,1
1058654,2023,KENMORE AVE,5400,STREET,26nov2012 03:59:59,26nov2012 03:59:59,26nov2012,MICHAEL,CONNOR,16704,020,,06feb1995,POLICE OFFICER,S101,UNJUSTIFIED POINTING OF FIREARM - HANDGUN,05P,UNNECESSARY DISPLAY OF WEAPON / ON DUTY,CLOSED/FINAL,UNFOUNDED,TATUM,DANDRE,,,UNKNOWN,39,MALE,BLACK,apr2016,,,S1,S,0,1
1058654,2023,KENMORE AVE,5400,STREET,26nov2012 03:59:59,26nov2012 03:59:59,26nov2012,,,,,,,,S101,UNJUSTIFIED POINTING OF FIREARM - HANDGUN,05P,UNNECESSARY DISPLAY OF WEAPON / ON DUTY,CLOSED/FINAL,EXONERATED,TATUM,DANDRE,,,UNKNOWN,39,MALE,BLACK,apr2016,,,S1,S,0,1
1058654,2023,KENMORE AVE,5400,STREET,26nov2012 03:59:59,26nov2012 03:59:59,26nov2012,MICHAEL,CONNOR,16704,020,,06feb1995,POLICE OFFICER,S101,UNJUSTIFIED POINTING OF FIREARM - HANDGUN,05P,UNNECESSARY DISPLAY OF WEAPON / ON DUTY,CLOSED/FINAL,NOT SUSTAINED,TATUM,DANDRE,,,UNKNOWN,39,MALE,BLACK,apr2016,,,S1,S,0,1
1058654,2023,KENMORE AVE,5400,STREET,26nov2012 03:59:59,26nov2012 03:59:59,26nov2012,MICHAEL,CONNOR,16704,020,,06feb1995,POLICE OFFICER,S101,UNJUSTIFIED POINTING OF FIREARM - HANDGUN,05P,UNNECESSARY DISPLAY OF WEAPON / ON DUTY,CLOSED/FINAL,NOT SUSTAINED,TATUM,DANDRE,,,UNKNOWN,37,MALE,BLACK,apr2016,,,S1,S,0,1
1058654,2023,KENMORE AVE,5400,STREET,26nov2012 03:59:59,26nov2012 03:59:59,26nov2012,,,,,,,,S101,UNJUSTIFIED POINTING OF FIREARM - HANDGUN,05P,UNNECESSARY DISPLAY OF WEAPON / ON DUTY,CLOSED/FINAL,NOT SUSTAINED,TATUM,DANDRE,,,UNKNOWN,37,MALE,BLACK,apr2016,,,S1,S,0,1
1058654,2023,KENMORE AVE,5400,STREET,26nov2012 03:59:59,26nov2012 03:59:59,26nov2012,SCOTT,WHITE,19645,020,,29oct2007,POLICE OFFICER,S101,UNJUSTIFIED POINTING OF FIREARM - HANDGUN,05P,UNNECESSARY DISPLAY OF WEAPON / ON DUTY,CLOSED/FINAL,UNFOUNDED,TATUM,DANDRE,,,UNKNOWN,37,MALE,BLACK,apr2016,,,S1,S,0,1
1058654,2023,KENMORE AVE,5400,STREET,26nov2012 03:59:59,26nov2012 03:59:59,26nov2012,SCOTT,WHITE,19645,020,,29oct2007,POLICE OFFICER,S101,UNJUSTIFIED POINTING OF FIREARM - HANDGUN,05P,UNNECESSARY DISPLAY OF WEAPON / ON DUTY,CLOSED/FINAL,UNFOUNDED,TATUM,DANDRE,,,UNKNOWN,39,MALE,BLACK,apr2016,,,S1,S,0,1
1058654,2023,KENMORE AVE,5400,STREET,26nov2012 03:59:59,26nov2012 03:59:59,26nov2012,,,,,,,,S101,UNJUSTIFIED POINTING OF FIREARM - HANDGUN,05P,UNNECESSARY DISPLAY OF WEAPON / ON DUTY,CLOSED/FINAL,NOT SUSTAINED,TATUM,DANDRE,,,UNKNOWN,39,MALE,BLACK,apr2016,,,S1,S,0,1
1058654,2023,KENMORE AVE,5400,STREET,26nov2012 03:59:59,26nov2012 03:59:59,26nov2012,SCOTT,WHITE,19645,020,,29oct2007,POLICE OFFICER,S101,UNJUSTIFIED POINTING OF FIREARM - HANDGUN,05P,UNNECESSARY DISPLAY OF WEAPON / ON DUTY,CLOSED/FINAL,EXONERATED,TATUM,DANDRE,,,UNKNOWN,39,MALE,BLACK,apr2016,,,S1,S,0,1
1058654,2023,KENMORE AVE,5400,STREET,26nov2012 03:59:59,26nov2012 03:59:59,26nov2012,,,,,,,,S101,UNJUSTIFIED POINTING OF FIREARM - HANDGUN,05P,UNNECESSARY DISPLAY OF WEAPON / ON DUTY,CLOSED/FINAL,EXONERATED,TATUM,DANDRE,,,UNKNOWN,37,MALE,BLACK,apr2016,,,S1,S,1,1
