COMPLAINT_NUMBER,BEAT,STREET,ADDRESS,LOCATION_CODE,INCIDENT_TIME_START,INCIDENT_TIME_END,NOTIFICATION_DATE,ACCSUEDOFFICER_FNAME,ACCUSEDOFFICER_LNAME,ACCUSED_STAR,ACCUSED_UNIT,ACCUSED_DETAIL,ACCUSED_APPOINTMENT_DATE,ACCUSED_POSITION,INITIAL_CATEGORY_CODE,INITIAL_CATEGORY,CURRENT_CATEGORY_CODE,CURRENT_CATEGORY,CURRENT_STATUS,FINDING_CODE,INVOLVED_OFFICER_LNAME,INVOLVED_OFFICER_FNAME,INVOLVED_OFFICER_UNIT,INVOLVED_OFFICER_DETAIL,INVOLVED_OFFICER_POSITION,INVOLVED_OFFICER_AGE,INVOLVED_OFFICER_SEX,INVOLVED_OFFICER_RACE,foia,INVOLVED_OFFICER_DESCRIPTION,INVOLVED_OFFICER_TYPE,start_code_2,start_code_1,rec,sum_rec
1053359,913,HALSTED ST,3120,POLICE FACILITY/VEH PARKING LOT,13apr2012 15:30:00,13apr2012 15:30:00,16apr2012,ALAN,JOHNSON,8985,009,,03jan1995,POLICE OFFICER,01B,"RACIAL / ETHNIC, ETC.",01B,"RACIAL / ETHNIC, ETC.",CLOSED/FINAL,NOT SUSTAINED,RANGEL,SUSANA,,,UNKNOWN,29,FEMALE,WHITE HISPANIC,apr2016,,,01,0,0,1
1053359,913,HALSTED ST,3120,POLICE FACILITY/VEH PARKING LOT,13apr2012 15:30:00,13apr2012 15:30:00,16apr2012,ALAN,JOHNSON,8985,009,,03jan1995,POLICE OFFICER,01B,"RACIAL / ETHNIC, ETC.",01B,"RACIAL / ETHNIC, ETC.",CLOSED/FINAL,NOT SUSTAINED,HALPIN,TERRY,009,,POLICE OFFICER,,FEMALE,WHITE,apr2016,,,01,0,0,1
1053359,913,HALSTED ST,3120,POLICE FACILITY/VEH PARKING LOT,13apr2012 15:30:00,13apr2012 15:30:00,16apr2012,,,,,,,,01B,"RACIAL / ETHNIC, ETC.",01B,"RACIAL / ETHNIC, ETC.",CLOSED/FINAL,NOT SUSTAINED,RANGEL,SUSANA,,,UNKNOWN,29,FEMALE,WHITE HISPANIC,apr2016,,,01,0,0,1
1053359,913,HALSTED ST,3120,POLICE FACILITY/VEH PARKING LOT,13apr2012 15:30:00,13apr2012 15:30:00,16apr2012,,,,,,,,01B,"RACIAL / ETHNIC, ETC.",01B,"RACIAL / ETHNIC, ETC.",CLOSED/FINAL,NOT SUSTAINED,ALAMO,ERICK,,,,31,MALE,BLACK HISPANIC,apr2016,,,01,0,1,1
1053359,913,HALSTED ST,3120,POLICE FACILITY/VEH PARKING LOT,13apr2012 15:30:00,13apr2012 15:30:00,16apr2012,JILL,NEWMAN,16481,009,,03jan2005,POLICE OFFICER,01B,"RACIAL / ETHNIC, ETC.",01B,"RACIAL / ETHNIC, ETC.",CLOSED/FINAL,NOT SUSTAINED,RANGEL,SUSANA,,,UNKNOWN,29,FEMALE,WHITE HISPANIC,apr2016,,,01,0,0,1
1053359,913,HALSTED ST,3120,POLICE FACILITY/VEH PARKING LOT,13apr2012 15:30:00,13apr2012 15:30:00,16apr2012,,,,,,,,01B,"RACIAL / ETHNIC, ETC.",01B,"RACIAL / ETHNIC, ETC.",CLOSED/FINAL,NOT SUSTAINED,RANGEL,SUSANA,,,UNKNOWN,31,FEMALE,WHITE HISPANIC,apr2016,,,01,0,0,1
1053359,913,HALSTED ST,3120,POLICE FACILITY/VEH PARKING LOT,13apr2012 15:30:00,13apr2012 15:30:00,16apr2012,JILL,NEWMAN,16481,009,,03jan2005,POLICE OFFICER,01B,"RACIAL / ETHNIC, ETC.",01B,"RACIAL / ETHNIC, ETC.",CLOSED/FINAL,NOT SUSTAINED,HALPIN,TERRY,009,,POLICE OFFICER,,FEMALE,WHITE,apr2016,,,01,0,0,1
1053359,913,HALSTED ST,3120,POLICE FACILITY/VEH PARKING LOT,13apr2012 15:30:00,13apr2012 15:30:00,16apr2012,JILL,NEWMAN,16481,009,,03jan2005,POLICE OFFICER,01B,"RACIAL / ETHNIC, ETC.",01B,"RACIAL / ETHNIC, ETC.",CLOSED/FINAL,NOT SUSTAINED,RANGEL,SUSANA,,,UNKNOWN,31,FEMALE,WHITE HISPANIC,apr2016,,,01,0,0,1
1053359,913,HALSTED ST,3120,POLICE FACILITY/VEH PARKING LOT,13apr2012 15:30:00,13apr2012 15:30:00,16apr2012,ALAN,JOHNSON,8985,009,,03jan1995,POLICE OFFICER,01B,"RACIAL / ETHNIC, ETC.",01B,"RACIAL / ETHNIC, ETC.",CLOSED/FINAL,NOT SUSTAINED,RANGEL,SUSANA,,,UNKNOWN,31,FEMALE,WHITE HISPANIC,apr2016,,,01,0,0,1
1053359,913,HALSTED ST,3120,POLICE FACILITY/VEH PARKING LOT,13apr2012 15:30:00,13apr2012 15:30:00,16apr2012,JILL,NEWMAN,16481,009,,03jan2005,POLICE OFFICER,01B,"RACIAL / ETHNIC, ETC.",01B,"RACIAL / ETHNIC, ETC.",CLOSED/FINAL,NOT SUSTAINED,ALAMO,ERICK,,,,31,MALE,BLACK HISPANIC,apr2016,,,01,0,0,1
1053359,913,HALSTED ST,3120,POLICE FACILITY/VEH PARKING LOT,13apr2012 15:30:00,13apr2012 15:30:00,16apr2012,ALAN,JOHNSON,8985,009,,03jan1995,POLICE OFFICER,01B,"RACIAL / ETHNIC, ETC.",01B,"RACIAL / ETHNIC, ETC.",CLOSED/FINAL,NOT SUSTAINED,ALAMO,ERICK,,,,31,MALE,BLACK HISPANIC,apr2016,,,01,0,0,1
1053359,913,HALSTED ST,3120,POLICE FACILITY/VEH PARKING LOT,13apr2012 15:30:00,13apr2012 15:30:00,16apr2012,,,,,,,,01B,"RACIAL / ETHNIC, ETC.",01B,"RACIAL / ETHNIC, ETC.",CLOSED/FINAL,NOT SUSTAINED,HALPIN,TERRY,009,,POLICE OFFICER,,FEMALE,WHITE,apr2016,,,01,0,0,1
