COMPLAINT_NUMBER,BEAT,STREET,ADDRESS,LOCATION_CODE,INCIDENT_TIME_START,INCIDENT_TIME_END,NOTIFICATION_DATE,ACCSUEDOFFICER_FNAME,ACCUSEDOFFICER_LNAME,ACCUSED_STAR,ACCUSED_UNIT,ACCUSED_DETAIL,ACCUSED_APPOINTMENT_DATE,ACCUSED_POSITION,INITIAL_CATEGORY_CODE,INITIAL_CATEGORY,CURRENT_CATEGORY_CODE,CURRENT_CATEGORY,CURRENT_STATUS,FINDING_CODE,INVOLVED_OFFICER_LNAME,INVOLVED_OFFICER_FNAME,INVOLVED_OFFICER_UNIT,INVOLVED_OFFICER_DETAIL,INVOLVED_OFFICER_POSITION,INVOLVED_OFFICER_AGE,INVOLVED_OFFICER_SEX,INVOLVED_OFFICER_RACE,foia,INVOLVED_OFFICER_DESCRIPTION,INVOLVED_OFFICER_TYPE,start_code_2,start_code_1,rec,sum_rec
1059367,1513,MADISON ST,5701,POLICE FACILITY/VEH PARKING LOT,06jan2013 09:14:59,06jan2013 09:14:59,07jan2013,,,,,,,,S042,MISCELLANEOUS,05B,EXCESSIVE FORCE / ON DUTY - NO INJURY,CLOSED/FINAL,UNFOUNDED,SANTOS,ZEDVIE ,,,UNKNOWN,46,FEMALE,BLACK,apr2016,,,S0,S,0,1
1059367,1513,MADISON ST,5701,POLICE FACILITY/VEH PARKING LOT,06jan2013 09:14:59,06jan2013 09:14:59,07jan2013,,JONES,8814,015,,19jun1991,POLICE OFFICER,S042,MISCELLANEOUS,05B,EXCESSIVE FORCE / ON DUTY - NO INJURY,CLOSED/FINAL,UNFOUNDED,SANTOS,ZEDVIE ,,,UNKNOWN,46,FEMALE,BLACK,apr2016,,,S0,S,0,1
1059367,1513,MADISON ST,5701,POLICE FACILITY/VEH PARKING LOT,06jan2013 09:14:59,06jan2013 09:14:59,07jan2013,,,,,,,,S042,MISCELLANEOUS,05B,EXCESSIVE FORCE / ON DUTY - NO INJURY,CLOSED/FINAL,UNFOUNDED,SANTOS,ZEDVIE ,,,UNKNOWN,47,FEMALE,BLACK,apr2016,,,S0,S,0,1
1059367,1513,MADISON ST,5701,POLICE FACILITY/VEH PARKING LOT,06jan2013 09:14:59,06jan2013 09:14:59,07jan2013,,JONES,8814,015,,19jun1991,POLICE OFFICER,S042,MISCELLANEOUS,05B,EXCESSIVE FORCE / ON DUTY - NO INJURY,CLOSED/FINAL,UNFOUNDED,SANTOS,ZEDVIE ,,,UNKNOWN,47,FEMALE,BLACK,apr2016,,,S0,S,0,1
