COMPLAINT_NUMBER,BEAT,STREET,ADDRESS,LOCATION_CODE,INCIDENT_TIME_START,INCIDENT_TIME_END,NOTIFICATION_DATE,ACCSUEDOFFICER_FNAME,ACCUSEDOFFICER_LNAME,ACCUSED_STAR,ACCUSED_UNIT,ACCUSED_DETAIL,ACCUSED_APPOINTMENT_DATE,ACCUSED_POSITION,INITIAL_CATEGORY_CODE,INITIAL_CATEGORY,CURRENT_CATEGORY_CODE,CURRENT_CATEGORY,CURRENT_STATUS,FINDING_CODE,INVOLVED_OFFICER_LNAME,INVOLVED_OFFICER_FNAME,INVOLVED_OFFICER_UNIT,INVOLVED_OFFICER_DETAIL,INVOLVED_OFFICER_POSITION,INVOLVED_OFFICER_AGE,INVOLVED_OFFICER_SEX,INVOLVED_OFFICER_RACE,foia,INVOLVED_OFFICER_DESCRIPTION,INVOLVED_OFFICER_TYPE,start_code_2,start_code_1,rec,sum_rec
1054215,1823,CAMBRIDGE AVE,904,STREET,06feb2012 08:29:59,23feb2012 08:29:59,23may2012,MARTIN,O FLAHERTY,19616,018,,05aug1996,POLICE OFFICER,01B,"RACIAL / ETHNIC, ETC.",01B,"RACIAL / ETHNIC, ETC.",CLOSED/FINAL,NOT SUSTAINED,SMITH,ANGELINA,018,,POLICE OFFICER,,FEMALE,WHITE,apr2016,,,01,0,0,1
1054215,1823,CAMBRIDGE AVE,904,STREET,06feb2012 08:29:59,23feb2012 08:29:59,23may2012,PATRICK,BRYANT,19199,018,,02dec1996,POLICE OFFICER,01B,"RACIAL / ETHNIC, ETC.",01B,"RACIAL / ETHNIC, ETC.",CLOSED/FINAL,UNFOUNDED,MCNEARY,ERICA ,,,UNKNOWN,31,FEMALE,BLACK,apr2016,,,01,0,0,1
1054215,1823,CAMBRIDGE AVE,904,STREET,06feb2012 08:29:59,23feb2012 08:29:59,23may2012,PATRICK,BRYANT,19199,018,,02dec1996,POLICE OFFICER,01B,"RACIAL / ETHNIC, ETC.",01B,"RACIAL / ETHNIC, ETC.",CLOSED/FINAL,UNFOUNDED,MCNEARY,WHITNEY ,,,UNKNOWN,21,FEMALE,BLACK,apr2016,,,01,0,0,1
1054215,1823,CAMBRIDGE AVE,904,STREET,06feb2012 08:29:59,23feb2012 08:29:59,23may2012,,,,,,,,01B,"RACIAL / ETHNIC, ETC.",01B,"RACIAL / ETHNIC, ETC.",CLOSED/FINAL,NOT SUSTAINED,MCNEARY,WHITNEY ,,,UNKNOWN,22,FEMALE,BLACK,apr2016,,,01,0,0,1
1054215,1823,CAMBRIDGE AVE,904,STREET,06feb2012 08:29:59,23feb2012 08:29:59,23may2012,,,,,,,,01B,"RACIAL / ETHNIC, ETC.",01B,"RACIAL / ETHNIC, ETC.",CLOSED/FINAL,NOT SUSTAINED,MCNEARY,WHITNEY ,,,UNKNOWN,21,FEMALE,BLACK,apr2016,,,01,0,0,1
1054215,1823,CAMBRIDGE AVE,904,STREET,06feb2012 08:29:59,23feb2012 08:29:59,23may2012,PATRICK,BRYANT,19199,018,,02dec1996,POLICE OFFICER,01B,"RACIAL / ETHNIC, ETC.",01B,"RACIAL / ETHNIC, ETC.",CLOSED/FINAL,UNFOUNDED,SMITH,ANGELINA,018,,POLICE OFFICER,,FEMALE,WHITE,apr2016,,,01,0,0,1
1054215,1823,CAMBRIDGE AVE,904,STREET,06feb2012 08:29:59,23feb2012 08:29:59,23may2012,,,,,,,,01B,"RACIAL / ETHNIC, ETC.",01B,"RACIAL / ETHNIC, ETC.",CLOSED/FINAL,NOT SUSTAINED,MCNEARY,ERICA ,,,UNKNOWN,31,FEMALE,BLACK,apr2016,,,01,0,0,1
1054215,1823,CAMBRIDGE AVE,904,STREET,06feb2012 08:29:59,23feb2012 08:29:59,23may2012,MARTIN,O FLAHERTY,19616,018,,05aug1996,POLICE OFFICER,01B,"RACIAL / ETHNIC, ETC.",01B,"RACIAL / ETHNIC, ETC.",CLOSED/FINAL,NOT SUSTAINED,MCNEARY,ERICA ,,,UNKNOWN,31,FEMALE,BLACK,apr2016,,,01,0,0,1
1054215,1823,CAMBRIDGE AVE,904,STREET,06feb2012 08:29:59,23feb2012 08:29:59,23may2012,,,,,,,,01B,"RACIAL / ETHNIC, ETC.",01B,"RACIAL / ETHNIC, ETC.",CLOSED/FINAL,NOT SUSTAINED,SMITH,ANGELINA,018,,POLICE OFFICER,,FEMALE,WHITE,apr2016,,,01,0,0,1
1054215,1823,CAMBRIDGE AVE,904,STREET,06feb2012 08:29:59,23feb2012 08:29:59,23may2012,PATRICK,BRYANT,19199,018,,02dec1996,POLICE OFFICER,01B,"RACIAL / ETHNIC, ETC.",01B,"RACIAL / ETHNIC, ETC.",CLOSED/FINAL,UNFOUNDED,MCNEARY,WHITNEY ,,,UNKNOWN,22,FEMALE,BLACK,apr2016,,,01,0,0,1
1054215,1823,CAMBRIDGE AVE,904,STREET,06feb2012 08:29:59,23feb2012 08:29:59,23may2012,MARTIN,O FLAHERTY,19616,018,,05aug1996,POLICE OFFICER,01B,"RACIAL / ETHNIC, ETC.",01B,"RACIAL / ETHNIC, ETC.",CLOSED/FINAL,NOT SUSTAINED,MCNEARY,WHITNEY ,,,UNKNOWN,21,FEMALE,BLACK,apr2016,,,01,0,0,1
1054215,1823,CAMBRIDGE AVE,904,STREET,06feb2012 08:29:59,23feb2012 08:29:59,23may2012,PATRICK,BRYANT,19199,018,,02dec1996,POLICE OFFICER,01B,"RACIAL / ETHNIC, ETC.",01B,"RACIAL / ETHNIC, ETC.",CLOSED/FINAL,UNFOUNDED,MCNEARY,ERICA ,,,UNKNOWN,30,FEMALE,BLACK,apr2016,,,01,0,0,1
1054215,1823,CAMBRIDGE AVE,904,STREET,06feb2012 08:29:59,23feb2012 08:29:59,23may2012,MARTIN,O FLAHERTY,19616,018,,05aug1996,POLICE OFFICER,01B,"RACIAL / ETHNIC, ETC.",01B,"RACIAL / ETHNIC, ETC.",CLOSED/FINAL,NOT SUSTAINED,MCNEARY,ERICA ,,,UNKNOWN,30,FEMALE,BLACK,apr2016,,,01,0,0,1
1054215,1823,CAMBRIDGE AVE,904,STREET,06feb2012 08:29:59,23feb2012 08:29:59,23may2012,MARTIN,O FLAHERTY,19616,018,,05aug1996,POLICE OFFICER,01B,"RACIAL / ETHNIC, ETC.",01B,"RACIAL / ETHNIC, ETC.",CLOSED/FINAL,NOT SUSTAINED,MCNEARY,WHITNEY ,,,UNKNOWN,22,FEMALE,BLACK,apr2016,,,01,0,0,1
1054215,1823,CAMBRIDGE AVE,904,STREET,06feb2012 08:29:59,23feb2012 08:29:59,23may2012,,,,,,,,01B,"RACIAL / ETHNIC, ETC.",01B,"RACIAL / ETHNIC, ETC.",CLOSED/FINAL,NOT SUSTAINED,MCNEARY,ERICA ,,,UNKNOWN,30,FEMALE,BLACK,apr2016,,,01,0,1,1
