COMPLAINT_NUMBER,BEAT,STREET,ADDRESS,LOCATION_CODE,INCIDENT_TIME_START,INCIDENT_TIME_END,NOTIFICATION_DATE,ACCSUEDOFFICER_FNAME,ACCUSEDOFFICER_LNAME,ACCUSED_STAR,ACCUSED_UNIT,ACCUSED_DETAIL,ACCUSED_APPOINTMENT_DATE,ACCUSED_POSITION,INITIAL_CATEGORY_CODE,INITIAL_CATEGORY,CURRENT_CATEGORY_CODE,CURRENT_CATEGORY,CURRENT_STATUS,FINDING_CODE,INVOLVED_OFFICER_LNAME,INVOLVED_OFFICER_FNAME,INVOLVED_OFFICER_UNIT,INVOLVED_OFFICER_DETAIL,INVOLVED_OFFICER_POSITION,INVOLVED_OFFICER_AGE,INVOLVED_OFFICER_SEX,INVOLVED_OFFICER_RACE,foia,INVOLVED_OFFICER_DESCRIPTION,INVOLVED_OFFICER_TYPE,start_code_2,start_code_1,rec,sum_rec
1057848,823,63RD ST,3420,POLICE FACILITY/VEH PARKING LOT,16oct2012 20:29:59,16oct2012 21:30:00,18oct2012,,,,,,,,05A,EXCESSIVE FORCE / ON DUTY - INJURY,S021,MISCELLANEOUS,CLOSED/FINAL,NOT SUSTAINED,VACA,JESUS,,,UNKNOWN,,MALE,WHITE HISPANIC,apr2016,,,05,0,0,1
1057848,823,63RD ST,3420,POLICE FACILITY/VEH PARKING LOT,16oct2012 20:29:59,16oct2012 21:30:00,18oct2012,RUDOLPH,GARZA,8667,008,,25aug2003,POLICE OFFICER,05A,EXCESSIVE FORCE / ON DUTY - INJURY,S021,MISCELLANEOUS,CLOSED/FINAL,NO AFFIDAVIT,BRISENO,EDGAR,,,UNKNOWN,24,MALE,WHITE HISPANIC,apr2016,,,05,0,0,1
1057848,823,63RD ST,3420,POLICE FACILITY/VEH PARKING LOT,16oct2012 20:29:59,16oct2012 21:30:00,18oct2012,RUDOLPH,GARZA,8667,008,,25aug2003,POLICE OFFICER,05A,EXCESSIVE FORCE / ON DUTY - INJURY,S021,MISCELLANEOUS,CLOSED/FINAL,NO AFFIDAVIT,VACA,JESUS,,,UNKNOWN,,MALE,WHITE HISPANIC,apr2016,,,05,0,0,1
1057848,823,63RD ST,3420,POLICE FACILITY/VEH PARKING LOT,16oct2012 20:29:59,16oct2012 21:30:00,18oct2012,RUDOLPH,GARZA,8667,008,,25aug2003,POLICE OFFICER,05A,EXCESSIVE FORCE / ON DUTY - INJURY,S021,MISCELLANEOUS,CLOSED/FINAL,NO AFFIDAVIT,AGUINAGA,MEGAN,008,211,POLICE OFFICER,,FEMALE,SPANISH (DO NOT USE),apr2016,,,05,0,0,1
1057848,823,63RD ST,3420,POLICE FACILITY/VEH PARKING LOT,16oct2012 20:29:59,16oct2012 21:30:00,18oct2012,,,,,,,,05A,EXCESSIVE FORCE / ON DUTY - INJURY,S021,MISCELLANEOUS,CLOSED/FINAL,NOT SUSTAINED,BRISENO,EDGAR,,,UNKNOWN,23,MALE,WHITE HISPANIC,apr2016,,,05,0,0,1
1057848,823,63RD ST,3420,POLICE FACILITY/VEH PARKING LOT,16oct2012 20:29:59,16oct2012 21:30:00,18oct2012,RUDOLPH,GARZA,8667,008,,25aug2003,POLICE OFFICER,05A,EXCESSIVE FORCE / ON DUTY - INJURY,S021,MISCELLANEOUS,CLOSED/FINAL,NO AFFIDAVIT,BRISENO,EDGAR,,,UNKNOWN,23,MALE,WHITE HISPANIC,apr2016,,,05,0,0,1
1057848,823,63RD ST,3420,POLICE FACILITY/VEH PARKING LOT,16oct2012 20:29:59,16oct2012 21:30:00,18oct2012,,,,,,,,05A,EXCESSIVE FORCE / ON DUTY - INJURY,S021,MISCELLANEOUS,CLOSED/FINAL,NOT SUSTAINED,BRISENO,EDGAR,,,UNKNOWN,24,MALE,WHITE HISPANIC,apr2016,,,05,0,0,1
1057848,823,63RD ST,3420,POLICE FACILITY/VEH PARKING LOT,16oct2012 20:29:59,16oct2012 21:30:00,18oct2012,,,,,,,,05A,EXCESSIVE FORCE / ON DUTY - INJURY,S021,MISCELLANEOUS,CLOSED/FINAL,NOT SUSTAINED,AGUINAGA,MEGAN,008,211,POLICE OFFICER,,FEMALE,SPANISH (DO NOT USE),apr2016,,,05,0,0,1
