COMPLAINT_NUMBER,BEAT,STREET,ADDRESS,LOCATION_CODE,INCIDENT_TIME_START,INCIDENT_TIME_END,NOTIFICATION_DATE,ACCSUEDOFFICER_FNAME,ACCUSEDOFFICER_LNAME,ACCUSED_STAR,ACCUSED_UNIT,ACCUSED_DETAIL,ACCUSED_APPOINTMENT_DATE,ACCUSED_POSITION,INITIAL_CATEGORY_CODE,INITIAL_CATEGORY,CURRENT_CATEGORY_CODE,CURRENT_CATEGORY,CURRENT_STATUS,FINDING_CODE,INVOLVED_OFFICER_LNAME,INVOLVED_OFFICER_FNAME,INVOLVED_OFFICER_UNIT,INVOLVED_OFFICER_DETAIL,INVOLVED_OFFICER_POSITION,INVOLVED_OFFICER_AGE,INVOLVED_OFFICER_SEX,INVOLVED_OFFICER_RACE,foia,INVOLVED_OFFICER_DESCRIPTION,INVOLVED_OFFICER_TYPE,start_code_2,start_code_1,rec,sum_rec
1055626,123,STATE ST,1000,STREET,01apr2012 09:59:59,01apr2012 11:00:00,17jul2012,ALBERT,POWE,11013,001,,06sep1994,POLICE OFFICER,10J,NEGLECT OF DUTY,05M,UNNECESSARY PHYSICAL CONTACT / ON DUTY - NO INJURY,CLOSED/FINAL,UNFOUNDED,FEENEY,NOREEN,001,,POLICE OFFICER,,FEMALE,WHITE,apr2016,,,10,1,0,1
1055626,123,STATE ST,1000,STREET,01apr2012 09:59:59,01apr2012 11:00:00,17jul2012,ALBERT,POWE,11013,001,,06sep1994,POLICE OFFICER,10J,NEGLECT OF DUTY,05M,UNNECESSARY PHYSICAL CONTACT / ON DUTY - NO INJURY,CLOSED/FINAL,NOT SUSTAINED,FEENEY,NOREEN,001,,POLICE OFFICER,,FEMALE,WHITE,apr2016,,,10,1,1,1
1055626,123,STATE ST,1000,STREET,01apr2012 09:59:59,01apr2012 11:00:00,17jul2012,NOREEN,FEENEY,10922,001,,01aug1994,POLICE OFFICER,10J,NEGLECT OF DUTY,05M,UNNECESSARY PHYSICAL CONTACT / ON DUTY - NO INJURY,CLOSED/FINAL,UNFOUNDED,VILLALOBOS,DAVID,001,,SERGEANT OF POLICE,,MALE,SPANISH (DO NOT USE),apr2016,,,10,1,0,1
1055626,123,STATE ST,1000,STREET,01apr2012 09:59:59,01apr2012 11:00:00,17jul2012,NOREEN,FEENEY,10922,001,,01aug1994,POLICE OFFICER,10J,NEGLECT OF DUTY,05M,UNNECESSARY PHYSICAL CONTACT / ON DUTY - NO INJURY,CLOSED/FINAL,SUSTAINED,RODRIGUEZ,VERONICA,001,,POLICE OFFICER,,FEMALE,SPANISH (DO NOT USE),apr2016,,,10,1,0,1
1055626,123,STATE ST,1000,STREET,01apr2012 09:59:59,01apr2012 11:00:00,17jul2012,NOREEN,FEENEY,10922,001,,01aug1994,POLICE OFFICER,10J,NEGLECT OF DUTY,05M,UNNECESSARY PHYSICAL CONTACT / ON DUTY - NO INJURY,CLOSED/FINAL,SUSTAINED,VILLALOBOS,DAVID,001,,SERGEANT OF POLICE,,MALE,SPANISH (DO NOT USE),apr2016,,,10,1,0,1
1055626,123,STATE ST,1000,STREET,01apr2012 09:59:59,01apr2012 11:00:00,17jul2012,NOREEN,FEENEY,10922,001,,01aug1994,POLICE OFFICER,10J,NEGLECT OF DUTY,05M,UNNECESSARY PHYSICAL CONTACT / ON DUTY - NO INJURY,CLOSED/FINAL,SUSTAINED,FEENEY,NOREEN,001,,POLICE OFFICER,,FEMALE,WHITE,apr2016,,,10,1,0,1
1055626,123,STATE ST,1000,STREET,01apr2012 09:59:59,01apr2012 11:00:00,17jul2012,ALBERT,POWE,11013,001,,06sep1994,POLICE OFFICER,10J,NEGLECT OF DUTY,05M,UNNECESSARY PHYSICAL CONTACT / ON DUTY - NO INJURY,CLOSED/FINAL,NOT SUSTAINED,VILLALOBOS,DAVID,001,,SERGEANT OF POLICE,,MALE,SPANISH (DO NOT USE),apr2016,,,10,1,0,1
1055626,123,STATE ST,1000,STREET,01apr2012 09:59:59,01apr2012 11:00:00,17jul2012,ALBERT,POWE,11013,001,,06sep1994,POLICE OFFICER,10J,NEGLECT OF DUTY,05M,UNNECESSARY PHYSICAL CONTACT / ON DUTY - NO INJURY,CLOSED/FINAL,NOT SUSTAINED,SERAFINI,JOHN,001,,LIEUTENANT OF POLICE,,MALE,WHITE,apr2016,,,10,1,0,1
1055626,123,STATE ST,1000,STREET,01apr2012 09:59:59,01apr2012 11:00:00,17jul2012,ALBERT,POWE,11013,001,,06sep1994,POLICE OFFICER,10J,NEGLECT OF DUTY,05M,UNNECESSARY PHYSICAL CONTACT / ON DUTY - NO INJURY,CLOSED/FINAL,UNFOUNDED,SERAFINI,JOHN,001,,LIEUTENANT OF POLICE,,MALE,WHITE,apr2016,,,10,1,0,1
1055626,123,STATE ST,1000,STREET,01apr2012 09:59:59,01apr2012 11:00:00,17jul2012,ALBERT,POWE,11013,001,,06sep1994,POLICE OFFICER,10J,NEGLECT OF DUTY,05M,UNNECESSARY PHYSICAL CONTACT / ON DUTY - NO INJURY,CLOSED/FINAL,UNFOUNDED,RODRIGUEZ,VERONICA,001,,POLICE OFFICER,,FEMALE,SPANISH (DO NOT USE),apr2016,,,10,1,0,1
1055626,123,STATE ST,1000,STREET,01apr2012 09:59:59,01apr2012 11:00:00,17jul2012,NOREEN,FEENEY,10922,001,,01aug1994,POLICE OFFICER,10J,NEGLECT OF DUTY,05M,UNNECESSARY PHYSICAL CONTACT / ON DUTY - NO INJURY,CLOSED/FINAL,UNFOUNDED,RODRIGUEZ,VERONICA,001,,POLICE OFFICER,,FEMALE,SPANISH (DO NOT USE),apr2016,,,10,1,0,1
1055626,123,STATE ST,1000,STREET,01apr2012 09:59:59,01apr2012 11:00:00,17jul2012,ALBERT,POWE,11013,001,,06sep1994,POLICE OFFICER,10J,NEGLECT OF DUTY,05M,UNNECESSARY PHYSICAL CONTACT / ON DUTY - NO INJURY,CLOSED/FINAL,NOT SUSTAINED,RODRIGUEZ,VERONICA,001,,POLICE OFFICER,,FEMALE,SPANISH (DO NOT USE),apr2016,,,10,1,0,1
1055626,123,STATE ST,1000,STREET,01apr2012 09:59:59,01apr2012 11:00:00,17jul2012,NOREEN,FEENEY,10922,001,,01aug1994,POLICE OFFICER,10J,NEGLECT OF DUTY,05M,UNNECESSARY PHYSICAL CONTACT / ON DUTY - NO INJURY,CLOSED/FINAL,UNFOUNDED,FEENEY,NOREEN,001,,POLICE OFFICER,,FEMALE,WHITE,apr2016,,,10,1,0,1
1055626,123,STATE ST,1000,STREET,01apr2012 09:59:59,01apr2012 11:00:00,17jul2012,ALBERT,POWE,11013,001,,06sep1994,POLICE OFFICER,10J,NEGLECT OF DUTY,05M,UNNECESSARY PHYSICAL CONTACT / ON DUTY - NO INJURY,CLOSED/FINAL,UNFOUNDED,VILLALOBOS,DAVID,001,,SERGEANT OF POLICE,,MALE,SPANISH (DO NOT USE),apr2016,,,10,1,0,1
1055626,123,STATE ST,1000,STREET,01apr2012 09:59:59,01apr2012 11:00:00,17jul2012,NOREEN,FEENEY,10922,001,,01aug1994,POLICE OFFICER,10J,NEGLECT OF DUTY,05M,UNNECESSARY PHYSICAL CONTACT / ON DUTY - NO INJURY,CLOSED/FINAL,SUSTAINED,SERAFINI,JOHN,001,,LIEUTENANT OF POLICE,,MALE,WHITE,apr2016,,,10,1,0,1
1055626,123,STATE ST,1000,STREET,01apr2012 09:59:59,01apr2012 11:00:00,17jul2012,NOREEN,FEENEY,10922,001,,01aug1994,POLICE OFFICER,10J,NEGLECT OF DUTY,05M,UNNECESSARY PHYSICAL CONTACT / ON DUTY - NO INJURY,CLOSED/FINAL,UNFOUNDED,SERAFINI,JOHN,001,,LIEUTENANT OF POLICE,,MALE,WHITE,apr2016,,,10,1,0,1
