COMPLAINT_NUMBER,BEAT,STREET,ADDRESS,LOCATION_CODE,INCIDENT_TIME_START,INCIDENT_TIME_END,NOTIFICATION_DATE,ACCSUEDOFFICER_FNAME,ACCUSEDOFFICER_LNAME,ACCUSED_STAR,ACCUSED_UNIT,ACCUSED_DETAIL,ACCUSED_APPOINTMENT_DATE,ACCUSED_POSITION,INITIAL_CATEGORY_CODE,INITIAL_CATEGORY,CURRENT_CATEGORY_CODE,CURRENT_CATEGORY,CURRENT_STATUS,FINDING_CODE,INVOLVED_OFFICER_LNAME,INVOLVED_OFFICER_FNAME,INVOLVED_OFFICER_UNIT,INVOLVED_OFFICER_DETAIL,INVOLVED_OFFICER_POSITION,INVOLVED_OFFICER_AGE,INVOLVED_OFFICER_SEX,INVOLVED_OFFICER_RACE,foia,INVOLVED_OFFICER_DESCRIPTION,INVOLVED_OFFICER_TYPE,start_code_2,start_code_1,rec,sum_rec
1061053,413,CHAPPEL AVE,9223,RESIDENCE,29mar2013 19:31:00,29mar2013 19:31:00,29mar2013,,SCHIELD,946,006,212,18nov1991,SERGEANT OF POLICE,05P,UNNECESSARY DISPLAY OF WEAPON / ON DUTY,05P,UNNECESSARY DISPLAY OF WEAPON / ON DUTY,CLOSED/FINAL,NOT SUSTAINED,HONGO,ANGELA,,,UNKNOWN,43,FEMALE,BLACK,apr2016,,,05,0,0,1
1061053,413,CHAPPEL AVE,9223,RESIDENCE,29mar2013 19:31:00,29mar2013 19:31:00,29mar2013,,SCHIELD,946,006,212,18nov1991,SERGEANT OF POLICE,05P,UNNECESSARY DISPLAY OF WEAPON / ON DUTY,05P,UNNECESSARY DISPLAY OF WEAPON / ON DUTY,CLOSED/FINAL,NOT SUSTAINED,MACK,HOSEA,,,UNKNOWN,54,MALE,BLACK,apr2016,,,05,0,0,1
1061053,413,CHAPPEL AVE,9223,RESIDENCE,29mar2013 19:31:00,29mar2013 19:31:00,29mar2013,,SCHIELD,946,006,212,18nov1991,SERGEANT OF POLICE,05P,UNNECESSARY DISPLAY OF WEAPON / ON DUTY,05P,UNNECESSARY DISPLAY OF WEAPON / ON DUTY,CLOSED/FINAL,NOT SUSTAINED,SALAZAR,DAVID,610,,PO AS DETECTIVE,,MALE,SPANISH (DO NOT USE),apr2016,,,05,0,0,1
1061053,413,CHAPPEL AVE,9223,RESIDENCE,29mar2013 19:31:00,29mar2013 19:31:00,29mar2013,,,,,,,,05P,UNNECESSARY DISPLAY OF WEAPON / ON DUTY,05P,UNNECESSARY DISPLAY OF WEAPON / ON DUTY,CLOSED/FINAL,UNFOUNDED,PIWNICKI,RAYMOND,610,,PO AS DETECTIVE,,MALE,WHITE,apr2016,,,05,0,0,1
1061053,413,CHAPPEL AVE,9223,RESIDENCE,29mar2013 19:31:00,29mar2013 19:31:00,29mar2013,,,,,,,,05P,UNNECESSARY DISPLAY OF WEAPON / ON DUTY,05P,UNNECESSARY DISPLAY OF WEAPON / ON DUTY,CLOSED/FINAL,UNFOUNDED,HONGO,ANGELA,,,UNKNOWN,43,FEMALE,BLACK,apr2016,,,05,0,0,1
1061053,413,CHAPPEL AVE,9223,RESIDENCE,29mar2013 19:31:00,29mar2013 19:31:00,29mar2013,,,,,,,,05P,UNNECESSARY DISPLAY OF WEAPON / ON DUTY,05P,UNNECESSARY DISPLAY OF WEAPON / ON DUTY,CLOSED/FINAL,UNFOUNDED,HONGO,ANGELA,,,UNKNOWN,45,FEMALE,BLACK,apr2016,,,05,0,0,1
1061053,413,CHAPPEL AVE,9223,RESIDENCE,29mar2013 19:31:00,29mar2013 19:31:00,29mar2013,,,,,,,,05P,UNNECESSARY DISPLAY OF WEAPON / ON DUTY,05P,UNNECESSARY DISPLAY OF WEAPON / ON DUTY,CLOSED/FINAL,UNFOUNDED,MACK,HOSEA,,,UNKNOWN,54,MALE,BLACK,apr2016,,,05,0,0,1
1061053,413,CHAPPEL AVE,9223,RESIDENCE,29mar2013 19:31:00,29mar2013 19:31:00,29mar2013,,,,,,,,05P,UNNECESSARY DISPLAY OF WEAPON / ON DUTY,05P,UNNECESSARY DISPLAY OF WEAPON / ON DUTY,CLOSED/FINAL,UNFOUNDED,SALAZAR,DAVID,610,,PO AS DETECTIVE,,MALE,SPANISH (DO NOT USE),apr2016,,,05,0,0,1
1061053,413,CHAPPEL AVE,9223,RESIDENCE,29mar2013 19:31:00,29mar2013 19:31:00,29mar2013,,SCHIELD,946,006,212,18nov1991,SERGEANT OF POLICE,05P,UNNECESSARY DISPLAY OF WEAPON / ON DUTY,05P,UNNECESSARY DISPLAY OF WEAPON / ON DUTY,CLOSED/FINAL,NOT SUSTAINED,HONGO,ANGELA,,,UNKNOWN,45,FEMALE,BLACK,apr2016,,,05,0,0,1
1061053,413,CHAPPEL AVE,9223,RESIDENCE,29mar2013 19:31:00,29mar2013 19:31:00,29mar2013,,,,,,,,05P,UNNECESSARY DISPLAY OF WEAPON / ON DUTY,05P,UNNECESSARY DISPLAY OF WEAPON / ON DUTY,CLOSED/FINAL,UNFOUNDED,MACK,HOSEA,,,UNKNOWN,56,MALE,BLACK,apr2016,,,05,0,0,1
1061053,413,CHAPPEL AVE,9223,RESIDENCE,29mar2013 19:31:00,29mar2013 19:31:00,29mar2013,,SCHIELD,946,006,212,18nov1991,SERGEANT OF POLICE,05P,UNNECESSARY DISPLAY OF WEAPON / ON DUTY,05P,UNNECESSARY DISPLAY OF WEAPON / ON DUTY,CLOSED/FINAL,NOT SUSTAINED,MACK,HOSEA,,,UNKNOWN,56,MALE,BLACK,apr2016,,,05,0,0,1
1061053,413,CHAPPEL AVE,9223,RESIDENCE,29mar2013 19:31:00,29mar2013 19:31:00,29mar2013,,SCHIELD,946,006,212,18nov1991,SERGEANT OF POLICE,05P,UNNECESSARY DISPLAY OF WEAPON / ON DUTY,05P,UNNECESSARY DISPLAY OF WEAPON / ON DUTY,CLOSED/FINAL,NOT SUSTAINED,PIWNICKI,RAYMOND,610,,PO AS DETECTIVE,,MALE,WHITE,apr2016,,,05,0,0,1
