COMPLAINT_NUMBER,BEAT,STREET,ADDRESS,LOCATION_CODE,INCIDENT_TIME_START,INCIDENT_TIME_END,NOTIFICATION_DATE,ACCSUEDOFFICER_FNAME,ACCUSEDOFFICER_LNAME,ACCUSED_STAR,ACCUSED_UNIT,ACCUSED_DETAIL,ACCUSED_APPOINTMENT_DATE,ACCUSED_POSITION,INITIAL_CATEGORY_CODE,INITIAL_CATEGORY,CURRENT_CATEGORY_CODE,CURRENT_CATEGORY,CURRENT_STATUS,FINDING_CODE,INVOLVED_OFFICER_LNAME,INVOLVED_OFFICER_FNAME,INVOLVED_OFFICER_UNIT,INVOLVED_OFFICER_DETAIL,INVOLVED_OFFICER_POSITION,INVOLVED_OFFICER_AGE,INVOLVED_OFFICER_SEX,INVOLVED_OFFICER_RACE,foia,INVOLVED_OFFICER_DESCRIPTION,INVOLVED_OFFICER_TYPE,start_code_2,start_code_1,rec,sum_rec
1056358,513,INDIANA AVE,10727,SIDEWALK,16aug2012 00:59:59,16aug2012 02:29:59,16aug2012,JEANETTE,CEGIELSKI,4171,005,,18dec2006,POLICE OFFICER,05A,EXCESSIVE FORCE / ON DUTY - INJURY,S010,IMPACT WEAPON - AUTHORIZED (BATON / ASP),CLOSED/FINAL,EXONERATED,HIGHTOWER,ALEXUS,,,UNKNOWN,27,FEMALE,BLACK,apr2016,,,05,0,0,1
1056358,513,INDIANA AVE,10727,SIDEWALK,16aug2012 00:59:59,16aug2012 02:29:59,16aug2012,DAVID,KINNEY,1861,005,,16jul1996,SERGEANT OF POLICE,05A,EXCESSIVE FORCE / ON DUTY - INJURY,S010,IMPACT WEAPON - AUTHORIZED (BATON / ASP),CLOSED/FINAL,UNFOUNDED,HIGHTOWER,ALEXUS,,,UNKNOWN,28,FEMALE,BLACK,apr2016,,,05,0,0,1
1056358,513,INDIANA AVE,10727,SIDEWALK,16aug2012 00:59:59,16aug2012 02:29:59,16aug2012,JEANETTE,CEGIELSKI,4171,005,,18dec2006,POLICE OFFICER,05A,EXCESSIVE FORCE / ON DUTY - INJURY,S010,IMPACT WEAPON - AUTHORIZED (BATON / ASP),CLOSED/FINAL,EXONERATED,HIGHTOWER,ALEXUS,,,UNKNOWN,28,FEMALE,BLACK,apr2016,,,05,0,0,1
1056358,513,INDIANA AVE,10727,SIDEWALK,16aug2012 00:59:59,16aug2012 02:29:59,16aug2012,DAVID,KINNEY,1861,005,,16jul1996,SERGEANT OF POLICE,05A,EXCESSIVE FORCE / ON DUTY - INJURY,S010,IMPACT WEAPON - AUTHORIZED (BATON / ASP),CLOSED/FINAL,UNFOUNDED,HIGHTOWER,ALEXUS,,,UNKNOWN,27,FEMALE,BLACK,apr2016,,,05,0,0,1
1056358,513,INDIANA AVE,10727,SIDEWALK,16aug2012 00:59:59,16aug2012 02:29:59,16aug2012,,,,,,,,05A,EXCESSIVE FORCE / ON DUTY - INJURY,S010,IMPACT WEAPON - AUTHORIZED (BATON / ASP),CLOSED/FINAL,EXONERATED,HIGHTOWER,ALEXUS,,,UNKNOWN,28,FEMALE,BLACK,apr2016,,,05,0,0,1
1056358,513,INDIANA AVE,10727,SIDEWALK,16aug2012 00:59:59,16aug2012 02:29:59,16aug2012,,,,,,,,05A,EXCESSIVE FORCE / ON DUTY - INJURY,S010,IMPACT WEAPON - AUTHORIZED (BATON / ASP),CLOSED/FINAL,EXONERATED,HIGHTOWER,ALEXUS,,,UNKNOWN,27,FEMALE,BLACK,apr2016,,,05,0,1,1
