COMPLAINT_NUMBER,BEAT,STREET,ADDRESS,LOCATION_CODE,INCIDENT_TIME_START,INCIDENT_TIME_END,NOTIFICATION_DATE,ACCSUEDOFFICER_FNAME,ACCUSEDOFFICER_LNAME,ACCUSED_STAR,ACCUSED_UNIT,ACCUSED_DETAIL,ACCUSED_APPOINTMENT_DATE,ACCUSED_POSITION,INITIAL_CATEGORY_CODE,INITIAL_CATEGORY,CURRENT_CATEGORY_CODE,CURRENT_CATEGORY,CURRENT_STATUS,FINDING_CODE,INVOLVED_OFFICER_LNAME,INVOLVED_OFFICER_FNAME,INVOLVED_OFFICER_UNIT,INVOLVED_OFFICER_DETAIL,INVOLVED_OFFICER_POSITION,INVOLVED_OFFICER_AGE,INVOLVED_OFFICER_SEX,INVOLVED_OFFICER_RACE,foia,INVOLVED_OFFICER_DESCRIPTION,INVOLVED_OFFICER_TYPE,start_code_2,start_code_1,rec,sum_rec
1061514,1512,FULTON ST,5959,APARTMENT,15apr2013 18:30:00,15apr2013 18:30:00,16apr2013,,,,,,,,S021,MISCELLANEOUS,S021,MISCELLANEOUS,CLOSED/FINAL,UNFOUNDED,TORRES,MIGUEL,015,,PO/FIELD TRNING OFF,,MALE,SPANISH (DO NOT USE),apr2016,,,S0,S,0,1
1061514,1512,FULTON ST,5959,APARTMENT,15apr2013 18:30:00,15apr2013 18:30:00,16apr2013,,,,,,,,S021,MISCELLANEOUS,S021,MISCELLANEOUS,CLOSED/FINAL,EXONERATED,TORRES,MIGUEL,015,,PO/FIELD TRNING OFF,,MALE,SPANISH (DO NOT USE),apr2016,,,S0,S,0,1
1061514,1512,FULTON ST,5959,APARTMENT,15apr2013 18:30:00,15apr2013 18:30:00,16apr2013,,,,,,,,S021,MISCELLANEOUS,S021,MISCELLANEOUS,CLOSED/FINAL,EXONERATED,,,,,,,,,apr2016,,,S0,S,0,1
1061514,1512,FULTON ST,5959,APARTMENT,15apr2013 18:30:00,15apr2013 18:30:00,16apr2013,,,,,,,,S021,MISCELLANEOUS,S021,MISCELLANEOUS,CLOSED/FINAL,UNFOUNDED,,,,,,,,,apr2016,,,S0,S,0,1
1061514,1512,FULTON ST,5959,APARTMENT,15apr2013 18:30:00,15apr2013 18:30:00,16apr2013,,SMITH,4850,313,015,25jun2001,POLICE OFFICER,S021,MISCELLANEOUS,S021,MISCELLANEOUS,CLOSED/FINAL,NOT SUSTAINED,MARSHALL,EDITH ,,,UNKNOWN,26,FEMALE,BLACK,apr2016,,,S0,S,0,1
1061514,1512,FULTON ST,5959,APARTMENT,15apr2013 18:30:00,15apr2013 18:30:00,16apr2013,,,,,,,,S021,MISCELLANEOUS,S021,MISCELLANEOUS,CLOSED/FINAL,UNFOUNDED,MARSHALL,EDITH ,,,UNKNOWN,26,FEMALE,BLACK,apr2016,,,S0,S,0,1
1061514,1512,FULTON ST,5959,APARTMENT,15apr2013 18:30:00,15apr2013 18:30:00,16apr2013,,SMITH,4850,313,015,25jun2001,POLICE OFFICER,S021,MISCELLANEOUS,S021,MISCELLANEOUS,CLOSED/FINAL,EXONERATED,MARSHALL,EDITH ,,,UNKNOWN,26,FEMALE,BLACK,apr2016,,,S0,S,0,1
1061514,1512,FULTON ST,5959,APARTMENT,15apr2013 18:30:00,15apr2013 18:30:00,16apr2013,,SMITH,4850,313,015,25jun2001,POLICE OFFICER,S021,MISCELLANEOUS,S021,MISCELLANEOUS,CLOSED/FINAL,NOT SUSTAINED,,,,,,,,,apr2016,,,S0,S,0,1
1061514,1512,FULTON ST,5959,APARTMENT,15apr2013 18:30:00,15apr2013 18:30:00,16apr2013,,,,,,,,S021,MISCELLANEOUS,S021,MISCELLANEOUS,CLOSED/FINAL,EXONERATED,MARSHALL,EDITH ,,,UNKNOWN,26,FEMALE,BLACK,apr2016,,,S0,S,1,1
1061514,1512,FULTON ST,5959,APARTMENT,15apr2013 18:30:00,15apr2013 18:30:00,16apr2013,,SMITH,4850,313,015,25jun2001,POLICE OFFICER,S021,MISCELLANEOUS,S021,MISCELLANEOUS,CLOSED/FINAL,NOT SUSTAINED,TORRES,MIGUEL,015,,PO/FIELD TRNING OFF,,MALE,SPANISH (DO NOT USE),apr2016,,,S0,S,0,1
1061514,1512,FULTON ST,5959,APARTMENT,15apr2013 18:30:00,15apr2013 18:30:00,16apr2013,,SMITH,4850,313,015,25jun2001,POLICE OFFICER,S021,MISCELLANEOUS,S021,MISCELLANEOUS,CLOSED/FINAL,EXONERATED,,,,,,,,,apr2016,,,S0,S,0,1
1061514,1512,FULTON ST,5959,APARTMENT,15apr2013 18:30:00,15apr2013 18:30:00,16apr2013,,SMITH,4850,313,015,25jun2001,POLICE OFFICER,S021,MISCELLANEOUS,S021,MISCELLANEOUS,CLOSED/FINAL,EXONERATED,TORRES,MIGUEL,015,,PO/FIELD TRNING OFF,,MALE,SPANISH (DO NOT USE),apr2016,,,S0,S,0,1
