COMPLAINT_NUMBER,BEAT,STREET,ADDRESS,LOCATION_CODE,INCIDENT_TIME_START,INCIDENT_TIME_END,NOTIFICATION_DATE,ACCSUEDOFFICER_FNAME,ACCUSEDOFFICER_LNAME,ACCUSED_STAR,ACCUSED_UNIT,ACCUSED_DETAIL,ACCUSED_APPOINTMENT_DATE,ACCUSED_POSITION,INITIAL_CATEGORY_CODE,INITIAL_CATEGORY,CURRENT_CATEGORY_CODE,CURRENT_CATEGORY,CURRENT_STATUS,FINDING_CODE,INVOLVED_OFFICER_LNAME,INVOLVED_OFFICER_FNAME,INVOLVED_OFFICER_UNIT,INVOLVED_OFFICER_DETAIL,INVOLVED_OFFICER_POSITION,INVOLVED_OFFICER_AGE,INVOLVED_OFFICER_SEX,INVOLVED_OFFICER_RACE,foia,INVOLVED_OFFICER_DESCRIPTION,INVOLVED_OFFICER_TYPE,start_code_2,start_code_1,rec,sum_rec
1053134,1822,DIVISION ST,600,STREET,07apr2012 15:40:00,07apr2012 15:40:00,07apr2012,SPIRO,MAGLARAS,1630,018,,25oct1999,SERGEANT OF POLICE,S123,TWISTED EXTREMITIES (WRIST/ARM/LEG),05A,EXCESSIVE FORCE / ON DUTY - INJURY,CLOSED/FINAL,NOT SUSTAINED,ZWOLSKI,MARY,018,,POLICE OFFICER,,FEMALE,WHITE,apr2016,,,S1,S,0,1
1053134,1822,DIVISION ST,600,STREET,07apr2012 15:40:00,07apr2012 15:40:00,07apr2012,,,,,,,,S123,TWISTED EXTREMITIES (WRIST/ARM/LEG),05A,EXCESSIVE FORCE / ON DUTY - INJURY,CLOSED/FINAL,NOT SUSTAINED,TAYLOR,ROBERT,,,UNKNOWN,27,MALE,BLACK,apr2016,,,S1,S,0,1
1053134,1822,DIVISION ST,600,STREET,07apr2012 15:40:00,07apr2012 15:40:00,07apr2012,,,,,,,,S123,TWISTED EXTREMITIES (WRIST/ARM/LEG),05A,EXCESSIVE FORCE / ON DUTY - INJURY,CLOSED/FINAL,NOT SUSTAINED,DELL,QUANITA,,,UNKNOWN,,FEMALE,BLACK,apr2016,,,S1,S,1,1
1053134,1822,DIVISION ST,600,STREET,07apr2012 15:40:00,07apr2012 15:40:00,07apr2012,SPIRO,MAGLARAS,1630,018,,25oct1999,SERGEANT OF POLICE,S123,TWISTED EXTREMITIES (WRIST/ARM/LEG),05A,EXCESSIVE FORCE / ON DUTY - INJURY,CLOSED/FINAL,NOT SUSTAINED,TAYLOR,ROBERT,,,UNKNOWN,27,MALE,BLACK,apr2016,,,S1,S,0,1
1053134,1822,DIVISION ST,600,STREET,07apr2012 15:40:00,07apr2012 15:40:00,07apr2012,,,,,,,,S123,TWISTED EXTREMITIES (WRIST/ARM/LEG),05A,EXCESSIVE FORCE / ON DUTY - INJURY,CLOSED/FINAL,NOT SUSTAINED,HLADCZUK,ALEXANDER,018,,POLICE OFFICER,,MALE,WHITE,apr2016,,,S1,S,0,1
1053134,1822,DIVISION ST,600,STREET,07apr2012 15:40:00,07apr2012 15:40:00,07apr2012,SPIRO,MAGLARAS,1630,018,,25oct1999,SERGEANT OF POLICE,S123,TWISTED EXTREMITIES (WRIST/ARM/LEG),05A,EXCESSIVE FORCE / ON DUTY - INJURY,CLOSED/FINAL,NOT SUSTAINED,HLADCZUK,ALEXANDER,018,,POLICE OFFICER,,MALE,WHITE,apr2016,,,S1,S,0,1
1053134,1822,DIVISION ST,600,STREET,07apr2012 15:40:00,07apr2012 15:40:00,07apr2012,SPIRO,MAGLARAS,1630,018,,25oct1999,SERGEANT OF POLICE,S123,TWISTED EXTREMITIES (WRIST/ARM/LEG),05A,EXCESSIVE FORCE / ON DUTY - INJURY,CLOSED/FINAL,NOT SUSTAINED,DELL,QUANITA,,,UNKNOWN,,FEMALE,BLACK,apr2016,,,S1,S,0,1
1053134,1822,DIVISION ST,600,STREET,07apr2012 15:40:00,07apr2012 15:40:00,07apr2012,,,,,,,,S123,TWISTED EXTREMITIES (WRIST/ARM/LEG),05A,EXCESSIVE FORCE / ON DUTY - INJURY,CLOSED/FINAL,NOT SUSTAINED,ZWOLSKI,MARY,018,,POLICE OFFICER,,FEMALE,WHITE,apr2016,,,S1,S,0,1
