COMPLAINT_NUMBER,BEAT,STREET,ADDRESS,LOCATION_CODE,INCIDENT_TIME_START,INCIDENT_TIME_END,NOTIFICATION_DATE,ACCSUEDOFFICER_FNAME,ACCUSEDOFFICER_LNAME,ACCUSED_STAR,ACCUSED_UNIT,ACCUSED_DETAIL,ACCUSED_APPOINTMENT_DATE,ACCUSED_POSITION,INITIAL_CATEGORY_CODE,INITIAL_CATEGORY,CURRENT_CATEGORY_CODE,CURRENT_CATEGORY,CURRENT_STATUS,FINDING_CODE,INVOLVED_OFFICER_LNAME,INVOLVED_OFFICER_FNAME,INVOLVED_OFFICER_UNIT,INVOLVED_OFFICER_DETAIL,INVOLVED_OFFICER_POSITION,INVOLVED_OFFICER_AGE,INVOLVED_OFFICER_SEX,INVOLVED_OFFICER_RACE,foia,INVOLVED_OFFICER_DESCRIPTION,INVOLVED_OFFICER_TYPE,start_code_2,start_code_1,rec,sum_rec
1058688,835,WESTERN AVE,7800,STREET,26nov2012 20:00:00,26nov2012 20:00:00,28nov2012,MICHAEL,DURKIN,10663,008,,01may2006,POLICE OFFICER,S117,PUSH/PULL/GRAB,05M,UNNECESSARY PHYSICAL CONTACT / ON DUTY - NO INJURY,CLOSED/FINAL,NOT SUSTAINED,BROWN,SEAN,,,UNKNOWN,34,MALE,BLACK,apr2016,,,S1,S,0,1
1058688,835,WESTERN AVE,7800,STREET,26nov2012 20:00:00,26nov2012 20:00:00,28nov2012,,,,,,,,S117,PUSH/PULL/GRAB,05M,UNNECESSARY PHYSICAL CONTACT / ON DUTY - NO INJURY,CLOSED/FINAL,UNFOUNDED,BROWN,SEAN,,,UNKNOWN,34,MALE,BLACK,apr2016,,,S1,S,0,1
1058688,835,WESTERN AVE,7800,STREET,26nov2012 20:00:00,26nov2012 20:00:00,28nov2012,WILLIAM,BOKOWSKI,6317,008,,06may1996,POLICE OFFICER,S117,PUSH/PULL/GRAB,05M,UNNECESSARY PHYSICAL CONTACT / ON DUTY - NO INJURY,CLOSED/FINAL,UNFOUNDED,BROWN,SEAN,,,UNKNOWN,36,MALE,BLACK,apr2016,,,S1,S,0,1
1058688,835,WESTERN AVE,7800,STREET,26nov2012 20:00:00,26nov2012 20:00:00,28nov2012,MICHAEL,DURKIN,10663,008,,01may2006,POLICE OFFICER,S117,PUSH/PULL/GRAB,05M,UNNECESSARY PHYSICAL CONTACT / ON DUTY - NO INJURY,CLOSED/FINAL,NOT SUSTAINED,BROWN,SEAN,,,UNKNOWN,36,MALE,BLACK,apr2016,,,S1,S,0,1
1058688,835,WESTERN AVE,7800,STREET,26nov2012 20:00:00,26nov2012 20:00:00,28nov2012,,,,,,,,S117,PUSH/PULL/GRAB,05M,UNNECESSARY PHYSICAL CONTACT / ON DUTY - NO INJURY,CLOSED/FINAL,UNFOUNDED,BROWN,SEAN,,,UNKNOWN,36,MALE,BLACK,apr2016,,,S1,S,0,1
1058688,835,WESTERN AVE,7800,STREET,26nov2012 20:00:00,26nov2012 20:00:00,28nov2012,WILLIAM,BOKOWSKI,6317,008,,06may1996,POLICE OFFICER,S117,PUSH/PULL/GRAB,05M,UNNECESSARY PHYSICAL CONTACT / ON DUTY - NO INJURY,CLOSED/FINAL,UNFOUNDED,BROWN,SEAN,,,UNKNOWN,34,MALE,BLACK,apr2016,,,S1,S,0,1
