COMPLAINT_NUMBER,BEAT,STREET,ADDRESS,LOCATION_CODE,INCIDENT_TIME_START,INCIDENT_TIME_END,NOTIFICATION_DATE,ACCSUEDOFFICER_FNAME,ACCUSEDOFFICER_LNAME,ACCUSED_STAR,ACCUSED_UNIT,ACCUSED_DETAIL,ACCUSED_APPOINTMENT_DATE,ACCUSED_POSITION,INITIAL_CATEGORY_CODE,INITIAL_CATEGORY,CURRENT_CATEGORY_CODE,CURRENT_CATEGORY,CURRENT_STATUS,FINDING_CODE,INVOLVED_OFFICER_LNAME,INVOLVED_OFFICER_FNAME,INVOLVED_OFFICER_UNIT,INVOLVED_OFFICER_DETAIL,INVOLVED_OFFICER_POSITION,INVOLVED_OFFICER_AGE,INVOLVED_OFFICER_SEX,INVOLVED_OFFICER_RACE,foia,INVOLVED_OFFICER_DESCRIPTION,INVOLVED_OFFICER_TYPE,start_code_2,start_code_1,rec,sum_rec
1062709,1612,BRYN MAWR AVE,6530,"SCHOOL, PUBLIC, BUILDING",05jun2013 12:30:00,05jun2013 12:30:00,06jun2013,,,,,,,,05B,EXCESSIVE FORCE / ON DUTY - NO INJURY,S001,CLOSED HAND STRIKE (PUNCH),CLOSED/FINAL,UNFOUNDED,STASZEL,ANDREW,016,,POLICE OFFICER,,MALE,WHITE,apr2016,,,05,0,0,1
1062709,1612,BRYN MAWR AVE,6530,"SCHOOL, PUBLIC, BUILDING",05jun2013 12:30:00,05jun2013 12:30:00,06jun2013,,BERNAL,12417,016,,23oct1995,POLICE OFFICER,05B,EXCESSIVE FORCE / ON DUTY - NO INJURY,S001,CLOSED HAND STRIKE (PUNCH),CLOSED/FINAL,UNFOUNDED,STASZEL,ANDREW,016,,POLICE OFFICER,,MALE,WHITE,apr2016,,,05,0,0,1
1062709,1612,BRYN MAWR AVE,6530,"SCHOOL, PUBLIC, BUILDING",05jun2013 12:30:00,05jun2013 12:30:00,06jun2013,,BERNAL,12417,016,,23oct1995,POLICE OFFICER,05B,EXCESSIVE FORCE / ON DUTY - NO INJURY,S001,CLOSED HAND STRIKE (PUNCH),CLOSED/FINAL,NOT SUSTAINED,FAIRCHILD,TELEM ,,,UNKNOWN,15,MALE,BLACK,apr2016,,,05,0,0,1
1062709,1612,BRYN MAWR AVE,6530,"SCHOOL, PUBLIC, BUILDING",05jun2013 12:30:00,05jun2013 12:30:00,06jun2013,,,,,,,,05B,EXCESSIVE FORCE / ON DUTY - NO INJURY,S001,CLOSED HAND STRIKE (PUNCH),CLOSED/FINAL,NOT SUSTAINED,FAIRCHILD,RUSSELL ,,,UNKNOWN,41,MALE,BLACK,apr2016,,,05,0,0,1
1062709,1612,BRYN MAWR AVE,6530,"SCHOOL, PUBLIC, BUILDING",05jun2013 12:30:00,05jun2013 12:30:00,06jun2013,,,,,,,,05B,EXCESSIVE FORCE / ON DUTY - NO INJURY,S001,CLOSED HAND STRIKE (PUNCH),CLOSED/FINAL,NOT SUSTAINED,FAIRCHILD,TELEM ,,,UNKNOWN,15,MALE,BLACK,apr2016,,,05,0,0,1
1062709,1612,BRYN MAWR AVE,6530,"SCHOOL, PUBLIC, BUILDING",05jun2013 12:30:00,05jun2013 12:30:00,06jun2013,,,,,,,,05B,EXCESSIVE FORCE / ON DUTY - NO INJURY,S001,CLOSED HAND STRIKE (PUNCH),CLOSED/FINAL,NOT SUSTAINED,KOLODZIEJSKI,DANIEL,015,,POLICE OFFICER,,MALE,WHITE,apr2016,,,05,0,0,1
1062709,1612,BRYN MAWR AVE,6530,"SCHOOL, PUBLIC, BUILDING",05jun2013 12:30:00,05jun2013 12:30:00,06jun2013,,BERNAL,12417,016,,23oct1995,POLICE OFFICER,05B,EXCESSIVE FORCE / ON DUTY - NO INJURY,S001,CLOSED HAND STRIKE (PUNCH),CLOSED/FINAL,NOT SUSTAINED,FAIRCHILD,RUSSELL ,,,UNKNOWN,41,MALE,BLACK,apr2016,,,05,0,0,1
1062709,1612,BRYN MAWR AVE,6530,"SCHOOL, PUBLIC, BUILDING",05jun2013 12:30:00,05jun2013 12:30:00,06jun2013,,,,,,,,05B,EXCESSIVE FORCE / ON DUTY - NO INJURY,S001,CLOSED HAND STRIKE (PUNCH),CLOSED/FINAL,NOT SUSTAINED,STASZEL,ANDREW,016,,POLICE OFFICER,,MALE,WHITE,apr2016,,,05,0,0,1
1062709,1612,BRYN MAWR AVE,6530,"SCHOOL, PUBLIC, BUILDING",05jun2013 12:30:00,05jun2013 12:30:00,06jun2013,,,,,,,,05B,EXCESSIVE FORCE / ON DUTY - NO INJURY,S001,CLOSED HAND STRIKE (PUNCH),CLOSED/FINAL,UNFOUNDED,FAIRCHILD,TELEM ,,,UNKNOWN,15,MALE,BLACK,apr2016,,,05,0,0,1
1062709,1612,BRYN MAWR AVE,6530,"SCHOOL, PUBLIC, BUILDING",05jun2013 12:30:00,05jun2013 12:30:00,06jun2013,,BERNAL,12417,016,,23oct1995,POLICE OFFICER,05B,EXCESSIVE FORCE / ON DUTY - NO INJURY,S001,CLOSED HAND STRIKE (PUNCH),CLOSED/FINAL,UNFOUNDED,FAIRCHILD,RUSSELL ,,,UNKNOWN,41,MALE,BLACK,apr2016,,,05,0,0,1
1062709,1612,BRYN MAWR AVE,6530,"SCHOOL, PUBLIC, BUILDING",05jun2013 12:30:00,05jun2013 12:30:00,06jun2013,,BERNAL,12417,016,,23oct1995,POLICE OFFICER,05B,EXCESSIVE FORCE / ON DUTY - NO INJURY,S001,CLOSED HAND STRIKE (PUNCH),CLOSED/FINAL,NOT SUSTAINED,STASZEL,ANDREW,016,,POLICE OFFICER,,MALE,WHITE,apr2016,,,05,0,0,1
1062709,1612,BRYN MAWR AVE,6530,"SCHOOL, PUBLIC, BUILDING",05jun2013 12:30:00,05jun2013 12:30:00,06jun2013,,BERNAL,12417,016,,23oct1995,POLICE OFFICER,05B,EXCESSIVE FORCE / ON DUTY - NO INJURY,S001,CLOSED HAND STRIKE (PUNCH),CLOSED/FINAL,UNFOUNDED,FAIRCHILD,TELEM ,,,UNKNOWN,15,MALE,BLACK,apr2016,,,05,0,0,1
1062709,1612,BRYN MAWR AVE,6530,"SCHOOL, PUBLIC, BUILDING",05jun2013 12:30:00,05jun2013 12:30:00,06jun2013,,,,,,,,05B,EXCESSIVE FORCE / ON DUTY - NO INJURY,S001,CLOSED HAND STRIKE (PUNCH),CLOSED/FINAL,UNFOUNDED,FAIRCHILD,RUSSELL ,,,UNKNOWN,41,MALE,BLACK,apr2016,,,05,0,0,1
1062709,1612,BRYN MAWR AVE,6530,"SCHOOL, PUBLIC, BUILDING",05jun2013 12:30:00,05jun2013 12:30:00,06jun2013,,,,,,,,05B,EXCESSIVE FORCE / ON DUTY - NO INJURY,S001,CLOSED HAND STRIKE (PUNCH),CLOSED/FINAL,UNFOUNDED,KOLODZIEJSKI,DANIEL,015,,POLICE OFFICER,,MALE,WHITE,apr2016,,,05,0,0,1
1062709,1612,BRYN MAWR AVE,6530,"SCHOOL, PUBLIC, BUILDING",05jun2013 12:30:00,05jun2013 12:30:00,06jun2013,,BERNAL,12417,016,,23oct1995,POLICE OFFICER,05B,EXCESSIVE FORCE / ON DUTY - NO INJURY,S001,CLOSED HAND STRIKE (PUNCH),CLOSED/FINAL,UNFOUNDED,KOLODZIEJSKI,DANIEL,015,,POLICE OFFICER,,MALE,WHITE,apr2016,,,05,0,0,1
1062709,1612,BRYN MAWR AVE,6530,"SCHOOL, PUBLIC, BUILDING",05jun2013 12:30:00,05jun2013 12:30:00,06jun2013,,BERNAL,12417,016,,23oct1995,POLICE OFFICER,05B,EXCESSIVE FORCE / ON DUTY - NO INJURY,S001,CLOSED HAND STRIKE (PUNCH),CLOSED/FINAL,NOT SUSTAINED,KOLODZIEJSKI,DANIEL,015,,POLICE OFFICER,,MALE,WHITE,apr2016,,,05,0,0,1
