COMPLAINT_NUMBER,BEAT,STREET,ADDRESS,LOCATION_CODE,INCIDENT_TIME_START,INCIDENT_TIME_END,NOTIFICATION_DATE,ACCSUEDOFFICER_FNAME,ACCUSEDOFFICER_LNAME,ACCUSED_STAR,ACCUSED_UNIT,ACCUSED_DETAIL,ACCUSED_APPOINTMENT_DATE,ACCUSED_POSITION,INITIAL_CATEGORY_CODE,INITIAL_CATEGORY,CURRENT_CATEGORY_CODE,CURRENT_CATEGORY,CURRENT_STATUS,FINDING_CODE,INVOLVED_OFFICER_LNAME,INVOLVED_OFFICER_FNAME,INVOLVED_OFFICER_UNIT,INVOLVED_OFFICER_DETAIL,INVOLVED_OFFICER_POSITION,INVOLVED_OFFICER_AGE,INVOLVED_OFFICER_SEX,INVOLVED_OFFICER_RACE,foia,INVOLVED_OFFICER_DESCRIPTION,INVOLVED_OFFICER_TYPE,start_code_2,start_code_1,rec,sum_rec
1058464,931,50TH ST,1750,ALLEY,17nov2012 12:36:00,17nov2012 12:36:00,16nov2012,CRAIG,COUGHLIN,3818,009,,06may1996,POLICE OFFICER,05A,EXCESSIVE FORCE / ON DUTY - INJURY,S021,MISCELLANEOUS,CLOSED/FINAL,EXONERATED,RODRIGUEZ,JUAN,,,UNKNOWN,27,MALE,,apr2016,,,05,0,0,1
1058464,931,50TH ST,1750,ALLEY,17nov2012 12:36:00,17nov2012 12:36:00,16nov2012,CRAIG,COUGHLIN,3818,009,,06may1996,POLICE OFFICER,05A,EXCESSIVE FORCE / ON DUTY - INJURY,S021,MISCELLANEOUS,CLOSED/FINAL,EXONERATED,CRUZ,KIMBERLY,,,UNKNOWN,31,FEMALE,WHITE HISPANIC,apr2016,,,05,0,0,1
1058464,931,50TH ST,1750,ALLEY,17nov2012 12:36:00,17nov2012 12:36:00,16nov2012,ANDREW,RUSSELL,12623,009,,29sep2003,POLICE OFFICER,05A,EXCESSIVE FORCE / ON DUTY - INJURY,S021,MISCELLANEOUS,CLOSED/FINAL,NOT SUSTAINED,RODRIGUEZ,JUAN,,,UNKNOWN,27,MALE,,apr2016,,,05,0,0,1
1058464,931,50TH ST,1750,ALLEY,17nov2012 12:36:00,17nov2012 12:36:00,16nov2012,ANDREW,RUSSELL,12623,009,,29sep2003,POLICE OFFICER,05A,EXCESSIVE FORCE / ON DUTY - INJURY,S021,MISCELLANEOUS,CLOSED/FINAL,NOT SUSTAINED,CRUZ,KIMBERLY,,,UNKNOWN,30,FEMALE,,apr2016,,,05,0,0,1
1058464,931,50TH ST,1750,ALLEY,17nov2012 12:36:00,17nov2012 12:36:00,16nov2012,ANDREW,RUSSELL,12623,009,,29sep2003,POLICE OFFICER,05A,EXCESSIVE FORCE / ON DUTY - INJURY,S021,MISCELLANEOUS,CLOSED/FINAL,NOT SUSTAINED,CRUZ,KIMBERLY,,,UNKNOWN,31,FEMALE,WHITE HISPANIC,apr2016,,,05,0,0,1
1058464,931,50TH ST,1750,ALLEY,17nov2012 12:36:00,17nov2012 12:36:00,16nov2012,CRAIG,COUGHLIN,3818,009,,06may1996,POLICE OFFICER,05A,EXCESSIVE FORCE / ON DUTY - INJURY,S021,MISCELLANEOUS,CLOSED/FINAL,EXONERATED,CRUZ,KIMBERLY,,,UNKNOWN,30,FEMALE,,apr2016,,,05,0,0,1
