COMPLAINT_NUMBER,BEAT,STREET,ADDRESS,LOCATION_CODE,INCIDENT_TIME_START,INCIDENT_TIME_END,NOTIFICATION_DATE,ACCSUEDOFFICER_FNAME,ACCUSEDOFFICER_LNAME,ACCUSED_STAR,ACCUSED_UNIT,ACCUSED_DETAIL,ACCUSED_APPOINTMENT_DATE,ACCUSED_POSITION,INITIAL_CATEGORY_CODE,INITIAL_CATEGORY,CURRENT_CATEGORY_CODE,CURRENT_CATEGORY,CURRENT_STATUS,FINDING_CODE,INVOLVED_OFFICER_LNAME,INVOLVED_OFFICER_FNAME,INVOLVED_OFFICER_UNIT,INVOLVED_OFFICER_DETAIL,INVOLVED_OFFICER_POSITION,INVOLVED_OFFICER_AGE,INVOLVED_OFFICER_SEX,INVOLVED_OFFICER_RACE,foia,INVOLVED_OFFICER_DESCRIPTION,INVOLVED_OFFICER_TYPE,start_code_2,start_code_1,rec,sum_rec
1056447,2234,MAY ST,11408,RESIDENCE,20aug2012 14:29:59,20aug2012 14:29:59,20aug2012,DUANE,GORDON,5977,311,,13dec1999,POLICE OFFICER,05B,EXCESSIVE FORCE / ON DUTY - NO INJURY,S022,CLOSED HAND STRIKE (PUNCH),CLOSED/FINAL,UNFOUNDED,ROGERS,MIA,,,UNKNOWN,39,FEMALE,BLACK,apr2016,,,05,0,0,1
1056447,2234,MAY ST,11408,RESIDENCE,20aug2012 14:29:59,20aug2012 14:29:59,20aug2012,DUANE,GORDON,5977,311,,13dec1999,POLICE OFFICER,05B,EXCESSIVE FORCE / ON DUTY - NO INJURY,S022,CLOSED HAND STRIKE (PUNCH),CLOSED/FINAL,UNFOUNDED,JOSEPH-GORDON,NICCOLE,,,,47,FEMALE,BLACK,apr2016,,,05,0,0,1
1056447,2234,MAY ST,11408,RESIDENCE,20aug2012 14:29:59,20aug2012 14:29:59,20aug2012,,,,,,,,05B,EXCESSIVE FORCE / ON DUTY - NO INJURY,S022,CLOSED HAND STRIKE (PUNCH),CLOSED/FINAL,NOT SUSTAINED,ROGERS,MIA,,,UNKNOWN,37,FEMALE,BLACK,apr2016,,,05,0,0,1
1056447,2234,MAY ST,11408,RESIDENCE,20aug2012 14:29:59,20aug2012 14:29:59,20aug2012,,,,,,,,05B,EXCESSIVE FORCE / ON DUTY - NO INJURY,S022,CLOSED HAND STRIKE (PUNCH),CLOSED/FINAL,NOT SUSTAINED,PRYOR,ORLANDO,,,UNKNOWN,21,MALE,BLACK,apr2016,,,05,0,0,1
1056447,2234,MAY ST,11408,RESIDENCE,20aug2012 14:29:59,20aug2012 14:29:59,20aug2012,,,,,,,,05B,EXCESSIVE FORCE / ON DUTY - NO INJURY,S022,CLOSED HAND STRIKE (PUNCH),CLOSED/FINAL,NOT SUSTAINED,SMITH,CHARLES,,,,51,MALE,BLACK,apr2016,,,05,0,0,1
1056447,2234,MAY ST,11408,RESIDENCE,20aug2012 14:29:59,20aug2012 14:29:59,20aug2012,DUANE,GORDON,5977,311,,13dec1999,POLICE OFFICER,05B,EXCESSIVE FORCE / ON DUTY - NO INJURY,S022,CLOSED HAND STRIKE (PUNCH),CLOSED/FINAL,UNFOUNDED,PRYOR,ORLANDO,,,UNKNOWN,18,MALE,BLACK,apr2016,,,05,0,0,1
1056447,2234,MAY ST,11408,RESIDENCE,20aug2012 14:29:59,20aug2012 14:29:59,20aug2012,DUANE,GORDON,5977,311,,13dec1999,POLICE OFFICER,05B,EXCESSIVE FORCE / ON DUTY - NO INJURY,S022,CLOSED HAND STRIKE (PUNCH),CLOSED/FINAL,UNFOUNDED,SMITH,CHARLES,,,,51,MALE,BLACK,apr2016,,,05,0,0,1
1056447,2234,MAY ST,11408,RESIDENCE,20aug2012 14:29:59,20aug2012 14:29:59,20aug2012,DUANE,GORDON,5977,311,,13dec1999,POLICE OFFICER,05B,EXCESSIVE FORCE / ON DUTY - NO INJURY,S022,CLOSED HAND STRIKE (PUNCH),CLOSED/FINAL,UNFOUNDED,STANLEY,ALFRED,,,,20,MALE,BLACK,apr2016,,,05,0,0,1
1056447,2234,MAY ST,11408,RESIDENCE,20aug2012 14:29:59,20aug2012 14:29:59,20aug2012,DUANE,GORDON,5977,311,,13dec1999,POLICE OFFICER,05B,EXCESSIVE FORCE / ON DUTY - NO INJURY,S022,CLOSED HAND STRIKE (PUNCH),CLOSED/FINAL,UNFOUNDED,PRYOR,ORLANDO,,,UNKNOWN,21,MALE,BLACK,apr2016,,,05,0,0,1
1056447,2234,MAY ST,11408,RESIDENCE,20aug2012 14:29:59,20aug2012 14:29:59,20aug2012,DUANE,GORDON,5977,311,,13dec1999,POLICE OFFICER,05B,EXCESSIVE FORCE / ON DUTY - NO INJURY,S022,CLOSED HAND STRIKE (PUNCH),CLOSED/FINAL,UNFOUNDED,GORDON,ANDREA,,,,51,FEMALE,BLACK,apr2016,,,05,0,0,1
1056447,2234,MAY ST,11408,RESIDENCE,20aug2012 14:29:59,20aug2012 14:29:59,20aug2012,,,,,,,,05B,EXCESSIVE FORCE / ON DUTY - NO INJURY,S022,CLOSED HAND STRIKE (PUNCH),CLOSED/FINAL,NOT SUSTAINED,STANLEY,ALFRED,,,,20,MALE,BLACK,apr2016,,,05,0,0,1
1056447,2234,MAY ST,11408,RESIDENCE,20aug2012 14:29:59,20aug2012 14:29:59,20aug2012,,,,,,,,05B,EXCESSIVE FORCE / ON DUTY - NO INJURY,S022,CLOSED HAND STRIKE (PUNCH),CLOSED/FINAL,NOT SUSTAINED,PRYOR,ORLANDO,,,UNKNOWN,18,MALE,BLACK,apr2016,,,05,0,0,1
1056447,2234,MAY ST,11408,RESIDENCE,20aug2012 14:29:59,20aug2012 14:29:59,20aug2012,,,,,,,,05B,EXCESSIVE FORCE / ON DUTY - NO INJURY,S022,CLOSED HAND STRIKE (PUNCH),CLOSED/FINAL,NOT SUSTAINED,JOSEPH-GORDON,NICCOLE,,,,47,FEMALE,BLACK,apr2016,,,05,0,0,1
1056447,2234,MAY ST,11408,RESIDENCE,20aug2012 14:29:59,20aug2012 14:29:59,20aug2012,DUANE,GORDON,5977,311,,13dec1999,POLICE OFFICER,05B,EXCESSIVE FORCE / ON DUTY - NO INJURY,S022,CLOSED HAND STRIKE (PUNCH),CLOSED/FINAL,UNFOUNDED,ROGERS,MIA,,,UNKNOWN,37,FEMALE,BLACK,apr2016,,,05,0,0,1
1056447,2234,MAY ST,11408,RESIDENCE,20aug2012 14:29:59,20aug2012 14:29:59,20aug2012,,,,,,,,05B,EXCESSIVE FORCE / ON DUTY - NO INJURY,S022,CLOSED HAND STRIKE (PUNCH),CLOSED/FINAL,NOT SUSTAINED,ROGERS,MIA,,,UNKNOWN,39,FEMALE,BLACK,apr2016,,,05,0,0,1
1056447,2234,MAY ST,11408,RESIDENCE,20aug2012 14:29:59,20aug2012 14:29:59,20aug2012,,,,,,,,05B,EXCESSIVE FORCE / ON DUTY - NO INJURY,S022,CLOSED HAND STRIKE (PUNCH),CLOSED/FINAL,NOT SUSTAINED,GORDON,ANDREA,,,,51,FEMALE,BLACK,apr2016,,,05,0,1,1
