COMPLAINT_NUMBER,BEAT,STREET,ADDRESS,LOCATION_CODE,INCIDENT_TIME_START,INCIDENT_TIME_END,NOTIFICATION_DATE,ACCSUEDOFFICER_FNAME,ACCUSEDOFFICER_LNAME,ACCUSED_STAR,ACCUSED_UNIT,ACCUSED_DETAIL,ACCUSED_APPOINTMENT_DATE,ACCUSED_POSITION,INITIAL_CATEGORY_CODE,INITIAL_CATEGORY,CURRENT_CATEGORY_CODE,CURRENT_CATEGORY,CURRENT_STATUS,FINDING_CODE,INVOLVED_OFFICER_LNAME,INVOLVED_OFFICER_FNAME,INVOLVED_OFFICER_UNIT,INVOLVED_OFFICER_DETAIL,INVOLVED_OFFICER_POSITION,INVOLVED_OFFICER_AGE,INVOLVED_OFFICER_SEX,INVOLVED_OFFICER_RACE,foia,INVOLVED_OFFICER_DESCRIPTION,INVOLVED_OFFICER_TYPE,start_code_2,start_code_1,rec,sum_rec
1062564,624,DR MARTIN LUTHER KING JR DR,7515,STREET,23may2013 20:10:00,23may2013 20:10:00,30may2013,,,,,,,,05A,EXCESSIVE FORCE / ON DUTY - INJURY,S021,MISCELLANEOUS,CLOSED/FINAL,NOT SUSTAINED,THOMPSON,QUENTIN ,,,UNKNOWN,25,MALE,BLACK,apr2016,,,05,0,0,1
1062564,624,DR MARTIN LUTHER KING JR DR,7515,STREET,23may2013 20:10:00,23may2013 20:10:00,30may2013,,,,,,,,05A,EXCESSIVE FORCE / ON DUTY - INJURY,S021,MISCELLANEOUS,CLOSED/FINAL,NOT SUSTAINED,GARZA JR,ARMANDO,006,,POLICE OFFICER,,MALE,SPANISH (DO NOT USE),apr2016,,,05,0,1,1
1062564,624,DR MARTIN LUTHER KING JR DR,7515,STREET,23may2013 20:10:00,23may2013 20:10:00,30may2013,,,,,,,,05A,EXCESSIVE FORCE / ON DUTY - INJURY,S021,MISCELLANEOUS,CLOSED/FINAL,NOT SUSTAINED,THOMPSON,QUENTIN ,,,UNKNOWN,27,MALE,BLACK,apr2016,,,05,0,0,1
1062564,624,DR MARTIN LUTHER KING JR DR,7515,STREET,23may2013 20:10:00,23may2013 20:10:00,30may2013,,BROWN JR,9239,006,,29oct2001,POLICE OFFICER,05A,EXCESSIVE FORCE / ON DUTY - INJURY,S021,MISCELLANEOUS,CLOSED/FINAL,UNFOUNDED,THOMPSON,QUENTIN ,,,UNKNOWN,27,MALE,BLACK,apr2016,,,05,0,0,1
1062564,624,DR MARTIN LUTHER KING JR DR,7515,STREET,23may2013 20:10:00,23may2013 20:10:00,30may2013,,BROWN JR,9239,006,,29oct2001,POLICE OFFICER,05A,EXCESSIVE FORCE / ON DUTY - INJURY,S021,MISCELLANEOUS,CLOSED/FINAL,UNFOUNDED,GARZA JR,ARMANDO,006,,POLICE OFFICER,,MALE,SPANISH (DO NOT USE),apr2016,,,05,0,0,1
1062564,624,DR MARTIN LUTHER KING JR DR,7515,STREET,23may2013 20:10:00,23may2013 20:10:00,30may2013,,BROWN JR,9239,006,,29oct2001,POLICE OFFICER,05A,EXCESSIVE FORCE / ON DUTY - INJURY,S021,MISCELLANEOUS,CLOSED/FINAL,UNFOUNDED,THOMPSON,QUENTIN ,,,UNKNOWN,25,MALE,BLACK,apr2016,,,05,0,0,1
