COMPLAINT_NUMBER,BEAT,STREET,ADDRESS,LOCATION_CODE,INCIDENT_TIME_START,INCIDENT_TIME_END,NOTIFICATION_DATE,ACCSUEDOFFICER_FNAME,ACCUSEDOFFICER_LNAME,ACCUSED_STAR,ACCUSED_UNIT,ACCUSED_DETAIL,ACCUSED_APPOINTMENT_DATE,ACCUSED_POSITION,INITIAL_CATEGORY_CODE,INITIAL_CATEGORY,CURRENT_CATEGORY_CODE,CURRENT_CATEGORY,CURRENT_STATUS,FINDING_CODE,INVOLVED_OFFICER_LNAME,INVOLVED_OFFICER_FNAME,INVOLVED_OFFICER_UNIT,INVOLVED_OFFICER_DETAIL,INVOLVED_OFFICER_POSITION,INVOLVED_OFFICER_AGE,INVOLVED_OFFICER_SEX,INVOLVED_OFFICER_RACE,foia,INVOLVED_OFFICER_DESCRIPTION,INVOLVED_OFFICER_TYPE,start_code_2,start_code_1,rec,sum_rec
1057943,313,RHODES AVE,6215,RESIDENCE,21oct2012 18:35:00,21oct2012 18:35:00,22oct2012,,,,,,,,05P,UNNECESSARY DISPLAY OF WEAPON / ON DUTY,05P,UNNECESSARY DISPLAY OF WEAPON / ON DUTY,CLOSED/FINAL,UNFOUNDED,THOMAS,SIERRA,,,UNKNOWN,16,FEMALE,BLACK,apr2016,,,05,0,0,1
1057943,313,RHODES AVE,6215,RESIDENCE,21oct2012 18:35:00,21oct2012 18:35:00,22oct2012,,,,,,,,05P,UNNECESSARY DISPLAY OF WEAPON / ON DUTY,05P,UNNECESSARY DISPLAY OF WEAPON / ON DUTY,CLOSED/FINAL,UNFOUNDED,MILLER,JOVANNAH,,,UNKNOWN,35,FEMALE,BLACK,apr2016,,,05,0,0,1
1057943,313,RHODES AVE,6215,RESIDENCE,21oct2012 18:35:00,21oct2012 18:35:00,22oct2012,,,,,,,,05P,UNNECESSARY DISPLAY OF WEAPON / ON DUTY,05P,UNNECESSARY DISPLAY OF WEAPON / ON DUTY,CLOSED/FINAL,UNFOUNDED,THOMAS,JAMILLE JR.,,,UNKNOWN,12,MALE,BLACK,apr2016,,,05,0,0,1
1057943,313,RHODES AVE,6215,RESIDENCE,21oct2012 18:35:00,21oct2012 18:35:00,22oct2012,,,,,,,,05P,UNNECESSARY DISPLAY OF WEAPON / ON DUTY,05P,UNNECESSARY DISPLAY OF WEAPON / ON DUTY,CLOSED/FINAL,UNFOUNDED,MILLER,JOVANNAH,,,UNKNOWN,36,FEMALE,BLACK,apr2016,,,05,0,0,1
