COMPLAINT_NUMBER,BEAT,STREET,ADDRESS,LOCATION_CODE,INCIDENT_TIME_START,INCIDENT_TIME_END,NOTIFICATION_DATE,ACCSUEDOFFICER_FNAME,ACCUSEDOFFICER_LNAME,ACCUSED_STAR,ACCUSED_UNIT,ACCUSED_DETAIL,ACCUSED_APPOINTMENT_DATE,ACCUSED_POSITION,INITIAL_CATEGORY_CODE,INITIAL_CATEGORY,CURRENT_CATEGORY_CODE,CURRENT_CATEGORY,CURRENT_STATUS,FINDING_CODE,INVOLVED_OFFICER_LNAME,INVOLVED_OFFICER_FNAME,INVOLVED_OFFICER_UNIT,INVOLVED_OFFICER_DETAIL,INVOLVED_OFFICER_POSITION,INVOLVED_OFFICER_AGE,INVOLVED_OFFICER_SEX,INVOLVED_OFFICER_RACE,foia,INVOLVED_OFFICER_DESCRIPTION,INVOLVED_OFFICER_TYPE,start_code_2,start_code_1,rec,sum_rec
1053823,1531,LARAMIE AVE,1007,RESIDENTIAL YARD (FRONT/BACK),06may2012 20:00:00,06may2012 20:00:00,07may2012,PETER,ROEHL,14128,015,,11sep2000,POLICE OFFICER,05P,UNNECESSARY DISPLAY OF WEAPON / ON DUTY,01B,"RACIAL / ETHNIC, ETC.",CLOSED/FINAL,EXONERATED,FOUNTAIN ,QUINTIN,,,UNKNOWN,36,MALE,BLACK,apr2016,,,05,0,0,1
1053823,1531,LARAMIE AVE,1007,RESIDENTIAL YARD (FRONT/BACK),06may2012 20:00:00,06may2012 20:00:00,07may2012,JOSEPH,PAPKE,4904,015,,05dec2005,POLICE OFFICER,05P,UNNECESSARY DISPLAY OF WEAPON / ON DUTY,01B,"RACIAL / ETHNIC, ETC.",CLOSED/FINAL,EXONERATED,FOUNTAIN ,MINNIE,,,UNKNOWN,,FEMALE,BLACK,apr2016,,,05,0,0,1
1053823,1531,LARAMIE AVE,1007,RESIDENTIAL YARD (FRONT/BACK),06may2012 20:00:00,06may2012 20:00:00,07may2012,PETER,ROEHL,14128,015,,11sep2000,POLICE OFFICER,05P,UNNECESSARY DISPLAY OF WEAPON / ON DUTY,01B,"RACIAL / ETHNIC, ETC.",CLOSED/FINAL,EXONERATED,WILLIAMS ,ETHEL,,,UNKNOWN,,FEMALE,BLACK,apr2016,,,05,0,0,1
1053823,1531,LARAMIE AVE,1007,RESIDENTIAL YARD (FRONT/BACK),06may2012 20:00:00,06may2012 20:00:00,07may2012,MICHAEL,AMORELLA,10544,015,,11sep2000,POLICE OFFICER,05P,UNNECESSARY DISPLAY OF WEAPON / ON DUTY,01B,"RACIAL / ETHNIC, ETC.",CLOSED/FINAL,EXONERATED,FOUNTAIN ,QUINTIN,,,UNKNOWN,35,MALE,BLACK,apr2016,,,05,0,0,1
1053823,1531,LARAMIE AVE,1007,RESIDENTIAL YARD (FRONT/BACK),06may2012 20:00:00,06may2012 20:00:00,07may2012,JOSEPH,PAPKE,4904,015,,05dec2005,POLICE OFFICER,05P,UNNECESSARY DISPLAY OF WEAPON / ON DUTY,01B,"RACIAL / ETHNIC, ETC.",CLOSED/FINAL,EXONERATED,WILLIAMS,JAMES,,,UNKNOWN,73,MALE,BLACK,apr2016,,,05,0,0,1
1053823,1531,LARAMIE AVE,1007,RESIDENTIAL YARD (FRONT/BACK),06may2012 20:00:00,06may2012 20:00:00,07may2012,MICHAEL,AMORELLA,10544,015,,11sep2000,POLICE OFFICER,05P,UNNECESSARY DISPLAY OF WEAPON / ON DUTY,01B,"RACIAL / ETHNIC, ETC.",CLOSED/FINAL,EXONERATED,FOUNTAIN ,QUINTIN,,,UNKNOWN,36,MALE,BLACK,apr2016,,,05,0,0,1
1053823,1531,LARAMIE AVE,1007,RESIDENTIAL YARD (FRONT/BACK),06may2012 20:00:00,06may2012 20:00:00,07may2012,JOSEPH,PAPKE,4904,015,,05dec2005,POLICE OFFICER,05P,UNNECESSARY DISPLAY OF WEAPON / ON DUTY,01B,"RACIAL / ETHNIC, ETC.",CLOSED/FINAL,EXONERATED,WILLIAMS ,ETHEL,,,UNKNOWN,,FEMALE,BLACK,apr2016,,,05,0,0,1
1053823,1531,LARAMIE AVE,1007,RESIDENTIAL YARD (FRONT/BACK),06may2012 20:00:00,06may2012 20:00:00,07may2012,PETER,ROEHL,14128,015,,11sep2000,POLICE OFFICER,05P,UNNECESSARY DISPLAY OF WEAPON / ON DUTY,01B,"RACIAL / ETHNIC, ETC.",CLOSED/FINAL,EXONERATED,WILLIAMS,JAMES,,,UNKNOWN,73,MALE,BLACK,apr2016,,,05,0,0,1
1053823,1531,LARAMIE AVE,1007,RESIDENTIAL YARD (FRONT/BACK),06may2012 20:00:00,06may2012 20:00:00,07may2012,MAURICE,GUERIN,4634,015,,03jan2005,POLICE OFFICER,05P,UNNECESSARY DISPLAY OF WEAPON / ON DUTY,01B,"RACIAL / ETHNIC, ETC.",CLOSED/FINAL,NOT SUSTAINED,MCGRADY,VARTESE,,,UNKNOWN,25,MALE,BLACK,apr2016,,,05,0,0,1
1053823,1531,LARAMIE AVE,1007,RESIDENTIAL YARD (FRONT/BACK),06may2012 20:00:00,06may2012 20:00:00,07may2012,MAURICE,GUERIN,4634,015,,03jan2005,POLICE OFFICER,05P,UNNECESSARY DISPLAY OF WEAPON / ON DUTY,01B,"RACIAL / ETHNIC, ETC.",CLOSED/FINAL,NOT SUSTAINED,WILLIAMS,JAMES,,,UNKNOWN,73,MALE,BLACK,apr2016,,,05,0,0,1
1053823,1531,LARAMIE AVE,1007,RESIDENTIAL YARD (FRONT/BACK),06may2012 20:00:00,06may2012 20:00:00,07may2012,,,,,,,,05P,UNNECESSARY DISPLAY OF WEAPON / ON DUTY,01B,"RACIAL / ETHNIC, ETC.",CLOSED/FINAL,NOT SUSTAINED,WILLIAMS,LARETHA,,,UNKNOWN,,FEMALE,BLACK,apr2016,,,05,0,0,1
1053823,1531,LARAMIE AVE,1007,RESIDENTIAL YARD (FRONT/BACK),06may2012 20:00:00,06may2012 20:00:00,07may2012,,,,,,,,05P,UNNECESSARY DISPLAY OF WEAPON / ON DUTY,01B,"RACIAL / ETHNIC, ETC.",CLOSED/FINAL,NOT SUSTAINED,FOUNTAIN ,MINNIE,,,UNKNOWN,,FEMALE,BLACK,apr2016,,,05,0,0,1
1053823,1531,LARAMIE AVE,1007,RESIDENTIAL YARD (FRONT/BACK),06may2012 20:00:00,06may2012 20:00:00,07may2012,JOSEPH,PAPKE,4904,015,,05dec2005,POLICE OFFICER,05P,UNNECESSARY DISPLAY OF WEAPON / ON DUTY,01B,"RACIAL / ETHNIC, ETC.",CLOSED/FINAL,EXONERATED,MCGRADY,VARTESE,,,UNKNOWN,25,MALE,BLACK,apr2016,,,05,0,0,1
1053823,1531,LARAMIE AVE,1007,RESIDENTIAL YARD (FRONT/BACK),06may2012 20:00:00,06may2012 20:00:00,07may2012,MAURICE,GUERIN,4634,015,,03jan2005,POLICE OFFICER,05P,UNNECESSARY DISPLAY OF WEAPON / ON DUTY,01B,"RACIAL / ETHNIC, ETC.",CLOSED/FINAL,NOT SUSTAINED,FOUNTAIN ,QUINTIN,,,UNKNOWN,36,MALE,BLACK,apr2016,,,05,0,0,1
1053823,1531,LARAMIE AVE,1007,RESIDENTIAL YARD (FRONT/BACK),06may2012 20:00:00,06may2012 20:00:00,07may2012,MAURICE,GUERIN,4634,015,,03jan2005,POLICE OFFICER,05P,UNNECESSARY DISPLAY OF WEAPON / ON DUTY,01B,"RACIAL / ETHNIC, ETC.",CLOSED/FINAL,NOT SUSTAINED,FOUNTAIN ,QUINTIN,,,UNKNOWN,35,MALE,BLACK,apr2016,,,05,0,0,1
1053823,1531,LARAMIE AVE,1007,RESIDENTIAL YARD (FRONT/BACK),06may2012 20:00:00,06may2012 20:00:00,07may2012,,,,,,,,05P,UNNECESSARY DISPLAY OF WEAPON / ON DUTY,01B,"RACIAL / ETHNIC, ETC.",CLOSED/FINAL,NOT SUSTAINED,WILLIAMS,JAMES,,,UNKNOWN,74,MALE,BLACK,apr2016,,,05,0,0,1
1053823,1531,LARAMIE AVE,1007,RESIDENTIAL YARD (FRONT/BACK),06may2012 20:00:00,06may2012 20:00:00,07may2012,,,,,,,,05P,UNNECESSARY DISPLAY OF WEAPON / ON DUTY,01B,"RACIAL / ETHNIC, ETC.",CLOSED/FINAL,NOT SUSTAINED,FOUNTAIN ,QUINTIN,,,UNKNOWN,36,MALE,BLACK,apr2016,,,05,0,0,1
1053823,1531,LARAMIE AVE,1007,RESIDENTIAL YARD (FRONT/BACK),06may2012 20:00:00,06may2012 20:00:00,07may2012,JOSEPH,PAPKE,4904,015,,05dec2005,POLICE OFFICER,05P,UNNECESSARY DISPLAY OF WEAPON / ON DUTY,01B,"RACIAL / ETHNIC, ETC.",CLOSED/FINAL,EXONERATED,FOUNTAIN ,QUINTIN,,,UNKNOWN,35,MALE,BLACK,apr2016,,,05,0,0,1
1053823,1531,LARAMIE AVE,1007,RESIDENTIAL YARD (FRONT/BACK),06may2012 20:00:00,06may2012 20:00:00,07may2012,JOSEPH,PAPKE,4904,015,,05dec2005,POLICE OFFICER,05P,UNNECESSARY DISPLAY OF WEAPON / ON DUTY,01B,"RACIAL / ETHNIC, ETC.",CLOSED/FINAL,EXONERATED,FOUNTAIN ,QUINTIN,,,UNKNOWN,36,MALE,BLACK,apr2016,,,05,0,0,1
1053823,1531,LARAMIE AVE,1007,RESIDENTIAL YARD (FRONT/BACK),06may2012 20:00:00,06may2012 20:00:00,07may2012,MICHAEL,AMORELLA,10544,015,,11sep2000,POLICE OFFICER,05P,UNNECESSARY DISPLAY OF WEAPON / ON DUTY,01B,"RACIAL / ETHNIC, ETC.",CLOSED/FINAL,EXONERATED,FOUNTAIN ,MINNIE,,,UNKNOWN,,FEMALE,BLACK,apr2016,,,05,0,0,1
1053823,1531,LARAMIE AVE,1007,RESIDENTIAL YARD (FRONT/BACK),06may2012 20:00:00,06may2012 20:00:00,07may2012,PETER,ROEHL,14128,015,,11sep2000,POLICE OFFICER,05P,UNNECESSARY DISPLAY OF WEAPON / ON DUTY,01B,"RACIAL / ETHNIC, ETC.",CLOSED/FINAL,EXONERATED,MCGRADY,VARTESE,,,UNKNOWN,25,MALE,BLACK,apr2016,,,05,0,0,1
1053823,1531,LARAMIE AVE,1007,RESIDENTIAL YARD (FRONT/BACK),06may2012 20:00:00,06may2012 20:00:00,07may2012,MAURICE,GUERIN,4634,015,,03jan2005,POLICE OFFICER,05P,UNNECESSARY DISPLAY OF WEAPON / ON DUTY,01B,"RACIAL / ETHNIC, ETC.",CLOSED/FINAL,NOT SUSTAINED,FOUNTAIN ,MINNIE,,,UNKNOWN,,FEMALE,BLACK,apr2016,,,05,0,0,1
1053823,1531,LARAMIE AVE,1007,RESIDENTIAL YARD (FRONT/BACK),06may2012 20:00:00,06may2012 20:00:00,07may2012,,,,,,,,05P,UNNECESSARY DISPLAY OF WEAPON / ON DUTY,01B,"RACIAL / ETHNIC, ETC.",CLOSED/FINAL,NOT SUSTAINED,WILLIAMS ,ETHEL,,,UNKNOWN,,FEMALE,BLACK,apr2016,,,05,0,0,1
1053823,1531,LARAMIE AVE,1007,RESIDENTIAL YARD (FRONT/BACK),06may2012 20:00:00,06may2012 20:00:00,07may2012,MICHAEL,AMORELLA,10544,015,,11sep2000,POLICE OFFICER,05P,UNNECESSARY DISPLAY OF WEAPON / ON DUTY,01B,"RACIAL / ETHNIC, ETC.",CLOSED/FINAL,EXONERATED,WILLIAMS,JAMES,,,UNKNOWN,73,MALE,BLACK,apr2016,,,05,0,0,1
1053823,1531,LARAMIE AVE,1007,RESIDENTIAL YARD (FRONT/BACK),06may2012 20:00:00,06may2012 20:00:00,07may2012,MICHAEL,AMORELLA,10544,015,,11sep2000,POLICE OFFICER,05P,UNNECESSARY DISPLAY OF WEAPON / ON DUTY,01B,"RACIAL / ETHNIC, ETC.",CLOSED/FINAL,EXONERATED,WILLIAMS,JAMES,,,UNKNOWN,74,MALE,BLACK,apr2016,,,05,0,0,1
1053823,1531,LARAMIE AVE,1007,RESIDENTIAL YARD (FRONT/BACK),06may2012 20:00:00,06may2012 20:00:00,07may2012,,,,,,,,05P,UNNECESSARY DISPLAY OF WEAPON / ON DUTY,01B,"RACIAL / ETHNIC, ETC.",CLOSED/FINAL,NOT SUSTAINED,WILLIAMS,JAMES,,,UNKNOWN,73,MALE,BLACK,apr2016,,,05,0,0,1
1053823,1531,LARAMIE AVE,1007,RESIDENTIAL YARD (FRONT/BACK),06may2012 20:00:00,06may2012 20:00:00,07may2012,PETER,ROEHL,14128,015,,11sep2000,POLICE OFFICER,05P,UNNECESSARY DISPLAY OF WEAPON / ON DUTY,01B,"RACIAL / ETHNIC, ETC.",CLOSED/FINAL,EXONERATED,WILLIAMS,LARETHA,,,UNKNOWN,,FEMALE,BLACK,apr2016,,,05,0,0,1
1053823,1531,LARAMIE AVE,1007,RESIDENTIAL YARD (FRONT/BACK),06may2012 20:00:00,06may2012 20:00:00,07may2012,,,,,,,,05P,UNNECESSARY DISPLAY OF WEAPON / ON DUTY,01B,"RACIAL / ETHNIC, ETC.",CLOSED/FINAL,NOT SUSTAINED,MCGRADY,VARTESE,,,UNKNOWN,25,MALE,BLACK,apr2016,,,05,0,0,1
1053823,1531,LARAMIE AVE,1007,RESIDENTIAL YARD (FRONT/BACK),06may2012 20:00:00,06may2012 20:00:00,07may2012,PETER,ROEHL,14128,015,,11sep2000,POLICE OFFICER,05P,UNNECESSARY DISPLAY OF WEAPON / ON DUTY,01B,"RACIAL / ETHNIC, ETC.",CLOSED/FINAL,EXONERATED,WILLIAMS,JAMES,,,UNKNOWN,74,MALE,BLACK,apr2016,,,05,0,0,1
1053823,1531,LARAMIE AVE,1007,RESIDENTIAL YARD (FRONT/BACK),06may2012 20:00:00,06may2012 20:00:00,07may2012,,,,,,,,05P,UNNECESSARY DISPLAY OF WEAPON / ON DUTY,01B,"RACIAL / ETHNIC, ETC.",CLOSED/FINAL,NOT SUSTAINED,FOUNTAIN ,QUINTIN,,,UNKNOWN,35,MALE,BLACK,apr2016,,,05,0,0,1
1053823,1531,LARAMIE AVE,1007,RESIDENTIAL YARD (FRONT/BACK),06may2012 20:00:00,06may2012 20:00:00,07may2012,MAURICE,GUERIN,4634,015,,03jan2005,POLICE OFFICER,05P,UNNECESSARY DISPLAY OF WEAPON / ON DUTY,01B,"RACIAL / ETHNIC, ETC.",CLOSED/FINAL,NOT SUSTAINED,WILLIAMS,JAMES,,,UNKNOWN,74,MALE,BLACK,apr2016,,,05,0,0,1
1053823,1531,LARAMIE AVE,1007,RESIDENTIAL YARD (FRONT/BACK),06may2012 20:00:00,06may2012 20:00:00,07may2012,MAURICE,GUERIN,4634,015,,03jan2005,POLICE OFFICER,05P,UNNECESSARY DISPLAY OF WEAPON / ON DUTY,01B,"RACIAL / ETHNIC, ETC.",CLOSED/FINAL,NOT SUSTAINED,WILLIAMS ,ETHEL,,,UNKNOWN,,FEMALE,BLACK,apr2016,,,05,0,0,1
1053823,1531,LARAMIE AVE,1007,RESIDENTIAL YARD (FRONT/BACK),06may2012 20:00:00,06may2012 20:00:00,07may2012,MAURICE,GUERIN,4634,015,,03jan2005,POLICE OFFICER,05P,UNNECESSARY DISPLAY OF WEAPON / ON DUTY,01B,"RACIAL / ETHNIC, ETC.",CLOSED/FINAL,NOT SUSTAINED,WILLIAMS,LARETHA,,,UNKNOWN,,FEMALE,BLACK,apr2016,,,05,0,0,1
1053823,1531,LARAMIE AVE,1007,RESIDENTIAL YARD (FRONT/BACK),06may2012 20:00:00,06may2012 20:00:00,07may2012,JOSEPH,PAPKE,4904,015,,05dec2005,POLICE OFFICER,05P,UNNECESSARY DISPLAY OF WEAPON / ON DUTY,01B,"RACIAL / ETHNIC, ETC.",CLOSED/FINAL,EXONERATED,WILLIAMS,LARETHA,,,UNKNOWN,,FEMALE,BLACK,apr2016,,,05,0,0,1
1053823,1531,LARAMIE AVE,1007,RESIDENTIAL YARD (FRONT/BACK),06may2012 20:00:00,06may2012 20:00:00,07may2012,PETER,ROEHL,14128,015,,11sep2000,POLICE OFFICER,05P,UNNECESSARY DISPLAY OF WEAPON / ON DUTY,01B,"RACIAL / ETHNIC, ETC.",CLOSED/FINAL,EXONERATED,FOUNTAIN ,MINNIE,,,UNKNOWN,,FEMALE,BLACK,apr2016,,,05,0,0,1
1053823,1531,LARAMIE AVE,1007,RESIDENTIAL YARD (FRONT/BACK),06may2012 20:00:00,06may2012 20:00:00,07may2012,PETER,ROEHL,14128,015,,11sep2000,POLICE OFFICER,05P,UNNECESSARY DISPLAY OF WEAPON / ON DUTY,01B,"RACIAL / ETHNIC, ETC.",CLOSED/FINAL,EXONERATED,FOUNTAIN ,QUINTIN,,,UNKNOWN,35,MALE,BLACK,apr2016,,,05,0,0,1
1053823,1531,LARAMIE AVE,1007,RESIDENTIAL YARD (FRONT/BACK),06may2012 20:00:00,06may2012 20:00:00,07may2012,MICHAEL,AMORELLA,10544,015,,11sep2000,POLICE OFFICER,05P,UNNECESSARY DISPLAY OF WEAPON / ON DUTY,01B,"RACIAL / ETHNIC, ETC.",CLOSED/FINAL,EXONERATED,WILLIAMS,LARETHA,,,UNKNOWN,,FEMALE,BLACK,apr2016,,,05,0,0,1
1053823,1531,LARAMIE AVE,1007,RESIDENTIAL YARD (FRONT/BACK),06may2012 20:00:00,06may2012 20:00:00,07may2012,MICHAEL,AMORELLA,10544,015,,11sep2000,POLICE OFFICER,05P,UNNECESSARY DISPLAY OF WEAPON / ON DUTY,01B,"RACIAL / ETHNIC, ETC.",CLOSED/FINAL,EXONERATED,MCGRADY,VARTESE,,,UNKNOWN,25,MALE,BLACK,apr2016,,,05,0,0,1
1053823,1531,LARAMIE AVE,1007,RESIDENTIAL YARD (FRONT/BACK),06may2012 20:00:00,06may2012 20:00:00,07may2012,JOSEPH,PAPKE,4904,015,,05dec2005,POLICE OFFICER,05P,UNNECESSARY DISPLAY OF WEAPON / ON DUTY,01B,"RACIAL / ETHNIC, ETC.",CLOSED/FINAL,EXONERATED,WILLIAMS,JAMES,,,UNKNOWN,74,MALE,BLACK,apr2016,,,05,0,0,1
1053823,1531,LARAMIE AVE,1007,RESIDENTIAL YARD (FRONT/BACK),06may2012 20:00:00,06may2012 20:00:00,07may2012,MICHAEL,AMORELLA,10544,015,,11sep2000,POLICE OFFICER,05P,UNNECESSARY DISPLAY OF WEAPON / ON DUTY,01B,"RACIAL / ETHNIC, ETC.",CLOSED/FINAL,EXONERATED,WILLIAMS ,ETHEL,,,UNKNOWN,,FEMALE,BLACK,apr2016,,,05,0,0,1
