COMPLAINT_NUMBER,BEAT,STREET,ADDRESS,LOCATION_CODE,INCIDENT_TIME_START,INCIDENT_TIME_END,NOTIFICATION_DATE,ACCSUEDOFFICER_FNAME,ACCUSEDOFFICER_LNAME,ACCUSED_STAR,ACCUSED_UNIT,ACCUSED_DETAIL,ACCUSED_APPOINTMENT_DATE,ACCUSED_POSITION,INITIAL_CATEGORY_CODE,INITIAL_CATEGORY,CURRENT_CATEGORY_CODE,CURRENT_CATEGORY,CURRENT_STATUS,FINDING_CODE,INVOLVED_OFFICER_LNAME,INVOLVED_OFFICER_FNAME,INVOLVED_OFFICER_UNIT,INVOLVED_OFFICER_DETAIL,INVOLVED_OFFICER_POSITION,INVOLVED_OFFICER_AGE,INVOLVED_OFFICER_SEX,INVOLVED_OFFICER_RACE,foia,INVOLVED_OFFICER_DESCRIPTION,INVOLVED_OFFICER_TYPE,start_code_2,start_code_1,rec,sum_rec
1057248,322,STATE ST,6800,STREET,21sep2012 11:45:00,21sep2012 11:45:00,21sep2012,VIDAL,VASQUEZ,2664,311,,08sep1986,SERGEANT OF POLICE,S117,PUSH/PULL/GRAB,S042,MISCELLANEOUS,CLOSED/FINAL,UNFOUNDED,RODEKOHR,BRANDON,,,,,MALE,WHITE,apr2016,,,S1,S,0,1
1057248,322,STATE ST,6800,STREET,21sep2012 11:45:00,21sep2012 11:45:00,21sep2012,VIDAL,VASQUEZ,2664,311,,08sep1986,SERGEANT OF POLICE,S117,PUSH/PULL/GRAB,S042,MISCELLANEOUS,CLOSED/FINAL,UNFOUNDED,OKAFOR,CHUKWUDI,,,UNKNOWN,39,MALE,BLACK,apr2016,,,S1,S,0,1
1057248,322,STATE ST,6800,STREET,21sep2012 11:45:00,21sep2012 11:45:00,21sep2012,JAMES,BALLAUER,1874,312,,26oct1998,SERGEANT OF POLICE,S117,PUSH/PULL/GRAB,S042,MISCELLANEOUS,CLOSED/FINAL,UNFOUNDED,OKAFOR,CHUKWUDI,,,UNKNOWN,40,MALE,BLACK,apr2016,,,S1,S,0,1
1057248,322,STATE ST,6800,STREET,21sep2012 11:45:00,21sep2012 11:45:00,21sep2012,,,,,,,,S117,PUSH/PULL/GRAB,S042,MISCELLANEOUS,CLOSED/FINAL,NOT SUSTAINED,OKAFOR,CHUKWUDI,,,UNKNOWN,39,MALE,BLACK,apr2016,,,S1,S,1,1
1057248,322,STATE ST,6800,STREET,21sep2012 11:45:00,21sep2012 11:45:00,21sep2012,,,,,,,,S117,PUSH/PULL/GRAB,S042,MISCELLANEOUS,CLOSED/FINAL,NOT SUSTAINED,OKAFOR,EMEKA,,,UNKNOWN,42,MALE,BLACK,apr2016,,,S1,S,0,1
1057248,322,STATE ST,6800,STREET,21sep2012 11:45:00,21sep2012 11:45:00,21sep2012,DAMEN,BALESTERI,7510,312,,06sep1994,POLICE OFFICER,S117,PUSH/PULL/GRAB,S042,MISCELLANEOUS,CLOSED/FINAL,NOT SUSTAINED,OKAFOR,EMEKA,,,UNKNOWN,42,MALE,BLACK,apr2016,,,S1,S,0,1
1057248,322,STATE ST,6800,STREET,21sep2012 11:45:00,21sep2012 11:45:00,21sep2012,DAMEN,BALESTERI,7510,312,,06sep1994,POLICE OFFICER,S117,PUSH/PULL/GRAB,S042,MISCELLANEOUS,CLOSED/FINAL,NOT SUSTAINED,RODEKOHR,BRANDON,,,,,MALE,WHITE,apr2016,,,S1,S,0,1
1057248,322,STATE ST,6800,STREET,21sep2012 11:45:00,21sep2012 11:45:00,21sep2012,DAMEN,BALESTERI,7510,312,,06sep1994,POLICE OFFICER,S117,PUSH/PULL/GRAB,S042,MISCELLANEOUS,CLOSED/FINAL,NOT SUSTAINED,OKAFOR,CHUKWUDI,,,UNKNOWN,39,MALE,BLACK,apr2016,,,S1,S,0,1
1057248,322,STATE ST,6800,STREET,21sep2012 11:45:00,21sep2012 11:45:00,21sep2012,JAMES,BALLAUER,1874,312,,26oct1998,SERGEANT OF POLICE,S117,PUSH/PULL/GRAB,S042,MISCELLANEOUS,CLOSED/FINAL,UNFOUNDED,OKAFOR,EMEKA,,,UNKNOWN,42,MALE,BLACK,apr2016,,,S1,S,0,1
1057248,322,STATE ST,6800,STREET,21sep2012 11:45:00,21sep2012 11:45:00,21sep2012,,,,,,,,S117,PUSH/PULL/GRAB,S042,MISCELLANEOUS,CLOSED/FINAL,NOT SUSTAINED,RODEKOHR,BRANDON,,,,,MALE,WHITE,apr2016,,,S1,S,0,1
1057248,322,STATE ST,6800,STREET,21sep2012 11:45:00,21sep2012 11:45:00,21sep2012,VIDAL,VASQUEZ,2664,311,,08sep1986,SERGEANT OF POLICE,S117,PUSH/PULL/GRAB,S042,MISCELLANEOUS,CLOSED/FINAL,UNFOUNDED,OKAFOR,EMEKA,,,UNKNOWN,42,MALE,BLACK,apr2016,,,S1,S,0,1
1057248,322,STATE ST,6800,STREET,21sep2012 11:45:00,21sep2012 11:45:00,21sep2012,JAMES,BALLAUER,1874,312,,26oct1998,SERGEANT OF POLICE,S117,PUSH/PULL/GRAB,S042,MISCELLANEOUS,CLOSED/FINAL,UNFOUNDED,RODEKOHR,BRANDON,,,,,MALE,WHITE,apr2016,,,S1,S,0,1
1057248,322,STATE ST,6800,STREET,21sep2012 11:45:00,21sep2012 11:45:00,21sep2012,JAMES,BALLAUER,1874,312,,26oct1998,SERGEANT OF POLICE,S117,PUSH/PULL/GRAB,S042,MISCELLANEOUS,CLOSED/FINAL,UNFOUNDED,OKAFOR,CHUKWUDI,,,UNKNOWN,39,MALE,BLACK,apr2016,,,S1,S,0,1
1057248,322,STATE ST,6800,STREET,21sep2012 11:45:00,21sep2012 11:45:00,21sep2012,,,,,,,,S117,PUSH/PULL/GRAB,S042,MISCELLANEOUS,CLOSED/FINAL,NOT SUSTAINED,,,,,,,,,apr2016,,,S1,S,0,1
1057248,322,STATE ST,6800,STREET,21sep2012 11:45:00,21sep2012 11:45:00,21sep2012,VIDAL,VASQUEZ,2664,311,,08sep1986,SERGEANT OF POLICE,S117,PUSH/PULL/GRAB,S042,MISCELLANEOUS,CLOSED/FINAL,UNFOUNDED,,,,,,,,,apr2016,,,S1,S,0,1
1057248,322,STATE ST,6800,STREET,21sep2012 11:45:00,21sep2012 11:45:00,21sep2012,VIDAL,VASQUEZ,2664,311,,08sep1986,SERGEANT OF POLICE,S117,PUSH/PULL/GRAB,S042,MISCELLANEOUS,CLOSED/FINAL,UNFOUNDED,OKAFOR,CHUKWUDI,,,UNKNOWN,40,MALE,BLACK,apr2016,,,S1,S,0,1
1057248,322,STATE ST,6800,STREET,21sep2012 11:45:00,21sep2012 11:45:00,21sep2012,DAMEN,BALESTERI,7510,312,,06sep1994,POLICE OFFICER,S117,PUSH/PULL/GRAB,S042,MISCELLANEOUS,CLOSED/FINAL,NOT SUSTAINED,OKAFOR,CHUKWUDI,,,UNKNOWN,40,MALE,BLACK,apr2016,,,S1,S,0,1
1057248,322,STATE ST,6800,STREET,21sep2012 11:45:00,21sep2012 11:45:00,21sep2012,JAMES,BALLAUER,1874,312,,26oct1998,SERGEANT OF POLICE,S117,PUSH/PULL/GRAB,S042,MISCELLANEOUS,CLOSED/FINAL,UNFOUNDED,,,,,,,,,apr2016,,,S1,S,0,1
1057248,322,STATE ST,6800,STREET,21sep2012 11:45:00,21sep2012 11:45:00,21sep2012,,,,,,,,S117,PUSH/PULL/GRAB,S042,MISCELLANEOUS,CLOSED/FINAL,NOT SUSTAINED,OKAFOR,CHUKWUDI,,,UNKNOWN,40,MALE,BLACK,apr2016,,,S1,S,0,1
1057248,322,STATE ST,6800,STREET,21sep2012 11:45:00,21sep2012 11:45:00,21sep2012,DAMEN,BALESTERI,7510,312,,06sep1994,POLICE OFFICER,S117,PUSH/PULL/GRAB,S042,MISCELLANEOUS,CLOSED/FINAL,NOT SUSTAINED,,,,,,,,,apr2016,,,S1,S,0,1
