COMPLAINT_NUMBER,BEAT,STREET,ADDRESS,LOCATION_CODE,INCIDENT_TIME_START,INCIDENT_TIME_END,NOTIFICATION_DATE,ACCSUEDOFFICER_FNAME,ACCUSEDOFFICER_LNAME,ACCUSED_STAR,ACCUSED_UNIT,ACCUSED_DETAIL,ACCUSED_APPOINTMENT_DATE,ACCUSED_POSITION,INITIAL_CATEGORY_CODE,INITIAL_CATEGORY,CURRENT_CATEGORY_CODE,CURRENT_CATEGORY,CURRENT_STATUS,FINDING_CODE,INVOLVED_OFFICER_LNAME,INVOLVED_OFFICER_FNAME,INVOLVED_OFFICER_UNIT,INVOLVED_OFFICER_DETAIL,INVOLVED_OFFICER_POSITION,INVOLVED_OFFICER_AGE,INVOLVED_OFFICER_SEX,INVOLVED_OFFICER_RACE,foia,INVOLVED_OFFICER_DESCRIPTION,INVOLVED_OFFICER_TYPE,start_code_2,start_code_1,rec,sum_rec
1056504,1524,LARAMIE AVE,800,GAS STATION,21aug2012 17:29:59,21aug2012 18:00:00,22aug2012,MATTHEW,SWAIN,1335,015,,02jan1992,SERGEANT OF POLICE,S021,MISCELLANEOUS,05B,EXCESSIVE FORCE / ON DUTY - NO INJURY,CLOSED/FINAL,UNFOUNDED,SWEENEY,THOMAS,015,,POLICE OFFICER,,MALE,WHITE,apr2016,,,S0,S,0,1
1056504,1524,LARAMIE AVE,800,GAS STATION,21aug2012 17:29:59,21aug2012 18:00:00,22aug2012,DAVID,WATSON,5899,015,,31jul2006,POLICE OFFICER,S021,MISCELLANEOUS,05B,EXCESSIVE FORCE / ON DUTY - NO INJURY,CLOSED/FINAL,EXONERATED,DIAZ,ERIC,015,,SERGEANT OF POLICE,,MALE,SPANISH (DO NOT USE),apr2016,,,S0,S,1,1
1056504,1524,LARAMIE AVE,800,GAS STATION,21aug2012 17:29:59,21aug2012 18:00:00,22aug2012,DAVID,WATSON,5899,015,,31jul2006,POLICE OFFICER,S021,MISCELLANEOUS,05B,EXCESSIVE FORCE / ON DUTY - NO INJURY,CLOSED/FINAL,EXONERATED,WASHINGTON,CHARISSE,,,UNKNOWN,25,FEMALE,BLACK,apr2016,,,S0,S,0,1
1056504,1524,LARAMIE AVE,800,GAS STATION,21aug2012 17:29:59,21aug2012 18:00:00,22aug2012,DAVID,WATSON,5899,015,,31jul2006,POLICE OFFICER,S021,MISCELLANEOUS,05B,EXCESSIVE FORCE / ON DUTY - NO INJURY,CLOSED/FINAL,UNFOUNDED,SWEENEY,THOMAS,015,,POLICE OFFICER,,MALE,WHITE,apr2016,,,S0,S,0,1
1056504,1524,LARAMIE AVE,800,GAS STATION,21aug2012 17:29:59,21aug2012 18:00:00,22aug2012,DAVID,WATSON,5899,015,,31jul2006,POLICE OFFICER,S021,MISCELLANEOUS,05B,EXCESSIVE FORCE / ON DUTY - NO INJURY,CLOSED/FINAL,UNFOUNDED,DIAZ,ERIC,015,,SERGEANT OF POLICE,,MALE,SPANISH (DO NOT USE),apr2016,,,S0,S,0,1
1056504,1524,LARAMIE AVE,800,GAS STATION,21aug2012 17:29:59,21aug2012 18:00:00,22aug2012,MATTHEW,SWAIN,1335,015,,02jan1992,SERGEANT OF POLICE,S021,MISCELLANEOUS,05B,EXCESSIVE FORCE / ON DUTY - NO INJURY,CLOSED/FINAL,UNFOUNDED,WASHINGTON,CHARISSE,,,UNKNOWN,25,FEMALE,BLACK,apr2016,,,S0,S,0,1
1056504,1524,LARAMIE AVE,800,GAS STATION,21aug2012 17:29:59,21aug2012 18:00:00,22aug2012,MATTHEW,SWAIN,1335,015,,02jan1992,SERGEANT OF POLICE,S021,MISCELLANEOUS,05B,EXCESSIVE FORCE / ON DUTY - NO INJURY,CLOSED/FINAL,NOT SUSTAINED,SWEENEY,THOMAS,015,,POLICE OFFICER,,MALE,WHITE,apr2016,,,S0,S,0,1
1056504,1524,LARAMIE AVE,800,GAS STATION,21aug2012 17:29:59,21aug2012 18:00:00,22aug2012,MATTHEW,SWAIN,1335,015,,02jan1992,SERGEANT OF POLICE,S021,MISCELLANEOUS,05B,EXCESSIVE FORCE / ON DUTY - NO INJURY,CLOSED/FINAL,NOT SUSTAINED,WASHINGTON,CHARISSE,,,UNKNOWN,25,FEMALE,BLACK,apr2016,,,S0,S,0,1
1056504,1524,LARAMIE AVE,800,GAS STATION,21aug2012 17:29:59,21aug2012 18:00:00,22aug2012,MATTHEW,SWAIN,1335,015,,02jan1992,SERGEANT OF POLICE,S021,MISCELLANEOUS,05B,EXCESSIVE FORCE / ON DUTY - NO INJURY,CLOSED/FINAL,NOT SUSTAINED,DIAZ,ERIC,015,,SERGEANT OF POLICE,,MALE,SPANISH (DO NOT USE),apr2016,,,S0,S,0,1
1056504,1524,LARAMIE AVE,800,GAS STATION,21aug2012 17:29:59,21aug2012 18:00:00,22aug2012,MATTHEW,SWAIN,1335,015,,02jan1992,SERGEANT OF POLICE,S021,MISCELLANEOUS,05B,EXCESSIVE FORCE / ON DUTY - NO INJURY,CLOSED/FINAL,NOT SUSTAINED,WASHINGTON,EDDIE,,,UNKNOWN,24,MALE,BLACK,apr2016,,,S0,S,0,1
1056504,1524,LARAMIE AVE,800,GAS STATION,21aug2012 17:29:59,21aug2012 18:00:00,22aug2012,MATTHEW,SWAIN,1335,015,,02jan1992,SERGEANT OF POLICE,S021,MISCELLANEOUS,05B,EXCESSIVE FORCE / ON DUTY - NO INJURY,CLOSED/FINAL,UNFOUNDED,DIAZ,ERIC,015,,SERGEANT OF POLICE,,MALE,SPANISH (DO NOT USE),apr2016,,,S0,S,0,1
1056504,1524,LARAMIE AVE,800,GAS STATION,21aug2012 17:29:59,21aug2012 18:00:00,22aug2012,DAVID,WATSON,5899,015,,31jul2006,POLICE OFFICER,S021,MISCELLANEOUS,05B,EXCESSIVE FORCE / ON DUTY - NO INJURY,CLOSED/FINAL,UNFOUNDED,WASHINGTON,EDDIE,,,UNKNOWN,24,MALE,BLACK,apr2016,,,S0,S,0,1
1056504,1524,LARAMIE AVE,800,GAS STATION,21aug2012 17:29:59,21aug2012 18:00:00,22aug2012,DAVID,WATSON,5899,015,,31jul2006,POLICE OFFICER,S021,MISCELLANEOUS,05B,EXCESSIVE FORCE / ON DUTY - NO INJURY,CLOSED/FINAL,EXONERATED,WASHINGTON,EDDIE,,,UNKNOWN,24,MALE,BLACK,apr2016,,,S0,S,0,1
1056504,1524,LARAMIE AVE,800,GAS STATION,21aug2012 17:29:59,21aug2012 18:00:00,22aug2012,DAVID,WATSON,5899,015,,31jul2006,POLICE OFFICER,S021,MISCELLANEOUS,05B,EXCESSIVE FORCE / ON DUTY - NO INJURY,CLOSED/FINAL,UNFOUNDED,WASHINGTON,CHARISSE,,,UNKNOWN,25,FEMALE,BLACK,apr2016,,,S0,S,0,1
1056504,1524,LARAMIE AVE,800,GAS STATION,21aug2012 17:29:59,21aug2012 18:00:00,22aug2012,DAVID,WATSON,5899,015,,31jul2006,POLICE OFFICER,S021,MISCELLANEOUS,05B,EXCESSIVE FORCE / ON DUTY - NO INJURY,CLOSED/FINAL,EXONERATED,SWEENEY,THOMAS,015,,POLICE OFFICER,,MALE,WHITE,apr2016,,,S0,S,0,1
1056504,1524,LARAMIE AVE,800,GAS STATION,21aug2012 17:29:59,21aug2012 18:00:00,22aug2012,MATTHEW,SWAIN,1335,015,,02jan1992,SERGEANT OF POLICE,S021,MISCELLANEOUS,05B,EXCESSIVE FORCE / ON DUTY - NO INJURY,CLOSED/FINAL,UNFOUNDED,WASHINGTON,EDDIE,,,UNKNOWN,24,MALE,BLACK,apr2016,,,S0,S,0,1
