COMPLAINT_NUMBER,BEAT,STREET,ADDRESS,LOCATION_CODE,INCIDENT_TIME_START,INCIDENT_TIME_END,NOTIFICATION_DATE,ACCSUEDOFFICER_FNAME,ACCUSEDOFFICER_LNAME,ACCUSED_STAR,ACCUSED_UNIT,ACCUSED_DETAIL,ACCUSED_APPOINTMENT_DATE,ACCUSED_POSITION,INITIAL_CATEGORY_CODE,INITIAL_CATEGORY,CURRENT_CATEGORY_CODE,CURRENT_CATEGORY,CURRENT_STATUS,FINDING_CODE,INVOLVED_OFFICER_LNAME,INVOLVED_OFFICER_FNAME,INVOLVED_OFFICER_UNIT,INVOLVED_OFFICER_DETAIL,INVOLVED_OFFICER_POSITION,INVOLVED_OFFICER_AGE,INVOLVED_OFFICER_SEX,INVOLVED_OFFICER_RACE,foia,INVOLVED_OFFICER_DESCRIPTION,INVOLVED_OFFICER_TYPE,start_code_2,start_code_1,rec,sum_rec
1056942,1114,PULASKI RD,350,STREET,08sep2012 22:30:00,08sep2012 23:29:59,10sep2012,MARIA,RAMIREZ,3446,011,,30apr2001,POLICE OFFICER,03B,IMPROPER SEARCH OF PERSON ,05A,EXCESSIVE FORCE / ON DUTY - INJURY,CLOSED/FINAL,NOT SUSTAINED,LIPKA,JOHN,011,,POLICE OFFICER,,MALE,WHITE,apr2016,,,03,0,0,1
1056942,1114,PULASKI RD,350,STREET,08sep2012 22:30:00,08sep2012 23:29:59,10sep2012,,,,,,,,03B,IMPROPER SEARCH OF PERSON ,05A,EXCESSIVE FORCE / ON DUTY - INJURY,CLOSED/FINAL,UNFOUNDED,LIPKA,JOHN,011,,POLICE OFFICER,,MALE,WHITE,apr2016,,,03,0,0,1
1056942,1114,PULASKI RD,350,STREET,08sep2012 22:30:00,08sep2012 23:29:59,10sep2012,,,,,,,,03B,IMPROPER SEARCH OF PERSON ,05A,EXCESSIVE FORCE / ON DUTY - INJURY,CLOSED/FINAL,UNFOUNDED,PEREZ,YUMERYS,,,UNKNOWN,24,FEMALE,WHITE HISPANIC,apr2016,,,03,0,0,1
1056942,1114,PULASKI RD,350,STREET,08sep2012 22:30:00,08sep2012 23:29:59,10sep2012,MARIA,RAMIREZ,3446,011,,30apr2001,POLICE OFFICER,03B,IMPROPER SEARCH OF PERSON ,05A,EXCESSIVE FORCE / ON DUTY - INJURY,CLOSED/FINAL,NOT SUSTAINED,PEREZ,YUMERYS,,,UNKNOWN,23,FEMALE,WHITE HISPANIC,apr2016,,,03,0,0,1
1056942,1114,PULASKI RD,350,STREET,08sep2012 22:30:00,08sep2012 23:29:59,10sep2012,,,,,,,,03B,IMPROPER SEARCH OF PERSON ,05A,EXCESSIVE FORCE / ON DUTY - INJURY,CLOSED/FINAL,UNFOUNDED,PEREZ,YUMERYS,,,UNKNOWN,23,FEMALE,WHITE HISPANIC,apr2016,,,03,0,0,1
1056942,1114,PULASKI RD,350,STREET,08sep2012 22:30:00,08sep2012 23:29:59,10sep2012,MARIA,RAMIREZ,3446,011,,30apr2001,POLICE OFFICER,03B,IMPROPER SEARCH OF PERSON ,05A,EXCESSIVE FORCE / ON DUTY - INJURY,CLOSED/FINAL,NOT SUSTAINED,HEIDEWALD,EDWARD,011,,POLICE OFFICER,,MALE,WHITE,apr2016,,,03,0,0,1
1056942,1114,PULASKI RD,350,STREET,08sep2012 22:30:00,08sep2012 23:29:59,10sep2012,MARIA,RAMIREZ,3446,011,,30apr2001,POLICE OFFICER,03B,IMPROPER SEARCH OF PERSON ,05A,EXCESSIVE FORCE / ON DUTY - INJURY,CLOSED/FINAL,NOT SUSTAINED,PEREZ,YUMERYS,,,UNKNOWN,24,FEMALE,WHITE HISPANIC,apr2016,,,03,0,0,1
1056942,1114,PULASKI RD,350,STREET,08sep2012 22:30:00,08sep2012 23:29:59,10sep2012,,,,,,,,03B,IMPROPER SEARCH OF PERSON ,05A,EXCESSIVE FORCE / ON DUTY - INJURY,CLOSED/FINAL,UNFOUNDED,HEIDEWALD,EDWARD,011,,POLICE OFFICER,,MALE,WHITE,apr2016,,,03,0,0,1
