COMPLAINT_NUMBER,BEAT,STREET,ADDRESS,LOCATION_CODE,INCIDENT_TIME_START,INCIDENT_TIME_END,NOTIFICATION_DATE,ACCSUEDOFFICER_FNAME,ACCUSEDOFFICER_LNAME,ACCUSED_STAR,ACCUSED_UNIT,ACCUSED_DETAIL,ACCUSED_APPOINTMENT_DATE,ACCUSED_POSITION,INITIAL_CATEGORY_CODE,INITIAL_CATEGORY,CURRENT_CATEGORY_CODE,CURRENT_CATEGORY,CURRENT_STATUS,FINDING_CODE,INVOLVED_OFFICER_LNAME,INVOLVED_OFFICER_FNAME,INVOLVED_OFFICER_UNIT,INVOLVED_OFFICER_DETAIL,INVOLVED_OFFICER_POSITION,INVOLVED_OFFICER_AGE,INVOLVED_OFFICER_SEX,INVOLVED_OFFICER_RACE,foia,INVOLVED_OFFICER_DESCRIPTION,INVOLVED_OFFICER_TYPE,start_code_2,start_code_1,rec,sum_rec
1057271,734,74TH ST,1275,STREET,,,22sep2012,MICHAEL,KARCZEWSKI,1055,311,,23oct1995,SERGEANT OF POLICE,05M,UNNECESSARY PHYSICAL CONTACT / ON DUTY - NO INJURY,S029,TAKE DOWN (THROWN TO GROUND),CLOSED/FINAL,NOT SUSTAINED,RICHARDS,ARNITA ,,,UNKNOWN,44,FEMALE,BLACK,apr2016,,,05,0,0,1
1057271,734,74TH ST,1275,STREET,,,22sep2012,MICHAEL,KARCZEWSKI,1055,311,,23oct1995,SERGEANT OF POLICE,05M,UNNECESSARY PHYSICAL CONTACT / ON DUTY - NO INJURY,S029,TAKE DOWN (THROWN TO GROUND),CLOSED/FINAL,NOT SUSTAINED,HOWELL ,CHRISTOPHER ,,,UNKNOWN,27,MALE,BLACK,apr2016,,,05,0,0,1
1057271,734,74TH ST,1275,STREET,,,22sep2012,,,,,,,,05M,UNNECESSARY PHYSICAL CONTACT / ON DUTY - NO INJURY,S029,TAKE DOWN (THROWN TO GROUND),CLOSED/FINAL,NOT SUSTAINED,RICHARD,AKISHA,,,UNKNOWN,27,FEMALE,BLACK,apr2016,,,05,0,0,1
1057271,734,74TH ST,1275,STREET,,,22sep2012,,,,,,,,05M,UNNECESSARY PHYSICAL CONTACT / ON DUTY - NO INJURY,S029,TAKE DOWN (THROWN TO GROUND),CLOSED/FINAL,NOT SUSTAINED,RICHARDS,ARNITA ,,,UNKNOWN,44,FEMALE,BLACK,apr2016,,,05,0,0,1
1057271,734,74TH ST,1275,STREET,,,22sep2012,DANIEL,PACELLI,8802,311,,30apr2001,POLICE OFFICER,05M,UNNECESSARY PHYSICAL CONTACT / ON DUTY - NO INJURY,S029,TAKE DOWN (THROWN TO GROUND),CLOSED/FINAL,NOT SUSTAINED,HOWELL ,CHRISTOPHER ,,,UNKNOWN,27,MALE,BLACK,apr2016,,,05,0,0,1
1057271,734,74TH ST,1275,STREET,,,22sep2012,ROBERT,CAMPBELL,13194,311,,21feb2006,POLICE OFFICER,05M,UNNECESSARY PHYSICAL CONTACT / ON DUTY - NO INJURY,S029,TAKE DOWN (THROWN TO GROUND),CLOSED/FINAL,EXONERATED,RICHARDS,ARNITA ,,,UNKNOWN,44,FEMALE,BLACK,apr2016,,,05,0,0,1
1057271,734,74TH ST,1275,STREET,,,22sep2012,DANIEL,PACELLI,8802,311,,30apr2001,POLICE OFFICER,05M,UNNECESSARY PHYSICAL CONTACT / ON DUTY - NO INJURY,S029,TAKE DOWN (THROWN TO GROUND),CLOSED/FINAL,NOT SUSTAINED,RICHARD,AKISHA,,,UNKNOWN,27,FEMALE,BLACK,apr2016,,,05,0,0,1
1057271,734,74TH ST,1275,STREET,,,22sep2012,ROBERT,CAMPBELL,13194,311,,21feb2006,POLICE OFFICER,05M,UNNECESSARY PHYSICAL CONTACT / ON DUTY - NO INJURY,S029,TAKE DOWN (THROWN TO GROUND),CLOSED/FINAL,EXONERATED,RICHARD,AKISHA,,,UNKNOWN,27,FEMALE,BLACK,apr2016,,,05,0,0,1
1057271,734,74TH ST,1275,STREET,,,22sep2012,MICHAEL,KARCZEWSKI,1055,311,,23oct1995,SERGEANT OF POLICE,05M,UNNECESSARY PHYSICAL CONTACT / ON DUTY - NO INJURY,S029,TAKE DOWN (THROWN TO GROUND),CLOSED/FINAL,NOT SUSTAINED,RICHARD,AKISHA,,,UNKNOWN,27,FEMALE,BLACK,apr2016,,,05,0,0,1
1057271,734,74TH ST,1275,STREET,,,22sep2012,,,,,,,,05M,UNNECESSARY PHYSICAL CONTACT / ON DUTY - NO INJURY,S029,TAKE DOWN (THROWN TO GROUND),CLOSED/FINAL,NOT SUSTAINED,HOWELL ,CHRISTOPHER ,,,UNKNOWN,27,MALE,BLACK,apr2016,,,05,0,0,1
1057271,734,74TH ST,1275,STREET,,,22sep2012,DANIEL,PACELLI,8802,311,,30apr2001,POLICE OFFICER,05M,UNNECESSARY PHYSICAL CONTACT / ON DUTY - NO INJURY,S029,TAKE DOWN (THROWN TO GROUND),CLOSED/FINAL,NOT SUSTAINED,RICHARDS,ARNITA ,,,UNKNOWN,44,FEMALE,BLACK,apr2016,,,05,0,0,1
1057271,734,74TH ST,1275,STREET,,,22sep2012,ROBERT,CAMPBELL,13194,311,,21feb2006,POLICE OFFICER,05M,UNNECESSARY PHYSICAL CONTACT / ON DUTY - NO INJURY,S029,TAKE DOWN (THROWN TO GROUND),CLOSED/FINAL,EXONERATED,ESCO,CEDRIC,,,,50,MALE,BLACK,apr2016,,,05,0,0,1
1057271,734,74TH ST,1275,STREET,,,22sep2012,DANIEL,PACELLI,8802,311,,30apr2001,POLICE OFFICER,05M,UNNECESSARY PHYSICAL CONTACT / ON DUTY - NO INJURY,S029,TAKE DOWN (THROWN TO GROUND),CLOSED/FINAL,NOT SUSTAINED,ESCO,CEDRIC,,,,50,MALE,BLACK,apr2016,,,05,0,0,1
1057271,734,74TH ST,1275,STREET,,,22sep2012,MICHAEL,KARCZEWSKI,1055,311,,23oct1995,SERGEANT OF POLICE,05M,UNNECESSARY PHYSICAL CONTACT / ON DUTY - NO INJURY,S029,TAKE DOWN (THROWN TO GROUND),CLOSED/FINAL,NOT SUSTAINED,ESCO,CEDRIC,,,,50,MALE,BLACK,apr2016,,,05,0,0,1
1057271,734,74TH ST,1275,STREET,,,22sep2012,ROBERT,CAMPBELL,13194,311,,21feb2006,POLICE OFFICER,05M,UNNECESSARY PHYSICAL CONTACT / ON DUTY - NO INJURY,S029,TAKE DOWN (THROWN TO GROUND),CLOSED/FINAL,EXONERATED,HOWELL ,CHRISTOPHER ,,,UNKNOWN,27,MALE,BLACK,apr2016,,,05,0,0,1
1057271,734,74TH ST,1275,STREET,,,22sep2012,,,,,,,,05M,UNNECESSARY PHYSICAL CONTACT / ON DUTY - NO INJURY,S029,TAKE DOWN (THROWN TO GROUND),CLOSED/FINAL,NOT SUSTAINED,ESCO,CEDRIC,,,,50,MALE,BLACK,apr2016,,,05,0,0,1
