COMPLAINT_NUMBER,BEAT,STREET,ADDRESS,LOCATION_CODE,INCIDENT_TIME_START,INCIDENT_TIME_END,NOTIFICATION_DATE,ACCSUEDOFFICER_FNAME,ACCUSEDOFFICER_LNAME,ACCUSED_STAR,ACCUSED_UNIT,ACCUSED_DETAIL,ACCUSED_APPOINTMENT_DATE,ACCUSED_POSITION,INITIAL_CATEGORY_CODE,INITIAL_CATEGORY,CURRENT_CATEGORY_CODE,CURRENT_CATEGORY,CURRENT_STATUS,FINDING_CODE,INVOLVED_OFFICER_LNAME,INVOLVED_OFFICER_FNAME,INVOLVED_OFFICER_UNIT,INVOLVED_OFFICER_DETAIL,INVOLVED_OFFICER_POSITION,INVOLVED_OFFICER_AGE,INVOLVED_OFFICER_SEX,INVOLVED_OFFICER_RACE,foia,INVOLVED_OFFICER_DESCRIPTION,INVOLVED_OFFICER_TYPE,start_code_2,start_code_1,rec,sum_rec
1053259,113,MICHIGAN AVE,200,RESTAURANT,11apr2012 23:29:59,11apr2012 23:29:59,12apr2012,,,,,,,,S021,MISCELLANEOUS,05A,EXCESSIVE FORCE / ON DUTY - INJURY,CLOSED/FINAL,UNFOUNDED,ROBERTSON,DEANDRE',,,UNKNOWN,,MALE,BLACK,apr2016,,,S0,S,0,1
1053259,113,MICHIGAN AVE,200,RESTAURANT,11apr2012 23:29:59,11apr2012 23:29:59,12apr2012,CEDRIC,TAYLOR,18426,002,001,17may1993,POLICE OFFICER,S021,MISCELLANEOUS,05A,EXCESSIVE FORCE / ON DUTY - INJURY,CLOSED/FINAL,SUSTAINED,EDWARDS,REGINALD,,,UNKNOWN,32,MALE,BLACK,apr2016,,,S0,S,0,1
1053259,113,MICHIGAN AVE,200,RESTAURANT,11apr2012 23:29:59,11apr2012 23:29:59,12apr2012,,,,,,,,S021,MISCELLANEOUS,05A,EXCESSIVE FORCE / ON DUTY - INJURY,CLOSED/FINAL,UNFOUNDED,PATEL,AMI,,,,52,MALE,AMER IND/ALASKAN NATIVE,apr2016,,,S0,S,0,1
1053259,113,MICHIGAN AVE,200,RESTAURANT,11apr2012 23:29:59,11apr2012 23:29:59,12apr2012,CEDRIC,TAYLOR,18426,002,001,17may1993,POLICE OFFICER,S021,MISCELLANEOUS,05A,EXCESSIVE FORCE / ON DUTY - INJURY,CLOSED/FINAL,UNFOUNDED,EDWARDS,REGINALD,,,UNKNOWN,32,MALE,BLACK,apr2016,,,S0,S,0,1
1053259,113,MICHIGAN AVE,200,RESTAURANT,11apr2012 23:29:59,11apr2012 23:29:59,12apr2012,CEDRIC,TAYLOR,18426,002,001,17may1993,POLICE OFFICER,S021,MISCELLANEOUS,05A,EXCESSIVE FORCE / ON DUTY - INJURY,CLOSED/FINAL,SUSTAINED,ROBERTSON,DEANDRE',,,UNKNOWN,,MALE,BLACK,apr2016,,,S0,S,0,1
1053259,113,MICHIGAN AVE,200,RESTAURANT,11apr2012 23:29:59,11apr2012 23:29:59,12apr2012,CEDRIC,TAYLOR,18426,002,001,17may1993,POLICE OFFICER,S021,MISCELLANEOUS,05A,EXCESSIVE FORCE / ON DUTY - INJURY,CLOSED/FINAL,SUSTAINED,EDWARDS,REGINALD,,,UNKNOWN,33,MALE,BLACK,apr2016,,,S0,S,0,1
1053259,113,MICHIGAN AVE,200,RESTAURANT,11apr2012 23:29:59,11apr2012 23:29:59,12apr2012,,,,,,,,S021,MISCELLANEOUS,05A,EXCESSIVE FORCE / ON DUTY - INJURY,CLOSED/FINAL,UNFOUNDED,EDWARDS,REGINALD,,,UNKNOWN,33,MALE,BLACK,apr2016,,,S0,S,0,1
1053259,113,MICHIGAN AVE,200,RESTAURANT,11apr2012 23:29:59,11apr2012 23:29:59,12apr2012,CEDRIC,TAYLOR,18426,002,001,17may1993,POLICE OFFICER,S021,MISCELLANEOUS,05A,EXCESSIVE FORCE / ON DUTY - INJURY,CLOSED/FINAL,SUSTAINED,PATEL,AMI,,,,52,MALE,AMER IND/ALASKAN NATIVE,apr2016,,,S0,S,0,1
1053259,113,MICHIGAN AVE,200,RESTAURANT,11apr2012 23:29:59,11apr2012 23:29:59,12apr2012,,,,,,,,S021,MISCELLANEOUS,05A,EXCESSIVE FORCE / ON DUTY - INJURY,CLOSED/FINAL,SUSTAINED,ROBERTSON,DEANDRE',,,UNKNOWN,,MALE,BLACK,apr2016,,,S0,S,0,1
1053259,113,MICHIGAN AVE,200,RESTAURANT,11apr2012 23:29:59,11apr2012 23:29:59,12apr2012,,,,,,,,S021,MISCELLANEOUS,05A,EXCESSIVE FORCE / ON DUTY - INJURY,CLOSED/FINAL,SUSTAINED,EDWARDS,REGINALD,,,UNKNOWN,32,MALE,BLACK,apr2016,,,S0,S,0,1
1053259,113,MICHIGAN AVE,200,RESTAURANT,11apr2012 23:29:59,11apr2012 23:29:59,12apr2012,TODD,STANLEY,16662,001,,25sep2006,POLICE OFFICER,S021,MISCELLANEOUS,05A,EXCESSIVE FORCE / ON DUTY - INJURY,CLOSED/FINAL,NOT SUSTAINED,PATEL,AMI,,,,52,MALE,AMER IND/ALASKAN NATIVE,apr2016,,,S0,S,0,1
1053259,113,MICHIGAN AVE,200,RESTAURANT,11apr2012 23:29:59,11apr2012 23:29:59,12apr2012,,,,,,,,S021,MISCELLANEOUS,05A,EXCESSIVE FORCE / ON DUTY - INJURY,CLOSED/FINAL,SUSTAINED,PATEL,AMI,,,,52,MALE,AMER IND/ALASKAN NATIVE,apr2016,,,S0,S,0,1
1053259,113,MICHIGAN AVE,200,RESTAURANT,11apr2012 23:29:59,11apr2012 23:29:59,12apr2012,TODD,STANLEY,16662,001,,25sep2006,POLICE OFFICER,S021,MISCELLANEOUS,05A,EXCESSIVE FORCE / ON DUTY - INJURY,CLOSED/FINAL,NOT SUSTAINED,EDWARDS,REGINALD,,,UNKNOWN,32,MALE,BLACK,apr2016,,,S0,S,0,1
1053259,113,MICHIGAN AVE,200,RESTAURANT,11apr2012 23:29:59,11apr2012 23:29:59,12apr2012,CEDRIC,TAYLOR,18426,002,001,17may1993,POLICE OFFICER,S021,MISCELLANEOUS,05A,EXCESSIVE FORCE / ON DUTY - INJURY,CLOSED/FINAL,NOT SUSTAINED,EDWARDS,REGINALD,,,UNKNOWN,33,MALE,BLACK,apr2016,,,S0,S,0,1
1053259,113,MICHIGAN AVE,200,RESTAURANT,11apr2012 23:29:59,11apr2012 23:29:59,12apr2012,CEDRIC,TAYLOR,18426,002,001,17may1993,POLICE OFFICER,S021,MISCELLANEOUS,05A,EXCESSIVE FORCE / ON DUTY - INJURY,CLOSED/FINAL,NOT SUSTAINED,EDWARDS,REGINALD,,,UNKNOWN,32,MALE,BLACK,apr2016,,,S0,S,0,1
1053259,113,MICHIGAN AVE,200,RESTAURANT,11apr2012 23:29:59,11apr2012 23:29:59,12apr2012,,,,,,,,S021,MISCELLANEOUS,05A,EXCESSIVE FORCE / ON DUTY - INJURY,CLOSED/FINAL,UNFOUNDED,EDWARDS,REGINALD,,,UNKNOWN,32,MALE,BLACK,apr2016,,,S0,S,0,1
1053259,113,MICHIGAN AVE,200,RESTAURANT,11apr2012 23:29:59,11apr2012 23:29:59,12apr2012,CEDRIC,TAYLOR,18426,002,001,17may1993,POLICE OFFICER,S021,MISCELLANEOUS,05A,EXCESSIVE FORCE / ON DUTY - INJURY,CLOSED/FINAL,UNFOUNDED,EDWARDS,REGINALD,,,UNKNOWN,33,MALE,BLACK,apr2016,,,S0,S,0,1
1053259,113,MICHIGAN AVE,200,RESTAURANT,11apr2012 23:29:59,11apr2012 23:29:59,12apr2012,TODD,STANLEY,16662,001,,25sep2006,POLICE OFFICER,S021,MISCELLANEOUS,05A,EXCESSIVE FORCE / ON DUTY - INJURY,CLOSED/FINAL,SUSTAINED,PATEL,AMI,,,,52,MALE,AMER IND/ALASKAN NATIVE,apr2016,,,S0,S,0,1
1053259,113,MICHIGAN AVE,200,RESTAURANT,11apr2012 23:29:59,11apr2012 23:29:59,12apr2012,TODD,STANLEY,16662,001,,25sep2006,POLICE OFFICER,S021,MISCELLANEOUS,05A,EXCESSIVE FORCE / ON DUTY - INJURY,CLOSED/FINAL,NOT SUSTAINED,ROBERTSON,DEANDRE',,,UNKNOWN,,MALE,BLACK,apr2016,,,S0,S,0,1
1053259,113,MICHIGAN AVE,200,RESTAURANT,11apr2012 23:29:59,11apr2012 23:29:59,12apr2012,CEDRIC,TAYLOR,18426,002,001,17may1993,POLICE OFFICER,S021,MISCELLANEOUS,05A,EXCESSIVE FORCE / ON DUTY - INJURY,CLOSED/FINAL,UNFOUNDED,PATEL,AMI,,,,52,MALE,AMER IND/ALASKAN NATIVE,apr2016,,,S0,S,0,1
1053259,113,MICHIGAN AVE,200,RESTAURANT,11apr2012 23:29:59,11apr2012 23:29:59,12apr2012,CEDRIC,TAYLOR,18426,002,001,17may1993,POLICE OFFICER,S021,MISCELLANEOUS,05A,EXCESSIVE FORCE / ON DUTY - INJURY,CLOSED/FINAL,NOT SUSTAINED,ROBERTSON,DEANDRE',,,UNKNOWN,,MALE,BLACK,apr2016,,,S0,S,0,1
1053259,113,MICHIGAN AVE,200,RESTAURANT,11apr2012 23:29:59,11apr2012 23:29:59,12apr2012,TODD,STANLEY,16662,001,,25sep2006,POLICE OFFICER,S021,MISCELLANEOUS,05A,EXCESSIVE FORCE / ON DUTY - INJURY,CLOSED/FINAL,UNFOUNDED,EDWARDS,REGINALD,,,UNKNOWN,32,MALE,BLACK,apr2016,,,S0,S,0,1
1053259,113,MICHIGAN AVE,200,RESTAURANT,11apr2012 23:29:59,11apr2012 23:29:59,12apr2012,TODD,STANLEY,16662,001,,25sep2006,POLICE OFFICER,S021,MISCELLANEOUS,05A,EXCESSIVE FORCE / ON DUTY - INJURY,CLOSED/FINAL,SUSTAINED,EDWARDS,REGINALD,,,UNKNOWN,32,MALE,BLACK,apr2016,,,S0,S,0,1
1053259,113,MICHIGAN AVE,200,RESTAURANT,11apr2012 23:29:59,11apr2012 23:29:59,12apr2012,TODD,STANLEY,16662,001,,25sep2006,POLICE OFFICER,S021,MISCELLANEOUS,05A,EXCESSIVE FORCE / ON DUTY - INJURY,CLOSED/FINAL,SUSTAINED,EDWARDS,REGINALD,,,UNKNOWN,33,MALE,BLACK,apr2016,,,S0,S,0,1
1053259,113,MICHIGAN AVE,200,RESTAURANT,11apr2012 23:29:59,11apr2012 23:29:59,12apr2012,TODD,STANLEY,16662,001,,25sep2006,POLICE OFFICER,S021,MISCELLANEOUS,05A,EXCESSIVE FORCE / ON DUTY - INJURY,CLOSED/FINAL,UNFOUNDED,PATEL,AMI,,,,52,MALE,AMER IND/ALASKAN NATIVE,apr2016,,,S0,S,0,1
1053259,113,MICHIGAN AVE,200,RESTAURANT,11apr2012 23:29:59,11apr2012 23:29:59,12apr2012,,,,,,,,S021,MISCELLANEOUS,05A,EXCESSIVE FORCE / ON DUTY - INJURY,CLOSED/FINAL,NOT SUSTAINED,ROBERTSON,DEANDRE',,,UNKNOWN,,MALE,BLACK,apr2016,,,S0,S,0,1
1053259,113,MICHIGAN AVE,200,RESTAURANT,11apr2012 23:29:59,11apr2012 23:29:59,12apr2012,,,,,,,,S021,MISCELLANEOUS,05A,EXCESSIVE FORCE / ON DUTY - INJURY,CLOSED/FINAL,NOT SUSTAINED,EDWARDS,REGINALD,,,UNKNOWN,33,MALE,BLACK,apr2016,,,S0,S,0,1
1053259,113,MICHIGAN AVE,200,RESTAURANT,11apr2012 23:29:59,11apr2012 23:29:59,12apr2012,,,,,,,,S021,MISCELLANEOUS,05A,EXCESSIVE FORCE / ON DUTY - INJURY,CLOSED/FINAL,NOT SUSTAINED,EDWARDS,REGINALD,,,UNKNOWN,32,MALE,BLACK,apr2016,,,S0,S,0,1
1053259,113,MICHIGAN AVE,200,RESTAURANT,11apr2012 23:29:59,11apr2012 23:29:59,12apr2012,,,,,,,,S021,MISCELLANEOUS,05A,EXCESSIVE FORCE / ON DUTY - INJURY,CLOSED/FINAL,SUSTAINED,EDWARDS,REGINALD,,,UNKNOWN,33,MALE,BLACK,apr2016,,,S0,S,0,1
1053259,113,MICHIGAN AVE,200,RESTAURANT,11apr2012 23:29:59,11apr2012 23:29:59,12apr2012,TODD,STANLEY,16662,001,,25sep2006,POLICE OFFICER,S021,MISCELLANEOUS,05A,EXCESSIVE FORCE / ON DUTY - INJURY,CLOSED/FINAL,UNFOUNDED,EDWARDS,REGINALD,,,UNKNOWN,33,MALE,BLACK,apr2016,,,S0,S,0,1
1053259,113,MICHIGAN AVE,200,RESTAURANT,11apr2012 23:29:59,11apr2012 23:29:59,12apr2012,,,,,,,,S021,MISCELLANEOUS,05A,EXCESSIVE FORCE / ON DUTY - INJURY,CLOSED/FINAL,NOT SUSTAINED,PATEL,AMI,,,,52,MALE,AMER IND/ALASKAN NATIVE,apr2016,,,S0,S,0,1
1053259,113,MICHIGAN AVE,200,RESTAURANT,11apr2012 23:29:59,11apr2012 23:29:59,12apr2012,CEDRIC,TAYLOR,18426,002,001,17may1993,POLICE OFFICER,S021,MISCELLANEOUS,05A,EXCESSIVE FORCE / ON DUTY - INJURY,CLOSED/FINAL,UNFOUNDED,ROBERTSON,DEANDRE',,,UNKNOWN,,MALE,BLACK,apr2016,,,S0,S,0,1
1053259,113,MICHIGAN AVE,200,RESTAURANT,11apr2012 23:29:59,11apr2012 23:29:59,12apr2012,TODD,STANLEY,16662,001,,25sep2006,POLICE OFFICER,S021,MISCELLANEOUS,05A,EXCESSIVE FORCE / ON DUTY - INJURY,CLOSED/FINAL,NOT SUSTAINED,EDWARDS,REGINALD,,,UNKNOWN,33,MALE,BLACK,apr2016,,,S0,S,0,1
1053259,113,MICHIGAN AVE,200,RESTAURANT,11apr2012 23:29:59,11apr2012 23:29:59,12apr2012,TODD,STANLEY,16662,001,,25sep2006,POLICE OFFICER,S021,MISCELLANEOUS,05A,EXCESSIVE FORCE / ON DUTY - INJURY,CLOSED/FINAL,UNFOUNDED,ROBERTSON,DEANDRE',,,UNKNOWN,,MALE,BLACK,apr2016,,,S0,S,0,1
1053259,113,MICHIGAN AVE,200,RESTAURANT,11apr2012 23:29:59,11apr2012 23:29:59,12apr2012,TODD,STANLEY,16662,001,,25sep2006,POLICE OFFICER,S021,MISCELLANEOUS,05A,EXCESSIVE FORCE / ON DUTY - INJURY,CLOSED/FINAL,SUSTAINED,ROBERTSON,DEANDRE',,,UNKNOWN,,MALE,BLACK,apr2016,,,S0,S,0,1
1053259,113,MICHIGAN AVE,200,RESTAURANT,11apr2012 23:29:59,11apr2012 23:29:59,12apr2012,CEDRIC,TAYLOR,18426,002,001,17may1993,POLICE OFFICER,S021,MISCELLANEOUS,05A,EXCESSIVE FORCE / ON DUTY - INJURY,CLOSED/FINAL,NOT SUSTAINED,PATEL,AMI,,,,52,MALE,AMER IND/ALASKAN NATIVE,apr2016,,,S0,S,0,1
