COMPLAINT_NUMBER,BEAT,STREET,ADDRESS,LOCATION_CODE,INCIDENT_TIME_START,INCIDENT_TIME_END,NOTIFICATION_DATE,ACCSUEDOFFICER_FNAME,ACCUSEDOFFICER_LNAME,ACCUSED_STAR,ACCUSED_UNIT,ACCUSED_DETAIL,ACCUSED_APPOINTMENT_DATE,ACCUSED_POSITION,INITIAL_CATEGORY_CODE,INITIAL_CATEGORY,CURRENT_CATEGORY_CODE,CURRENT_CATEGORY,CURRENT_STATUS,FINDING_CODE,INVOLVED_OFFICER_LNAME,INVOLVED_OFFICER_FNAME,INVOLVED_OFFICER_UNIT,INVOLVED_OFFICER_DETAIL,INVOLVED_OFFICER_POSITION,INVOLVED_OFFICER_AGE,INVOLVED_OFFICER_SEX,INVOLVED_OFFICER_RACE,foia,INVOLVED_OFFICER_DESCRIPTION,INVOLVED_OFFICER_TYPE,start_code_2,start_code_1,rec,sum_rec
1057129,4100,KENNEDY AVENUE,6205,OTHER,15sep2012 02:50:00,15sep2012 03:49:59,17sep2012,MICHAEL,MALECKI,10075,004,,01aug1994,POLICE OFFICER,05C,EXCESSIVE FORCE / OFF DUTY - INJURY,S083,MISCELLANEOUS,CLOSED/FINAL,NOT SUSTAINED,VASQUEZ,LOUIS,,,UNKNOWN,31,MALE,WHITE HISPANIC,apr2016,,,05,0,0,1
1057129,4100,KENNEDY AVENUE,6205,OTHER,15sep2012 02:50:00,15sep2012 03:49:59,17sep2012,MICHAEL,MALECKI,10075,004,,01aug1994,POLICE OFFICER,05C,EXCESSIVE FORCE / OFF DUTY - INJURY,S083,MISCELLANEOUS,CLOSED/FINAL,NOT SUSTAINED,HUBBARD,MELISA,,,,29,FEMALE,WHITE,apr2016,,,05,0,0,1
1057129,4100,KENNEDY AVENUE,6205,OTHER,15sep2012 02:50:00,15sep2012 03:49:59,17sep2012,MICHAEL,MALECKI,10075,004,,01aug1994,POLICE OFFICER,05C,EXCESSIVE FORCE / OFF DUTY - INJURY,S083,MISCELLANEOUS,CLOSED/FINAL,NOT SUSTAINED,HOLLAND,KEVIN,,,,38,MALE,WHITE,apr2016,,,05,0,0,1
1057129,4100,KENNEDY AVENUE,6205,OTHER,15sep2012 02:50:00,15sep2012 03:49:59,17sep2012,MICHAEL,MALECKI,10075,004,,01aug1994,POLICE OFFICER,05C,EXCESSIVE FORCE / OFF DUTY - INJURY,S083,MISCELLANEOUS,CLOSED/FINAL,NOT SUSTAINED,BARTLEY,DYLAN,,,,39,MALE,WHITE,apr2016,,,05,0,0,1
1057129,4100,KENNEDY AVENUE,6205,OTHER,15sep2012 02:50:00,15sep2012 03:49:59,17sep2012,MICHAEL,MALECKI,10075,004,,01aug1994,POLICE OFFICER,05C,EXCESSIVE FORCE / OFF DUTY - INJURY,S083,MISCELLANEOUS,CLOSED/FINAL,NOT SUSTAINED,TICHY,ROBERT,,,,,MALE,WHITE,apr2016,,,05,0,0,1
1057129,4100,KENNEDY AVENUE,6205,OTHER,15sep2012 02:50:00,15sep2012 03:49:59,17sep2012,MICHAEL,MALECKI,10075,004,,01aug1994,POLICE OFFICER,05C,EXCESSIVE FORCE / OFF DUTY - INJURY,S083,MISCELLANEOUS,CLOSED/FINAL,NOT SUSTAINED,CASARES,RUBEN,,,UNKNOWN,,MALE,WHITE HISPANIC,apr2016,,,05,0,0,1
1057129,4100,KENNEDY AVENUE,6205,OTHER,15sep2012 02:50:00,15sep2012 03:49:59,17sep2012,MICHAEL,MALECKI,10075,004,,01aug1994,POLICE OFFICER,05C,EXCESSIVE FORCE / OFF DUTY - INJURY,S083,MISCELLANEOUS,CLOSED/FINAL,NOT SUSTAINED,VASQUEZ,LOUIS,,,UNKNOWN,32,MALE,WHITE HISPANIC,apr2016,,,05,0,0,1
1057129,4100,KENNEDY AVENUE,6205,OTHER,15sep2012 02:50:00,15sep2012 03:49:59,17sep2012,MICHAEL,MALECKI,10075,004,,01aug1994,POLICE OFFICER,05C,EXCESSIVE FORCE / OFF DUTY - INJURY,S083,MISCELLANEOUS,CLOSED/FINAL,NOT SUSTAINED,TICHY,BOB,,,,44,MALE,WHITE,apr2016,,,05,0,0,1
1057129,4100,KENNEDY AVENUE,6205,OTHER,15sep2012 02:50:00,15sep2012 03:49:59,17sep2012,MICHAEL,MALECKI,10075,004,,01aug1994,POLICE OFFICER,05C,EXCESSIVE FORCE / OFF DUTY - INJURY,S083,MISCELLANEOUS,CLOSED/FINAL,NOT SUSTAINED,RAMIREZ,RAUL,,,,31,MALE,WHITE HISPANIC,apr2016,,,05,0,1,1
1057129,4100,KENNEDY AVENUE,6205,OTHER,15sep2012 02:50:00,15sep2012 03:49:59,17sep2012,MICHAEL,MALECKI,10075,004,,01aug1994,POLICE OFFICER,05C,EXCESSIVE FORCE / OFF DUTY - INJURY,S083,MISCELLANEOUS,CLOSED/FINAL,NOT SUSTAINED,AGUILERA,RENE,,,,46,MALE,WHITE HISPANIC,apr2016,,,05,0,0,1
1057129,4100,KENNEDY AVENUE,6205,OTHER,15sep2012 02:50:00,15sep2012 03:49:59,17sep2012,MICHAEL,MALECKI,10075,004,,01aug1994,POLICE OFFICER,05C,EXCESSIVE FORCE / OFF DUTY - INJURY,S083,MISCELLANEOUS,CLOSED/FINAL,NOT SUSTAINED,VASQUEZ,STEVEN,,,UNKNOWN,24,MALE,WHITE HISPANIC,apr2016,,,05,0,0,1
1057129,4100,KENNEDY AVENUE,6205,OTHER,15sep2012 02:50:00,15sep2012 03:49:59,17sep2012,MICHAEL,MALECKI,10075,004,,01aug1994,POLICE OFFICER,05C,EXCESSIVE FORCE / OFF DUTY - INJURY,S083,MISCELLANEOUS,CLOSED/FINAL,NOT SUSTAINED,VASQUEZ,STEVEN,,,UNKNOWN,23,MALE,WHITE HISPANIC,apr2016,,,05,0,0,1
1057129,4100,KENNEDY AVENUE,6205,OTHER,15sep2012 02:50:00,15sep2012 03:49:59,17sep2012,MICHAEL,MALECKI,10075,004,,01aug1994,POLICE OFFICER,05C,EXCESSIVE FORCE / OFF DUTY - INJURY,S083,MISCELLANEOUS,CLOSED/FINAL,NOT SUSTAINED,SAWYER,THOMAS,,,,45,MALE,WHITE,apr2016,,,05,0,0,1
1057129,4100,KENNEDY AVENUE,6205,OTHER,15sep2012 02:50:00,15sep2012 03:49:59,17sep2012,MICHAEL,MALECKI,10075,004,,01aug1994,POLICE OFFICER,05C,EXCESSIVE FORCE / OFF DUTY - INJURY,S083,MISCELLANEOUS,CLOSED/FINAL,NOT SUSTAINED,MARTINEZ,MONA,,,,48,FEMALE,WHITE HISPANIC,apr2016,,,05,0,0,1
1057129,4100,KENNEDY AVENUE,6205,OTHER,15sep2012 02:50:00,15sep2012 03:49:59,17sep2012,MICHAEL,MALECKI,10075,004,,01aug1994,POLICE OFFICER,05C,EXCESSIVE FORCE / OFF DUTY - INJURY,S083,MISCELLANEOUS,CLOSED/FINAL,NOT SUSTAINED,FLORES,MICHAEL,,,UNKNOWN,,MALE,WHITE HISPANIC,apr2016,,,05,0,0,1
