COMPLAINT_NUMBER,BEAT,STREET,ADDRESS,LOCATION_CODE,INCIDENT_TIME_START,INCIDENT_TIME_END,NOTIFICATION_DATE,ACCSUEDOFFICER_FNAME,ACCUSEDOFFICER_LNAME,ACCUSED_STAR,ACCUSED_UNIT,ACCUSED_DETAIL,ACCUSED_APPOINTMENT_DATE,ACCUSED_POSITION,INITIAL_CATEGORY_CODE,INITIAL_CATEGORY,CURRENT_CATEGORY_CODE,CURRENT_CATEGORY,CURRENT_STATUS,FINDING_CODE,INVOLVED_OFFICER_LNAME,INVOLVED_OFFICER_FNAME,INVOLVED_OFFICER_UNIT,INVOLVED_OFFICER_DETAIL,INVOLVED_OFFICER_POSITION,INVOLVED_OFFICER_AGE,INVOLVED_OFFICER_SEX,INVOLVED_OFFICER_RACE,foia,INVOLVED_OFFICER_DESCRIPTION,INVOLVED_OFFICER_TYPE,start_code_2,start_code_1,rec,sum_rec
1056425,321,COTTAGE GROVE AVE,7040,POLICE FACILITY/VEH PARKING LOT,19aug2012 19:50:00,19aug2012 20:00:00,19aug2012,,,,,,,,S117,PUSH/PULL/GRAB,05M,UNNECESSARY PHYSICAL CONTACT / ON DUTY - NO INJURY,CLOSED/FINAL,NOT SUSTAINED,KOLASA,MATTHEW,022,,SERGEANT OF POLICE,,MALE,WHITE,apr2016,,,S1,S,0,1
1056425,321,COTTAGE GROVE AVE,7040,POLICE FACILITY/VEH PARKING LOT,19aug2012 19:50:00,19aug2012 20:00:00,19aug2012,,,,,,,,S117,PUSH/PULL/GRAB,05M,UNNECESSARY PHYSICAL CONTACT / ON DUTY - NO INJURY,CLOSED/FINAL,NOT SUSTAINED,JACKSON,LATESE,,,UNKNOWN,20,FEMALE,BLACK,apr2016,,,S1,S,0,1
1056425,321,COTTAGE GROVE AVE,7040,POLICE FACILITY/VEH PARKING LOT,19aug2012 19:50:00,19aug2012 20:00:00,19aug2012,,,,,,,,S117,PUSH/PULL/GRAB,05M,UNNECESSARY PHYSICAL CONTACT / ON DUTY - NO INJURY,CLOSED/FINAL,NOT SUSTAINED,JACKSON,LATESE,,,UNKNOWN,22,FEMALE,BLACK,apr2016,,,S1,S,0,1
1056425,321,COTTAGE GROVE AVE,7040,POLICE FACILITY/VEH PARKING LOT,19aug2012 19:50:00,19aug2012 20:00:00,19aug2012,,,,,,,,S117,PUSH/PULL/GRAB,05M,UNNECESSARY PHYSICAL CONTACT / ON DUTY - NO INJURY,CLOSED/FINAL,NOT SUSTAINED,EVANS,PAULETTE,,,UNKNOWN,40,FEMALE,BLACK,apr2016,,,S1,S,0,1
1056425,321,COTTAGE GROVE AVE,7040,POLICE FACILITY/VEH PARKING LOT,19aug2012 19:50:00,19aug2012 20:00:00,19aug2012,,,,,,,,S117,PUSH/PULL/GRAB,05M,UNNECESSARY PHYSICAL CONTACT / ON DUTY - NO INJURY,CLOSED/FINAL,NOT SUSTAINED,ANDERSON,TROYONNA,,,UNKNOWN,17,FEMALE,BLACK,apr2016,,,S1,S,0,1
1056425,321,COTTAGE GROVE AVE,7040,POLICE FACILITY/VEH PARKING LOT,19aug2012 19:50:00,19aug2012 20:00:00,19aug2012,,,,,,,,S117,PUSH/PULL/GRAB,05M,UNNECESSARY PHYSICAL CONTACT / ON DUTY - NO INJURY,CLOSED/FINAL,NOT SUSTAINED,EVANS,ANTWONE,,,UNKNOWN,20,MALE,BLACK,apr2016,,,S1,S,0,1
1056425,321,COTTAGE GROVE AVE,7040,POLICE FACILITY/VEH PARKING LOT,19aug2012 19:50:00,19aug2012 20:00:00,19aug2012,,,,,,,,S117,PUSH/PULL/GRAB,05M,UNNECESSARY PHYSICAL CONTACT / ON DUTY - NO INJURY,CLOSED/FINAL,NOT SUSTAINED,EVANS,ANTWONE,,,UNKNOWN,18,MALE,BLACK,apr2016,,,S1,S,0,1
1056425,321,COTTAGE GROVE AVE,7040,POLICE FACILITY/VEH PARKING LOT,19aug2012 19:50:00,19aug2012 20:00:00,19aug2012,,,,,,,,S117,PUSH/PULL/GRAB,05M,UNNECESSARY PHYSICAL CONTACT / ON DUTY - NO INJURY,CLOSED/FINAL,NOT SUSTAINED,EVANS,PAULETTE,,,UNKNOWN,42,FEMALE,BLACK,apr2016,,,S1,S,0,1
1056425,321,COTTAGE GROVE AVE,7040,POLICE FACILITY/VEH PARKING LOT,19aug2012 19:50:00,19aug2012 20:00:00,19aug2012,,,,,,,,S117,PUSH/PULL/GRAB,05M,UNNECESSARY PHYSICAL CONTACT / ON DUTY - NO INJURY,CLOSED/FINAL,NOT SUSTAINED,ANDERSON,TROYONNA,,,UNKNOWN,15,FEMALE,BLACK,apr2016,,,S1,S,1,1
