COMPLAINT_NUMBER,BEAT,STREET,ADDRESS,LOCATION_CODE,INCIDENT_TIME_START,INCIDENT_TIME_END,NOTIFICATION_DATE,ACCSUEDOFFICER_FNAME,ACCUSEDOFFICER_LNAME,ACCUSED_STAR,ACCUSED_UNIT,ACCUSED_DETAIL,ACCUSED_APPOINTMENT_DATE,ACCUSED_POSITION,INITIAL_CATEGORY_CODE,INITIAL_CATEGORY,CURRENT_CATEGORY_CODE,CURRENT_CATEGORY,CURRENT_STATUS,FINDING_CODE,INVOLVED_OFFICER_LNAME,INVOLVED_OFFICER_FNAME,INVOLVED_OFFICER_UNIT,INVOLVED_OFFICER_DETAIL,INVOLVED_OFFICER_POSITION,INVOLVED_OFFICER_AGE,INVOLVED_OFFICER_SEX,INVOLVED_OFFICER_RACE,foia,INVOLVED_OFFICER_DESCRIPTION,INVOLVED_OFFICER_TYPE,start_code_2,start_code_1,rec,sum_rec
1055376,1822,LARRABEE ST,1150,POLICE FACILITY/VEH PARKING LOT,01jul2012 00:30:00,01jul2012 00:30:00,09jul2012,MICHELLE,MAXWELL,9121,018,213,04jun2007,POLICE OFFICER,03D,ILLEGAL ARREST / FALSE ARREST,03D,ILLEGAL ARREST / FALSE ARREST,CLOSED/FINAL,UNFOUNDED,JOHNSON,JOANNE,,,UNKNOWN,50,FEMALE,BLACK,apr2016,,,03,0,0,1
1055376,1822,LARRABEE ST,1150,POLICE FACILITY/VEH PARKING LOT,01jul2012 00:30:00,01jul2012 00:30:00,09jul2012,,,,,,,,03D,ILLEGAL ARREST / FALSE ARREST,03D,ILLEGAL ARREST / FALSE ARREST,CLOSED/FINAL,NOT SUSTAINED,BROWN ,KAREEM ,,,UNKNOWN,37,MALE,BLACK,apr2016,,,03,0,1,1
1055376,1822,LARRABEE ST,1150,POLICE FACILITY/VEH PARKING LOT,01jul2012 00:30:00,01jul2012 00:30:00,09jul2012,MARICELA,MUSGRAVES,15154,018,189,05dec2005,POLICE OFFICER,03D,ILLEGAL ARREST / FALSE ARREST,03D,ILLEGAL ARREST / FALSE ARREST,CLOSED/FINAL,NOT SUSTAINED,BROWN ,KAREEM ,,,UNKNOWN,37,MALE,BLACK,apr2016,,,03,0,0,1
1055376,1822,LARRABEE ST,1150,POLICE FACILITY/VEH PARKING LOT,01jul2012 00:30:00,01jul2012 00:30:00,09jul2012,ROBERT,GOMEZ,13762,018,,27sep2004,POLICE OFFICER,03D,ILLEGAL ARREST / FALSE ARREST,03D,ILLEGAL ARREST / FALSE ARREST,CLOSED/FINAL,NOT SUSTAINED,STINETT`,TYRESE,,,UNKNOWN,42,MALE,,apr2016,,,03,0,0,1
1055376,1822,LARRABEE ST,1150,POLICE FACILITY/VEH PARKING LOT,01jul2012 00:30:00,01jul2012 00:30:00,09jul2012,TIFFANY,NARD,16972,018,,30oct2006,POLICE OFFICER,03D,ILLEGAL ARREST / FALSE ARREST,03D,ILLEGAL ARREST / FALSE ARREST,CLOSED/FINAL,NOT SUSTAINED,BROWN ,KAREEM ,,,UNKNOWN,37,MALE,BLACK,apr2016,,,03,0,0,1
1055376,1822,LARRABEE ST,1150,POLICE FACILITY/VEH PARKING LOT,01jul2012 00:30:00,01jul2012 00:30:00,09jul2012,WAYNE,WIBERG,514,005,,02may1994,LIEUTENANT OF POLICE,03D,ILLEGAL ARREST / FALSE ARREST,03D,ILLEGAL ARREST / FALSE ARREST,CLOSED/FINAL,UNFOUNDED,JOHNSON,JOANNE,,,UNKNOWN,50,FEMALE,BLACK,apr2016,,,03,0,0,1
1055376,1822,LARRABEE ST,1150,POLICE FACILITY/VEH PARKING LOT,01jul2012 00:30:00,01jul2012 00:30:00,09jul2012,ANDREW,SCHURMAN,13751,018,,29sep2003,POLICE OFFICER,03D,ILLEGAL ARREST / FALSE ARREST,03D,ILLEGAL ARREST / FALSE ARREST,CLOSED/FINAL,NOT SUSTAINED,STINNETT`,TYRESE,,,UNKNOWN,44,MALE,,apr2016,,,03,0,0,1
1055376,1822,LARRABEE ST,1150,POLICE FACILITY/VEH PARKING LOT,01jul2012 00:30:00,01jul2012 00:30:00,09jul2012,MICHELLE,MAXWELL,9121,018,213,04jun2007,POLICE OFFICER,03D,ILLEGAL ARREST / FALSE ARREST,03D,ILLEGAL ARREST / FALSE ARREST,CLOSED/FINAL,UNFOUNDED,BROWN ,KAREEM ,,,UNKNOWN,37,MALE,BLACK,apr2016,,,03,0,0,1
1055376,1822,LARRABEE ST,1150,POLICE FACILITY/VEH PARKING LOT,01jul2012 00:30:00,01jul2012 00:30:00,09jul2012,WAYNE,WIBERG,514,005,,02may1994,LIEUTENANT OF POLICE,03D,ILLEGAL ARREST / FALSE ARREST,03D,ILLEGAL ARREST / FALSE ARREST,CLOSED/FINAL,UNFOUNDED,MEDINA,PETER,010,,POLICE OFFICER,,MALE,SPANISH (DO NOT USE),apr2016,,,03,0,0,1
1055376,1822,LARRABEE ST,1150,POLICE FACILITY/VEH PARKING LOT,01jul2012 00:30:00,01jul2012 00:30:00,09jul2012,MICHELLE,MAXWELL,9121,018,213,04jun2007,POLICE OFFICER,03D,ILLEGAL ARREST / FALSE ARREST,03D,ILLEGAL ARREST / FALSE ARREST,CLOSED/FINAL,UNFOUNDED,STINNETT`,TYRESE,,,UNKNOWN,44,MALE,,apr2016,,,03,0,0,1
1055376,1822,LARRABEE ST,1150,POLICE FACILITY/VEH PARKING LOT,01jul2012 00:30:00,01jul2012 00:30:00,09jul2012,BARTHOLOM,MURPHY,9933,018,,12jul1999,POLICE OFFICER,03D,ILLEGAL ARREST / FALSE ARREST,03D,ILLEGAL ARREST / FALSE ARREST,CLOSED/FINAL,NOT SUSTAINED,BROWN ,KAREEM ,,,UNKNOWN,40,MALE,BLACK,apr2016,,,03,0,0,1
1055376,1822,LARRABEE ST,1150,POLICE FACILITY/VEH PARKING LOT,01jul2012 00:30:00,01jul2012 00:30:00,09jul2012,TIFFANY,NARD,16972,018,,30oct2006,POLICE OFFICER,03D,ILLEGAL ARREST / FALSE ARREST,03D,ILLEGAL ARREST / FALSE ARREST,CLOSED/FINAL,NOT SUSTAINED,JOHNSON,JOANNE,,,UNKNOWN,50,FEMALE,BLACK,apr2016,,,03,0,0,1
1055376,1822,LARRABEE ST,1150,POLICE FACILITY/VEH PARKING LOT,01jul2012 00:30:00,01jul2012 00:30:00,09jul2012,TIFFANY,NARD,16972,018,,30oct2006,POLICE OFFICER,03D,ILLEGAL ARREST / FALSE ARREST,03D,ILLEGAL ARREST / FALSE ARREST,CLOSED/FINAL,NOT SUSTAINED,STINETT`,TYRESE,,,UNKNOWN,42,MALE,,apr2016,,,03,0,0,1
1055376,1822,LARRABEE ST,1150,POLICE FACILITY/VEH PARKING LOT,01jul2012 00:30:00,01jul2012 00:30:00,09jul2012,,,,,,,,03D,ILLEGAL ARREST / FALSE ARREST,03D,ILLEGAL ARREST / FALSE ARREST,CLOSED/FINAL,NOT SUSTAINED,JOHNSON,JOANNE,,,UNKNOWN,48,FEMALE,BLACK,apr2016,,,03,0,0,1
1055376,1822,LARRABEE ST,1150,POLICE FACILITY/VEH PARKING LOT,01jul2012 00:30:00,01jul2012 00:30:00,09jul2012,ROBERT,GOMEZ,13762,018,,27sep2004,POLICE OFFICER,03D,ILLEGAL ARREST / FALSE ARREST,03D,ILLEGAL ARREST / FALSE ARREST,CLOSED/FINAL,NOT SUSTAINED,JOHNSON,JOANNE,,,UNKNOWN,48,FEMALE,BLACK,apr2016,,,03,0,0,1
1055376,1822,LARRABEE ST,1150,POLICE FACILITY/VEH PARKING LOT,01jul2012 00:30:00,01jul2012 00:30:00,09jul2012,WAYNE,WIBERG,514,005,,02may1994,LIEUTENANT OF POLICE,03D,ILLEGAL ARREST / FALSE ARREST,03D,ILLEGAL ARREST / FALSE ARREST,CLOSED/FINAL,UNFOUNDED,STINNETT`,TYRESE,,,UNKNOWN,44,MALE,,apr2016,,,03,0,0,1
1055376,1822,LARRABEE ST,1150,POLICE FACILITY/VEH PARKING LOT,01jul2012 00:30:00,01jul2012 00:30:00,09jul2012,ROBERT,GOMEZ,13762,018,,27sep2004,POLICE OFFICER,03D,ILLEGAL ARREST / FALSE ARREST,03D,ILLEGAL ARREST / FALSE ARREST,CLOSED/FINAL,NOT SUSTAINED,BROWN ,KAREEM ,,,UNKNOWN,37,MALE,BLACK,apr2016,,,03,0,0,1
1055376,1822,LARRABEE ST,1150,POLICE FACILITY/VEH PARKING LOT,01jul2012 00:30:00,01jul2012 00:30:00,09jul2012,BARTHOLOM,MURPHY,9933,018,,12jul1999,POLICE OFFICER,03D,ILLEGAL ARREST / FALSE ARREST,03D,ILLEGAL ARREST / FALSE ARREST,CLOSED/FINAL,NOT SUSTAINED,STINNETT`,TYRESE,,,UNKNOWN,44,MALE,,apr2016,,,03,0,0,1
1055376,1822,LARRABEE ST,1150,POLICE FACILITY/VEH PARKING LOT,01jul2012 00:30:00,01jul2012 00:30:00,09jul2012,ANDREW,SCHURMAN,13751,018,,29sep2003,POLICE OFFICER,03D,ILLEGAL ARREST / FALSE ARREST,03D,ILLEGAL ARREST / FALSE ARREST,CLOSED/FINAL,NOT SUSTAINED,BROWN ,KAREEM ,,,UNKNOWN,40,MALE,BLACK,apr2016,,,03,0,0,1
1055376,1822,LARRABEE ST,1150,POLICE FACILITY/VEH PARKING LOT,01jul2012 00:30:00,01jul2012 00:30:00,09jul2012,ANDREW,SCHURMAN,13751,018,,29sep2003,POLICE OFFICER,03D,ILLEGAL ARREST / FALSE ARREST,03D,ILLEGAL ARREST / FALSE ARREST,CLOSED/FINAL,NOT SUSTAINED,JOHNSON,JOANNE,,,UNKNOWN,50,FEMALE,BLACK,apr2016,,,03,0,0,1
1055376,1822,LARRABEE ST,1150,POLICE FACILITY/VEH PARKING LOT,01jul2012 00:30:00,01jul2012 00:30:00,09jul2012,MARICELA,MUSGRAVES,15154,018,189,05dec2005,POLICE OFFICER,03D,ILLEGAL ARREST / FALSE ARREST,03D,ILLEGAL ARREST / FALSE ARREST,CLOSED/FINAL,NOT SUSTAINED,STINETT`,TYRESE,,,UNKNOWN,42,MALE,,apr2016,,,03,0,0,1
1055376,1822,LARRABEE ST,1150,POLICE FACILITY/VEH PARKING LOT,01jul2012 00:30:00,01jul2012 00:30:00,09jul2012,,,,,,,,03D,ILLEGAL ARREST / FALSE ARREST,03D,ILLEGAL ARREST / FALSE ARREST,CLOSED/FINAL,NOT SUSTAINED,BROWN ,KAREEM ,,,UNKNOWN,40,MALE,BLACK,apr2016,,,03,0,0,1
1055376,1822,LARRABEE ST,1150,POLICE FACILITY/VEH PARKING LOT,01jul2012 00:30:00,01jul2012 00:30:00,09jul2012,WAYNE,WIBERG,514,005,,02may1994,LIEUTENANT OF POLICE,03D,ILLEGAL ARREST / FALSE ARREST,03D,ILLEGAL ARREST / FALSE ARREST,CLOSED/FINAL,UNFOUNDED,BROWN ,KAREEM ,,,UNKNOWN,40,MALE,BLACK,apr2016,,,03,0,0,1
1055376,1822,LARRABEE ST,1150,POLICE FACILITY/VEH PARKING LOT,01jul2012 00:30:00,01jul2012 00:30:00,09jul2012,ANDREW,SCHURMAN,13751,018,,29sep2003,POLICE OFFICER,03D,ILLEGAL ARREST / FALSE ARREST,03D,ILLEGAL ARREST / FALSE ARREST,CLOSED/FINAL,NOT SUSTAINED,JOHNSON,JOANNE,,,UNKNOWN,48,FEMALE,BLACK,apr2016,,,03,0,0,1
1055376,1822,LARRABEE ST,1150,POLICE FACILITY/VEH PARKING LOT,01jul2012 00:30:00,01jul2012 00:30:00,09jul2012,TIFFANY,NARD,16972,018,,30oct2006,POLICE OFFICER,03D,ILLEGAL ARREST / FALSE ARREST,03D,ILLEGAL ARREST / FALSE ARREST,CLOSED/FINAL,NOT SUSTAINED,BROWN ,KAREEM ,,,UNKNOWN,40,MALE,BLACK,apr2016,,,03,0,0,1
1055376,1822,LARRABEE ST,1150,POLICE FACILITY/VEH PARKING LOT,01jul2012 00:30:00,01jul2012 00:30:00,09jul2012,MICHELLE,MAXWELL,9121,018,213,04jun2007,POLICE OFFICER,03D,ILLEGAL ARREST / FALSE ARREST,03D,ILLEGAL ARREST / FALSE ARREST,CLOSED/FINAL,UNFOUNDED,JOHNSON,JOANNE,,,UNKNOWN,48,FEMALE,BLACK,apr2016,,,03,0,0,1
1055376,1822,LARRABEE ST,1150,POLICE FACILITY/VEH PARKING LOT,01jul2012 00:30:00,01jul2012 00:30:00,09jul2012,,,,,,,,03D,ILLEGAL ARREST / FALSE ARREST,03D,ILLEGAL ARREST / FALSE ARREST,CLOSED/FINAL,NOT SUSTAINED,MEDINA,PETER,010,,POLICE OFFICER,,MALE,SPANISH (DO NOT USE),apr2016,,,03,0,0,1
1055376,1822,LARRABEE ST,1150,POLICE FACILITY/VEH PARKING LOT,01jul2012 00:30:00,01jul2012 00:30:00,09jul2012,WAYNE,WIBERG,514,005,,02may1994,LIEUTENANT OF POLICE,03D,ILLEGAL ARREST / FALSE ARREST,03D,ILLEGAL ARREST / FALSE ARREST,CLOSED/FINAL,UNFOUNDED,STINETT`,TYRESE,,,UNKNOWN,42,MALE,,apr2016,,,03,0,0,1
1055376,1822,LARRABEE ST,1150,POLICE FACILITY/VEH PARKING LOT,01jul2012 00:30:00,01jul2012 00:30:00,09jul2012,MARICELA,MUSGRAVES,15154,018,189,05dec2005,POLICE OFFICER,03D,ILLEGAL ARREST / FALSE ARREST,03D,ILLEGAL ARREST / FALSE ARREST,CLOSED/FINAL,NOT SUSTAINED,BROWN ,KAREEM ,,,UNKNOWN,40,MALE,BLACK,apr2016,,,03,0,0,1
1055376,1822,LARRABEE ST,1150,POLICE FACILITY/VEH PARKING LOT,01jul2012 00:30:00,01jul2012 00:30:00,09jul2012,BARTHOLOM,MURPHY,9933,018,,12jul1999,POLICE OFFICER,03D,ILLEGAL ARREST / FALSE ARREST,03D,ILLEGAL ARREST / FALSE ARREST,CLOSED/FINAL,NOT SUSTAINED,BROWN ,KAREEM ,,,UNKNOWN,37,MALE,BLACK,apr2016,,,03,0,0,1
1055376,1822,LARRABEE ST,1150,POLICE FACILITY/VEH PARKING LOT,01jul2012 00:30:00,01jul2012 00:30:00,09jul2012,BARTHOLOM,MURPHY,9933,018,,12jul1999,POLICE OFFICER,03D,ILLEGAL ARREST / FALSE ARREST,03D,ILLEGAL ARREST / FALSE ARREST,CLOSED/FINAL,NOT SUSTAINED,STINETT`,TYRESE,,,UNKNOWN,42,MALE,,apr2016,,,03,0,0,1
1055376,1822,LARRABEE ST,1150,POLICE FACILITY/VEH PARKING LOT,01jul2012 00:30:00,01jul2012 00:30:00,09jul2012,ANDREW,SCHURMAN,13751,018,,29sep2003,POLICE OFFICER,03D,ILLEGAL ARREST / FALSE ARREST,03D,ILLEGAL ARREST / FALSE ARREST,CLOSED/FINAL,NOT SUSTAINED,BROWN ,KAREEM ,,,UNKNOWN,37,MALE,BLACK,apr2016,,,03,0,0,1
1055376,1822,LARRABEE ST,1150,POLICE FACILITY/VEH PARKING LOT,01jul2012 00:30:00,01jul2012 00:30:00,09jul2012,WAYNE,WIBERG,514,005,,02may1994,LIEUTENANT OF POLICE,03D,ILLEGAL ARREST / FALSE ARREST,03D,ILLEGAL ARREST / FALSE ARREST,CLOSED/FINAL,UNFOUNDED,JOHNSON,JOANNE,,,UNKNOWN,48,FEMALE,BLACK,apr2016,,,03,0,0,1
1055376,1822,LARRABEE ST,1150,POLICE FACILITY/VEH PARKING LOT,01jul2012 00:30:00,01jul2012 00:30:00,09jul2012,MARICELA,MUSGRAVES,15154,018,189,05dec2005,POLICE OFFICER,03D,ILLEGAL ARREST / FALSE ARREST,03D,ILLEGAL ARREST / FALSE ARREST,CLOSED/FINAL,NOT SUSTAINED,MEDINA,PETER,010,,POLICE OFFICER,,MALE,SPANISH (DO NOT USE),apr2016,,,03,0,0,1
1055376,1822,LARRABEE ST,1150,POLICE FACILITY/VEH PARKING LOT,01jul2012 00:30:00,01jul2012 00:30:00,09jul2012,WAYNE,WIBERG,514,005,,02may1994,LIEUTENANT OF POLICE,03D,ILLEGAL ARREST / FALSE ARREST,03D,ILLEGAL ARREST / FALSE ARREST,CLOSED/FINAL,UNFOUNDED,BROWN ,KAREEM ,,,UNKNOWN,37,MALE,BLACK,apr2016,,,03,0,0,1
1055376,1822,LARRABEE ST,1150,POLICE FACILITY/VEH PARKING LOT,01jul2012 00:30:00,01jul2012 00:30:00,09jul2012,ROBERT,GOMEZ,13762,018,,27sep2004,POLICE OFFICER,03D,ILLEGAL ARREST / FALSE ARREST,03D,ILLEGAL ARREST / FALSE ARREST,CLOSED/FINAL,NOT SUSTAINED,BROWN ,KAREEM ,,,UNKNOWN,40,MALE,BLACK,apr2016,,,03,0,0,1
1055376,1822,LARRABEE ST,1150,POLICE FACILITY/VEH PARKING LOT,01jul2012 00:30:00,01jul2012 00:30:00,09jul2012,,,,,,,,03D,ILLEGAL ARREST / FALSE ARREST,03D,ILLEGAL ARREST / FALSE ARREST,CLOSED/FINAL,NOT SUSTAINED,STINNETT`,TYRESE,,,UNKNOWN,44,MALE,,apr2016,,,03,0,0,1
1055376,1822,LARRABEE ST,1150,POLICE FACILITY/VEH PARKING LOT,01jul2012 00:30:00,01jul2012 00:30:00,09jul2012,BARTHOLOM,MURPHY,9933,018,,12jul1999,POLICE OFFICER,03D,ILLEGAL ARREST / FALSE ARREST,03D,ILLEGAL ARREST / FALSE ARREST,CLOSED/FINAL,NOT SUSTAINED,JOHNSON,JOANNE,,,UNKNOWN,50,FEMALE,BLACK,apr2016,,,03,0,0,1
1055376,1822,LARRABEE ST,1150,POLICE FACILITY/VEH PARKING LOT,01jul2012 00:30:00,01jul2012 00:30:00,09jul2012,ANDREW,SCHURMAN,13751,018,,29sep2003,POLICE OFFICER,03D,ILLEGAL ARREST / FALSE ARREST,03D,ILLEGAL ARREST / FALSE ARREST,CLOSED/FINAL,NOT SUSTAINED,MEDINA,PETER,010,,POLICE OFFICER,,MALE,SPANISH (DO NOT USE),apr2016,,,03,0,0,1
1055376,1822,LARRABEE ST,1150,POLICE FACILITY/VEH PARKING LOT,01jul2012 00:30:00,01jul2012 00:30:00,09jul2012,ROBERT,GOMEZ,13762,018,,27sep2004,POLICE OFFICER,03D,ILLEGAL ARREST / FALSE ARREST,03D,ILLEGAL ARREST / FALSE ARREST,CLOSED/FINAL,NOT SUSTAINED,MEDINA,PETER,010,,POLICE OFFICER,,MALE,SPANISH (DO NOT USE),apr2016,,,03,0,0,1
1055376,1822,LARRABEE ST,1150,POLICE FACILITY/VEH PARKING LOT,01jul2012 00:30:00,01jul2012 00:30:00,09jul2012,MICHELLE,MAXWELL,9121,018,213,04jun2007,POLICE OFFICER,03D,ILLEGAL ARREST / FALSE ARREST,03D,ILLEGAL ARREST / FALSE ARREST,CLOSED/FINAL,UNFOUNDED,BROWN ,KAREEM ,,,UNKNOWN,40,MALE,BLACK,apr2016,,,03,0,0,1
1055376,1822,LARRABEE ST,1150,POLICE FACILITY/VEH PARKING LOT,01jul2012 00:30:00,01jul2012 00:30:00,09jul2012,MARICELA,MUSGRAVES,15154,018,189,05dec2005,POLICE OFFICER,03D,ILLEGAL ARREST / FALSE ARREST,03D,ILLEGAL ARREST / FALSE ARREST,CLOSED/FINAL,NOT SUSTAINED,STINNETT`,TYRESE,,,UNKNOWN,44,MALE,,apr2016,,,03,0,0,1
1055376,1822,LARRABEE ST,1150,POLICE FACILITY/VEH PARKING LOT,01jul2012 00:30:00,01jul2012 00:30:00,09jul2012,,,,,,,,03D,ILLEGAL ARREST / FALSE ARREST,03D,ILLEGAL ARREST / FALSE ARREST,CLOSED/FINAL,NOT SUSTAINED,JOHNSON,JOANNE,,,UNKNOWN,50,FEMALE,BLACK,apr2016,,,03,0,0,1
1055376,1822,LARRABEE ST,1150,POLICE FACILITY/VEH PARKING LOT,01jul2012 00:30:00,01jul2012 00:30:00,09jul2012,BARTHOLOM,MURPHY,9933,018,,12jul1999,POLICE OFFICER,03D,ILLEGAL ARREST / FALSE ARREST,03D,ILLEGAL ARREST / FALSE ARREST,CLOSED/FINAL,NOT SUSTAINED,MEDINA,PETER,010,,POLICE OFFICER,,MALE,SPANISH (DO NOT USE),apr2016,,,03,0,0,1
1055376,1822,LARRABEE ST,1150,POLICE FACILITY/VEH PARKING LOT,01jul2012 00:30:00,01jul2012 00:30:00,09jul2012,TIFFANY,NARD,16972,018,,30oct2006,POLICE OFFICER,03D,ILLEGAL ARREST / FALSE ARREST,03D,ILLEGAL ARREST / FALSE ARREST,CLOSED/FINAL,NOT SUSTAINED,MEDINA,PETER,010,,POLICE OFFICER,,MALE,SPANISH (DO NOT USE),apr2016,,,03,0,0,1
1055376,1822,LARRABEE ST,1150,POLICE FACILITY/VEH PARKING LOT,01jul2012 00:30:00,01jul2012 00:30:00,09jul2012,ROBERT,GOMEZ,13762,018,,27sep2004,POLICE OFFICER,03D,ILLEGAL ARREST / FALSE ARREST,03D,ILLEGAL ARREST / FALSE ARREST,CLOSED/FINAL,NOT SUSTAINED,JOHNSON,JOANNE,,,UNKNOWN,50,FEMALE,BLACK,apr2016,,,03,0,0,1
1055376,1822,LARRABEE ST,1150,POLICE FACILITY/VEH PARKING LOT,01jul2012 00:30:00,01jul2012 00:30:00,09jul2012,ANDREW,SCHURMAN,13751,018,,29sep2003,POLICE OFFICER,03D,ILLEGAL ARREST / FALSE ARREST,03D,ILLEGAL ARREST / FALSE ARREST,CLOSED/FINAL,NOT SUSTAINED,STINETT`,TYRESE,,,UNKNOWN,42,MALE,,apr2016,,,03,0,0,1
1055376,1822,LARRABEE ST,1150,POLICE FACILITY/VEH PARKING LOT,01jul2012 00:30:00,01jul2012 00:30:00,09jul2012,MARICELA,MUSGRAVES,15154,018,189,05dec2005,POLICE OFFICER,03D,ILLEGAL ARREST / FALSE ARREST,03D,ILLEGAL ARREST / FALSE ARREST,CLOSED/FINAL,NOT SUSTAINED,JOHNSON,JOANNE,,,UNKNOWN,50,FEMALE,BLACK,apr2016,,,03,0,0,1
1055376,1822,LARRABEE ST,1150,POLICE FACILITY/VEH PARKING LOT,01jul2012 00:30:00,01jul2012 00:30:00,09jul2012,,,,,,,,03D,ILLEGAL ARREST / FALSE ARREST,03D,ILLEGAL ARREST / FALSE ARREST,CLOSED/FINAL,NOT SUSTAINED,STINETT`,TYRESE,,,UNKNOWN,42,MALE,,apr2016,,,03,0,0,1
1055376,1822,LARRABEE ST,1150,POLICE FACILITY/VEH PARKING LOT,01jul2012 00:30:00,01jul2012 00:30:00,09jul2012,MARICELA,MUSGRAVES,15154,018,189,05dec2005,POLICE OFFICER,03D,ILLEGAL ARREST / FALSE ARREST,03D,ILLEGAL ARREST / FALSE ARREST,CLOSED/FINAL,NOT SUSTAINED,JOHNSON,JOANNE,,,UNKNOWN,48,FEMALE,BLACK,apr2016,,,03,0,0,1
1055376,1822,LARRABEE ST,1150,POLICE FACILITY/VEH PARKING LOT,01jul2012 00:30:00,01jul2012 00:30:00,09jul2012,ROBERT,GOMEZ,13762,018,,27sep2004,POLICE OFFICER,03D,ILLEGAL ARREST / FALSE ARREST,03D,ILLEGAL ARREST / FALSE ARREST,CLOSED/FINAL,NOT SUSTAINED,STINNETT`,TYRESE,,,UNKNOWN,44,MALE,,apr2016,,,03,0,0,1
1055376,1822,LARRABEE ST,1150,POLICE FACILITY/VEH PARKING LOT,01jul2012 00:30:00,01jul2012 00:30:00,09jul2012,MICHELLE,MAXWELL,9121,018,213,04jun2007,POLICE OFFICER,03D,ILLEGAL ARREST / FALSE ARREST,03D,ILLEGAL ARREST / FALSE ARREST,CLOSED/FINAL,UNFOUNDED,MEDINA,PETER,010,,POLICE OFFICER,,MALE,SPANISH (DO NOT USE),apr2016,,,03,0,0,1
1055376,1822,LARRABEE ST,1150,POLICE FACILITY/VEH PARKING LOT,01jul2012 00:30:00,01jul2012 00:30:00,09jul2012,MICHELLE,MAXWELL,9121,018,213,04jun2007,POLICE OFFICER,03D,ILLEGAL ARREST / FALSE ARREST,03D,ILLEGAL ARREST / FALSE ARREST,CLOSED/FINAL,UNFOUNDED,STINETT`,TYRESE,,,UNKNOWN,42,MALE,,apr2016,,,03,0,0,1
1055376,1822,LARRABEE ST,1150,POLICE FACILITY/VEH PARKING LOT,01jul2012 00:30:00,01jul2012 00:30:00,09jul2012,TIFFANY,NARD,16972,018,,30oct2006,POLICE OFFICER,03D,ILLEGAL ARREST / FALSE ARREST,03D,ILLEGAL ARREST / FALSE ARREST,CLOSED/FINAL,NOT SUSTAINED,JOHNSON,JOANNE,,,UNKNOWN,48,FEMALE,BLACK,apr2016,,,03,0,0,1
1055376,1822,LARRABEE ST,1150,POLICE FACILITY/VEH PARKING LOT,01jul2012 00:30:00,01jul2012 00:30:00,09jul2012,TIFFANY,NARD,16972,018,,30oct2006,POLICE OFFICER,03D,ILLEGAL ARREST / FALSE ARREST,03D,ILLEGAL ARREST / FALSE ARREST,CLOSED/FINAL,NOT SUSTAINED,STINNETT`,TYRESE,,,UNKNOWN,44,MALE,,apr2016,,,03,0,0,1
1055376,1822,LARRABEE ST,1150,POLICE FACILITY/VEH PARKING LOT,01jul2012 00:30:00,01jul2012 00:30:00,09jul2012,BARTHOLOM,MURPHY,9933,018,,12jul1999,POLICE OFFICER,03D,ILLEGAL ARREST / FALSE ARREST,03D,ILLEGAL ARREST / FALSE ARREST,CLOSED/FINAL,NOT SUSTAINED,JOHNSON,JOANNE,,,UNKNOWN,48,FEMALE,BLACK,apr2016,,,03,0,0,1
