COMPLAINT_NUMBER,BEAT,STREET,ADDRESS,LOCATION_CODE,INCIDENT_TIME_START,INCIDENT_TIME_END,NOTIFICATION_DATE,ACCSUEDOFFICER_FNAME,ACCUSEDOFFICER_LNAME,ACCUSED_STAR,ACCUSED_UNIT,ACCUSED_DETAIL,ACCUSED_APPOINTMENT_DATE,ACCUSED_POSITION,INITIAL_CATEGORY_CODE,INITIAL_CATEGORY,CURRENT_CATEGORY_CODE,CURRENT_CATEGORY,CURRENT_STATUS,FINDING_CODE,INVOLVED_OFFICER_LNAME,INVOLVED_OFFICER_FNAME,INVOLVED_OFFICER_UNIT,INVOLVED_OFFICER_DETAIL,INVOLVED_OFFICER_POSITION,INVOLVED_OFFICER_AGE,INVOLVED_OFFICER_SEX,INVOLVED_OFFICER_RACE,foia,INVOLVED_OFFICER_DESCRIPTION,INVOLVED_OFFICER_TYPE,start_code_2,start_code_1,rec,sum_rec
1061637,634,CTA 95TH ST LN,14,STREET,21apr2013 05:45:00,21apr2013 05:45:00,21apr2013,,DEARTH,9022,701,,01aug1994,POLICE OFFICER,S021,MISCELLANEOUS,S021,MISCELLANEOUS,CLOSED/FINAL,EXONERATED,HEARD,VIRGIL,,,UNKNOWN,,,,apr2016,,,S0,S,0,1
1061637,634,CTA 95TH ST LN,14,STREET,21apr2013 05:45:00,21apr2013 05:45:00,21apr2013,,CLEGGS,11554,701,,16dec1991,POLICE OFFICER,S021,MISCELLANEOUS,S021,MISCELLANEOUS,CLOSED/FINAL,UNFOUNDED,HEARD,VIRGIL,,,UNKNOWN,,,,apr2016,,,S0,S,0,1
1061637,634,CTA 95TH ST LN,14,STREET,21apr2013 05:45:00,21apr2013 05:45:00,21apr2013,,,,,,,,S021,MISCELLANEOUS,S021,MISCELLANEOUS,CLOSED/FINAL,EXONERATED,HEARD,VIRGIL,,,UNKNOWN,23,MALE,BLACK,apr2016,,,S0,S,0,1
1061637,634,CTA 95TH ST LN,14,STREET,21apr2013 05:45:00,21apr2013 05:45:00,21apr2013,,,,,,,,S021,MISCELLANEOUS,S021,MISCELLANEOUS,CLOSED/FINAL,UNFOUNDED,HEARD,VIRGIL,,,UNKNOWN,,,,apr2016,,,S0,S,0,1
1061637,634,CTA 95TH ST LN,14,STREET,21apr2013 05:45:00,21apr2013 05:45:00,21apr2013,,,,,,,,S021,MISCELLANEOUS,S021,MISCELLANEOUS,CLOSED/FINAL,EXONERATED,HEARD,VIRGIL,,,UNKNOWN,,,,apr2016,,,S0,S,1,1
1061637,634,CTA 95TH ST LN,14,STREET,21apr2013 05:45:00,21apr2013 05:45:00,21apr2013,,CLEGGS,11554,701,,16dec1991,POLICE OFFICER,S021,MISCELLANEOUS,S021,MISCELLANEOUS,CLOSED/FINAL,NOT SUSTAINED,HEARD,VIRGIL,,,UNKNOWN,23,MALE,BLACK,apr2016,,,S0,S,0,1
1061637,634,CTA 95TH ST LN,14,STREET,21apr2013 05:45:00,21apr2013 05:45:00,21apr2013,,DEARTH,9022,701,,01aug1994,POLICE OFFICER,S021,MISCELLANEOUS,S021,MISCELLANEOUS,CLOSED/FINAL,UNFOUNDED,HEARD,VIRGIL,,,UNKNOWN,23,MALE,BLACK,apr2016,,,S0,S,0,1
1061637,634,CTA 95TH ST LN,14,STREET,21apr2013 05:45:00,21apr2013 05:45:00,21apr2013,,DEARTH,9022,701,,01aug1994,POLICE OFFICER,S021,MISCELLANEOUS,S021,MISCELLANEOUS,CLOSED/FINAL,EXONERATED,HEARD,VIRGIL,,,UNKNOWN,23,MALE,BLACK,apr2016,,,S0,S,0,1
1061637,634,CTA 95TH ST LN,14,STREET,21apr2013 05:45:00,21apr2013 05:45:00,21apr2013,,CLEGGS,11554,701,,16dec1991,POLICE OFFICER,S021,MISCELLANEOUS,S021,MISCELLANEOUS,CLOSED/FINAL,NOT SUSTAINED,HEARD,VIRGIL,,,UNKNOWN,,,,apr2016,,,S0,S,0,1
1061637,634,CTA 95TH ST LN,14,STREET,21apr2013 05:45:00,21apr2013 05:45:00,21apr2013,,CLEGGS,11554,701,,16dec1991,POLICE OFFICER,S021,MISCELLANEOUS,S021,MISCELLANEOUS,CLOSED/FINAL,UNFOUNDED,HEARD,VIRGIL,,,UNKNOWN,23,MALE,BLACK,apr2016,,,S0,S,0,1
1061637,634,CTA 95TH ST LN,14,STREET,21apr2013 05:45:00,21apr2013 05:45:00,21apr2013,,DEARTH,9022,701,,01aug1994,POLICE OFFICER,S021,MISCELLANEOUS,S021,MISCELLANEOUS,CLOSED/FINAL,UNFOUNDED,HEARD,VIRGIL,,,UNKNOWN,,,,apr2016,,,S0,S,0,1
1061637,634,CTA 95TH ST LN,14,STREET,21apr2013 05:45:00,21apr2013 05:45:00,21apr2013,,,,,,,,S021,MISCELLANEOUS,S021,MISCELLANEOUS,CLOSED/FINAL,UNFOUNDED,HEARD,VIRGIL,,,UNKNOWN,23,MALE,BLACK,apr2016,,,S0,S,0,1
