COMPLAINT_NUMBER,BEAT,STREET,ADDRESS,LOCATION_CODE,INCIDENT_TIME_START,INCIDENT_TIME_END,NOTIFICATION_DATE,ACCSUEDOFFICER_FNAME,ACCUSEDOFFICER_LNAME,ACCUSED_STAR,ACCUSED_UNIT,ACCUSED_DETAIL,ACCUSED_APPOINTMENT_DATE,ACCUSED_POSITION,INITIAL_CATEGORY_CODE,INITIAL_CATEGORY,CURRENT_CATEGORY_CODE,CURRENT_CATEGORY,CURRENT_STATUS,FINDING_CODE,INVOLVED_OFFICER_LNAME,INVOLVED_OFFICER_FNAME,INVOLVED_OFFICER_UNIT,INVOLVED_OFFICER_DETAIL,INVOLVED_OFFICER_POSITION,INVOLVED_OFFICER_AGE,INVOLVED_OFFICER_SEX,INVOLVED_OFFICER_RACE,foia,INVOLVED_OFFICER_DESCRIPTION,INVOLVED_OFFICER_TYPE,start_code_2,start_code_1,rec,sum_rec
1060222,711,LOWE AVE,5734,RESIDENCE,18feb2013 09:30:00,18feb2013 13:30:00,18feb2013,,,,,,,,S114,THREATS,05L,DOMESTIC INCIDENT - NOT PHYSICAL,CLOSED/FINAL,NO AFFIDAVIT,KEANE,PATRICK,020,,POLICE OFFICER,,MALE,WHITE,apr2016,,,S1,S,0,1
1060222,711,LOWE AVE,5734,RESIDENCE,18feb2013 09:30:00,18feb2013 13:30:00,18feb2013,,JONES,21285,610,,16jun1986,PO AS DETECTIVE,S114,THREATS,05L,DOMESTIC INCIDENT - NOT PHYSICAL,CLOSED/FINAL,UNFOUNDED,POSADA,JOE,007,,POLICE OFFICER,,MALE,SPANISH (DO NOT USE),apr2016,,,S1,S,0,1
1060222,711,LOWE AVE,5734,RESIDENCE,18feb2013 09:30:00,18feb2013 13:30:00,18feb2013,,JONES,21285,610,,16jun1986,PO AS DETECTIVE,S114,THREATS,05L,DOMESTIC INCIDENT - NOT PHYSICAL,CLOSED/FINAL,UNFOUNDED,KEANE,PATRICK,020,,POLICE OFFICER,,MALE,WHITE,apr2016,,,S1,S,0,1
1060222,711,LOWE AVE,5734,RESIDENCE,18feb2013 09:30:00,18feb2013 13:30:00,18feb2013,,JONES,19819,005,,02sep1997,POLICE OFFICER,S114,THREATS,05L,DOMESTIC INCIDENT - NOT PHYSICAL,CLOSED/FINAL,NO AFFIDAVIT,KEANE,PATRICK,020,,POLICE OFFICER,,MALE,WHITE,apr2016,,,S1,S,0,1
1060222,711,LOWE AVE,5734,RESIDENCE,18feb2013 09:30:00,18feb2013 13:30:00,18feb2013,,JONES,19819,005,,02sep1997,POLICE OFFICER,S114,THREATS,05L,DOMESTIC INCIDENT - NOT PHYSICAL,CLOSED/FINAL,UNFOUNDED,JOHNSON,DELILIAH,,,UNKNOWN,,FEMALE,BLACK,apr2016,,,S1,S,0,1
1060222,711,LOWE AVE,5734,RESIDENCE,18feb2013 09:30:00,18feb2013 13:30:00,18feb2013,,JONES,21285,610,,16jun1986,PO AS DETECTIVE,S114,THREATS,05L,DOMESTIC INCIDENT - NOT PHYSICAL,CLOSED/FINAL,UNFOUNDED,JOHNSON,DELILIAH,,,UNKNOWN,,FEMALE,BLACK,apr2016,,,S1,S,0,1
1060222,711,LOWE AVE,5734,RESIDENCE,18feb2013 09:30:00,18feb2013 13:30:00,18feb2013,,GIGLIO,2263,007,,01aug1994,SERGEANT OF POLICE,S114,THREATS,05L,DOMESTIC INCIDENT - NOT PHYSICAL,CLOSED/FINAL,NO AFFIDAVIT,POSADA,JOE,007,,POLICE OFFICER,,MALE,SPANISH (DO NOT USE),apr2016,,,S1,S,0,1
1060222,711,LOWE AVE,5734,RESIDENCE,18feb2013 09:30:00,18feb2013 13:30:00,18feb2013,,JONES,21285,610,,16jun1986,PO AS DETECTIVE,S114,THREATS,05L,DOMESTIC INCIDENT - NOT PHYSICAL,CLOSED/FINAL,NOT SUSTAINED,KEANE,PATRICK,020,,POLICE OFFICER,,MALE,WHITE,apr2016,,,S1,S,0,1
1060222,711,LOWE AVE,5734,RESIDENCE,18feb2013 09:30:00,18feb2013 13:30:00,18feb2013,,,,,,,,S114,THREATS,05L,DOMESTIC INCIDENT - NOT PHYSICAL,CLOSED/FINAL,UNFOUNDED,POSADA,JOE,007,,POLICE OFFICER,,MALE,SPANISH (DO NOT USE),apr2016,,,S1,S,0,1
1060222,711,LOWE AVE,5734,RESIDENCE,18feb2013 09:30:00,18feb2013 13:30:00,18feb2013,,,,,,,,S114,THREATS,05L,DOMESTIC INCIDENT - NOT PHYSICAL,CLOSED/FINAL,UNFOUNDED,JOHNSON,DELILIAH,,,UNKNOWN,,FEMALE,BLACK,apr2016,,,S1,S,0,1
1060222,711,LOWE AVE,5734,RESIDENCE,18feb2013 09:30:00,18feb2013 13:30:00,18feb2013,,,,,,,,S114,THREATS,05L,DOMESTIC INCIDENT - NOT PHYSICAL,CLOSED/FINAL,NO AFFIDAVIT,POSADA,JOE,007,,POLICE OFFICER,,MALE,SPANISH (DO NOT USE),apr2016,,,S1,S,0,1
1060222,711,LOWE AVE,5734,RESIDENCE,18feb2013 09:30:00,18feb2013 13:30:00,18feb2013,,GIGLIO,2263,007,,01aug1994,SERGEANT OF POLICE,S114,THREATS,05L,DOMESTIC INCIDENT - NOT PHYSICAL,CLOSED/FINAL,UNFOUNDED,KEANE,PATRICK,020,,POLICE OFFICER,,MALE,WHITE,apr2016,,,S1,S,0,1
1060222,711,LOWE AVE,5734,RESIDENCE,18feb2013 09:30:00,18feb2013 13:30:00,18feb2013,,JONES,21285,610,,16jun1986,PO AS DETECTIVE,S114,THREATS,05L,DOMESTIC INCIDENT - NOT PHYSICAL,CLOSED/FINAL,NOT SUSTAINED,POSADA,JOE,007,,POLICE OFFICER,,MALE,SPANISH (DO NOT USE),apr2016,,,S1,S,0,1
1060222,711,LOWE AVE,5734,RESIDENCE,18feb2013 09:30:00,18feb2013 13:30:00,18feb2013,,JONES,19819,005,,02sep1997,POLICE OFFICER,S114,THREATS,05L,DOMESTIC INCIDENT - NOT PHYSICAL,CLOSED/FINAL,NO AFFIDAVIT,POSADA,JOE,007,,POLICE OFFICER,,MALE,SPANISH (DO NOT USE),apr2016,,,S1,S,0,1
1060222,711,LOWE AVE,5734,RESIDENCE,18feb2013 09:30:00,18feb2013 13:30:00,18feb2013,,,,,,,,S114,THREATS,05L,DOMESTIC INCIDENT - NOT PHYSICAL,CLOSED/FINAL,NO AFFIDAVIT,JOHNSON,DELILIAH,,,UNKNOWN,,FEMALE,BLACK,apr2016,,,S1,S,1,1
1060222,711,LOWE AVE,5734,RESIDENCE,18feb2013 09:30:00,18feb2013 13:30:00,18feb2013,,JONES,19819,005,,02sep1997,POLICE OFFICER,S114,THREATS,05L,DOMESTIC INCIDENT - NOT PHYSICAL,CLOSED/FINAL,UNFOUNDED,POSADA,JOE,007,,POLICE OFFICER,,MALE,SPANISH (DO NOT USE),apr2016,,,S1,S,0,1
1060222,711,LOWE AVE,5734,RESIDENCE,18feb2013 09:30:00,18feb2013 13:30:00,18feb2013,,GIGLIO,2263,007,,01aug1994,SERGEANT OF POLICE,S114,THREATS,05L,DOMESTIC INCIDENT - NOT PHYSICAL,CLOSED/FINAL,UNFOUNDED,POSADA,JOE,007,,POLICE OFFICER,,MALE,SPANISH (DO NOT USE),apr2016,,,S1,S,0,1
1060222,711,LOWE AVE,5734,RESIDENCE,18feb2013 09:30:00,18feb2013 13:30:00,18feb2013,,JONES,19819,005,,02sep1997,POLICE OFFICER,S114,THREATS,05L,DOMESTIC INCIDENT - NOT PHYSICAL,CLOSED/FINAL,UNFOUNDED,KEANE,PATRICK,020,,POLICE OFFICER,,MALE,WHITE,apr2016,,,S1,S,0,1
1060222,711,LOWE AVE,5734,RESIDENCE,18feb2013 09:30:00,18feb2013 13:30:00,18feb2013,,JONES,19819,005,,02sep1997,POLICE OFFICER,S114,THREATS,05L,DOMESTIC INCIDENT - NOT PHYSICAL,CLOSED/FINAL,NO AFFIDAVIT,JOHNSON,DELILIAH,,,UNKNOWN,,FEMALE,BLACK,apr2016,,,S1,S,0,1
1060222,711,LOWE AVE,5734,RESIDENCE,18feb2013 09:30:00,18feb2013 13:30:00,18feb2013,,,,,,,,S114,THREATS,05L,DOMESTIC INCIDENT - NOT PHYSICAL,CLOSED/FINAL,UNFOUNDED,KEANE,PATRICK,020,,POLICE OFFICER,,MALE,WHITE,apr2016,,,S1,S,0,1
1060222,711,LOWE AVE,5734,RESIDENCE,18feb2013 09:30:00,18feb2013 13:30:00,18feb2013,,GIGLIO,2263,007,,01aug1994,SERGEANT OF POLICE,S114,THREATS,05L,DOMESTIC INCIDENT - NOT PHYSICAL,CLOSED/FINAL,NO AFFIDAVIT,KEANE,PATRICK,020,,POLICE OFFICER,,MALE,WHITE,apr2016,,,S1,S,0,1
1060222,711,LOWE AVE,5734,RESIDENCE,18feb2013 09:30:00,18feb2013 13:30:00,18feb2013,,GIGLIO,2263,007,,01aug1994,SERGEANT OF POLICE,S114,THREATS,05L,DOMESTIC INCIDENT - NOT PHYSICAL,CLOSED/FINAL,NO AFFIDAVIT,JOHNSON,DELILIAH,,,UNKNOWN,,FEMALE,BLACK,apr2016,,,S1,S,0,1
1060222,711,LOWE AVE,5734,RESIDENCE,18feb2013 09:30:00,18feb2013 13:30:00,18feb2013,,GIGLIO,2263,007,,01aug1994,SERGEANT OF POLICE,S114,THREATS,05L,DOMESTIC INCIDENT - NOT PHYSICAL,CLOSED/FINAL,UNFOUNDED,JOHNSON,DELILIAH,,,UNKNOWN,,FEMALE,BLACK,apr2016,,,S1,S,0,1
1060222,711,LOWE AVE,5734,RESIDENCE,18feb2013 09:30:00,18feb2013 13:30:00,18feb2013,,JONES,21285,610,,16jun1986,PO AS DETECTIVE,S114,THREATS,05L,DOMESTIC INCIDENT - NOT PHYSICAL,CLOSED/FINAL,NOT SUSTAINED,JOHNSON,DELILIAH,,,UNKNOWN,,FEMALE,BLACK,apr2016,,,S1,S,0,1
