COMPLAINT_NUMBER,BEAT,STREET,ADDRESS,LOCATION_CODE,INCIDENT_TIME_START,INCIDENT_TIME_END,NOTIFICATION_DATE,ACCSUEDOFFICER_FNAME,ACCUSEDOFFICER_LNAME,ACCUSED_STAR,ACCUSED_UNIT,ACCUSED_DETAIL,ACCUSED_APPOINTMENT_DATE,ACCUSED_POSITION,INITIAL_CATEGORY_CODE,INITIAL_CATEGORY,CURRENT_CATEGORY_CODE,CURRENT_CATEGORY,CURRENT_STATUS,FINDING_CODE,INVOLVED_OFFICER_LNAME,INVOLVED_OFFICER_FNAME,INVOLVED_OFFICER_UNIT,INVOLVED_OFFICER_DETAIL,INVOLVED_OFFICER_POSITION,INVOLVED_OFFICER_AGE,INVOLVED_OFFICER_SEX,INVOLVED_OFFICER_RACE,foia,INVOLVED_OFFICER_DESCRIPTION,INVOLVED_OFFICER_TYPE,start_code_2,start_code_1,rec,sum_rec
1059352,1031,KENNETH AVE,2832,APARTMENT,04jan2013 20:29:59,04jan2013 20:29:59,05jan2013,,RIVERA,15869,010,,27oct2003,POLICE OFFICER,05Z,MISCELLANEOUS,S014,TASER (PROBE DISCHARGE),CLOSED/FINAL,UNFOUNDED,GONZALEZ,JOEL ,,,UNKNOWN,32,MALE,WHITE HISPANIC,apr2016,,,05,0,0,1
1059352,1031,KENNETH AVE,2832,APARTMENT,04jan2013 20:29:59,04jan2013 20:29:59,05jan2013,,,,,,,,05Z,MISCELLANEOUS,S014,TASER (PROBE DISCHARGE),CLOSED/FINAL,UNFOUNDED,SARLI,LUIGI,010,,POLICE OFFICER,,MALE,WHITE,apr2016,,,05,0,0,1
1059352,1031,KENNETH AVE,2832,APARTMENT,04jan2013 20:29:59,04jan2013 20:29:59,05jan2013,,,,,,,,05Z,MISCELLANEOUS,S014,TASER (PROBE DISCHARGE),CLOSED/FINAL,UNFOUNDED,GONZALEZ,MICHELLE,010,,POLICE OFFICER,,FEMALE,SPANISH (DO NOT USE),apr2016,,,05,0,0,1
1059352,1031,KENNETH AVE,2832,APARTMENT,04jan2013 20:29:59,04jan2013 20:29:59,05jan2013,,RIVERA,15869,010,,27oct2003,POLICE OFFICER,05Z,MISCELLANEOUS,S014,TASER (PROBE DISCHARGE),CLOSED/FINAL,UNFOUNDED,GONZALEZ,MICHELLE,010,,POLICE OFFICER,,FEMALE,SPANISH (DO NOT USE),apr2016,,,05,0,0,1
1059352,1031,KENNETH AVE,2832,APARTMENT,04jan2013 20:29:59,04jan2013 20:29:59,05jan2013,,,,,,,,05Z,MISCELLANEOUS,S014,TASER (PROBE DISCHARGE),CLOSED/FINAL,UNFOUNDED,STADNIK,RICHARD,010,,SERGEANT OF POLICE,,MALE,WHITE,apr2016,,,05,0,0,1
1059352,1031,KENNETH AVE,2832,APARTMENT,04jan2013 20:29:59,04jan2013 20:29:59,05jan2013,,RIVERA,15869,010,,27oct2003,POLICE OFFICER,05Z,MISCELLANEOUS,S014,TASER (PROBE DISCHARGE),CLOSED/FINAL,UNFOUNDED,STADNIK,RICHARD,010,,SERGEANT OF POLICE,,MALE,WHITE,apr2016,,,05,0,0,1
1059352,1031,KENNETH AVE,2832,APARTMENT,04jan2013 20:29:59,04jan2013 20:29:59,05jan2013,,RIVERA,15869,010,,27oct2003,POLICE OFFICER,05Z,MISCELLANEOUS,S014,TASER (PROBE DISCHARGE),CLOSED/FINAL,UNFOUNDED,SARLI,LUIGI,010,,POLICE OFFICER,,MALE,WHITE,apr2016,,,05,0,0,1
1059352,1031,KENNETH AVE,2832,APARTMENT,04jan2013 20:29:59,04jan2013 20:29:59,05jan2013,,,,,,,,05Z,MISCELLANEOUS,S014,TASER (PROBE DISCHARGE),CLOSED/FINAL,UNFOUNDED,GONZALEZ,JOEL ,,,UNKNOWN,32,MALE,WHITE HISPANIC,apr2016,,,05,0,0,1
