COMPLAINT_NUMBER,BEAT,STREET,ADDRESS,LOCATION_CODE,INCIDENT_TIME_START,INCIDENT_TIME_END,NOTIFICATION_DATE,ACCSUEDOFFICER_FNAME,ACCUSEDOFFICER_LNAME,ACCUSED_STAR,ACCUSED_UNIT,ACCUSED_DETAIL,ACCUSED_APPOINTMENT_DATE,ACCUSED_POSITION,INITIAL_CATEGORY_CODE,INITIAL_CATEGORY,CURRENT_CATEGORY_CODE,CURRENT_CATEGORY,CURRENT_STATUS,FINDING_CODE,INVOLVED_OFFICER_LNAME,INVOLVED_OFFICER_FNAME,INVOLVED_OFFICER_UNIT,INVOLVED_OFFICER_DETAIL,INVOLVED_OFFICER_POSITION,INVOLVED_OFFICER_AGE,INVOLVED_OFFICER_SEX,INVOLVED_OFFICER_RACE,foia,INVOLVED_OFFICER_DESCRIPTION,INVOLVED_OFFICER_TYPE,start_code_2,start_code_1,rec,sum_rec
1062171,1225,ADAMS ST,2115,RESIDENCE,13may2013 10:44:59,13may2013 10:44:59,13may2013,,RITTORNO,4473,393,,29oct2001,POLICE OFFICER,05A,EXCESSIVE FORCE / ON DUTY - INJURY,05Z,MISCELLANEOUS,CLOSED/FINAL,UNFOUNDED,MOTON,KEJUAN,,,UNKNOWN,,MALE,BLACK,apr2016,,,05,0,0,1
1062171,1225,ADAMS ST,2115,RESIDENCE,13may2013 10:44:59,13may2013 10:44:59,13may2013,,,,,,,,05A,EXCESSIVE FORCE / ON DUTY - INJURY,05Z,MISCELLANEOUS,CLOSED/FINAL,ADDITIONAL INVESTIGATION REQUESTED,PERKINS,LAKEISHA,,,UNKNOWN,22,FEMALE,BLACK,apr2016,,,05,0,0,1
1062171,1225,ADAMS ST,2115,RESIDENCE,13may2013 10:44:59,13may2013 10:44:59,13may2013,,,,,,,,05A,EXCESSIVE FORCE / ON DUTY - INJURY,05Z,MISCELLANEOUS,CLOSED/FINAL,NOT SUSTAINED,MOTON,KEJUAN,,,UNKNOWN,,MALE,BLACK,apr2016,,,05,0,0,1
1062171,1225,ADAMS ST,2115,RESIDENCE,13may2013 10:44:59,13may2013 10:44:59,13may2013,,,,,,,,05A,EXCESSIVE FORCE / ON DUTY - INJURY,05Z,MISCELLANEOUS,CLOSED/FINAL,NOT SUSTAINED,PERKINS,SHAKEITA,,,UNKNOWN,,FEMALE,BLACK,apr2016,,,05,0,0,1
1062171,1225,ADAMS ST,2115,RESIDENCE,13may2013 10:44:59,13may2013 10:44:59,13may2013,,,,,,,,05A,EXCESSIVE FORCE / ON DUTY - INJURY,05Z,MISCELLANEOUS,CLOSED/FINAL,NOT SUSTAINED,BECK,KATRINA,,,UNKNOWN,39,FEMALE,BLACK,apr2016,,,05,0,0,1
1062171,1225,ADAMS ST,2115,RESIDENCE,13may2013 10:44:59,13may2013 10:44:59,13may2013,,RITTORNO,4473,393,,29oct2001,POLICE OFFICER,05A,EXCESSIVE FORCE / ON DUTY - INJURY,05Z,MISCELLANEOUS,CLOSED/FINAL,UNFOUNDED,BECK,KATRINA,,,UNKNOWN,40,FEMALE,BLACK,apr2016,,,05,0,0,1
1062171,1225,ADAMS ST,2115,RESIDENCE,13may2013 10:44:59,13may2013 10:44:59,13may2013,,,,,,,,05A,EXCESSIVE FORCE / ON DUTY - INJURY,05Z,MISCELLANEOUS,CLOSED/FINAL,ADDITIONAL INVESTIGATION REQUESTED,PERKINS,SHAKEITA,,,UNKNOWN,,FEMALE,BLACK,apr2016,,,05,0,0,1
1062171,1225,ADAMS ST,2115,RESIDENCE,13may2013 10:44:59,13may2013 10:44:59,13may2013,,,,,,,,05A,EXCESSIVE FORCE / ON DUTY - INJURY,05Z,MISCELLANEOUS,CLOSED/FINAL,NOT SUSTAINED,BROWN,BRITTNEY,,,UNKNOWN,15,FEMALE,BLACK,apr2016,,,05,0,0,1
1062171,1225,ADAMS ST,2115,RESIDENCE,13may2013 10:44:59,13may2013 10:44:59,13may2013,,RITTORNO,4473,393,,29oct2001,POLICE OFFICER,05A,EXCESSIVE FORCE / ON DUTY - INJURY,05Z,MISCELLANEOUS,CLOSED/FINAL,NOT SUSTAINED,BROWN,BRITTNEY,,,UNKNOWN,15,FEMALE,BLACK,apr2016,,,05,0,0,1
1062171,1225,ADAMS ST,2115,RESIDENCE,13may2013 10:44:59,13may2013 10:44:59,13may2013,,,,,,,,05A,EXCESSIVE FORCE / ON DUTY - INJURY,05Z,MISCELLANEOUS,CLOSED/FINAL,ADDITIONAL INVESTIGATION REQUESTED,BROWN,BRITTNEY,,,UNKNOWN,15,FEMALE,BLACK,apr2016,,,05,0,0,1
1062171,1225,ADAMS ST,2115,RESIDENCE,13may2013 10:44:59,13may2013 10:44:59,13may2013,,,,,,,,05A,EXCESSIVE FORCE / ON DUTY - INJURY,05Z,MISCELLANEOUS,CLOSED/FINAL,ADDITIONAL INVESTIGATION REQUESTED,MOTON,KEJUAN,,,UNKNOWN,,MALE,BLACK,apr2016,,,05,0,0,1
1062171,1225,ADAMS ST,2115,RESIDENCE,13may2013 10:44:59,13may2013 10:44:59,13may2013,,,,,,,,05A,EXCESSIVE FORCE / ON DUTY - INJURY,05Z,MISCELLANEOUS,CLOSED/FINAL,ADDITIONAL INVESTIGATION REQUESTED,BECK,KATRINA,,,UNKNOWN,40,FEMALE,BLACK,apr2016,,,05,0,0,1
1062171,1225,ADAMS ST,2115,RESIDENCE,13may2013 10:44:59,13may2013 10:44:59,13may2013,,,,,,,,05A,EXCESSIVE FORCE / ON DUTY - INJURY,05Z,MISCELLANEOUS,CLOSED/FINAL,ADDITIONAL INVESTIGATION REQUESTED,BECK,KATRINA,,,UNKNOWN,39,FEMALE,BLACK,apr2016,,,05,0,1,1
1062171,1225,ADAMS ST,2115,RESIDENCE,13may2013 10:44:59,13may2013 10:44:59,13may2013,,RITTORNO,4473,393,,29oct2001,POLICE OFFICER,05A,EXCESSIVE FORCE / ON DUTY - INJURY,05Z,MISCELLANEOUS,CLOSED/FINAL,UNFOUNDED,WHITE,DENZEL,,,UNKNOWN,,MALE,BLACK,apr2016,,,05,0,0,1
1062171,1225,ADAMS ST,2115,RESIDENCE,13may2013 10:44:59,13may2013 10:44:59,13may2013,,RITTORNO,4473,393,,29oct2001,POLICE OFFICER,05A,EXCESSIVE FORCE / ON DUTY - INJURY,05Z,MISCELLANEOUS,CLOSED/FINAL,UNFOUNDED,BECK,KATRINA,,,UNKNOWN,39,FEMALE,BLACK,apr2016,,,05,0,0,1
1062171,1225,ADAMS ST,2115,RESIDENCE,13may2013 10:44:59,13may2013 10:44:59,13may2013,,RITTORNO,4473,393,,29oct2001,POLICE OFFICER,05A,EXCESSIVE FORCE / ON DUTY - INJURY,05Z,MISCELLANEOUS,CLOSED/FINAL,NOT SUSTAINED,PERKINS,LAKEISHA,,,UNKNOWN,22,FEMALE,BLACK,apr2016,,,05,0,0,1
1062171,1225,ADAMS ST,2115,RESIDENCE,13may2013 10:44:59,13may2013 10:44:59,13may2013,,RITTORNO,4473,393,,29oct2001,POLICE OFFICER,05A,EXCESSIVE FORCE / ON DUTY - INJURY,05Z,MISCELLANEOUS,CLOSED/FINAL,NOT SUSTAINED,BECK,KATRINA,,,UNKNOWN,39,FEMALE,BLACK,apr2016,,,05,0,0,1
1062171,1225,ADAMS ST,2115,RESIDENCE,13may2013 10:44:59,13may2013 10:44:59,13may2013,,,,,,,,05A,EXCESSIVE FORCE / ON DUTY - INJURY,05Z,MISCELLANEOUS,CLOSED/FINAL,NOT SUSTAINED,PERKINS,LAKEISHA,,,UNKNOWN,22,FEMALE,BLACK,apr2016,,,05,0,0,1
1062171,1225,ADAMS ST,2115,RESIDENCE,13may2013 10:44:59,13may2013 10:44:59,13may2013,,RITTORNO,4473,393,,29oct2001,POLICE OFFICER,05A,EXCESSIVE FORCE / ON DUTY - INJURY,05Z,MISCELLANEOUS,CLOSED/FINAL,NOT SUSTAINED,MOTON,KEJUAN,,,UNKNOWN,,MALE,BLACK,apr2016,,,05,0,0,1
1062171,1225,ADAMS ST,2115,RESIDENCE,13may2013 10:44:59,13may2013 10:44:59,13may2013,,RITTORNO,4473,393,,29oct2001,POLICE OFFICER,05A,EXCESSIVE FORCE / ON DUTY - INJURY,05Z,MISCELLANEOUS,CLOSED/FINAL,NOT SUSTAINED,PERKINS,SHAKEITA,,,UNKNOWN,,FEMALE,BLACK,apr2016,,,05,0,0,1
1062171,1225,ADAMS ST,2115,RESIDENCE,13may2013 10:44:59,13may2013 10:44:59,13may2013,,RITTORNO,4473,393,,29oct2001,POLICE OFFICER,05A,EXCESSIVE FORCE / ON DUTY - INJURY,05Z,MISCELLANEOUS,CLOSED/FINAL,UNFOUNDED,PERKINS,SHAKEITA,,,UNKNOWN,,FEMALE,BLACK,apr2016,,,05,0,0,1
1062171,1225,ADAMS ST,2115,RESIDENCE,13may2013 10:44:59,13may2013 10:44:59,13may2013,,,,,,,,05A,EXCESSIVE FORCE / ON DUTY - INJURY,05Z,MISCELLANEOUS,CLOSED/FINAL,ADDITIONAL INVESTIGATION REQUESTED,WHITE,DENZEL,,,UNKNOWN,,MALE,BLACK,apr2016,,,05,0,0,1
1062171,1225,ADAMS ST,2115,RESIDENCE,13may2013 10:44:59,13may2013 10:44:59,13may2013,,RITTORNO,4473,393,,29oct2001,POLICE OFFICER,05A,EXCESSIVE FORCE / ON DUTY - INJURY,05Z,MISCELLANEOUS,CLOSED/FINAL,UNFOUNDED,BROWN,BRITTNEY,,,UNKNOWN,15,FEMALE,BLACK,apr2016,,,05,0,0,1
1062171,1225,ADAMS ST,2115,RESIDENCE,13may2013 10:44:59,13may2013 10:44:59,13may2013,,RITTORNO,4473,393,,29oct2001,POLICE OFFICER,05A,EXCESSIVE FORCE / ON DUTY - INJURY,05Z,MISCELLANEOUS,CLOSED/FINAL,NOT SUSTAINED,BECK,KATRINA,,,UNKNOWN,40,FEMALE,BLACK,apr2016,,,05,0,0,1
1062171,1225,ADAMS ST,2115,RESIDENCE,13may2013 10:44:59,13may2013 10:44:59,13may2013,,RITTORNO,4473,393,,29oct2001,POLICE OFFICER,05A,EXCESSIVE FORCE / ON DUTY - INJURY,05Z,MISCELLANEOUS,CLOSED/FINAL,UNFOUNDED,PERKINS,LAKEISHA,,,UNKNOWN,22,FEMALE,BLACK,apr2016,,,05,0,0,1
1062171,1225,ADAMS ST,2115,RESIDENCE,13may2013 10:44:59,13may2013 10:44:59,13may2013,,,,,,,,05A,EXCESSIVE FORCE / ON DUTY - INJURY,05Z,MISCELLANEOUS,CLOSED/FINAL,NOT SUSTAINED,BECK,KATRINA,,,UNKNOWN,40,FEMALE,BLACK,apr2016,,,05,0,0,1
1062171,1225,ADAMS ST,2115,RESIDENCE,13may2013 10:44:59,13may2013 10:44:59,13may2013,,RITTORNO,4473,393,,29oct2001,POLICE OFFICER,05A,EXCESSIVE FORCE / ON DUTY - INJURY,05Z,MISCELLANEOUS,CLOSED/FINAL,NOT SUSTAINED,WHITE,DENZEL,,,UNKNOWN,,MALE,BLACK,apr2016,,,05,0,0,1
1062171,1225,ADAMS ST,2115,RESIDENCE,13may2013 10:44:59,13may2013 10:44:59,13may2013,,,,,,,,05A,EXCESSIVE FORCE / ON DUTY - INJURY,05Z,MISCELLANEOUS,CLOSED/FINAL,NOT SUSTAINED,WHITE,DENZEL,,,UNKNOWN,,MALE,BLACK,apr2016,,,05,0,0,1
