COMPLAINT_NUMBER,BEAT,STREET,ADDRESS,LOCATION_CODE,INCIDENT_TIME_START,INCIDENT_TIME_END,NOTIFICATION_DATE,ACCSUEDOFFICER_FNAME,ACCUSEDOFFICER_LNAME,ACCUSED_STAR,ACCUSED_UNIT,ACCUSED_DETAIL,ACCUSED_APPOINTMENT_DATE,ACCUSED_POSITION,INITIAL_CATEGORY_CODE,INITIAL_CATEGORY,CURRENT_CATEGORY_CODE,CURRENT_CATEGORY,CURRENT_STATUS,FINDING_CODE,INVOLVED_OFFICER_LNAME,INVOLVED_OFFICER_FNAME,INVOLVED_OFFICER_UNIT,INVOLVED_OFFICER_DETAIL,INVOLVED_OFFICER_POSITION,INVOLVED_OFFICER_AGE,INVOLVED_OFFICER_SEX,INVOLVED_OFFICER_RACE,foia,INVOLVED_OFFICER_DESCRIPTION,INVOLVED_OFFICER_TYPE,start_code_2,start_code_1,rec,sum_rec
1054766,1213,JACKSON BLVD,1300,POLICE FACILITY/VEH PARKING LOT,14jun2012 10:44:59,14jun2012 10:44:59,14jun2012,LEIGHA,WILSON,16410,123,,02dec1991,POLICE OFFICER,09A,ALTERCATION / DISTURBANCE - OTHER,09A,ALTERCATION / DISTURBANCE - OTHER,CLOSED/FINAL,SUSTAINED,CLEVELAND,NANIDA,123,,SERGEANT OF POLICE,,FEMALE,BLACK,apr2016,,,09,0,0,1
1054766,1213,JACKSON BLVD,1300,POLICE FACILITY/VEH PARKING LOT,14jun2012 10:44:59,14jun2012 10:44:59,14jun2012,BONITA,AUSTIN,,123,,19dec1991,PERS ASSIST II,09A,ALTERCATION / DISTURBANCE - OTHER,09A,ALTERCATION / DISTURBANCE - OTHER,CLOSED/FINAL,UNFOUNDED,CLEVELAND,NANIDA,123,,SERGEANT OF POLICE,,FEMALE,BLACK,apr2016,,,09,0,0,1
1054766,1213,JACKSON BLVD,1300,POLICE FACILITY/VEH PARKING LOT,14jun2012 10:44:59,14jun2012 10:44:59,14jun2012,LEIGHA,WILSON,16410,123,,02dec1991,POLICE OFFICER,09A,ALTERCATION / DISTURBANCE - OTHER,09A,ALTERCATION / DISTURBANCE - OTHER,CLOSED/FINAL,SUSTAINED,WILSON,LEIGHA,123,,POLICE OFFICER,,FEMALE,BLACK,apr2016,,,09,0,0,1
1054766,1213,JACKSON BLVD,1300,POLICE FACILITY/VEH PARKING LOT,14jun2012 10:44:59,14jun2012 10:44:59,14jun2012,BONITA,AUSTIN,,123,,19dec1991,PERS ASSIST II,09A,ALTERCATION / DISTURBANCE - OTHER,09A,ALTERCATION / DISTURBANCE - OTHER,CLOSED/FINAL,UNFOUNDED,WILSON,LEIGHA,123,,POLICE OFFICER,,FEMALE,BLACK,apr2016,,,09,0,0,1
