COMPLAINT_NUMBER,BEAT,STREET,ADDRESS,LOCATION_CODE,INCIDENT_TIME_START,INCIDENT_TIME_END,NOTIFICATION_DATE,ACCSUEDOFFICER_FNAME,ACCUSEDOFFICER_LNAME,ACCUSED_STAR,ACCUSED_UNIT,ACCUSED_DETAIL,ACCUSED_APPOINTMENT_DATE,ACCUSED_POSITION,INITIAL_CATEGORY_CODE,INITIAL_CATEGORY,CURRENT_CATEGORY_CODE,CURRENT_CATEGORY,CURRENT_STATUS,FINDING_CODE,INVOLVED_OFFICER_LNAME,INVOLVED_OFFICER_FNAME,INVOLVED_OFFICER_UNIT,INVOLVED_OFFICER_DETAIL,INVOLVED_OFFICER_POSITION,INVOLVED_OFFICER_AGE,INVOLVED_OFFICER_SEX,INVOLVED_OFFICER_RACE,foia,INVOLVED_OFFICER_DESCRIPTION,INVOLVED_OFFICER_TYPE,start_code_2,start_code_1,rec,sum_rec
1055460,114,LAKE SHORE DR NB,100,LAKEFRONT/WATERFRONT/RIVERBANK,09jul2012 22:20:00,09jul2012 22:20:00,11jul2012,,,,,,,,S084,MISCELLANEOUS,05D,EXCESSIVE FORCE / OFF DUTY - NO INJURY,CLOSED/FINAL,UNFOUNDED,HUGHES,CAROLINE,,,,,FEMALE,,apr2016,,,S0,S,0,1
1055460,114,LAKE SHORE DR NB,100,LAKEFRONT/WATERFRONT/RIVERBANK,09jul2012 22:20:00,09jul2012 22:20:00,11jul2012,,,,,,,,S084,MISCELLANEOUS,05D,EXCESSIVE FORCE / OFF DUTY - NO INJURY,CLOSED/FINAL,UNFOUNDED,FOGERTY,KEGAN,,,,19,MALE,WHITE,apr2016,,,S0,S,0,1
1055460,114,LAKE SHORE DR NB,100,LAKEFRONT/WATERFRONT/RIVERBANK,09jul2012 22:20:00,09jul2012 22:20:00,11jul2012,,,,,,,,S084,MISCELLANEOUS,05D,EXCESSIVE FORCE / OFF DUTY - NO INJURY,CLOSED/FINAL,UNFOUNDED,MCCARTHY,ALYSSA,,,UNKNOWN,18,FEMALE,WHITE,apr2016,,,S0,S,0,1
1055460,114,LAKE SHORE DR NB,100,LAKEFRONT/WATERFRONT/RIVERBANK,09jul2012 22:20:00,09jul2012 22:20:00,11jul2012,,,,,,,,S084,MISCELLANEOUS,05D,EXCESSIVE FORCE / OFF DUTY - NO INJURY,CLOSED/FINAL,UNFOUNDED,DURKIN,PATRICK,,,,,MALE,,apr2016,,,S0,S,0,1
1055460,114,LAKE SHORE DR NB,100,LAKEFRONT/WATERFRONT/RIVERBANK,09jul2012 22:20:00,09jul2012 22:20:00,11jul2012,,,,,,,,S084,MISCELLANEOUS,05D,EXCESSIVE FORCE / OFF DUTY - NO INJURY,CLOSED/FINAL,UNFOUNDED,BOIKE,LUKE,,,UNKNOWN,19,MALE,WHITE,apr2016,,,S0,S,0,1
1055460,114,LAKE SHORE DR NB,100,LAKEFRONT/WATERFRONT/RIVERBANK,09jul2012 22:20:00,09jul2012 22:20:00,11jul2012,,,,,,,,S084,MISCELLANEOUS,05D,EXCESSIVE FORCE / OFF DUTY - NO INJURY,CLOSED/FINAL,UNFOUNDED,HAYES,TIMOTHY,,,UNKNOWN,18,MALE,WHITE,apr2016,,,S0,S,0,1
1055460,114,LAKE SHORE DR NB,100,LAKEFRONT/WATERFRONT/RIVERBANK,09jul2012 22:20:00,09jul2012 22:20:00,11jul2012,,,,,,,,S084,MISCELLANEOUS,05D,EXCESSIVE FORCE / OFF DUTY - NO INJURY,CLOSED/FINAL,UNFOUNDED,BOIKE,LUKE,,,UNKNOWN,18,MALE,WHITE,apr2016,,,S0,S,0,1
1055460,114,LAKE SHORE DR NB,100,LAKEFRONT/WATERFRONT/RIVERBANK,09jul2012 22:20:00,09jul2012 22:20:00,11jul2012,,,,,,,,S084,MISCELLANEOUS,05D,EXCESSIVE FORCE / OFF DUTY - NO INJURY,CLOSED/FINAL,UNFOUNDED,FOGERTY,KYLE,,,UNKNOWN,19,MALE,WHITE,apr2016,,,S0,S,0,1
1055460,114,LAKE SHORE DR NB,100,LAKEFRONT/WATERFRONT/RIVERBANK,09jul2012 22:20:00,09jul2012 22:20:00,11jul2012,,,,,,,,S084,MISCELLANEOUS,05D,EXCESSIVE FORCE / OFF DUTY - NO INJURY,CLOSED/FINAL,UNFOUNDED,WHITERY,MIKE,,,,,MALE,,apr2016,,,S0,S,0,1
1055460,114,LAKE SHORE DR NB,100,LAKEFRONT/WATERFRONT/RIVERBANK,09jul2012 22:20:00,09jul2012 22:20:00,11jul2012,,,,,,,,S084,MISCELLANEOUS,05D,EXCESSIVE FORCE / OFF DUTY - NO INJURY,CLOSED/FINAL,UNFOUNDED,HAYES,TIMOTHY,,,UNKNOWN,17,MALE,WHITE,apr2016,,,S0,S,0,1
1055460,114,LAKE SHORE DR NB,100,LAKEFRONT/WATERFRONT/RIVERBANK,09jul2012 22:20:00,09jul2012 22:20:00,11jul2012,,,,,,,,S084,MISCELLANEOUS,05D,EXCESSIVE FORCE / OFF DUTY - NO INJURY,CLOSED/FINAL,UNFOUNDED,FOGERTY,KYLE,,,UNKNOWN,18,MALE,WHITE,apr2016,,,S0,S,0,1
