COMPLAINT_NUMBER,BEAT,STREET,ADDRESS,LOCATION_CODE,INCIDENT_TIME_START,INCIDENT_TIME_END,NOTIFICATION_DATE,ACCSUEDOFFICER_FNAME,ACCUSEDOFFICER_LNAME,ACCUSED_STAR,ACCUSED_UNIT,ACCUSED_DETAIL,ACCUSED_APPOINTMENT_DATE,ACCUSED_POSITION,INITIAL_CATEGORY_CODE,INITIAL_CATEGORY,CURRENT_CATEGORY_CODE,CURRENT_CATEGORY,CURRENT_STATUS,FINDING_CODE,INVOLVED_OFFICER_LNAME,INVOLVED_OFFICER_FNAME,INVOLVED_OFFICER_UNIT,INVOLVED_OFFICER_DETAIL,INVOLVED_OFFICER_POSITION,INVOLVED_OFFICER_AGE,INVOLVED_OFFICER_SEX,INVOLVED_OFFICER_RACE,foia,INVOLVED_OFFICER_DESCRIPTION,INVOLVED_OFFICER_TYPE,start_code_2,start_code_1,rec,sum_rec
1053193,123,WABASH AVE,1167,CTA PLATFORM,10apr2012 10:57:00,10apr2012 10:57:00,10apr2012,ROBERT,CARRILLO,21168,630,,27feb1991,PO AS DETECTIVE,S117,PUSH/PULL/GRAB,05M,UNNECESSARY PHYSICAL CONTACT / ON DUTY - NO INJURY,CLOSED/FINAL,EXONERATED,BIBBS,DERRICK,,,UNKNOWN,28,MALE,BLACK,apr2016,,,S1,S,0,1
1053193,123,WABASH AVE,1167,CTA PLATFORM,10apr2012 10:57:00,10apr2012 10:57:00,10apr2012,,,,,,,,S117,PUSH/PULL/GRAB,05M,UNNECESSARY PHYSICAL CONTACT / ON DUTY - NO INJURY,CLOSED/FINAL,UNFOUNDED,BIBBS,DERRICK,,,UNKNOWN,28,MALE,BLACK,apr2016,,,S1,S,0,1
1053193,123,WABASH AVE,1167,CTA PLATFORM,10apr2012 10:57:00,10apr2012 10:57:00,10apr2012,ROBERT,CARRILLO,21168,630,,27feb1991,PO AS DETECTIVE,S117,PUSH/PULL/GRAB,05M,UNNECESSARY PHYSICAL CONTACT / ON DUTY - NO INJURY,CLOSED/FINAL,EXONERATED,BIBBS,DERRICK,,,UNKNOWN,29,MALE,BLACK,apr2016,,,S1,S,0,1
1053193,123,WABASH AVE,1167,CTA PLATFORM,10apr2012 10:57:00,10apr2012 10:57:00,10apr2012,,,,,,,,S117,PUSH/PULL/GRAB,05M,UNNECESSARY PHYSICAL CONTACT / ON DUTY - NO INJURY,CLOSED/FINAL,UNFOUNDED,BIBBS,DERRICK,,,UNKNOWN,29,MALE,BLACK,apr2016,,,S1,S,0,1
