COMPLAINT_NUMBER,BEAT,STREET,ADDRESS,LOCATION_CODE,INCIDENT_TIME_START,INCIDENT_TIME_END,NOTIFICATION_DATE,ACCSUEDOFFICER_FNAME,ACCUSEDOFFICER_LNAME,ACCUSED_STAR,ACCUSED_UNIT,ACCUSED_DETAIL,ACCUSED_APPOINTMENT_DATE,ACCUSED_POSITION,INITIAL_CATEGORY_CODE,INITIAL_CATEGORY,CURRENT_CATEGORY_CODE,CURRENT_CATEGORY,CURRENT_STATUS,FINDING_CODE,INVOLVED_OFFICER_LNAME,INVOLVED_OFFICER_FNAME,INVOLVED_OFFICER_UNIT,INVOLVED_OFFICER_DETAIL,INVOLVED_OFFICER_POSITION,INVOLVED_OFFICER_AGE,INVOLVED_OFFICER_SEX,INVOLVED_OFFICER_RACE,foia,INVOLVED_OFFICER_DESCRIPTION,INVOLVED_OFFICER_TYPE,start_code_2,start_code_1,rec,sum_rec
1053444,726,WOLCOTT AVE,6715,ALLEY,19apr2012 13:30:00,19apr2012 13:30:00,19apr2012,STEVEN,LEVEILLE,8637,007,,28oct2002,POLICE OFFICER,05A,EXCESSIVE FORCE / ON DUTY - INJURY,S021,MISCELLANEOUS,CLOSED/FINAL,UNFOUNDED,JOHNSON,LATRENA,,,UNKNOWN,33,FEMALE,BLACK,apr2016,,,05,0,0,1
1053444,726,WOLCOTT AVE,6715,ALLEY,19apr2012 13:30:00,19apr2012 13:30:00,19apr2012,EDWARD,LEGENZA,6129,007,,27nov2006,POLICE OFFICER,05A,EXCESSIVE FORCE / ON DUTY - INJURY,S021,MISCELLANEOUS,CLOSED/FINAL,UNFOUNDED,JOHNSON,LATRENA,,,UNKNOWN,33,FEMALE,BLACK,apr2016,,,05,0,0,1
1053444,726,WOLCOTT AVE,6715,ALLEY,19apr2012 13:30:00,19apr2012 13:30:00,19apr2012,STEVEN,LEVEILLE,8637,007,,28oct2002,POLICE OFFICER,05A,EXCESSIVE FORCE / ON DUTY - INJURY,S021,MISCELLANEOUS,CLOSED/FINAL,UNFOUNDED,CLAY,MARY,,,UNKNOWN,,FEMALE,BLACK,apr2016,,,05,0,0,1
1053444,726,WOLCOTT AVE,6715,ALLEY,19apr2012 13:30:00,19apr2012 13:30:00,19apr2012,STEVEN,LEVEILLE,8637,007,,28oct2002,POLICE OFFICER,05A,EXCESSIVE FORCE / ON DUTY - INJURY,S021,MISCELLANEOUS,CLOSED/FINAL,UNFOUNDED,JOHNSON,LATRENA,,,UNKNOWN,35,FEMALE,BLACK,apr2016,,,05,0,0,1
1053444,726,WOLCOTT AVE,6715,ALLEY,19apr2012 13:30:00,19apr2012 13:30:00,19apr2012,EDWARD,LEGENZA,6129,007,,27nov2006,POLICE OFFICER,05A,EXCESSIVE FORCE / ON DUTY - INJURY,S021,MISCELLANEOUS,CLOSED/FINAL,UNFOUNDED,PEEPLES,MARQUITA,,,,,FEMALE,BLACK,apr2016,,,05,0,0,1
1053444,726,WOLCOTT AVE,6715,ALLEY,19apr2012 13:30:00,19apr2012 13:30:00,19apr2012,EDWARD,LEGENZA,6129,007,,27nov2006,POLICE OFFICER,05A,EXCESSIVE FORCE / ON DUTY - INJURY,S021,MISCELLANEOUS,CLOSED/FINAL,UNFOUNDED,JOHNSON,LATRENA,,,UNKNOWN,35,FEMALE,BLACK,apr2016,,,05,0,0,1
1053444,726,WOLCOTT AVE,6715,ALLEY,19apr2012 13:30:00,19apr2012 13:30:00,19apr2012,EDWARD,LEGENZA,6129,007,,27nov2006,POLICE OFFICER,05A,EXCESSIVE FORCE / ON DUTY - INJURY,S021,MISCELLANEOUS,CLOSED/FINAL,UNFOUNDED,CLAY,MARY,,,UNKNOWN,,FEMALE,BLACK,apr2016,,,05,0,0,1
1053444,726,WOLCOTT AVE,6715,ALLEY,19apr2012 13:30:00,19apr2012 13:30:00,19apr2012,STEVEN,LEVEILLE,8637,007,,28oct2002,POLICE OFFICER,05A,EXCESSIVE FORCE / ON DUTY - INJURY,S021,MISCELLANEOUS,CLOSED/FINAL,UNFOUNDED,PEEPLES,MARQUITA,,,,,FEMALE,BLACK,apr2016,,,05,0,0,1
