COMPLAINT_NUMBER,BEAT,STREET,ADDRESS,LOCATION_CODE,INCIDENT_TIME_START,INCIDENT_TIME_END,NOTIFICATION_DATE,ACCSUEDOFFICER_FNAME,ACCUSEDOFFICER_LNAME,ACCUSED_STAR,ACCUSED_UNIT,ACCUSED_DETAIL,ACCUSED_APPOINTMENT_DATE,ACCUSED_POSITION,INITIAL_CATEGORY_CODE,INITIAL_CATEGORY,CURRENT_CATEGORY_CODE,CURRENT_CATEGORY,CURRENT_STATUS,FINDING_CODE,INVOLVED_OFFICER_LNAME,INVOLVED_OFFICER_FNAME,INVOLVED_OFFICER_UNIT,INVOLVED_OFFICER_DETAIL,INVOLVED_OFFICER_POSITION,INVOLVED_OFFICER_AGE,INVOLVED_OFFICER_SEX,INVOLVED_OFFICER_RACE,foia,INVOLVED_OFFICER_DESCRIPTION,INVOLVED_OFFICER_TYPE,start_code_2,start_code_1,rec,sum_rec
1062513,1135,HARRISON ST,2950,STREET,25may2013 20:00:00,25may2013 20:00:00,28may2013,,MIRO,15819,015,213,29aug2005,POLICE OFFICER,05A,EXCESSIVE FORCE / ON DUTY - INJURY,S005,KICKED,CLOSED/FINAL,EXONERATED,MITCHELL,MARQUIS ,,,UNKNOWN,30,MALE,BLACK,apr2016,,,05,0,0,1
1062513,1135,HARRISON ST,2950,STREET,25may2013 20:00:00,25may2013 20:00:00,28may2013,,SANDOVAL,13873,015,213,04aug1997,POLICE OFFICER,05A,EXCESSIVE FORCE / ON DUTY - INJURY,S005,KICKED,CLOSED/FINAL,NOT SUSTAINED,MITCHELL,MARQUIS ,,,UNKNOWN,30,MALE,BLACK,apr2016,,,05,0,0,1
1062513,1135,HARRISON ST,2950,STREET,25may2013 20:00:00,25may2013 20:00:00,28may2013,,SANDOVAL,13873,015,213,04aug1997,POLICE OFFICER,05A,EXCESSIVE FORCE / ON DUTY - INJURY,S005,KICKED,CLOSED/FINAL,NOT SUSTAINED,MITCHELL,MATTHEW ,,,UNKNOWN,25,MALE,BLACK,apr2016,,,05,0,0,1
1062513,1135,HARRISON ST,2950,STREET,25may2013 20:00:00,25may2013 20:00:00,28may2013,,SANDOVAL,13873,015,213,04aug1997,POLICE OFFICER,05A,EXCESSIVE FORCE / ON DUTY - INJURY,S005,KICKED,CLOSED/FINAL,NOT SUSTAINED,HOWARD,DWAYNE ,,,UNKNOWN,,MALE,BLACK,apr2016,,,05,0,0,1
1062513,1135,HARRISON ST,2950,STREET,25may2013 20:00:00,25may2013 20:00:00,28may2013,,SANDOVAL,13873,015,213,04aug1997,POLICE OFFICER,05A,EXCESSIVE FORCE / ON DUTY - INJURY,S005,KICKED,CLOSED/FINAL,NOT SUSTAINED,LACHANCE,MICHAEL,011,213,POLICE OFFICER,,MALE,WHITE,apr2016,,,05,0,0,1
1062513,1135,HARRISON ST,2950,STREET,25may2013 20:00:00,25may2013 20:00:00,28may2013,,KIM,16109,003,213,26apr2004,POLICE OFFICER,05A,EXCESSIVE FORCE / ON DUTY - INJURY,S005,KICKED,CLOSED/FINAL,EXONERATED,MITCHELL,MATTHEW ,,,UNKNOWN,25,MALE,BLACK,apr2016,,,05,0,0,1
1062513,1135,HARRISON ST,2950,STREET,25may2013 20:00:00,25may2013 20:00:00,28may2013,,KIM,16109,003,213,26apr2004,POLICE OFFICER,05A,EXCESSIVE FORCE / ON DUTY - INJURY,S005,KICKED,CLOSED/FINAL,EXONERATED,HOWARD,DWAYNE ,,,UNKNOWN,,MALE,BLACK,apr2016,,,05,0,0,1
1062513,1135,HARRISON ST,2950,STREET,25may2013 20:00:00,25may2013 20:00:00,28may2013,,,,,,,,05A,EXCESSIVE FORCE / ON DUTY - INJURY,S005,KICKED,CLOSED/FINAL,EXONERATED,HOWARD,DWAYNE ,,,UNKNOWN,,MALE,BLACK,apr2016,,,05,0,0,1
1062513,1135,HARRISON ST,2950,STREET,25may2013 20:00:00,25may2013 20:00:00,28may2013,,MIRO,15819,015,213,29aug2005,POLICE OFFICER,05A,EXCESSIVE FORCE / ON DUTY - INJURY,S005,KICKED,CLOSED/FINAL,EXONERATED,SCHULTER,PHILIP,011,213,POLICE OFFICER,,MALE,WHITE,apr2016,,,05,0,0,1
1062513,1135,HARRISON ST,2950,STREET,25may2013 20:00:00,25may2013 20:00:00,28may2013,,,,,,,,05A,EXCESSIVE FORCE / ON DUTY - INJURY,S005,KICKED,CLOSED/FINAL,EXONERATED,MITCHELL,MARQUIS ,,,UNKNOWN,30,MALE,BLACK,apr2016,,,05,0,0,1
1062513,1135,HARRISON ST,2950,STREET,25may2013 20:00:00,25may2013 20:00:00,28may2013,,,,,,,,05A,EXCESSIVE FORCE / ON DUTY - INJURY,S005,KICKED,CLOSED/FINAL,EXONERATED,MITCHELL,MATTHEW ,,,UNKNOWN,25,MALE,BLACK,apr2016,,,05,0,0,1
1062513,1135,HARRISON ST,2950,STREET,25may2013 20:00:00,25may2013 20:00:00,28may2013,,MIRO,15819,015,213,29aug2005,POLICE OFFICER,05A,EXCESSIVE FORCE / ON DUTY - INJURY,S005,KICKED,CLOSED/FINAL,EXONERATED,MITCHELL,MATTHEW ,,,UNKNOWN,25,MALE,BLACK,apr2016,,,05,0,0,1
1062513,1135,HARRISON ST,2950,STREET,25may2013 20:00:00,25may2013 20:00:00,28may2013,,KIM,16109,003,213,26apr2004,POLICE OFFICER,05A,EXCESSIVE FORCE / ON DUTY - INJURY,S005,KICKED,CLOSED/FINAL,EXONERATED,MITCHELL,MARQUIS ,,,UNKNOWN,30,MALE,BLACK,apr2016,,,05,0,0,1
1062513,1135,HARRISON ST,2950,STREET,25may2013 20:00:00,25may2013 20:00:00,28may2013,,KIM,16109,003,213,26apr2004,POLICE OFFICER,05A,EXCESSIVE FORCE / ON DUTY - INJURY,S005,KICKED,CLOSED/FINAL,EXONERATED,LACHANCE,MICHAEL,011,213,POLICE OFFICER,,MALE,WHITE,apr2016,,,05,0,0,1
1062513,1135,HARRISON ST,2950,STREET,25may2013 20:00:00,25may2013 20:00:00,28may2013,,MIRO,15819,015,213,29aug2005,POLICE OFFICER,05A,EXCESSIVE FORCE / ON DUTY - INJURY,S005,KICKED,CLOSED/FINAL,EXONERATED,HOWARD,DWAYNE ,,,UNKNOWN,,MALE,BLACK,apr2016,,,05,0,0,1
1062513,1135,HARRISON ST,2950,STREET,25may2013 20:00:00,25may2013 20:00:00,28may2013,,MIRO,15819,015,213,29aug2005,POLICE OFFICER,05A,EXCESSIVE FORCE / ON DUTY - INJURY,S005,KICKED,CLOSED/FINAL,EXONERATED,LACHANCE,MICHAEL,011,213,POLICE OFFICER,,MALE,WHITE,apr2016,,,05,0,0,1
1062513,1135,HARRISON ST,2950,STREET,25may2013 20:00:00,25may2013 20:00:00,28may2013,,SANDOVAL,13873,015,213,04aug1997,POLICE OFFICER,05A,EXCESSIVE FORCE / ON DUTY - INJURY,S005,KICKED,CLOSED/FINAL,NOT SUSTAINED,SCHULTER,PHILIP,011,213,POLICE OFFICER,,MALE,WHITE,apr2016,,,05,0,0,1
1062513,1135,HARRISON ST,2950,STREET,25may2013 20:00:00,25may2013 20:00:00,28may2013,,,,,,,,05A,EXCESSIVE FORCE / ON DUTY - INJURY,S005,KICKED,CLOSED/FINAL,EXONERATED,SCHULTER,PHILIP,011,213,POLICE OFFICER,,MALE,WHITE,apr2016,,,05,0,0,1
1062513,1135,HARRISON ST,2950,STREET,25may2013 20:00:00,25may2013 20:00:00,28may2013,,,,,,,,05A,EXCESSIVE FORCE / ON DUTY - INJURY,S005,KICKED,CLOSED/FINAL,EXONERATED,LACHANCE,MICHAEL,011,213,POLICE OFFICER,,MALE,WHITE,apr2016,,,05,0,1,1
1062513,1135,HARRISON ST,2950,STREET,25may2013 20:00:00,25may2013 20:00:00,28may2013,,KIM,16109,003,213,26apr2004,POLICE OFFICER,05A,EXCESSIVE FORCE / ON DUTY - INJURY,S005,KICKED,CLOSED/FINAL,EXONERATED,SCHULTER,PHILIP,011,213,POLICE OFFICER,,MALE,WHITE,apr2016,,,05,0,0,1
