COMPLAINT_NUMBER,BEAT,STREET,ADDRESS,LOCATION_CODE,INCIDENT_TIME_START,INCIDENT_TIME_END,NOTIFICATION_DATE,ACCSUEDOFFICER_FNAME,ACCUSEDOFFICER_LNAME,ACCUSED_STAR,ACCUSED_UNIT,ACCUSED_DETAIL,ACCUSED_APPOINTMENT_DATE,ACCUSED_POSITION,INITIAL_CATEGORY_CODE,INITIAL_CATEGORY,CURRENT_CATEGORY_CODE,CURRENT_CATEGORY,CURRENT_STATUS,FINDING_CODE,INVOLVED_OFFICER_LNAME,INVOLVED_OFFICER_FNAME,INVOLVED_OFFICER_UNIT,INVOLVED_OFFICER_DETAIL,INVOLVED_OFFICER_POSITION,INVOLVED_OFFICER_AGE,INVOLVED_OFFICER_SEX,INVOLVED_OFFICER_RACE,foia,INVOLVED_OFFICER_DESCRIPTION,INVOLVED_OFFICER_TYPE,start_code_2,start_code_1,rec,sum_rec
1062630,722,DAN RYAN EXPY OB,6500,HIGHWAY/EXPRESSWAY,14mar2013 14:19:59,14mar2013 14:19:59,03jun2013,,CAHILL,19478,009,,29nov2004,POLICE OFFICER,05P,UNNECESSARY DISPLAY OF WEAPON / ON DUTY,05P,UNNECESSARY DISPLAY OF WEAPON / ON DUTY,CLOSED/FINAL,NOT SUSTAINED,BURKE,THOMAS ,,,UNKNOWN,42,MALE,WHITE,apr2016,,,05,0,0,1
1062630,722,DAN RYAN EXPY OB,6500,HIGHWAY/EXPRESSWAY,14mar2013 14:19:59,14mar2013 14:19:59,03jun2013,,,,,,,,05P,UNNECESSARY DISPLAY OF WEAPON / ON DUTY,05P,UNNECESSARY DISPLAY OF WEAPON / ON DUTY,CLOSED/FINAL,UNFOUNDED,BURKE,THOMAS ,,,UNKNOWN,41,MALE,WHITE,apr2016,,,05,0,0,1
1062630,722,DAN RYAN EXPY OB,6500,HIGHWAY/EXPRESSWAY,14mar2013 14:19:59,14mar2013 14:19:59,03jun2013,,,,,,,,05P,UNNECESSARY DISPLAY OF WEAPON / ON DUTY,05P,UNNECESSARY DISPLAY OF WEAPON / ON DUTY,CLOSED/FINAL,UNFOUNDED,BURKE,THOMAS ,,,UNKNOWN,42,MALE,WHITE,apr2016,,,05,0,0,1
1062630,722,DAN RYAN EXPY OB,6500,HIGHWAY/EXPRESSWAY,14mar2013 14:19:59,14mar2013 14:19:59,03jun2013,,CAHILL,19478,009,,29nov2004,POLICE OFFICER,05P,UNNECESSARY DISPLAY OF WEAPON / ON DUTY,05P,UNNECESSARY DISPLAY OF WEAPON / ON DUTY,CLOSED/FINAL,NOT SUSTAINED,BURKE,THOMAS ,,,UNKNOWN,41,MALE,WHITE,apr2016,,,05,0,0,1
1062630,722,DAN RYAN EXPY OB,6500,HIGHWAY/EXPRESSWAY,14mar2013 14:19:59,14mar2013 14:19:59,03jun2013,,KEMPS,16145,009,,26apr2004,POLICE OFFICER,05P,UNNECESSARY DISPLAY OF WEAPON / ON DUTY,05P,UNNECESSARY DISPLAY OF WEAPON / ON DUTY,CLOSED/FINAL,UNFOUNDED,BURKE,THOMAS ,,,UNKNOWN,42,MALE,WHITE,apr2016,,,05,0,0,1
1062630,722,DAN RYAN EXPY OB,6500,HIGHWAY/EXPRESSWAY,14mar2013 14:19:59,14mar2013 14:19:59,03jun2013,,KEMPS,16145,009,,26apr2004,POLICE OFFICER,05P,UNNECESSARY DISPLAY OF WEAPON / ON DUTY,05P,UNNECESSARY DISPLAY OF WEAPON / ON DUTY,CLOSED/FINAL,UNFOUNDED,BURKE,THOMAS ,,,UNKNOWN,41,MALE,WHITE,apr2016,,,05,0,0,1
