COMPLAINT_NUMBER,BEAT,STREET,ADDRESS,LOCATION_CODE,INCIDENT_TIME_START,INCIDENT_TIME_END,NOTIFICATION_DATE,ACCSUEDOFFICER_FNAME,ACCUSEDOFFICER_LNAME,ACCUSED_STAR,ACCUSED_UNIT,ACCUSED_DETAIL,ACCUSED_APPOINTMENT_DATE,ACCUSED_POSITION,INITIAL_CATEGORY_CODE,INITIAL_CATEGORY,CURRENT_CATEGORY_CODE,CURRENT_CATEGORY,CURRENT_STATUS,FINDING_CODE,INVOLVED_OFFICER_LNAME,INVOLVED_OFFICER_FNAME,INVOLVED_OFFICER_UNIT,INVOLVED_OFFICER_DETAIL,INVOLVED_OFFICER_POSITION,INVOLVED_OFFICER_AGE,INVOLVED_OFFICER_SEX,INVOLVED_OFFICER_RACE,foia,INVOLVED_OFFICER_DESCRIPTION,INVOLVED_OFFICER_TYPE,start_code_2,start_code_1,rec,sum_rec
1056600,1824,STATE ST,1120,ALLEY,26aug2012 02:45:59,26aug2012 02:45:59,26aug2012,STEVEN,WHITE,3568,018,,30oct2006,POLICE OFFICER,S021,MISCELLANEOUS,S021,MISCELLANEOUS,CLOSED/FINAL,UNFOUNDED,PIOTROWSKI,TIM,018,,POLICE OFFICER,,MALE,WHITE,apr2016,,,S0,S,0,1
1056600,1824,STATE ST,1120,ALLEY,26aug2012 02:45:59,26aug2012 02:45:59,26aug2012,STEVEN,WHITE,3568,018,,30oct2006,POLICE OFFICER,S021,MISCELLANEOUS,S021,MISCELLANEOUS,CLOSED/FINAL,UNFOUNDED,BAKER,THOMAS,018,,POLICE OFFICER,,MALE,WHITE,apr2016,,,S0,S,0,1
1056600,1824,STATE ST,1120,ALLEY,26aug2012 02:45:59,26aug2012 02:45:59,26aug2012,MATTHEW,WAGNER,5946,018,,27aug2007,POLICE OFFICER,S021,MISCELLANEOUS,S021,MISCELLANEOUS,CLOSED/FINAL,UNFOUNDED,HAMPTON,RUWA,,,UNKNOWN,36,MALE,BLACK,apr2016,,,S0,S,0,1
1056600,1824,STATE ST,1120,ALLEY,26aug2012 02:45:59,26aug2012 02:45:59,26aug2012,MATTHEW,WAGNER,5946,018,,27aug2007,POLICE OFFICER,S021,MISCELLANEOUS,S021,MISCELLANEOUS,CLOSED/FINAL,NOT SUSTAINED,BAKER,THOMAS,018,,POLICE OFFICER,,MALE,WHITE,apr2016,,,S0,S,0,1
1056600,1824,STATE ST,1120,ALLEY,26aug2012 02:45:59,26aug2012 02:45:59,26aug2012,MATTHEW,WAGNER,5946,018,,27aug2007,POLICE OFFICER,S021,MISCELLANEOUS,S021,MISCELLANEOUS,CLOSED/FINAL,NOT SUSTAINED,HAMPTON,RUWA,,,UNKNOWN,35,MALE,BLACK,apr2016,,,S0,S,0,1
1056600,1824,STATE ST,1120,ALLEY,26aug2012 02:45:59,26aug2012 02:45:59,26aug2012,,,,,,,,S021,MISCELLANEOUS,S021,MISCELLANEOUS,CLOSED/FINAL,EXONERATED,HAMPTON,RUWA,,,UNKNOWN,36,MALE,BLACK,apr2016,,,S0,S,0,1
1056600,1824,STATE ST,1120,ALLEY,26aug2012 02:45:59,26aug2012 02:45:59,26aug2012,,,,,,,,S021,MISCELLANEOUS,S021,MISCELLANEOUS,CLOSED/FINAL,UNFOUNDED,BAKER,THOMAS,018,,POLICE OFFICER,,MALE,WHITE,apr2016,,,S0,S,0,1
1056600,1824,STATE ST,1120,ALLEY,26aug2012 02:45:59,26aug2012 02:45:59,26aug2012,,,,,,,,S021,MISCELLANEOUS,S021,MISCELLANEOUS,CLOSED/FINAL,EXONERATED,PIOTROWSKI,TIM,018,,POLICE OFFICER,,MALE,WHITE,apr2016,,,S0,S,0,1
1056600,1824,STATE ST,1120,ALLEY,26aug2012 02:45:59,26aug2012 02:45:59,26aug2012,STEVEN,WHITE,3568,018,,30oct2006,POLICE OFFICER,S021,MISCELLANEOUS,S021,MISCELLANEOUS,CLOSED/FINAL,EXONERATED,PIOTROWSKI,TIM,018,,POLICE OFFICER,,MALE,WHITE,apr2016,,,S0,S,0,1
1056600,1824,STATE ST,1120,ALLEY,26aug2012 02:45:59,26aug2012 02:45:59,26aug2012,STEVEN,WHITE,3568,018,,30oct2006,POLICE OFFICER,S021,MISCELLANEOUS,S021,MISCELLANEOUS,CLOSED/FINAL,EXONERATED,HAMPTON,RUWA,,,UNKNOWN,35,MALE,BLACK,apr2016,,,S0,S,0,1
1056600,1824,STATE ST,1120,ALLEY,26aug2012 02:45:59,26aug2012 02:45:59,26aug2012,STEVEN,WHITE,3568,018,,30oct2006,POLICE OFFICER,S021,MISCELLANEOUS,S021,MISCELLANEOUS,CLOSED/FINAL,UNFOUNDED,HAMPTON,RUWA,,,UNKNOWN,35,MALE,BLACK,apr2016,,,S0,S,0,1
1056600,1824,STATE ST,1120,ALLEY,26aug2012 02:45:59,26aug2012 02:45:59,26aug2012,MATTHEW,WAGNER,5946,018,,27aug2007,POLICE OFFICER,S021,MISCELLANEOUS,S021,MISCELLANEOUS,CLOSED/FINAL,NOT SUSTAINED,HAMPTON,RUWA,,,UNKNOWN,36,MALE,BLACK,apr2016,,,S0,S,0,1
1056600,1824,STATE ST,1120,ALLEY,26aug2012 02:45:59,26aug2012 02:45:59,26aug2012,,,,,,,,S021,MISCELLANEOUS,S021,MISCELLANEOUS,CLOSED/FINAL,EXONERATED,BAKER,THOMAS,018,,POLICE OFFICER,,MALE,WHITE,apr2016,,,S0,S,1,1
1056600,1824,STATE ST,1120,ALLEY,26aug2012 02:45:59,26aug2012 02:45:59,26aug2012,,,,,,,,S021,MISCELLANEOUS,S021,MISCELLANEOUS,CLOSED/FINAL,UNFOUNDED,HAMPTON,RUWA,,,UNKNOWN,35,MALE,BLACK,apr2016,,,S0,S,0,1
1056600,1824,STATE ST,1120,ALLEY,26aug2012 02:45:59,26aug2012 02:45:59,26aug2012,,,,,,,,S021,MISCELLANEOUS,S021,MISCELLANEOUS,CLOSED/FINAL,UNFOUNDED,HAMPTON,RUWA,,,UNKNOWN,36,MALE,BLACK,apr2016,,,S0,S,0,1
1056600,1824,STATE ST,1120,ALLEY,26aug2012 02:45:59,26aug2012 02:45:59,26aug2012,MATTHEW,WAGNER,5946,018,,27aug2007,POLICE OFFICER,S021,MISCELLANEOUS,S021,MISCELLANEOUS,CLOSED/FINAL,NOT SUSTAINED,PIOTROWSKI,TIM,018,,POLICE OFFICER,,MALE,WHITE,apr2016,,,S0,S,0,1
1056600,1824,STATE ST,1120,ALLEY,26aug2012 02:45:59,26aug2012 02:45:59,26aug2012,MATTHEW,WAGNER,5946,018,,27aug2007,POLICE OFFICER,S021,MISCELLANEOUS,S021,MISCELLANEOUS,CLOSED/FINAL,UNFOUNDED,HAMPTON,RUWA,,,UNKNOWN,35,MALE,BLACK,apr2016,,,S0,S,0,1
1056600,1824,STATE ST,1120,ALLEY,26aug2012 02:45:59,26aug2012 02:45:59,26aug2012,MATTHEW,WAGNER,5946,018,,27aug2007,POLICE OFFICER,S021,MISCELLANEOUS,S021,MISCELLANEOUS,CLOSED/FINAL,UNFOUNDED,PIOTROWSKI,TIM,018,,POLICE OFFICER,,MALE,WHITE,apr2016,,,S0,S,0,1
1056600,1824,STATE ST,1120,ALLEY,26aug2012 02:45:59,26aug2012 02:45:59,26aug2012,STEVEN,WHITE,3568,018,,30oct2006,POLICE OFFICER,S021,MISCELLANEOUS,S021,MISCELLANEOUS,CLOSED/FINAL,EXONERATED,HAMPTON,RUWA,,,UNKNOWN,36,MALE,BLACK,apr2016,,,S0,S,0,1
1056600,1824,STATE ST,1120,ALLEY,26aug2012 02:45:59,26aug2012 02:45:59,26aug2012,STEVEN,WHITE,3568,018,,30oct2006,POLICE OFFICER,S021,MISCELLANEOUS,S021,MISCELLANEOUS,CLOSED/FINAL,UNFOUNDED,HAMPTON,RUWA,,,UNKNOWN,36,MALE,BLACK,apr2016,,,S0,S,0,1
1056600,1824,STATE ST,1120,ALLEY,26aug2012 02:45:59,26aug2012 02:45:59,26aug2012,STEVEN,WHITE,3568,018,,30oct2006,POLICE OFFICER,S021,MISCELLANEOUS,S021,MISCELLANEOUS,CLOSED/FINAL,EXONERATED,BAKER,THOMAS,018,,POLICE OFFICER,,MALE,WHITE,apr2016,,,S0,S,0,1
1056600,1824,STATE ST,1120,ALLEY,26aug2012 02:45:59,26aug2012 02:45:59,26aug2012,MATTHEW,WAGNER,5946,018,,27aug2007,POLICE OFFICER,S021,MISCELLANEOUS,S021,MISCELLANEOUS,CLOSED/FINAL,UNFOUNDED,BAKER,THOMAS,018,,POLICE OFFICER,,MALE,WHITE,apr2016,,,S0,S,0,1
1056600,1824,STATE ST,1120,ALLEY,26aug2012 02:45:59,26aug2012 02:45:59,26aug2012,,,,,,,,S021,MISCELLANEOUS,S021,MISCELLANEOUS,CLOSED/FINAL,UNFOUNDED,PIOTROWSKI,TIM,018,,POLICE OFFICER,,MALE,WHITE,apr2016,,,S0,S,0,1
1056600,1824,STATE ST,1120,ALLEY,26aug2012 02:45:59,26aug2012 02:45:59,26aug2012,,,,,,,,S021,MISCELLANEOUS,S021,MISCELLANEOUS,CLOSED/FINAL,EXONERATED,HAMPTON,RUWA,,,UNKNOWN,35,MALE,BLACK,apr2016,,,S0,S,0,1
