COMPLAINT_NUMBER,BEAT,STREET,ADDRESS,LOCATION_CODE,INCIDENT_TIME_START,INCIDENT_TIME_END,NOTIFICATION_DATE,ACCSUEDOFFICER_FNAME,ACCUSEDOFFICER_LNAME,ACCUSED_STAR,ACCUSED_UNIT,ACCUSED_DETAIL,ACCUSED_APPOINTMENT_DATE,ACCUSED_POSITION,INITIAL_CATEGORY_CODE,INITIAL_CATEGORY,CURRENT_CATEGORY_CODE,CURRENT_CATEGORY,CURRENT_STATUS,FINDING_CODE,INVOLVED_OFFICER_LNAME,INVOLVED_OFFICER_FNAME,INVOLVED_OFFICER_UNIT,INVOLVED_OFFICER_DETAIL,INVOLVED_OFFICER_POSITION,INVOLVED_OFFICER_AGE,INVOLVED_OFFICER_SEX,INVOLVED_OFFICER_RACE,foia,INVOLVED_OFFICER_DESCRIPTION,INVOLVED_OFFICER_TYPE,start_code_2,start_code_1,rec,sum_rec
1061981,823,KEDZIE AVE,6100,STREET,02may2013 00:30:00,02may2013 00:30:00,03may2013,,AWADALLAH,17199,008,,24sep2001,POLICE OFFICER,S042,MISCELLANEOUS,05B,EXCESSIVE FORCE / ON DUTY - NO INJURY,CLOSED/FINAL,NOT SUSTAINED,JACKSON,LA NAY,,,UNKNOWN,26,FEMALE,BLACK,apr2016,,,S0,S,0,1
1061981,823,KEDZIE AVE,6100,STREET,02may2013 00:30:00,02may2013 00:30:00,03may2013,,AWADALLAH,17199,008,,24sep2001,POLICE OFFICER,S042,MISCELLANEOUS,05B,EXCESSIVE FORCE / ON DUTY - NO INJURY,CLOSED/FINAL,NOT SUSTAINED,JOHNSON,RICHARD,008,,POLICE OFFICER,,MALE,BLACK,apr2016,,,S0,S,0,1
1061981,823,KEDZIE AVE,6100,STREET,02may2013 00:30:00,02may2013 00:30:00,03may2013,,AWADALLAH,17199,008,,24sep2001,POLICE OFFICER,S042,MISCELLANEOUS,05B,EXCESSIVE FORCE / ON DUTY - NO INJURY,CLOSED/FINAL,NOT SUSTAINED,CARRILLO,JUSTIN,008,,POLICE OFFICER,,MALE,WHITE HISPANIC,apr2016,,,S0,S,1,1
1061981,823,KEDZIE AVE,6100,STREET,02may2013 00:30:00,02may2013 00:30:00,03may2013,,AWADALLAH,17199,008,,24sep2001,POLICE OFFICER,S042,MISCELLANEOUS,05B,EXCESSIVE FORCE / ON DUTY - NO INJURY,CLOSED/FINAL,NOT SUSTAINED,VASQUEZ,RAUL,008,,POLICE OFFICER,,MALE,WHITE HISPANIC,apr2016,,,S0,S,0,1
