COMPLAINT_NUMBER,BEAT,STREET,ADDRESS,LOCATION_CODE,INCIDENT_TIME_START,INCIDENT_TIME_END,NOTIFICATION_DATE,ACCSUEDOFFICER_FNAME,ACCUSEDOFFICER_LNAME,ACCUSED_STAR,ACCUSED_UNIT,ACCUSED_DETAIL,ACCUSED_APPOINTMENT_DATE,ACCUSED_POSITION,INITIAL_CATEGORY_CODE,INITIAL_CATEGORY,CURRENT_CATEGORY_CODE,CURRENT_CATEGORY,CURRENT_STATUS,FINDING_CODE,INVOLVED_OFFICER_LNAME,INVOLVED_OFFICER_FNAME,INVOLVED_OFFICER_UNIT,INVOLVED_OFFICER_DETAIL,INVOLVED_OFFICER_POSITION,INVOLVED_OFFICER_AGE,INVOLVED_OFFICER_SEX,INVOLVED_OFFICER_RACE,foia,INVOLVED_OFFICER_DESCRIPTION,INVOLVED_OFFICER_TYPE,start_code_2,start_code_1,rec,sum_rec
1056845,432,AVENUE N,10418,RESIDENCE,01sep2012 11:29:59,01sep2012 11:29:59,05sep2012,EDWARD,LEIGHTON,4113,010,,05dec2005,POLICE OFFICER,05A,EXCESSIVE FORCE / ON DUTY - INJURY,S008,TAKE DOWN (THROWN TO GROUND),CLOSED/FINAL,EXONERATED,RODRIGUEZ,LISA,,,UNKNOWN,46,FEMALE,WHITE HISPANIC,apr2016,,,05,0,0,1
1056845,432,AVENUE N,10418,RESIDENCE,01sep2012 11:29:59,01sep2012 11:29:59,05sep2012,EDWARD,LEIGHTON,4113,010,,05dec2005,POLICE OFFICER,05A,EXCESSIVE FORCE / ON DUTY - INJURY,S008,TAKE DOWN (THROWN TO GROUND),CLOSED/FINAL,EXONERATED,CASTILLO,DANIEL,004,,POLICE OFFICER,,MALE,SPANISH (DO NOT USE),apr2016,,,05,0,1,1
1056845,432,AVENUE N,10418,RESIDENCE,01sep2012 11:29:59,01sep2012 11:29:59,05sep2012,EDWARD,LEIGHTON,4113,010,,05dec2005,POLICE OFFICER,05A,EXCESSIVE FORCE / ON DUTY - INJURY,S008,TAKE DOWN (THROWN TO GROUND),CLOSED/FINAL,EXONERATED,MASON,HAROLD,004,177,POLICE OFFICER,,MALE,SPANISH (DO NOT USE),apr2016,,,05,0,0,1
1056845,432,AVENUE N,10418,RESIDENCE,01sep2012 11:29:59,01sep2012 11:29:59,05sep2012,EDWARD,LEIGHTON,4113,010,,05dec2005,POLICE OFFICER,05A,EXCESSIVE FORCE / ON DUTY - INJURY,S008,TAKE DOWN (THROWN TO GROUND),CLOSED/FINAL,EXONERATED,RODRIGUEZ,LISA,,,UNKNOWN,49,FEMALE,WHITE HISPANIC,apr2016,,,05,0,0,1
1056845,432,AVENUE N,10418,RESIDENCE,01sep2012 11:29:59,01sep2012 11:29:59,05sep2012,EDWARD,LEIGHTON,4113,010,,05dec2005,POLICE OFFICER,05A,EXCESSIVE FORCE / ON DUTY - INJURY,S008,TAKE DOWN (THROWN TO GROUND),CLOSED/FINAL,EXONERATED,DINEEN,MICHAEL,004,,SERGEANT OF POLICE,,MALE,WHITE,apr2016,,,05,0,0,1
1056845,432,AVENUE N,10418,RESIDENCE,01sep2012 11:29:59,01sep2012 11:29:59,05sep2012,EDWARD,LEIGHTON,4113,010,,05dec2005,POLICE OFFICER,05A,EXCESSIVE FORCE / ON DUTY - INJURY,S008,TAKE DOWN (THROWN TO GROUND),CLOSED/FINAL,EXONERATED,VALENCIA,FAVIO,004,,POLICE OFFICER,,MALE,WHITE HISPANIC,apr2016,,,05,0,0,1
1056845,432,AVENUE N,10418,RESIDENCE,01sep2012 11:29:59,01sep2012 11:29:59,05sep2012,EDWARD,LEIGHTON,4113,010,,05dec2005,POLICE OFFICER,05A,EXCESSIVE FORCE / ON DUTY - INJURY,S008,TAKE DOWN (THROWN TO GROUND),CLOSED/FINAL,EXONERATED,DAILY,DEMARKO,010,166,POLICE OFFICER,,MALE,BLACK,apr2016,,,05,0,0,1
1056845,432,AVENUE N,10418,RESIDENCE,01sep2012 11:29:59,01sep2012 11:29:59,05sep2012,EDWARD,LEIGHTON,4113,010,,05dec2005,POLICE OFFICER,05A,EXCESSIVE FORCE / ON DUTY - INJURY,S008,TAKE DOWN (THROWN TO GROUND),CLOSED/FINAL,EXONERATED,KENNEDY,PATRICK,004,212,POLICE OFFICER,,MALE,WHITE,apr2016,,,05,0,0,1
