COMPLAINT_NUMBER,BEAT,STREET,ADDRESS,LOCATION_CODE,INCIDENT_TIME_START,INCIDENT_TIME_END,NOTIFICATION_DATE,ACCSUEDOFFICER_FNAME,ACCUSEDOFFICER_LNAME,ACCUSED_STAR,ACCUSED_UNIT,ACCUSED_DETAIL,ACCUSED_APPOINTMENT_DATE,ACCUSED_POSITION,INITIAL_CATEGORY_CODE,INITIAL_CATEGORY,CURRENT_CATEGORY_CODE,CURRENT_CATEGORY,CURRENT_STATUS,FINDING_CODE,INVOLVED_OFFICER_LNAME,INVOLVED_OFFICER_FNAME,INVOLVED_OFFICER_UNIT,INVOLVED_OFFICER_DETAIL,INVOLVED_OFFICER_POSITION,INVOLVED_OFFICER_AGE,INVOLVED_OFFICER_SEX,INVOLVED_OFFICER_RACE,foia,INVOLVED_OFFICER_DESCRIPTION,INVOLVED_OFFICER_TYPE,start_code_2,start_code_1,rec,sum_rec
1053273,2212,105TH PL,1638,DRIVEWAY - RESIDENTIAL,12apr2012 18:53:00,12apr2012 18:53:00,12apr2012,DONNELL,WALKER,19090,005,,30sep2002,POLICE OFFICER,05Q,UNNECESSARY DISPLAY OF WEAPON / OFF DUTY,05Q,UNNECESSARY DISPLAY OF WEAPON / OFF DUTY,PENDING INVESTIGATIVE REVIEW,NOT SUSTAINED,APPLETON,PATRICIA,,,,,FEMALE,BLACK,apr2016,,,05,0,0,1
1053273,2212,105TH PL,1638,DRIVEWAY - RESIDENTIAL,12apr2012 18:53:00,12apr2012 18:53:00,12apr2012,DONNELL,WALKER,19090,005,,30sep2002,POLICE OFFICER,05Q,UNNECESSARY DISPLAY OF WEAPON / OFF DUTY,05Q,UNNECESSARY DISPLAY OF WEAPON / OFF DUTY,PENDING INVESTIGATIVE REVIEW,NOT SUSTAINED,APPLETON,THEAUTRY,,,UNKNOWN,,MALE,BLACK,apr2016,,,05,0,0,1
1053273,2212,105TH PL,1638,DRIVEWAY - RESIDENTIAL,12apr2012 18:53:00,12apr2012 18:53:00,12apr2012,DONNELL,WALKER,19090,005,,30sep2002,POLICE OFFICER,05Q,UNNECESSARY DISPLAY OF WEAPON / OFF DUTY,05Q,UNNECESSARY DISPLAY OF WEAPON / OFF DUTY,PENDING INVESTIGATIVE REVIEW,NOT SUSTAINED,APPLETON,MICHELLE,,,,,FEMALE,BLACK,apr2016,,,05,0,1,1
1053273,2212,105TH PL,1638,DRIVEWAY - RESIDENTIAL,12apr2012 18:53:00,12apr2012 18:53:00,12apr2012,DONNELL,WALKER,19090,005,,30sep2002,POLICE OFFICER,05Q,UNNECESSARY DISPLAY OF WEAPON / OFF DUTY,05Q,UNNECESSARY DISPLAY OF WEAPON / OFF DUTY,PENDING INVESTIGATIVE REVIEW,NOT SUSTAINED,BROWNING,TYRONNE,,,UNKNOWN,45,MALE,BLACK,apr2016,,,05,0,0,1
1053273,2212,105TH PL,1638,DRIVEWAY - RESIDENTIAL,12apr2012 18:53:00,12apr2012 18:53:00,12apr2012,DONNELL,WALKER,19090,005,,30sep2002,POLICE OFFICER,05Q,UNNECESSARY DISPLAY OF WEAPON / OFF DUTY,05Q,UNNECESSARY DISPLAY OF WEAPON / OFF DUTY,PENDING INVESTIGATIVE REVIEW,NOT SUSTAINED,BROWNING,TYRONNE,,,UNKNOWN,44,MALE,BLACK,apr2016,,,05,0,0,1
