COMPLAINT_NUMBER,BEAT,STREET,ADDRESS,LOCATION_CODE,INCIDENT_TIME_START,INCIDENT_TIME_END,NOTIFICATION_DATE,ACCSUEDOFFICER_FNAME,ACCUSEDOFFICER_LNAME,ACCUSED_STAR,ACCUSED_UNIT,ACCUSED_DETAIL,ACCUSED_APPOINTMENT_DATE,ACCUSED_POSITION,INITIAL_CATEGORY_CODE,INITIAL_CATEGORY,CURRENT_CATEGORY_CODE,CURRENT_CATEGORY,CURRENT_STATUS,FINDING_CODE,INVOLVED_OFFICER_LNAME,INVOLVED_OFFICER_FNAME,INVOLVED_OFFICER_UNIT,INVOLVED_OFFICER_DETAIL,INVOLVED_OFFICER_POSITION,INVOLVED_OFFICER_AGE,INVOLVED_OFFICER_SEX,INVOLVED_OFFICER_RACE,foia,INVOLVED_OFFICER_DESCRIPTION,INVOLVED_OFFICER_TYPE,start_code_2,start_code_1,rec,sum_rec
1054718,321,COTTAGE GROVE AVE,7040,POLICE FACILITY/VEH PARKING LOT,06apr2012 10:30:00,06apr2012 10:30:00,12jun2012,DARRION,BLACKBURN,4632,003,,30sep2002,POLICE OFFICER,S009,DRAGGED,05A,EXCESSIVE FORCE / ON DUTY - INJURY,CLOSED/FINAL,NOT SUSTAINED,ALLEN,GUS,,,UNKNOWN,46,MALE,BLACK,apr2016,,,S0,S,0,1
1054718,321,COTTAGE GROVE AVE,7040,POLICE FACILITY/VEH PARKING LOT,06apr2012 10:30:00,06apr2012 10:30:00,12jun2012,THOMAS,PURTELL JR,20577,610,,01aug1994,PO AS DETECTIVE,S009,DRAGGED,05A,EXCESSIVE FORCE / ON DUTY - INJURY,CLOSED/FINAL,UNFOUNDED,ALLEN,GUS,,,UNKNOWN,46,MALE,BLACK,apr2016,,,S0,S,0,1
1054718,321,COTTAGE GROVE AVE,7040,POLICE FACILITY/VEH PARKING LOT,06apr2012 10:30:00,06apr2012 10:30:00,12jun2012,ERIC,O SUOJI,19693,003,,13oct1998,POLICE OFFICER,S009,DRAGGED,05A,EXCESSIVE FORCE / ON DUTY - INJURY,CLOSED/FINAL,NOT SUSTAINED,ALLEN,GUS,,,UNKNOWN,46,MALE,BLACK,apr2016,,,S0,S,0,1
1054718,321,COTTAGE GROVE AVE,7040,POLICE FACILITY/VEH PARKING LOT,06apr2012 10:30:00,06apr2012 10:30:00,12jun2012,,,,,,,,S009,DRAGGED,05A,EXCESSIVE FORCE / ON DUTY - INJURY,CLOSED/FINAL,UNFOUNDED,ALLEN,GUS,,,UNKNOWN,46,MALE,BLACK,apr2016,,,S0,S,0,1
1054718,321,COTTAGE GROVE AVE,7040,POLICE FACILITY/VEH PARKING LOT,06apr2012 10:30:00,06apr2012 10:30:00,12jun2012,THOMAS,PURTELL JR,20577,610,,01aug1994,PO AS DETECTIVE,S009,DRAGGED,05A,EXCESSIVE FORCE / ON DUTY - INJURY,CLOSED/FINAL,NOT SUSTAINED,ALLEN,GUS,,,UNKNOWN,46,MALE,BLACK,apr2016,,,S0,S,0,1
1054718,321,COTTAGE GROVE AVE,7040,POLICE FACILITY/VEH PARKING LOT,06apr2012 10:30:00,06apr2012 10:30:00,12jun2012,ERIC,O SUOJI,19693,003,,13oct1998,POLICE OFFICER,S009,DRAGGED,05A,EXCESSIVE FORCE / ON DUTY - INJURY,CLOSED/FINAL,UNFOUNDED,ALLEN,GUS,,,UNKNOWN,46,MALE,BLACK,apr2016,,,S0,S,0,1
1054718,321,COTTAGE GROVE AVE,7040,POLICE FACILITY/VEH PARKING LOT,06apr2012 10:30:00,06apr2012 10:30:00,12jun2012,,,,,,,,S009,DRAGGED,05A,EXCESSIVE FORCE / ON DUTY - INJURY,CLOSED/FINAL,EXONERATED,ALLEN,GUS,,,UNKNOWN,46,MALE,BLACK,apr2016,,,S0,S,1,1
1054718,321,COTTAGE GROVE AVE,7040,POLICE FACILITY/VEH PARKING LOT,06apr2012 10:30:00,06apr2012 10:30:00,12jun2012,DARRION,BLACKBURN,4632,003,,30sep2002,POLICE OFFICER,S009,DRAGGED,05A,EXCESSIVE FORCE / ON DUTY - INJURY,CLOSED/FINAL,UNFOUNDED,ALLEN,GUS,,,UNKNOWN,46,MALE,BLACK,apr2016,,,S0,S,0,1
