COMPLAINT_NUMBER,BEAT,STREET,ADDRESS,LOCATION_CODE,INCIDENT_TIME_START,INCIDENT_TIME_END,NOTIFICATION_DATE,ACCSUEDOFFICER_FNAME,ACCUSEDOFFICER_LNAME,ACCUSED_STAR,ACCUSED_UNIT,ACCUSED_DETAIL,ACCUSED_APPOINTMENT_DATE,ACCUSED_POSITION,INITIAL_CATEGORY_CODE,INITIAL_CATEGORY,CURRENT_CATEGORY_CODE,CURRENT_CATEGORY,CURRENT_STATUS,FINDING_CODE,INVOLVED_OFFICER_LNAME,INVOLVED_OFFICER_FNAME,INVOLVED_OFFICER_UNIT,INVOLVED_OFFICER_DETAIL,INVOLVED_OFFICER_POSITION,INVOLVED_OFFICER_AGE,INVOLVED_OFFICER_SEX,INVOLVED_OFFICER_RACE,foia,INVOLVED_OFFICER_DESCRIPTION,INVOLVED_OFFICER_TYPE,start_code_2,start_code_1,rec,sum_rec
1062555,434,YATES AVE,10649,CHA PARKING LOT/GROUNDS,30may2013 00:33:59,30may2013 00:33:59,30may2013,,LINDSAY,4952,005,,24jan2000,POLICE OFFICER,S006,STOMPED / STEPPED ON,05A,EXCESSIVE FORCE / ON DUTY - INJURY,CLOSED/FINAL,UNFOUNDED,TAYLOR,TIMOTHY,,,UNKNOWN,34,MALE,BLACK,apr2016,,,S0,S,0,1
1062555,434,YATES AVE,10649,CHA PARKING LOT/GROUNDS,30may2013 00:33:59,30may2013 00:33:59,30may2013,,KENNEDY,14414,004,,16dec2009,POLICE OFFICER,S006,STOMPED / STEPPED ON,05A,EXCESSIVE FORCE / ON DUTY - INJURY,CLOSED/FINAL,NOT SUSTAINED,TAYLOR,TIMOTHY,,,UNKNOWN,33,MALE,BLACK,apr2016,,,S0,S,0,1
1062555,434,YATES AVE,10649,CHA PARKING LOT/GROUNDS,30may2013 00:33:59,30may2013 00:33:59,30may2013,,LINDSAY,4952,005,,24jan2000,POLICE OFFICER,S006,STOMPED / STEPPED ON,05A,EXCESSIVE FORCE / ON DUTY - INJURY,CLOSED/FINAL,NOT SUSTAINED,CARTER,SHANTELL,,,UNKNOWN,,FEMALE,BLACK,apr2016,,,S0,S,0,1
1062555,434,YATES AVE,10649,CHA PARKING LOT/GROUNDS,30may2013 00:33:59,30may2013 00:33:59,30may2013,,LINDSAY,4952,005,,24jan2000,POLICE OFFICER,S006,STOMPED / STEPPED ON,05A,EXCESSIVE FORCE / ON DUTY - INJURY,CLOSED/FINAL,NOT SUSTAINED,HARDGROVE,ERICA,,,UNKNOWN,33,FEMALE,BLACK,apr2016,,,S0,S,0,1
1062555,434,YATES AVE,10649,CHA PARKING LOT/GROUNDS,30may2013 00:33:59,30may2013 00:33:59,30may2013,,LINDSAY,4952,005,,24jan2000,POLICE OFFICER,S006,STOMPED / STEPPED ON,05A,EXCESSIVE FORCE / ON DUTY - INJURY,CLOSED/FINAL,UNFOUNDED,TAYLOR,TIMOTHY,,,UNKNOWN,33,MALE,BLACK,apr2016,,,S0,S,0,1
1062555,434,YATES AVE,10649,CHA PARKING LOT/GROUNDS,30may2013 00:33:59,30may2013 00:33:59,30may2013,,LINDSAY,4952,005,,24jan2000,POLICE OFFICER,S006,STOMPED / STEPPED ON,05A,EXCESSIVE FORCE / ON DUTY - INJURY,CLOSED/FINAL,NOT SUSTAINED,HARGRAYS,ERICA,,,UNKNOWN,33,FEMALE,BLACK,apr2016,,,S0,S,0,1
1062555,434,YATES AVE,10649,CHA PARKING LOT/GROUNDS,30may2013 00:33:59,30may2013 00:33:59,30may2013,,KENNEDY,14414,004,,16dec2009,POLICE OFFICER,S006,STOMPED / STEPPED ON,05A,EXCESSIVE FORCE / ON DUTY - INJURY,CLOSED/FINAL,EXONERATED,TAYLOR,TIMOTHY,,,UNKNOWN,34,MALE,BLACK,apr2016,,,S0,S,0,1
1062555,434,YATES AVE,10649,CHA PARKING LOT/GROUNDS,30may2013 00:33:59,30may2013 00:33:59,30may2013,,KENNEDY,14414,004,,16dec2009,POLICE OFFICER,S006,STOMPED / STEPPED ON,05A,EXCESSIVE FORCE / ON DUTY - INJURY,CLOSED/FINAL,NOT SUSTAINED,HARDGROVE,ERICA,,,UNKNOWN,33,FEMALE,BLACK,apr2016,,,S0,S,0,1
1062555,434,YATES AVE,10649,CHA PARKING LOT/GROUNDS,30may2013 00:33:59,30may2013 00:33:59,30may2013,,HIGGINS,3766,004,,01sep2010,POLICE OFFICER,S006,STOMPED / STEPPED ON,05A,EXCESSIVE FORCE / ON DUTY - INJURY,CLOSED/FINAL,UNFOUNDED,CARTER,SHANTELL,,,UNKNOWN,,FEMALE,BLACK,apr2016,,,S0,S,0,1
1062555,434,YATES AVE,10649,CHA PARKING LOT/GROUNDS,30may2013 00:33:59,30may2013 00:33:59,30may2013,,LINDSAY,4952,005,,24jan2000,POLICE OFFICER,S006,STOMPED / STEPPED ON,05A,EXCESSIVE FORCE / ON DUTY - INJURY,CLOSED/FINAL,UNFOUNDED,CARTER,SHANTELL,,,UNKNOWN,,FEMALE,BLACK,apr2016,,,S0,S,0,1
1062555,434,YATES AVE,10649,CHA PARKING LOT/GROUNDS,30may2013 00:33:59,30may2013 00:33:59,30may2013,,KENNEDY,14414,004,,16dec2009,POLICE OFFICER,S006,STOMPED / STEPPED ON,05A,EXCESSIVE FORCE / ON DUTY - INJURY,CLOSED/FINAL,EXONERATED,HARDGROVE,ERICA,,,UNKNOWN,,FEMALE,BLACK,apr2016,,,S0,S,0,1
1062555,434,YATES AVE,10649,CHA PARKING LOT/GROUNDS,30may2013 00:33:59,30may2013 00:33:59,30may2013,,KENNEDY,14414,004,,16dec2009,POLICE OFFICER,S006,STOMPED / STEPPED ON,05A,EXCESSIVE FORCE / ON DUTY - INJURY,CLOSED/FINAL,EXONERATED,CARTER,SHANTELL,,,UNKNOWN,,,,apr2016,,,S0,S,0,1
1062555,434,YATES AVE,10649,CHA PARKING LOT/GROUNDS,30may2013 00:33:59,30may2013 00:33:59,30may2013,,HIGGINS,3766,004,,01sep2010,POLICE OFFICER,S006,STOMPED / STEPPED ON,05A,EXCESSIVE FORCE / ON DUTY - INJURY,CLOSED/FINAL,UNFOUNDED,HARDGROVE,ERICA,,,UNKNOWN,33,FEMALE,BLACK,apr2016,,,S0,S,0,1
1062555,434,YATES AVE,10649,CHA PARKING LOT/GROUNDS,30may2013 00:33:59,30may2013 00:33:59,30may2013,,LINDSAY,4952,005,,24jan2000,POLICE OFFICER,S006,STOMPED / STEPPED ON,05A,EXCESSIVE FORCE / ON DUTY - INJURY,CLOSED/FINAL,NOT SUSTAINED,TAYLOR,TIMOTHY,,,UNKNOWN,34,MALE,BLACK,apr2016,,,S0,S,0,1
1062555,434,YATES AVE,10649,CHA PARKING LOT/GROUNDS,30may2013 00:33:59,30may2013 00:33:59,30may2013,,KENNEDY,14414,004,,16dec2009,POLICE OFFICER,S006,STOMPED / STEPPED ON,05A,EXCESSIVE FORCE / ON DUTY - INJURY,CLOSED/FINAL,EXONERATED,HARGRAYS,ERICA,,,UNKNOWN,33,FEMALE,BLACK,apr2016,,,S0,S,0,1
1062555,434,YATES AVE,10649,CHA PARKING LOT/GROUNDS,30may2013 00:33:59,30may2013 00:33:59,30may2013,,HIGGINS,3766,004,,01sep2010,POLICE OFFICER,S006,STOMPED / STEPPED ON,05A,EXCESSIVE FORCE / ON DUTY - INJURY,CLOSED/FINAL,NOT SUSTAINED,CARTER,SHANTELL,,,UNKNOWN,,FEMALE,BLACK,apr2016,,,S0,S,0,1
1062555,434,YATES AVE,10649,CHA PARKING LOT/GROUNDS,30may2013 00:33:59,30may2013 00:33:59,30may2013,,KENNEDY,14414,004,,16dec2009,POLICE OFFICER,S006,STOMPED / STEPPED ON,05A,EXCESSIVE FORCE / ON DUTY - INJURY,CLOSED/FINAL,NOT SUSTAINED,HARDGROVE,ERICA,,,UNKNOWN,,FEMALE,BLACK,apr2016,,,S0,S,0,1
1062555,434,YATES AVE,10649,CHA PARKING LOT/GROUNDS,30may2013 00:33:59,30may2013 00:33:59,30may2013,,HIGGINS,3766,004,,01sep2010,POLICE OFFICER,S006,STOMPED / STEPPED ON,05A,EXCESSIVE FORCE / ON DUTY - INJURY,CLOSED/FINAL,UNFOUNDED,TAYLOR,TIMOTHY,,,UNKNOWN,33,MALE,BLACK,apr2016,,,S0,S,0,1
1062555,434,YATES AVE,10649,CHA PARKING LOT/GROUNDS,30may2013 00:33:59,30may2013 00:33:59,30may2013,,KENNEDY,14414,004,,16dec2009,POLICE OFFICER,S006,STOMPED / STEPPED ON,05A,EXCESSIVE FORCE / ON DUTY - INJURY,CLOSED/FINAL,EXONERATED,CARTER,SHANTELL,,,UNKNOWN,,FEMALE,BLACK,apr2016,,,S0,S,0,1
1062555,434,YATES AVE,10649,CHA PARKING LOT/GROUNDS,30may2013 00:33:59,30may2013 00:33:59,30may2013,,KENNEDY,14414,004,,16dec2009,POLICE OFFICER,S006,STOMPED / STEPPED ON,05A,EXCESSIVE FORCE / ON DUTY - INJURY,CLOSED/FINAL,NOT SUSTAINED,HARGRAYS,ERICA,,,UNKNOWN,33,FEMALE,BLACK,apr2016,,,S0,S,0,1
1062555,434,YATES AVE,10649,CHA PARKING LOT/GROUNDS,30may2013 00:33:59,30may2013 00:33:59,30may2013,,LINDSAY,4952,005,,24jan2000,POLICE OFFICER,S006,STOMPED / STEPPED ON,05A,EXCESSIVE FORCE / ON DUTY - INJURY,CLOSED/FINAL,NOT SUSTAINED,HARDGROVE,ERICA,,,UNKNOWN,,FEMALE,BLACK,apr2016,,,S0,S,0,1
1062555,434,YATES AVE,10649,CHA PARKING LOT/GROUNDS,30may2013 00:33:59,30may2013 00:33:59,30may2013,,HIGGINS,3766,004,,01sep2010,POLICE OFFICER,S006,STOMPED / STEPPED ON,05A,EXCESSIVE FORCE / ON DUTY - INJURY,CLOSED/FINAL,NOT SUSTAINED,TAYLOR,TIMOTHY,,,UNKNOWN,33,MALE,BLACK,apr2016,,,S0,S,0,1
1062555,434,YATES AVE,10649,CHA PARKING LOT/GROUNDS,30may2013 00:33:59,30may2013 00:33:59,30may2013,,LINDSAY,4952,005,,24jan2000,POLICE OFFICER,S006,STOMPED / STEPPED ON,05A,EXCESSIVE FORCE / ON DUTY - INJURY,CLOSED/FINAL,UNFOUNDED,HARGRAYS,ERICA,,,UNKNOWN,33,FEMALE,BLACK,apr2016,,,S0,S,0,1
1062555,434,YATES AVE,10649,CHA PARKING LOT/GROUNDS,30may2013 00:33:59,30may2013 00:33:59,30may2013,,KENNEDY,14414,004,,16dec2009,POLICE OFFICER,S006,STOMPED / STEPPED ON,05A,EXCESSIVE FORCE / ON DUTY - INJURY,CLOSED/FINAL,EXONERATED,TAYLOR,TIMOTHY,,,UNKNOWN,33,MALE,BLACK,apr2016,,,S0,S,0,1
1062555,434,YATES AVE,10649,CHA PARKING LOT/GROUNDS,30may2013 00:33:59,30may2013 00:33:59,30may2013,,KENNEDY,14414,004,,16dec2009,POLICE OFFICER,S006,STOMPED / STEPPED ON,05A,EXCESSIVE FORCE / ON DUTY - INJURY,CLOSED/FINAL,EXONERATED,HARDGROVE,ERICA,,,UNKNOWN,33,FEMALE,BLACK,apr2016,,,S0,S,0,1
1062555,434,YATES AVE,10649,CHA PARKING LOT/GROUNDS,30may2013 00:33:59,30may2013 00:33:59,30may2013,,HIGGINS,3766,004,,01sep2010,POLICE OFFICER,S006,STOMPED / STEPPED ON,05A,EXCESSIVE FORCE / ON DUTY - INJURY,CLOSED/FINAL,UNFOUNDED,TAYLOR,TIMOTHY,,,UNKNOWN,34,MALE,BLACK,apr2016,,,S0,S,0,1
1062555,434,YATES AVE,10649,CHA PARKING LOT/GROUNDS,30may2013 00:33:59,30may2013 00:33:59,30may2013,,HIGGINS,3766,004,,01sep2010,POLICE OFFICER,S006,STOMPED / STEPPED ON,05A,EXCESSIVE FORCE / ON DUTY - INJURY,CLOSED/FINAL,NOT SUSTAINED,HARDGROVE,ERICA,,,UNKNOWN,33,FEMALE,BLACK,apr2016,,,S0,S,0,1
1062555,434,YATES AVE,10649,CHA PARKING LOT/GROUNDS,30may2013 00:33:59,30may2013 00:33:59,30may2013,,HIGGINS,3766,004,,01sep2010,POLICE OFFICER,S006,STOMPED / STEPPED ON,05A,EXCESSIVE FORCE / ON DUTY - INJURY,CLOSED/FINAL,NOT SUSTAINED,TAYLOR,TIMOTHY,,,UNKNOWN,34,MALE,BLACK,apr2016,,,S0,S,0,1
1062555,434,YATES AVE,10649,CHA PARKING LOT/GROUNDS,30may2013 00:33:59,30may2013 00:33:59,30may2013,,HIGGINS,3766,004,,01sep2010,POLICE OFFICER,S006,STOMPED / STEPPED ON,05A,EXCESSIVE FORCE / ON DUTY - INJURY,CLOSED/FINAL,NOT SUSTAINED,HARGRAYS,ERICA,,,UNKNOWN,33,FEMALE,BLACK,apr2016,,,S0,S,0,1
1062555,434,YATES AVE,10649,CHA PARKING LOT/GROUNDS,30may2013 00:33:59,30may2013 00:33:59,30may2013,,HIGGINS,3766,004,,01sep2010,POLICE OFFICER,S006,STOMPED / STEPPED ON,05A,EXCESSIVE FORCE / ON DUTY - INJURY,CLOSED/FINAL,NOT SUSTAINED,HARDGROVE,ERICA,,,UNKNOWN,,FEMALE,BLACK,apr2016,,,S0,S,0,1
1062555,434,YATES AVE,10649,CHA PARKING LOT/GROUNDS,30may2013 00:33:59,30may2013 00:33:59,30may2013,,HIGGINS,3766,004,,01sep2010,POLICE OFFICER,S006,STOMPED / STEPPED ON,05A,EXCESSIVE FORCE / ON DUTY - INJURY,CLOSED/FINAL,NOT SUSTAINED,CARTER,SHANTELL,,,UNKNOWN,,,,apr2016,,,S0,S,0,1
1062555,434,YATES AVE,10649,CHA PARKING LOT/GROUNDS,30may2013 00:33:59,30may2013 00:33:59,30may2013,,KENNEDY,14414,004,,16dec2009,POLICE OFFICER,S006,STOMPED / STEPPED ON,05A,EXCESSIVE FORCE / ON DUTY - INJURY,CLOSED/FINAL,NOT SUSTAINED,TAYLOR,TIMOTHY,,,UNKNOWN,34,MALE,BLACK,apr2016,,,S0,S,0,1
1062555,434,YATES AVE,10649,CHA PARKING LOT/GROUNDS,30may2013 00:33:59,30may2013 00:33:59,30may2013,,LINDSAY,4952,005,,24jan2000,POLICE OFFICER,S006,STOMPED / STEPPED ON,05A,EXCESSIVE FORCE / ON DUTY - INJURY,CLOSED/FINAL,UNFOUNDED,HARDGROVE,ERICA,,,UNKNOWN,,FEMALE,BLACK,apr2016,,,S0,S,0,1
1062555,434,YATES AVE,10649,CHA PARKING LOT/GROUNDS,30may2013 00:33:59,30may2013 00:33:59,30may2013,,HIGGINS,3766,004,,01sep2010,POLICE OFFICER,S006,STOMPED / STEPPED ON,05A,EXCESSIVE FORCE / ON DUTY - INJURY,CLOSED/FINAL,UNFOUNDED,HARGRAYS,ERICA,,,UNKNOWN,33,FEMALE,BLACK,apr2016,,,S0,S,0,1
1062555,434,YATES AVE,10649,CHA PARKING LOT/GROUNDS,30may2013 00:33:59,30may2013 00:33:59,30may2013,,LINDSAY,4952,005,,24jan2000,POLICE OFFICER,S006,STOMPED / STEPPED ON,05A,EXCESSIVE FORCE / ON DUTY - INJURY,CLOSED/FINAL,UNFOUNDED,HARDGROVE,ERICA,,,UNKNOWN,33,FEMALE,BLACK,apr2016,,,S0,S,0,1
1062555,434,YATES AVE,10649,CHA PARKING LOT/GROUNDS,30may2013 00:33:59,30may2013 00:33:59,30may2013,,HIGGINS,3766,004,,01sep2010,POLICE OFFICER,S006,STOMPED / STEPPED ON,05A,EXCESSIVE FORCE / ON DUTY - INJURY,CLOSED/FINAL,UNFOUNDED,CARTER,SHANTELL,,,UNKNOWN,,,,apr2016,,,S0,S,0,1
1062555,434,YATES AVE,10649,CHA PARKING LOT/GROUNDS,30may2013 00:33:59,30may2013 00:33:59,30may2013,,KENNEDY,14414,004,,16dec2009,POLICE OFFICER,S006,STOMPED / STEPPED ON,05A,EXCESSIVE FORCE / ON DUTY - INJURY,CLOSED/FINAL,NOT SUSTAINED,CARTER,SHANTELL,,,UNKNOWN,,FEMALE,BLACK,apr2016,,,S0,S,0,1
1062555,434,YATES AVE,10649,CHA PARKING LOT/GROUNDS,30may2013 00:33:59,30may2013 00:33:59,30may2013,,HIGGINS,3766,004,,01sep2010,POLICE OFFICER,S006,STOMPED / STEPPED ON,05A,EXCESSIVE FORCE / ON DUTY - INJURY,CLOSED/FINAL,UNFOUNDED,HARDGROVE,ERICA,,,UNKNOWN,,FEMALE,BLACK,apr2016,,,S0,S,0,1
1062555,434,YATES AVE,10649,CHA PARKING LOT/GROUNDS,30may2013 00:33:59,30may2013 00:33:59,30may2013,,KENNEDY,14414,004,,16dec2009,POLICE OFFICER,S006,STOMPED / STEPPED ON,05A,EXCESSIVE FORCE / ON DUTY - INJURY,CLOSED/FINAL,NOT SUSTAINED,CARTER,SHANTELL,,,UNKNOWN,,,,apr2016,,,S0,S,0,1
1062555,434,YATES AVE,10649,CHA PARKING LOT/GROUNDS,30may2013 00:33:59,30may2013 00:33:59,30may2013,,LINDSAY,4952,005,,24jan2000,POLICE OFFICER,S006,STOMPED / STEPPED ON,05A,EXCESSIVE FORCE / ON DUTY - INJURY,CLOSED/FINAL,NOT SUSTAINED,CARTER,SHANTELL,,,UNKNOWN,,,,apr2016,,,S0,S,0,1
1062555,434,YATES AVE,10649,CHA PARKING LOT/GROUNDS,30may2013 00:33:59,30may2013 00:33:59,30may2013,,LINDSAY,4952,005,,24jan2000,POLICE OFFICER,S006,STOMPED / STEPPED ON,05A,EXCESSIVE FORCE / ON DUTY - INJURY,CLOSED/FINAL,UNFOUNDED,CARTER,SHANTELL,,,UNKNOWN,,,,apr2016,,,S0,S,0,1
1062555,434,YATES AVE,10649,CHA PARKING LOT/GROUNDS,30may2013 00:33:59,30may2013 00:33:59,30may2013,,LINDSAY,4952,005,,24jan2000,POLICE OFFICER,S006,STOMPED / STEPPED ON,05A,EXCESSIVE FORCE / ON DUTY - INJURY,CLOSED/FINAL,NOT SUSTAINED,TAYLOR,TIMOTHY,,,UNKNOWN,33,MALE,BLACK,apr2016,,,S0,S,0,1
