COMPLAINT_NUMBER,BEAT,STREET,ADDRESS,LOCATION_CODE,INCIDENT_TIME_START,INCIDENT_TIME_END,NOTIFICATION_DATE,ACCSUEDOFFICER_FNAME,ACCUSEDOFFICER_LNAME,ACCUSED_STAR,ACCUSED_UNIT,ACCUSED_DETAIL,ACCUSED_APPOINTMENT_DATE,ACCUSED_POSITION,INITIAL_CATEGORY_CODE,INITIAL_CATEGORY,CURRENT_CATEGORY_CODE,CURRENT_CATEGORY,CURRENT_STATUS,FINDING_CODE,INVOLVED_OFFICER_LNAME,INVOLVED_OFFICER_FNAME,INVOLVED_OFFICER_UNIT,INVOLVED_OFFICER_DETAIL,INVOLVED_OFFICER_POSITION,INVOLVED_OFFICER_AGE,INVOLVED_OFFICER_SEX,INVOLVED_OFFICER_RACE,foia,INVOLVED_OFFICER_DESCRIPTION,INVOLVED_OFFICER_TYPE,start_code_2,start_code_1,rec,sum_rec
1056816,611,PAULINA ST,7836,STREET,02sep2012 11:29:59,02sep2012 11:29:59,04sep2012,,,,,,,,05A,EXCESSIVE FORCE / ON DUTY - INJURY,05A,EXCESSIVE FORCE / ON DUTY - INJURY,PENDING INVESTIGATION,SUSTAINED,SOMERVILLE,TAINIKA,,,UNKNOWN,34,FEMALE,BLACK,apr2016,,,05,0,0,1
1056816,611,PAULINA ST,7836,STREET,02sep2012 11:29:59,02sep2012 11:29:59,04sep2012,SEAN,MCDERMOTT,6435,006,606,22may2006,POLICE OFFICER,05A,EXCESSIVE FORCE / ON DUTY - INJURY,05A,EXCESSIVE FORCE / ON DUTY - INJURY,PENDING INVESTIGATION,NOT SUSTAINED,SOMERVILLE,TAINIKA,,,UNKNOWN,34,FEMALE,BLACK,apr2016,,,05,0,0,1
1056816,611,PAULINA ST,7836,STREET,02sep2012 11:29:59,02sep2012 11:29:59,04sep2012,SEAN,MCDERMOTT,6435,006,606,22may2006,POLICE OFFICER,05A,EXCESSIVE FORCE / ON DUTY - INJURY,05A,EXCESSIVE FORCE / ON DUTY - INJURY,PENDING INVESTIGATION,NOT SUSTAINED,UGARTE,ARMANDO,006,189,POLICE OFFICER,,MALE,SPANISH (DO NOT USE),apr2016,,,05,0,0,1
1056816,611,PAULINA ST,7836,STREET,02sep2012 11:29:59,02sep2012 11:29:59,04sep2012,SEAN,MCDERMOTT,6435,006,606,22may2006,POLICE OFFICER,05A,EXCESSIVE FORCE / ON DUTY - INJURY,05A,EXCESSIVE FORCE / ON DUTY - INJURY,PENDING INVESTIGATION,NOT SUSTAINED,SCHIELD,WILLIAM,006,212,SERGEANT OF POLICE,,MALE,WHITE,apr2016,,,05,0,0,1
1056816,611,PAULINA ST,7836,STREET,02sep2012 11:29:59,02sep2012 11:29:59,04sep2012,,,,,,,,05A,EXCESSIVE FORCE / ON DUTY - INJURY,05A,EXCESSIVE FORCE / ON DUTY - INJURY,PENDING INVESTIGATION,SUSTAINED,HINTON ,RAHEEM,,,UNKNOWN,16,MALE,BLACK,apr2016,,,05,0,0,1
1056816,611,PAULINA ST,7836,STREET,02sep2012 11:29:59,02sep2012 11:29:59,04sep2012,SEAN,MCDERMOTT,6435,006,606,22may2006,POLICE OFFICER,05A,EXCESSIVE FORCE / ON DUTY - INJURY,05A,EXCESSIVE FORCE / ON DUTY - INJURY,PENDING INVESTIGATION,NOT SUSTAINED,HINTON ,RAHEEM,,,UNKNOWN,,MALE,BLACK,apr2016,,,05,0,0,1
1056816,611,PAULINA ST,7836,STREET,02sep2012 11:29:59,02sep2012 11:29:59,04sep2012,,,,,,,,05A,EXCESSIVE FORCE / ON DUTY - INJURY,05A,EXCESSIVE FORCE / ON DUTY - INJURY,PENDING INVESTIGATION,SUSTAINED,SOMERVILLE,TAINIKA,,,UNKNOWN,31,FEMALE,BLACK,apr2016,,,05,0,0,1
1056816,611,PAULINA ST,7836,STREET,02sep2012 11:29:59,02sep2012 11:29:59,04sep2012,SEAN,MCDERMOTT,6435,006,606,22may2006,POLICE OFFICER,05A,EXCESSIVE FORCE / ON DUTY - INJURY,05A,EXCESSIVE FORCE / ON DUTY - INJURY,PENDING INVESTIGATION,NOT SUSTAINED,HINTON ,RAHEEM,,,UNKNOWN,16,MALE,BLACK,apr2016,,,05,0,0,1
1056816,611,PAULINA ST,7836,STREET,02sep2012 11:29:59,02sep2012 11:29:59,04sep2012,,,,,,,,05A,EXCESSIVE FORCE / ON DUTY - INJURY,05A,EXCESSIVE FORCE / ON DUTY - INJURY,PENDING INVESTIGATION,SUSTAINED,UGARTE,ARMANDO,006,189,POLICE OFFICER,,MALE,SPANISH (DO NOT USE),apr2016,,,05,0,0,1
1056816,611,PAULINA ST,7836,STREET,02sep2012 11:29:59,02sep2012 11:29:59,04sep2012,,,,,,,,05A,EXCESSIVE FORCE / ON DUTY - INJURY,05A,EXCESSIVE FORCE / ON DUTY - INJURY,PENDING INVESTIGATION,SUSTAINED,HINTON ,RAHEEM,,,UNKNOWN,,MALE,BLACK,apr2016,,,05,0,0,1
1056816,611,PAULINA ST,7836,STREET,02sep2012 11:29:59,02sep2012 11:29:59,04sep2012,SEAN,MCDERMOTT,6435,006,606,22may2006,POLICE OFFICER,05A,EXCESSIVE FORCE / ON DUTY - INJURY,05A,EXCESSIVE FORCE / ON DUTY - INJURY,PENDING INVESTIGATION,NOT SUSTAINED,SOMERVILLE,TAINIKA,,,UNKNOWN,31,FEMALE,BLACK,apr2016,,,05,0,0,1
1056816,611,PAULINA ST,7836,STREET,02sep2012 11:29:59,02sep2012 11:29:59,04sep2012,,,,,,,,05A,EXCESSIVE FORCE / ON DUTY - INJURY,05A,EXCESSIVE FORCE / ON DUTY - INJURY,PENDING INVESTIGATION,SUSTAINED,SCHIELD,WILLIAM,006,212,SERGEANT OF POLICE,,MALE,WHITE,apr2016,,,05,0,0,1
