COMPLAINT_NUMBER,BEAT,STREET,ADDRESS,LOCATION_CODE,INCIDENT_TIME_START,INCIDENT_TIME_END,NOTIFICATION_DATE,ACCSUEDOFFICER_FNAME,ACCUSEDOFFICER_LNAME,ACCUSED_STAR,ACCUSED_UNIT,ACCUSED_DETAIL,ACCUSED_APPOINTMENT_DATE,ACCUSED_POSITION,INITIAL_CATEGORY_CODE,INITIAL_CATEGORY,CURRENT_CATEGORY_CODE,CURRENT_CATEGORY,CURRENT_STATUS,FINDING_CODE,INVOLVED_OFFICER_LNAME,INVOLVED_OFFICER_FNAME,INVOLVED_OFFICER_UNIT,INVOLVED_OFFICER_DETAIL,INVOLVED_OFFICER_POSITION,INVOLVED_OFFICER_AGE,INVOLVED_OFFICER_SEX,INVOLVED_OFFICER_RACE,foia,INVOLVED_OFFICER_DESCRIPTION,INVOLVED_OFFICER_TYPE,start_code_2,start_code_1,rec,sum_rec
1058025,621,HALSTED ST,7808,POLICE FACILITY/VEH PARKING LOT,09oct2012 14:18:00,09oct2012 14:29:59,25oct2012,JENNIFER,ALDRIDGE,6408,006,,30jan1991,POLICE OFFICER,01C,SEXUAL ORIENTATION,01C,SEXUAL ORIENTATION,CLOSED/FINAL,NOT SUSTAINED,STRINGFELLOW,CECELIA,,,UNKNOWN,56,FEMALE,BLACK,apr2016,,,01,0,0,1
1058025,621,HALSTED ST,7808,POLICE FACILITY/VEH PARKING LOT,09oct2012 14:18:00,09oct2012 14:29:59,25oct2012,JENNIFER,ALDRIDGE,6408,006,,30jan1991,POLICE OFFICER,01C,SEXUAL ORIENTATION,01C,SEXUAL ORIENTATION,CLOSED/FINAL,EXONERATED,STRINGFELLOW,ARRIANNA,,,UNKNOWN,14,FEMALE,BLACK,apr2016,,,01,0,1,1
1058025,621,HALSTED ST,7808,POLICE FACILITY/VEH PARKING LOT,09oct2012 14:18:00,09oct2012 14:29:59,25oct2012,JENNIFER,ALDRIDGE,6408,006,,30jan1991,POLICE OFFICER,01C,SEXUAL ORIENTATION,01C,SEXUAL ORIENTATION,CLOSED/FINAL,EXONERATED,STRINGFELLOW,CECELIA,,,UNKNOWN,56,FEMALE,BLACK,apr2016,,,01,0,0,1
1058025,621,HALSTED ST,7808,POLICE FACILITY/VEH PARKING LOT,09oct2012 14:18:00,09oct2012 14:29:59,25oct2012,JENNIFER,ALDRIDGE,6408,006,,30jan1991,POLICE OFFICER,01C,SEXUAL ORIENTATION,01C,SEXUAL ORIENTATION,CLOSED/FINAL,EXONERATED,STRINGFELLOW,ARRIANNA,,,UNKNOWN,15,FEMALE,BLACK,apr2016,,,01,0,0,1
1058025,621,HALSTED ST,7808,POLICE FACILITY/VEH PARKING LOT,09oct2012 14:18:00,09oct2012 14:29:59,25oct2012,JENNIFER,ALDRIDGE,6408,006,,30jan1991,POLICE OFFICER,01C,SEXUAL ORIENTATION,01C,SEXUAL ORIENTATION,CLOSED/FINAL,NOT SUSTAINED,STRINGFELLOW,ARRIANNA,,,UNKNOWN,15,FEMALE,BLACK,apr2016,,,01,0,0,1
1058025,621,HALSTED ST,7808,POLICE FACILITY/VEH PARKING LOT,09oct2012 14:18:00,09oct2012 14:29:59,25oct2012,JENNIFER,ALDRIDGE,6408,006,,30jan1991,POLICE OFFICER,01C,SEXUAL ORIENTATION,01C,SEXUAL ORIENTATION,CLOSED/FINAL,NOT SUSTAINED,STRINGFELLOW,CECELIA,,,UNKNOWN,55,FEMALE,BLACK,apr2016,,,01,0,0,1
1058025,621,HALSTED ST,7808,POLICE FACILITY/VEH PARKING LOT,09oct2012 14:18:00,09oct2012 14:29:59,25oct2012,JENNIFER,ALDRIDGE,6408,006,,30jan1991,POLICE OFFICER,01C,SEXUAL ORIENTATION,01C,SEXUAL ORIENTATION,CLOSED/FINAL,NOT SUSTAINED,STRINGFELLOW,ARRIANNA,,,UNKNOWN,14,FEMALE,BLACK,apr2016,,,01,0,0,1
1058025,621,HALSTED ST,7808,POLICE FACILITY/VEH PARKING LOT,09oct2012 14:18:00,09oct2012 14:29:59,25oct2012,JENNIFER,ALDRIDGE,6408,006,,30jan1991,POLICE OFFICER,01C,SEXUAL ORIENTATION,01C,SEXUAL ORIENTATION,CLOSED/FINAL,EXONERATED,STRINGFELLOW,CECELIA,,,UNKNOWN,55,FEMALE,BLACK,apr2016,,,01,0,0,1
