COMPLAINT_NUMBER,BEAT,STREET,ADDRESS,LOCATION_CODE,INCIDENT_TIME_START,INCIDENT_TIME_END,NOTIFICATION_DATE,ACCSUEDOFFICER_FNAME,ACCUSEDOFFICER_LNAME,ACCUSED_STAR,ACCUSED_UNIT,ACCUSED_DETAIL,ACCUSED_APPOINTMENT_DATE,ACCUSED_POSITION,INITIAL_CATEGORY_CODE,INITIAL_CATEGORY,CURRENT_CATEGORY_CODE,CURRENT_CATEGORY,CURRENT_STATUS,FINDING_CODE,INVOLVED_OFFICER_LNAME,INVOLVED_OFFICER_FNAME,INVOLVED_OFFICER_UNIT,INVOLVED_OFFICER_DETAIL,INVOLVED_OFFICER_POSITION,INVOLVED_OFFICER_AGE,INVOLVED_OFFICER_SEX,INVOLVED_OFFICER_RACE,foia,INVOLVED_OFFICER_DESCRIPTION,INVOLVED_OFFICER_TYPE,start_code_2,start_code_1,rec,sum_rec
1058584,632,COTTAGE GROVE AVE,8701,VACANT LOT/LAND,21nov2012 09:49:59,21nov2012 09:49:59,23nov2012,,,,,,,,05A,EXCESSIVE FORCE / ON DUTY - INJURY,S042,MISCELLANEOUS,CLOSED/FINAL,EXONERATED,EDWARDS,LONNELL,,,UNKNOWN,41,MALE,BLACK,apr2016,,,05,0,1,1
1058584,632,COTTAGE GROVE AVE,8701,VACANT LOT/LAND,21nov2012 09:49:59,21nov2012 09:49:59,23nov2012,CLYDE,HUDSON JR,19636,006,,26may1998,POLICE OFFICER,05A,EXCESSIVE FORCE / ON DUTY - INJURY,S042,MISCELLANEOUS,CLOSED/FINAL,UNFOUNDED,EDWARDS,LONNELL,,,UNKNOWN,41,MALE,BLACK,apr2016,,,05,0,0,1
1058584,632,COTTAGE GROVE AVE,8701,VACANT LOT/LAND,21nov2012 09:49:59,21nov2012 09:49:59,23nov2012,CLYDE,HUDSON JR,19636,006,,26may1998,POLICE OFFICER,05A,EXCESSIVE FORCE / ON DUTY - INJURY,S042,MISCELLANEOUS,CLOSED/FINAL,NOT SUSTAINED,EDWARDS,LONNELL,,,UNKNOWN,43,MALE,BLACK,apr2016,,,05,0,0,1
1058584,632,COTTAGE GROVE AVE,8701,VACANT LOT/LAND,21nov2012 09:49:59,21nov2012 09:49:59,23nov2012,CLYDE,HUDSON JR,19636,006,,26may1998,POLICE OFFICER,05A,EXCESSIVE FORCE / ON DUTY - INJURY,S042,MISCELLANEOUS,CLOSED/FINAL,NOT SUSTAINED,EDWARDS,LONNELL,,,UNKNOWN,41,MALE,BLACK,apr2016,,,05,0,0,1
1058584,632,COTTAGE GROVE AVE,8701,VACANT LOT/LAND,21nov2012 09:49:59,21nov2012 09:49:59,23nov2012,,,,,,,,05A,EXCESSIVE FORCE / ON DUTY - INJURY,S042,MISCELLANEOUS,CLOSED/FINAL,EXONERATED,EDWARDS,LONNELL,,,UNKNOWN,43,MALE,BLACK,apr2016,,,05,0,0,1
1058584,632,COTTAGE GROVE AVE,8701,VACANT LOT/LAND,21nov2012 09:49:59,21nov2012 09:49:59,23nov2012,CLYDE,HUDSON JR,19636,006,,26may1998,POLICE OFFICER,05A,EXCESSIVE FORCE / ON DUTY - INJURY,S042,MISCELLANEOUS,CLOSED/FINAL,UNFOUNDED,EDWARDS,LONNELL,,,UNKNOWN,43,MALE,BLACK,apr2016,,,05,0,0,1
1058584,632,COTTAGE GROVE AVE,8701,VACANT LOT/LAND,21nov2012 09:49:59,21nov2012 09:49:59,23nov2012,,,,,,,,05A,EXCESSIVE FORCE / ON DUTY - INJURY,S042,MISCELLANEOUS,CLOSED/FINAL,NOT SUSTAINED,EDWARDS,LONNELL,,,UNKNOWN,43,MALE,BLACK,apr2016,,,05,0,0,1
1058584,632,COTTAGE GROVE AVE,8701,VACANT LOT/LAND,21nov2012 09:49:59,21nov2012 09:49:59,23nov2012,,,,,,,,05A,EXCESSIVE FORCE / ON DUTY - INJURY,S042,MISCELLANEOUS,CLOSED/FINAL,NOT SUSTAINED,EDWARDS,LONNELL,,,UNKNOWN,41,MALE,BLACK,apr2016,,,05,0,0,1
