COMPLAINT_NUMBER,BEAT,STREET,ADDRESS,LOCATION_CODE,INCIDENT_TIME_START,INCIDENT_TIME_END,NOTIFICATION_DATE,ACCSUEDOFFICER_FNAME,ACCUSEDOFFICER_LNAME,ACCUSED_STAR,ACCUSED_UNIT,ACCUSED_DETAIL,ACCUSED_APPOINTMENT_DATE,ACCUSED_POSITION,INITIAL_CATEGORY_CODE,INITIAL_CATEGORY,CURRENT_CATEGORY_CODE,CURRENT_CATEGORY,CURRENT_STATUS,FINDING_CODE,INVOLVED_OFFICER_LNAME,INVOLVED_OFFICER_FNAME,INVOLVED_OFFICER_UNIT,INVOLVED_OFFICER_DETAIL,INVOLVED_OFFICER_POSITION,INVOLVED_OFFICER_AGE,INVOLVED_OFFICER_SEX,INVOLVED_OFFICER_RACE,foia,INVOLVED_OFFICER_DESCRIPTION,INVOLVED_OFFICER_TYPE,start_code_2,start_code_1,rec,sum_rec
1054652,331,67TH ST,1722,STREET,06mar2009 14:03:00,06mar2009 14:03:00,11jun2012,SEAN,OBRIEN,13098,003,,25oct2004,POLICE OFFICER,05A,EXCESSIVE FORCE / ON DUTY - INJURY,S021,MISCELLANEOUS,CLOSED/FINAL,NOT SUSTAINED,ZIELINSKI,ROBERT,003,,POLICE OFFICER,,MALE,WHITE,apr2016,,,05,0,0,1
1054652,331,67TH ST,1722,STREET,06mar2009 14:03:00,06mar2009 14:03:00,11jun2012,SEAN,OBRIEN,13098,003,,25oct2004,POLICE OFFICER,05A,EXCESSIVE FORCE / ON DUTY - INJURY,S021,MISCELLANEOUS,CLOSED/FINAL,NOT SUSTAINED,AMBROSE,QUINN,,,UNKNOWN,28,MALE,BLACK,apr2016,,,05,0,0,1
1054652,331,67TH ST,1722,STREET,06mar2009 14:03:00,06mar2009 14:03:00,11jun2012,SEAN,OBRIEN,13098,003,,25oct2004,POLICE OFFICER,05A,EXCESSIVE FORCE / ON DUTY - INJURY,S021,MISCELLANEOUS,CLOSED/FINAL,EXONERATED,AMBROSE,QUINN,,,UNKNOWN,28,MALE,BLACK,apr2016,,,05,0,1,1
1054652,331,67TH ST,1722,STREET,06mar2009 14:03:00,06mar2009 14:03:00,11jun2012,SEAN,OBRIEN,13098,003,,25oct2004,POLICE OFFICER,05A,EXCESSIVE FORCE / ON DUTY - INJURY,S021,MISCELLANEOUS,CLOSED/FINAL,EXONERATED,ZIELINSKI,ROBERT,003,,POLICE OFFICER,,MALE,WHITE,apr2016,,,05,0,0,1
