COMPLAINT_NUMBER,BEAT,STREET,ADDRESS,LOCATION_CODE,INCIDENT_TIME_START,INCIDENT_TIME_END,NOTIFICATION_DATE,ACCSUEDOFFICER_FNAME,ACCUSEDOFFICER_LNAME,ACCUSED_STAR,ACCUSED_UNIT,ACCUSED_DETAIL,ACCUSED_APPOINTMENT_DATE,ACCUSED_POSITION,INITIAL_CATEGORY_CODE,INITIAL_CATEGORY,CURRENT_CATEGORY_CODE,CURRENT_CATEGORY,CURRENT_STATUS,FINDING_CODE,INVOLVED_OFFICER_LNAME,INVOLVED_OFFICER_FNAME,INVOLVED_OFFICER_UNIT,INVOLVED_OFFICER_DETAIL,INVOLVED_OFFICER_POSITION,INVOLVED_OFFICER_AGE,INVOLVED_OFFICER_SEX,INVOLVED_OFFICER_RACE,foia,INVOLVED_OFFICER_DESCRIPTION,INVOLVED_OFFICER_TYPE,start_code_2,start_code_1,rec,sum_rec
1054655,512,MICHIGAN AVE,10300,STREET,05jun2012 20:29:00,05jun2012 20:29:00,11jun2012,,,,,,,,05Z,MISCELLANEOUS,05Z,MISCELLANEOUS,CLOSED/FINAL,SUSTAINED,AVELAR,JUAN,005,,POLICE OFFICER,,MALE,SPANISH (DO NOT USE),apr2016,,,05,0,0,1
1054655,512,MICHIGAN AVE,10300,STREET,05jun2012 20:29:00,05jun2012 20:29:00,11jun2012,RONALD,FORGUE,380,003,,16jun1986,LIEUTENANT OF POLICE,05Z,MISCELLANEOUS,05Z,MISCELLANEOUS,CLOSED/FINAL,UNFOUNDED,ESTRADA,HECTOR,007,,POLICE OFFICER,,MALE,SPANISH (DO NOT USE),apr2016,,,05,0,0,1
1054655,512,MICHIGAN AVE,10300,STREET,05jun2012 20:29:00,05jun2012 20:29:00,11jun2012,,,,,,,,05Z,MISCELLANEOUS,05Z,MISCELLANEOUS,CLOSED/FINAL,SUSTAINED,SMITH,DENNIS,005,,SERGEANT OF POLICE,,MALE,WHITE,apr2016,,,05,0,0,1
1054655,512,MICHIGAN AVE,10300,STREET,05jun2012 20:29:00,05jun2012 20:29:00,11jun2012,REGINALD,PIPPEN,15512,005,,31jul2006,POLICE OFFICER,05Z,MISCELLANEOUS,05Z,MISCELLANEOUS,CLOSED/FINAL,UNFOUNDED,RENT,TIFFANY,,,UNKNOWN,30,FEMALE,BLACK,apr2016,,,05,0,0,1
1054655,512,MICHIGAN AVE,10300,STREET,05jun2012 20:29:00,05jun2012 20:29:00,11jun2012,,,,,,,,05Z,MISCELLANEOUS,05Z,MISCELLANEOUS,CLOSED/FINAL,SUSTAINED,ESTRADA,HECTOR,007,,POLICE OFFICER,,MALE,SPANISH (DO NOT USE),apr2016,,,05,0,0,1
1054655,512,MICHIGAN AVE,10300,STREET,05jun2012 20:29:00,05jun2012 20:29:00,11jun2012,RONALD,FORGUE,380,003,,16jun1986,LIEUTENANT OF POLICE,05Z,MISCELLANEOUS,05Z,MISCELLANEOUS,CLOSED/FINAL,UNFOUNDED,PIESIEWICZ,ARTHUR,005,166,POLICE OFFICER,,MALE,WHITE,apr2016,,,05,0,0,1
1054655,512,MICHIGAN AVE,10300,STREET,05jun2012 20:29:00,05jun2012 20:29:00,11jun2012,,,,,,,,05Z,MISCELLANEOUS,05Z,MISCELLANEOUS,CLOSED/FINAL,SUSTAINED,RENT,TIFFANY,,,UNKNOWN,30,FEMALE,BLACK,apr2016,,,05,0,0,1
1054655,512,MICHIGAN AVE,10300,STREET,05jun2012 20:29:00,05jun2012 20:29:00,11jun2012,REGINALD,PIPPEN,15512,005,,31jul2006,POLICE OFFICER,05Z,MISCELLANEOUS,05Z,MISCELLANEOUS,CLOSED/FINAL,UNFOUNDED,AVELAR,JUAN,005,,POLICE OFFICER,,MALE,SPANISH (DO NOT USE),apr2016,,,05,0,0,1
1054655,512,MICHIGAN AVE,10300,STREET,05jun2012 20:29:00,05jun2012 20:29:00,11jun2012,RONALD,FORGUE,380,003,,16jun1986,LIEUTENANT OF POLICE,05Z,MISCELLANEOUS,05Z,MISCELLANEOUS,CLOSED/FINAL,NOT SUSTAINED,ROSENZWEIG,ILANA,113,,ADMIN. IN CHARGE IPRA,,FEMALE,WHITE,apr2016,,,05,0,0,1
1054655,512,MICHIGAN AVE,10300,STREET,05jun2012 20:29:00,05jun2012 20:29:00,11jun2012,RONALD,FORGUE,380,003,,16jun1986,LIEUTENANT OF POLICE,05Z,MISCELLANEOUS,05Z,MISCELLANEOUS,CLOSED/FINAL,NOT SUSTAINED,PIESIEWICZ,ARTHUR,005,166,POLICE OFFICER,,MALE,WHITE,apr2016,,,05,0,0,1
1054655,512,MICHIGAN AVE,10300,STREET,05jun2012 20:29:00,05jun2012 20:29:00,11jun2012,RONALD,FORGUE,380,003,,16jun1986,LIEUTENANT OF POLICE,05Z,MISCELLANEOUS,05Z,MISCELLANEOUS,CLOSED/FINAL,NOT SUSTAINED,RENT,TIFFANY,,,UNKNOWN,30,FEMALE,BLACK,apr2016,,,05,0,0,1
1054655,512,MICHIGAN AVE,10300,STREET,05jun2012 20:29:00,05jun2012 20:29:00,11jun2012,REGINALD,PIPPEN,15512,005,,31jul2006,POLICE OFFICER,05Z,MISCELLANEOUS,05Z,MISCELLANEOUS,CLOSED/FINAL,UNFOUNDED,SMITH,DENNIS,005,,SERGEANT OF POLICE,,MALE,WHITE,apr2016,,,05,0,0,1
1054655,512,MICHIGAN AVE,10300,STREET,05jun2012 20:29:00,05jun2012 20:29:00,11jun2012,REGINALD,PIPPEN,15512,005,,31jul2006,POLICE OFFICER,05Z,MISCELLANEOUS,05Z,MISCELLANEOUS,CLOSED/FINAL,NOT SUSTAINED,AVELAR,JUAN,005,,POLICE OFFICER,,MALE,SPANISH (DO NOT USE),apr2016,,,05,0,0,1
1054655,512,MICHIGAN AVE,10300,STREET,05jun2012 20:29:00,05jun2012 20:29:00,11jun2012,REGINALD,PIPPEN,15512,005,,31jul2006,POLICE OFFICER,05Z,MISCELLANEOUS,05Z,MISCELLANEOUS,CLOSED/FINAL,UNFOUNDED,ESTRADA,HECTOR,007,,POLICE OFFICER,,MALE,SPANISH (DO NOT USE),apr2016,,,05,0,0,1
1054655,512,MICHIGAN AVE,10300,STREET,05jun2012 20:29:00,05jun2012 20:29:00,11jun2012,,,,,,,,05Z,MISCELLANEOUS,05Z,MISCELLANEOUS,CLOSED/FINAL,UNFOUNDED,AVELAR,JUAN,005,,POLICE OFFICER,,MALE,SPANISH (DO NOT USE),apr2016,,,05,0,0,1
1054655,512,MICHIGAN AVE,10300,STREET,05jun2012 20:29:00,05jun2012 20:29:00,11jun2012,,,,,,,,05Z,MISCELLANEOUS,05Z,MISCELLANEOUS,CLOSED/FINAL,UNFOUNDED,PIESIEWICZ,ARTHUR,005,166,POLICE OFFICER,,MALE,WHITE,apr2016,,,05,0,0,1
1054655,512,MICHIGAN AVE,10300,STREET,05jun2012 20:29:00,05jun2012 20:29:00,11jun2012,,,,,,,,05Z,MISCELLANEOUS,05Z,MISCELLANEOUS,CLOSED/FINAL,UNFOUNDED,ESTRADA,HECTOR,007,,POLICE OFFICER,,MALE,SPANISH (DO NOT USE),apr2016,,,05,0,0,1
1054655,512,MICHIGAN AVE,10300,STREET,05jun2012 20:29:00,05jun2012 20:29:00,11jun2012,RONALD,FORGUE,380,003,,16jun1986,LIEUTENANT OF POLICE,05Z,MISCELLANEOUS,05Z,MISCELLANEOUS,CLOSED/FINAL,UNFOUNDED,SMITH,DENNIS,005,,SERGEANT OF POLICE,,MALE,WHITE,apr2016,,,05,0,0,1
1054655,512,MICHIGAN AVE,10300,STREET,05jun2012 20:29:00,05jun2012 20:29:00,11jun2012,REGINALD,PIPPEN,15512,005,,31jul2006,POLICE OFFICER,05Z,MISCELLANEOUS,05Z,MISCELLANEOUS,CLOSED/FINAL,NOT SUSTAINED,PIESIEWICZ,ARTHUR,005,166,POLICE OFFICER,,MALE,WHITE,apr2016,,,05,0,0,1
1054655,512,MICHIGAN AVE,10300,STREET,05jun2012 20:29:00,05jun2012 20:29:00,11jun2012,,,,,,,,05Z,MISCELLANEOUS,05Z,MISCELLANEOUS,CLOSED/FINAL,SUSTAINED,ROSENZWEIG,ILANA,113,,ADMIN. IN CHARGE IPRA,,FEMALE,WHITE,apr2016,,,05,0,0,1
1054655,512,MICHIGAN AVE,10300,STREET,05jun2012 20:29:00,05jun2012 20:29:00,11jun2012,RONALD,FORGUE,380,003,,16jun1986,LIEUTENANT OF POLICE,05Z,MISCELLANEOUS,05Z,MISCELLANEOUS,CLOSED/FINAL,UNFOUNDED,AVELAR,JUAN,005,,POLICE OFFICER,,MALE,SPANISH (DO NOT USE),apr2016,,,05,0,0,1
1054655,512,MICHIGAN AVE,10300,STREET,05jun2012 20:29:00,05jun2012 20:29:00,11jun2012,REGINALD,PIPPEN,15512,005,,31jul2006,POLICE OFFICER,05Z,MISCELLANEOUS,05Z,MISCELLANEOUS,CLOSED/FINAL,NOT SUSTAINED,SMITH,DENNIS,005,,SERGEANT OF POLICE,,MALE,WHITE,apr2016,,,05,0,0,1
1054655,512,MICHIGAN AVE,10300,STREET,05jun2012 20:29:00,05jun2012 20:29:00,11jun2012,RONALD,FORGUE,380,003,,16jun1986,LIEUTENANT OF POLICE,05Z,MISCELLANEOUS,05Z,MISCELLANEOUS,CLOSED/FINAL,NOT SUSTAINED,ESTRADA,HECTOR,007,,POLICE OFFICER,,MALE,SPANISH (DO NOT USE),apr2016,,,05,0,0,1
1054655,512,MICHIGAN AVE,10300,STREET,05jun2012 20:29:00,05jun2012 20:29:00,11jun2012,REGINALD,PIPPEN,15512,005,,31jul2006,POLICE OFFICER,05Z,MISCELLANEOUS,05Z,MISCELLANEOUS,CLOSED/FINAL,NOT SUSTAINED,RENT,TIFFANY,,,UNKNOWN,30,FEMALE,BLACK,apr2016,,,05,0,0,1
1054655,512,MICHIGAN AVE,10300,STREET,05jun2012 20:29:00,05jun2012 20:29:00,11jun2012,RONALD,FORGUE,380,003,,16jun1986,LIEUTENANT OF POLICE,05Z,MISCELLANEOUS,05Z,MISCELLANEOUS,CLOSED/FINAL,NOT SUSTAINED,AVELAR,JUAN,005,,POLICE OFFICER,,MALE,SPANISH (DO NOT USE),apr2016,,,05,0,0,1
1054655,512,MICHIGAN AVE,10300,STREET,05jun2012 20:29:00,05jun2012 20:29:00,11jun2012,RONALD,FORGUE,380,003,,16jun1986,LIEUTENANT OF POLICE,05Z,MISCELLANEOUS,05Z,MISCELLANEOUS,CLOSED/FINAL,UNFOUNDED,ROSENZWEIG,ILANA,113,,ADMIN. IN CHARGE IPRA,,FEMALE,WHITE,apr2016,,,05,0,0,1
1054655,512,MICHIGAN AVE,10300,STREET,05jun2012 20:29:00,05jun2012 20:29:00,11jun2012,RONALD,FORGUE,380,003,,16jun1986,LIEUTENANT OF POLICE,05Z,MISCELLANEOUS,05Z,MISCELLANEOUS,CLOSED/FINAL,UNFOUNDED,RENT,TIFFANY,,,UNKNOWN,30,FEMALE,BLACK,apr2016,,,05,0,0,1
1054655,512,MICHIGAN AVE,10300,STREET,05jun2012 20:29:00,05jun2012 20:29:00,11jun2012,RONALD,FORGUE,380,003,,16jun1986,LIEUTENANT OF POLICE,05Z,MISCELLANEOUS,05Z,MISCELLANEOUS,CLOSED/FINAL,NOT SUSTAINED,SMITH,DENNIS,005,,SERGEANT OF POLICE,,MALE,WHITE,apr2016,,,05,0,0,1
1054655,512,MICHIGAN AVE,10300,STREET,05jun2012 20:29:00,05jun2012 20:29:00,11jun2012,,,,,,,,05Z,MISCELLANEOUS,05Z,MISCELLANEOUS,CLOSED/FINAL,UNFOUNDED,RENT,TIFFANY,,,UNKNOWN,30,FEMALE,BLACK,apr2016,,,05,0,0,1
1054655,512,MICHIGAN AVE,10300,STREET,05jun2012 20:29:00,05jun2012 20:29:00,11jun2012,REGINALD,PIPPEN,15512,005,,31jul2006,POLICE OFFICER,05Z,MISCELLANEOUS,05Z,MISCELLANEOUS,CLOSED/FINAL,NOT SUSTAINED,ESTRADA,HECTOR,007,,POLICE OFFICER,,MALE,SPANISH (DO NOT USE),apr2016,,,05,0,0,1
1054655,512,MICHIGAN AVE,10300,STREET,05jun2012 20:29:00,05jun2012 20:29:00,11jun2012,REGINALD,PIPPEN,15512,005,,31jul2006,POLICE OFFICER,05Z,MISCELLANEOUS,05Z,MISCELLANEOUS,CLOSED/FINAL,UNFOUNDED,ROSENZWEIG,ILANA,113,,ADMIN. IN CHARGE IPRA,,FEMALE,WHITE,apr2016,,,05,0,0,1
1054655,512,MICHIGAN AVE,10300,STREET,05jun2012 20:29:00,05jun2012 20:29:00,11jun2012,,,,,,,,05Z,MISCELLANEOUS,05Z,MISCELLANEOUS,CLOSED/FINAL,UNFOUNDED,ROSENZWEIG,ILANA,113,,ADMIN. IN CHARGE IPRA,,FEMALE,WHITE,apr2016,,,05,0,0,1
1054655,512,MICHIGAN AVE,10300,STREET,05jun2012 20:29:00,05jun2012 20:29:00,11jun2012,REGINALD,PIPPEN,15512,005,,31jul2006,POLICE OFFICER,05Z,MISCELLANEOUS,05Z,MISCELLANEOUS,CLOSED/FINAL,NOT SUSTAINED,ROSENZWEIG,ILANA,113,,ADMIN. IN CHARGE IPRA,,FEMALE,WHITE,apr2016,,,05,0,0,1
1054655,512,MICHIGAN AVE,10300,STREET,05jun2012 20:29:00,05jun2012 20:29:00,11jun2012,,,,,,,,05Z,MISCELLANEOUS,05Z,MISCELLANEOUS,CLOSED/FINAL,SUSTAINED,PIESIEWICZ,ARTHUR,005,166,POLICE OFFICER,,MALE,WHITE,apr2016,,,05,0,0,1
1054655,512,MICHIGAN AVE,10300,STREET,05jun2012 20:29:00,05jun2012 20:29:00,11jun2012,REGINALD,PIPPEN,15512,005,,31jul2006,POLICE OFFICER,05Z,MISCELLANEOUS,05Z,MISCELLANEOUS,CLOSED/FINAL,UNFOUNDED,PIESIEWICZ,ARTHUR,005,166,POLICE OFFICER,,MALE,WHITE,apr2016,,,05,0,0,1
1054655,512,MICHIGAN AVE,10300,STREET,05jun2012 20:29:00,05jun2012 20:29:00,11jun2012,,,,,,,,05Z,MISCELLANEOUS,05Z,MISCELLANEOUS,CLOSED/FINAL,UNFOUNDED,SMITH,DENNIS,005,,SERGEANT OF POLICE,,MALE,WHITE,apr2016,,,05,0,0,1
