COMPLAINT_NUMBER,BEAT,STREET,ADDRESS,LOCATION_CODE,INCIDENT_TIME_START,INCIDENT_TIME_END,NOTIFICATION_DATE,ACCSUEDOFFICER_FNAME,ACCUSEDOFFICER_LNAME,ACCUSED_STAR,ACCUSED_UNIT,ACCUSED_DETAIL,ACCUSED_APPOINTMENT_DATE,ACCUSED_POSITION,INITIAL_CATEGORY_CODE,INITIAL_CATEGORY,CURRENT_CATEGORY_CODE,CURRENT_CATEGORY,CURRENT_STATUS,FINDING_CODE,INVOLVED_OFFICER_LNAME,INVOLVED_OFFICER_FNAME,INVOLVED_OFFICER_UNIT,INVOLVED_OFFICER_DETAIL,INVOLVED_OFFICER_POSITION,INVOLVED_OFFICER_AGE,INVOLVED_OFFICER_SEX,INVOLVED_OFFICER_RACE,foia,INVOLVED_OFFICER_DESCRIPTION,INVOLVED_OFFICER_TYPE,start_code_2,start_code_1,rec,sum_rec
1054890,1024,OGDEN AVE,3315,POLICE FACILITY/VEH PARKING LOT,19jun2012 12:49:00,19jun2012 12:49:00,19jun2012,EDWARD,LEIGHTON,4113,010,,05dec2005,POLICE OFFICER,05A,EXCESSIVE FORCE / ON DUTY - INJURY,S123,TWISTED EXTREMITIES (WRIST/ARM/LEG),CLOSED/FINAL,NOT SUSTAINED,SMITH,FANTASIA,,,,20,FEMALE,BLACK,apr2016,,,05,0,0,1
1054890,1024,OGDEN AVE,3315,POLICE FACILITY/VEH PARKING LOT,19jun2012 12:49:00,19jun2012 12:49:00,19jun2012,EDWARD,LEIGHTON,4113,010,,05dec2005,POLICE OFFICER,05A,EXCESSIVE FORCE / ON DUTY - INJURY,S123,TWISTED EXTREMITIES (WRIST/ARM/LEG),CLOSED/FINAL,NOT SUSTAINED,JOHNSON,DIANE,,,UNKNOWN,55,FEMALE,BLACK,apr2016,,,05,0,0,1
1054890,1024,OGDEN AVE,3315,POLICE FACILITY/VEH PARKING LOT,19jun2012 12:49:00,19jun2012 12:49:00,19jun2012,,,,,,,,05A,EXCESSIVE FORCE / ON DUTY - INJURY,S123,TWISTED EXTREMITIES (WRIST/ARM/LEG),CLOSED/FINAL,NOT SUSTAINED,JOHNSON,DIANE,,,UNKNOWN,55,FEMALE,BLACK,apr2016,,,05,0,1,1
1054890,1024,OGDEN AVE,3315,POLICE FACILITY/VEH PARKING LOT,19jun2012 12:49:00,19jun2012 12:49:00,19jun2012,,,,,,,,05A,EXCESSIVE FORCE / ON DUTY - INJURY,S123,TWISTED EXTREMITIES (WRIST/ARM/LEG),CLOSED/FINAL,NOT SUSTAINED,SMITH,FANTASIA,,,,20,FEMALE,BLACK,apr2016,,,05,0,0,1
