COMPLAINT_NUMBER,BEAT,STREET,ADDRESS,LOCATION_CODE,INCIDENT_TIME_START,INCIDENT_TIME_END,NOTIFICATION_DATE,ACCSUEDOFFICER_FNAME,ACCUSEDOFFICER_LNAME,ACCUSED_STAR,ACCUSED_UNIT,ACCUSED_DETAIL,ACCUSED_APPOINTMENT_DATE,ACCUSED_POSITION,INITIAL_CATEGORY_CODE,INITIAL_CATEGORY,CURRENT_CATEGORY_CODE,CURRENT_CATEGORY,CURRENT_STATUS,FINDING_CODE,INVOLVED_OFFICER_LNAME,INVOLVED_OFFICER_FNAME,INVOLVED_OFFICER_UNIT,INVOLVED_OFFICER_DETAIL,INVOLVED_OFFICER_POSITION,INVOLVED_OFFICER_AGE,INVOLVED_OFFICER_SEX,INVOLVED_OFFICER_RACE,foia,INVOLVED_OFFICER_DESCRIPTION,INVOLVED_OFFICER_TYPE,start_code_2,start_code_1,rec,sum_rec
1056448,1833,MICHIGAN AVE,756,STREET,18aug2012 20:29:59,18aug2012 20:29:59,20aug2012,,,,,,,,S009,DRAGGED,05A,EXCESSIVE FORCE / ON DUTY - INJURY,CLOSED/FINAL,UNFOUNDED,DEITELHOFF,KEITH,008,,POLICE OFFICER,,MALE,WHITE,apr2016,,,S0,S,0,1
1056448,1833,MICHIGAN AVE,756,STREET,18aug2012 20:29:59,18aug2012 20:29:59,20aug2012,,,,,,,,S009,DRAGGED,05A,EXCESSIVE FORCE / ON DUTY - INJURY,CLOSED/FINAL,UNFOUNDED,MCFARLAND,AMON,,,UNKNOWN,20,MALE,BLACK,apr2016,,,S0,S,0,1
1056448,1833,MICHIGAN AVE,756,STREET,18aug2012 20:29:59,18aug2012 20:29:59,20aug2012,,,,,,,,S009,DRAGGED,05A,EXCESSIVE FORCE / ON DUTY - INJURY,CLOSED/FINAL,UNFOUNDED,MCFARLAND,AMON,,,UNKNOWN,18,MALE,BLACK,apr2016,,,S0,S,0,1
1056448,1833,MICHIGAN AVE,756,STREET,18aug2012 20:29:59,18aug2012 20:29:59,20aug2012,KEITH,DEITELHOFF,18846,008,,28may2002,POLICE OFFICER,S009,DRAGGED,05A,EXCESSIVE FORCE / ON DUTY - INJURY,CLOSED/FINAL,UNFOUNDED,DEITELHOFF,KEITH,008,,POLICE OFFICER,,MALE,WHITE,apr2016,,,S0,S,0,1
1056448,1833,MICHIGAN AVE,756,STREET,18aug2012 20:29:59,18aug2012 20:29:59,20aug2012,,,,,,,,S009,DRAGGED,05A,EXCESSIVE FORCE / ON DUTY - INJURY,CLOSED/FINAL,UNFOUNDED,CROTTY,RITA,012,,POLICE OFFICER,,FEMALE,WHITE,apr2016,,,S0,S,0,1
1056448,1833,MICHIGAN AVE,756,STREET,18aug2012 20:29:59,18aug2012 20:29:59,20aug2012,KEITH,DEITELHOFF,18846,008,,28may2002,POLICE OFFICER,S009,DRAGGED,05A,EXCESSIVE FORCE / ON DUTY - INJURY,CLOSED/FINAL,UNFOUNDED,MCFARLAND,AMON,,,UNKNOWN,18,MALE,BLACK,apr2016,,,S0,S,0,1
1056448,1833,MICHIGAN AVE,756,STREET,18aug2012 20:29:59,18aug2012 20:29:59,20aug2012,KEITH,DEITELHOFF,18846,008,,28may2002,POLICE OFFICER,S009,DRAGGED,05A,EXCESSIVE FORCE / ON DUTY - INJURY,CLOSED/FINAL,UNFOUNDED,MCFARLAND,AMON,,,UNKNOWN,20,MALE,BLACK,apr2016,,,S0,S,0,1
1056448,1833,MICHIGAN AVE,756,STREET,18aug2012 20:29:59,18aug2012 20:29:59,20aug2012,KEITH,DEITELHOFF,18846,008,,28may2002,POLICE OFFICER,S009,DRAGGED,05A,EXCESSIVE FORCE / ON DUTY - INJURY,CLOSED/FINAL,UNFOUNDED,CROTTY,RITA,012,,POLICE OFFICER,,FEMALE,WHITE,apr2016,,,S0,S,0,1
