COMPLAINT_NUMBER,BEAT,STREET,ADDRESS,LOCATION_CODE,INCIDENT_TIME_START,INCIDENT_TIME_END,NOTIFICATION_DATE,ACCSUEDOFFICER_FNAME,ACCUSEDOFFICER_LNAME,ACCUSED_STAR,ACCUSED_UNIT,ACCUSED_DETAIL,ACCUSED_APPOINTMENT_DATE,ACCUSED_POSITION,INITIAL_CATEGORY_CODE,INITIAL_CATEGORY,CURRENT_CATEGORY_CODE,CURRENT_CATEGORY,CURRENT_STATUS,FINDING_CODE,INVOLVED_OFFICER_LNAME,INVOLVED_OFFICER_FNAME,INVOLVED_OFFICER_UNIT,INVOLVED_OFFICER_DETAIL,INVOLVED_OFFICER_POSITION,INVOLVED_OFFICER_AGE,INVOLVED_OFFICER_SEX,INVOLVED_OFFICER_RACE,foia,INVOLVED_OFFICER_DESCRIPTION,INVOLVED_OFFICER_TYPE,start_code_2,start_code_1,rec,sum_rec
1061097,225,WENTWORTH AVE,5101,POLICE FACILITY/VEH PARKING LOT,22dec2012 21:00:00,23dec2012 06:00:00,01apr2013,,GUERRERO,20202,610,,29jun1992,PO AS DETECTIVE,05H,EXCESSIVE FORCE - USE OF FIREARM / OFF DUTY - NO INJURY,S094,FIREARM DISCHARGE NO HITS - HANDGUN,CLOSED/FINAL,UNFOUNDED,ADAMS,JAMES,610,,PO AS DETECTIVE,,MALE,WHITE,apr2016,,,05,0,0,1
1061097,225,WENTWORTH AVE,5101,POLICE FACILITY/VEH PARKING LOT,22dec2012 21:00:00,23dec2012 06:00:00,01apr2013,,MURPHY,17790,018,,12jul1999,POLICE OFFICER,05H,EXCESSIVE FORCE - USE OF FIREARM / OFF DUTY - NO INJURY,S094,FIREARM DISCHARGE NO HITS - HANDGUN,CLOSED/FINAL,NOT SUSTAINED,ALLISON,SHERENNA,,,UNKNOWN,37,FEMALE,BLACK,apr2016,,,05,0,0,1
1061097,225,WENTWORTH AVE,5101,POLICE FACILITY/VEH PARKING LOT,22dec2012 21:00:00,23dec2012 06:00:00,01apr2013,,,,,,,,05H,EXCESSIVE FORCE - USE OF FIREARM / OFF DUTY - NO INJURY,S094,FIREARM DISCHARGE NO HITS - HANDGUN,CLOSED/FINAL,UNFOUNDED,ADAMS,JAMES,610,,PO AS DETECTIVE,,MALE,WHITE,apr2016,,,05,0,0,1
1061097,225,WENTWORTH AVE,5101,POLICE FACILITY/VEH PARKING LOT,22dec2012 21:00:00,23dec2012 06:00:00,01apr2013,,,,,,,,05H,EXCESSIVE FORCE - USE OF FIREARM / OFF DUTY - NO INJURY,S094,FIREARM DISCHARGE NO HITS - HANDGUN,CLOSED/FINAL,NOT SUSTAINED,ALLISON,SHERENNA,,,UNKNOWN,37,FEMALE,BLACK,apr2016,,,05,0,0,1
1061097,225,WENTWORTH AVE,5101,POLICE FACILITY/VEH PARKING LOT,22dec2012 21:00:00,23dec2012 06:00:00,01apr2013,,HALLORAN,20453,610,,08apr1985,PO AS DETECTIVE,05H,EXCESSIVE FORCE - USE OF FIREARM / OFF DUTY - NO INJURY,S094,FIREARM DISCHARGE NO HITS - HANDGUN,CLOSED/FINAL,NOT SUSTAINED,ADAMS,JAMES,610,,PO AS DETECTIVE,,MALE,WHITE,apr2016,,,05,0,0,1
1061097,225,WENTWORTH AVE,5101,POLICE FACILITY/VEH PARKING LOT,22dec2012 21:00:00,23dec2012 06:00:00,01apr2013,,ZODO,15841,018,,26mar2001,POLICE OFFICER,05H,EXCESSIVE FORCE - USE OF FIREARM / OFF DUTY - NO INJURY,S094,FIREARM DISCHARGE NO HITS - HANDGUN,CLOSED/FINAL,NOT SUSTAINED,TURNER,MICHAEL,,,UNKNOWN,50,MALE,BLACK,apr2016,,,05,0,0,1
1061097,225,WENTWORTH AVE,5101,POLICE FACILITY/VEH PARKING LOT,22dec2012 21:00:00,23dec2012 06:00:00,01apr2013,,MURPHY,17790,018,,12jul1999,POLICE OFFICER,05H,EXCESSIVE FORCE - USE OF FIREARM / OFF DUTY - NO INJURY,S094,FIREARM DISCHARGE NO HITS - HANDGUN,CLOSED/FINAL,NOT SUSTAINED,ADAMS,JAMES,610,,PO AS DETECTIVE,,MALE,WHITE,apr2016,,,05,0,0,1
1061097,225,WENTWORTH AVE,5101,POLICE FACILITY/VEH PARKING LOT,22dec2012 21:00:00,23dec2012 06:00:00,01apr2013,,GUERRERO,20202,610,,29jun1992,PO AS DETECTIVE,05H,EXCESSIVE FORCE - USE OF FIREARM / OFF DUTY - NO INJURY,S094,FIREARM DISCHARGE NO HITS - HANDGUN,CLOSED/FINAL,EXONERATED,ALLISON,SHERENNA,,,UNKNOWN,37,FEMALE,BLACK,apr2016,,,05,0,0,1
1061097,225,WENTWORTH AVE,5101,POLICE FACILITY/VEH PARKING LOT,22dec2012 21:00:00,23dec2012 06:00:00,01apr2013,,MURPHY,17790,018,,12jul1999,POLICE OFFICER,05H,EXCESSIVE FORCE - USE OF FIREARM / OFF DUTY - NO INJURY,S094,FIREARM DISCHARGE NO HITS - HANDGUN,CLOSED/FINAL,UNFOUNDED,TURNER,MICHAEL,,,UNKNOWN,50,MALE,BLACK,apr2016,,,05,0,0,1
1061097,225,WENTWORTH AVE,5101,POLICE FACILITY/VEH PARKING LOT,22dec2012 21:00:00,23dec2012 06:00:00,01apr2013,,ZODO,15841,018,,26mar2001,POLICE OFFICER,05H,EXCESSIVE FORCE - USE OF FIREARM / OFF DUTY - NO INJURY,S094,FIREARM DISCHARGE NO HITS - HANDGUN,CLOSED/FINAL,UNFOUNDED,TURNER,MICHAEL,,,UNKNOWN,50,MALE,BLACK,apr2016,,,05,0,0,1
1061097,225,WENTWORTH AVE,5101,POLICE FACILITY/VEH PARKING LOT,22dec2012 21:00:00,23dec2012 06:00:00,01apr2013,,,,,,,,05H,EXCESSIVE FORCE - USE OF FIREARM / OFF DUTY - NO INJURY,S094,FIREARM DISCHARGE NO HITS - HANDGUN,CLOSED/FINAL,UNFOUNDED,TURNER,MICHAEL,,,UNKNOWN,50,MALE,BLACK,apr2016,,,05,0,0,1
1061097,225,WENTWORTH AVE,5101,POLICE FACILITY/VEH PARKING LOT,22dec2012 21:00:00,23dec2012 06:00:00,01apr2013,,HALLORAN,20453,610,,08apr1985,PO AS DETECTIVE,05H,EXCESSIVE FORCE - USE OF FIREARM / OFF DUTY - NO INJURY,S094,FIREARM DISCHARGE NO HITS - HANDGUN,CLOSED/FINAL,UNFOUNDED,ALLISON,SHERENNA,,,UNKNOWN,37,FEMALE,BLACK,apr2016,,,05,0,0,1
1061097,225,WENTWORTH AVE,5101,POLICE FACILITY/VEH PARKING LOT,22dec2012 21:00:00,23dec2012 06:00:00,01apr2013,,GUERRERO,20202,610,,29jun1992,PO AS DETECTIVE,05H,EXCESSIVE FORCE - USE OF FIREARM / OFF DUTY - NO INJURY,S094,FIREARM DISCHARGE NO HITS - HANDGUN,CLOSED/FINAL,EXONERATED,ADAMS,JAMES,610,,PO AS DETECTIVE,,MALE,WHITE,apr2016,,,05,0,0,1
1061097,225,WENTWORTH AVE,5101,POLICE FACILITY/VEH PARKING LOT,22dec2012 21:00:00,23dec2012 06:00:00,01apr2013,,HALLORAN,20453,610,,08apr1985,PO AS DETECTIVE,05H,EXCESSIVE FORCE - USE OF FIREARM / OFF DUTY - NO INJURY,S094,FIREARM DISCHARGE NO HITS - HANDGUN,CLOSED/FINAL,NOT SUSTAINED,ALLISON,SHERENNA,,,UNKNOWN,37,FEMALE,BLACK,apr2016,,,05,0,0,1
1061097,225,WENTWORTH AVE,5101,POLICE FACILITY/VEH PARKING LOT,22dec2012 21:00:00,23dec2012 06:00:00,01apr2013,,HALLORAN,20453,610,,08apr1985,PO AS DETECTIVE,05H,EXCESSIVE FORCE - USE OF FIREARM / OFF DUTY - NO INJURY,S094,FIREARM DISCHARGE NO HITS - HANDGUN,CLOSED/FINAL,UNFOUNDED,TURNER,MICHAEL,,,UNKNOWN,50,MALE,BLACK,apr2016,,,05,0,0,1
1061097,225,WENTWORTH AVE,5101,POLICE FACILITY/VEH PARKING LOT,22dec2012 21:00:00,23dec2012 06:00:00,01apr2013,,,,,,,,05H,EXCESSIVE FORCE - USE OF FIREARM / OFF DUTY - NO INJURY,S094,FIREARM DISCHARGE NO HITS - HANDGUN,CLOSED/FINAL,NOT SUSTAINED,ADAMS,JAMES,610,,PO AS DETECTIVE,,MALE,WHITE,apr2016,,,05,0,0,1
1061097,225,WENTWORTH AVE,5101,POLICE FACILITY/VEH PARKING LOT,22dec2012 21:00:00,23dec2012 06:00:00,01apr2013,,,,,,,,05H,EXCESSIVE FORCE - USE OF FIREARM / OFF DUTY - NO INJURY,S094,FIREARM DISCHARGE NO HITS - HANDGUN,CLOSED/FINAL,UNFOUNDED,ALLISON,SHERENNA,,,UNKNOWN,37,FEMALE,BLACK,apr2016,,,05,0,0,1
1061097,225,WENTWORTH AVE,5101,POLICE FACILITY/VEH PARKING LOT,22dec2012 21:00:00,23dec2012 06:00:00,01apr2013,,HALLORAN,20453,610,,08apr1985,PO AS DETECTIVE,05H,EXCESSIVE FORCE - USE OF FIREARM / OFF DUTY - NO INJURY,S094,FIREARM DISCHARGE NO HITS - HANDGUN,CLOSED/FINAL,UNFOUNDED,ADAMS,JAMES,610,,PO AS DETECTIVE,,MALE,WHITE,apr2016,,,05,0,0,1
1061097,225,WENTWORTH AVE,5101,POLICE FACILITY/VEH PARKING LOT,22dec2012 21:00:00,23dec2012 06:00:00,01apr2013,,,,,,,,05H,EXCESSIVE FORCE - USE OF FIREARM / OFF DUTY - NO INJURY,S094,FIREARM DISCHARGE NO HITS - HANDGUN,CLOSED/FINAL,NOT SUSTAINED,TURNER,MICHAEL,,,UNKNOWN,50,MALE,BLACK,apr2016,,,05,0,0,1
1061097,225,WENTWORTH AVE,5101,POLICE FACILITY/VEH PARKING LOT,22dec2012 21:00:00,23dec2012 06:00:00,01apr2013,,GUERRERO,20202,610,,29jun1992,PO AS DETECTIVE,05H,EXCESSIVE FORCE - USE OF FIREARM / OFF DUTY - NO INJURY,S094,FIREARM DISCHARGE NO HITS - HANDGUN,CLOSED/FINAL,UNFOUNDED,TURNER,MICHAEL,,,UNKNOWN,50,MALE,BLACK,apr2016,,,05,0,0,1
1061097,225,WENTWORTH AVE,5101,POLICE FACILITY/VEH PARKING LOT,22dec2012 21:00:00,23dec2012 06:00:00,01apr2013,,MURPHY,17790,018,,12jul1999,POLICE OFFICER,05H,EXCESSIVE FORCE - USE OF FIREARM / OFF DUTY - NO INJURY,S094,FIREARM DISCHARGE NO HITS - HANDGUN,CLOSED/FINAL,UNFOUNDED,ADAMS,JAMES,610,,PO AS DETECTIVE,,MALE,WHITE,apr2016,,,05,0,0,1
1061097,225,WENTWORTH AVE,5101,POLICE FACILITY/VEH PARKING LOT,22dec2012 21:00:00,23dec2012 06:00:00,01apr2013,,MURPHY,17790,018,,12jul1999,POLICE OFFICER,05H,EXCESSIVE FORCE - USE OF FIREARM / OFF DUTY - NO INJURY,S094,FIREARM DISCHARGE NO HITS - HANDGUN,CLOSED/FINAL,UNFOUNDED,ALLISON,SHERENNA,,,UNKNOWN,37,FEMALE,BLACK,apr2016,,,05,0,0,1
1061097,225,WENTWORTH AVE,5101,POLICE FACILITY/VEH PARKING LOT,22dec2012 21:00:00,23dec2012 06:00:00,01apr2013,,HALLORAN,20453,610,,08apr1985,PO AS DETECTIVE,05H,EXCESSIVE FORCE - USE OF FIREARM / OFF DUTY - NO INJURY,S094,FIREARM DISCHARGE NO HITS - HANDGUN,CLOSED/FINAL,NOT SUSTAINED,TURNER,MICHAEL,,,UNKNOWN,50,MALE,BLACK,apr2016,,,05,0,0,1
1061097,225,WENTWORTH AVE,5101,POLICE FACILITY/VEH PARKING LOT,22dec2012 21:00:00,23dec2012 06:00:00,01apr2013,,ZODO,15841,018,,26mar2001,POLICE OFFICER,05H,EXCESSIVE FORCE - USE OF FIREARM / OFF DUTY - NO INJURY,S094,FIREARM DISCHARGE NO HITS - HANDGUN,CLOSED/FINAL,NOT SUSTAINED,ALLISON,SHERENNA,,,UNKNOWN,37,FEMALE,BLACK,apr2016,,,05,0,0,1
1061097,225,WENTWORTH AVE,5101,POLICE FACILITY/VEH PARKING LOT,22dec2012 21:00:00,23dec2012 06:00:00,01apr2013,,GUERRERO,20202,610,,29jun1992,PO AS DETECTIVE,05H,EXCESSIVE FORCE - USE OF FIREARM / OFF DUTY - NO INJURY,S094,FIREARM DISCHARGE NO HITS - HANDGUN,CLOSED/FINAL,UNFOUNDED,ALLISON,SHERENNA,,,UNKNOWN,37,FEMALE,BLACK,apr2016,,,05,0,0,1
1061097,225,WENTWORTH AVE,5101,POLICE FACILITY/VEH PARKING LOT,22dec2012 21:00:00,23dec2012 06:00:00,01apr2013,,MURPHY,17790,018,,12jul1999,POLICE OFFICER,05H,EXCESSIVE FORCE - USE OF FIREARM / OFF DUTY - NO INJURY,S094,FIREARM DISCHARGE NO HITS - HANDGUN,CLOSED/FINAL,NOT SUSTAINED,TURNER,MICHAEL,,,UNKNOWN,50,MALE,BLACK,apr2016,,,05,0,0,1
1061097,225,WENTWORTH AVE,5101,POLICE FACILITY/VEH PARKING LOT,22dec2012 21:00:00,23dec2012 06:00:00,01apr2013,,ZODO,15841,018,,26mar2001,POLICE OFFICER,05H,EXCESSIVE FORCE - USE OF FIREARM / OFF DUTY - NO INJURY,S094,FIREARM DISCHARGE NO HITS - HANDGUN,CLOSED/FINAL,UNFOUNDED,ALLISON,SHERENNA,,,UNKNOWN,37,FEMALE,BLACK,apr2016,,,05,0,0,1
1061097,225,WENTWORTH AVE,5101,POLICE FACILITY/VEH PARKING LOT,22dec2012 21:00:00,23dec2012 06:00:00,01apr2013,,ZODO,15841,018,,26mar2001,POLICE OFFICER,05H,EXCESSIVE FORCE - USE OF FIREARM / OFF DUTY - NO INJURY,S094,FIREARM DISCHARGE NO HITS - HANDGUN,CLOSED/FINAL,UNFOUNDED,ADAMS,JAMES,610,,PO AS DETECTIVE,,MALE,WHITE,apr2016,,,05,0,0,1
1061097,225,WENTWORTH AVE,5101,POLICE FACILITY/VEH PARKING LOT,22dec2012 21:00:00,23dec2012 06:00:00,01apr2013,,ZODO,15841,018,,26mar2001,POLICE OFFICER,05H,EXCESSIVE FORCE - USE OF FIREARM / OFF DUTY - NO INJURY,S094,FIREARM DISCHARGE NO HITS - HANDGUN,CLOSED/FINAL,NOT SUSTAINED,ADAMS,JAMES,610,,PO AS DETECTIVE,,MALE,WHITE,apr2016,,,05,0,0,1
1061097,225,WENTWORTH AVE,5101,POLICE FACILITY/VEH PARKING LOT,22dec2012 21:00:00,23dec2012 06:00:00,01apr2013,,GUERRERO,20202,610,,29jun1992,PO AS DETECTIVE,05H,EXCESSIVE FORCE - USE OF FIREARM / OFF DUTY - NO INJURY,S094,FIREARM DISCHARGE NO HITS - HANDGUN,CLOSED/FINAL,EXONERATED,TURNER,MICHAEL,,,UNKNOWN,50,MALE,BLACK,apr2016,,,05,0,0,1
