COMPLAINT_NUMBER,BEAT,STREET,ADDRESS,LOCATION_CODE,INCIDENT_TIME_START,INCIDENT_TIME_END,NOTIFICATION_DATE,ACCSUEDOFFICER_FNAME,ACCUSEDOFFICER_LNAME,ACCUSED_STAR,ACCUSED_UNIT,ACCUSED_DETAIL,ACCUSED_APPOINTMENT_DATE,ACCUSED_POSITION,INITIAL_CATEGORY_CODE,INITIAL_CATEGORY,CURRENT_CATEGORY_CODE,CURRENT_CATEGORY,CURRENT_STATUS,FINDING_CODE,INVOLVED_OFFICER_LNAME,INVOLVED_OFFICER_FNAME,INVOLVED_OFFICER_UNIT,INVOLVED_OFFICER_DETAIL,INVOLVED_OFFICER_POSITION,INVOLVED_OFFICER_AGE,INVOLVED_OFFICER_SEX,INVOLVED_OFFICER_RACE,foia,INVOLVED_OFFICER_DESCRIPTION,INVOLVED_OFFICER_TYPE,start_code_2,start_code_1,rec,sum_rec
1059266,531,DR MARTIN LUTHER KING JR DR,11432,APARTMENT,31dec2012 23:29:59,01jan2013 00:30:00,01jan2013,,,,,,,,05B,EXCESSIVE FORCE / ON DUTY - NO INJURY,S117,PUSH/PULL/GRAB,CLOSED/FINAL,UNFOUNDED,BALASZ,TIMOTHY,005,,POLICE OFFICER,,MALE,WHITE,apr2016,,,05,0,0,1
1059266,531,DR MARTIN LUTHER KING JR DR,11432,APARTMENT,31dec2012 23:29:59,01jan2013 00:30:00,01jan2013,,,,,,,,05B,EXCESSIVE FORCE / ON DUTY - NO INJURY,S117,PUSH/PULL/GRAB,CLOSED/FINAL,UNFOUNDED,BELL,WILLIAM,,,UNKNOWN,,MALE,BLACK,apr2016,,,05,0,0,1
1059266,531,DR MARTIN LUTHER KING JR DR,11432,APARTMENT,31dec2012 23:29:59,01jan2013 00:30:00,01jan2013,,,,,,,,05B,EXCESSIVE FORCE / ON DUTY - NO INJURY,S117,PUSH/PULL/GRAB,CLOSED/FINAL,UNFOUNDED,COUCH,JAMES,005,,POLICE OFFICER,,MALE,BLACK,apr2016,,,05,0,0,1
1059266,531,DR MARTIN LUTHER KING JR DR,11432,APARTMENT,31dec2012 23:29:59,01jan2013 00:30:00,01jan2013,,,,,,,,05B,EXCESSIVE FORCE / ON DUTY - NO INJURY,S117,PUSH/PULL/GRAB,CLOSED/FINAL,UNFOUNDED,BLANTON,DARNELL,,,,45,MALE,BLACK,apr2016,,,05,0,0,1
1059266,531,DR MARTIN LUTHER KING JR DR,11432,APARTMENT,31dec2012 23:29:59,01jan2013 00:30:00,01jan2013,,,,,,,,05B,EXCESSIVE FORCE / ON DUTY - NO INJURY,S117,PUSH/PULL/GRAB,CLOSED/FINAL,UNFOUNDED,EDGE,PHYLLIS,,,UNKNOWN,54,FEMALE,BLACK,apr2016,,,05,0,0,1
1059266,531,DR MARTIN LUTHER KING JR DR,11432,APARTMENT,31dec2012 23:29:59,01jan2013 00:30:00,01jan2013,,,,,,,,05B,EXCESSIVE FORCE / ON DUTY - NO INJURY,S117,PUSH/PULL/GRAB,CLOSED/FINAL,UNFOUNDED,EDGE,PHYLLIS,,,UNKNOWN,53,FEMALE,BLACK,apr2016,,,05,0,0,1
1059266,531,DR MARTIN LUTHER KING JR DR,11432,APARTMENT,31dec2012 23:29:59,01jan2013 00:30:00,01jan2013,,,,,,,,05B,EXCESSIVE FORCE / ON DUTY - NO INJURY,S117,PUSH/PULL/GRAB,CLOSED/FINAL,UNFOUNDED,HELSEL,JOHN,005,,POLICE OFFICER,,MALE,WHITE,apr2016,,,05,0,0,1
1059266,531,DR MARTIN LUTHER KING JR DR,11432,APARTMENT,31dec2012 23:29:59,01jan2013 00:30:00,01jan2013,,,,,,,,05B,EXCESSIVE FORCE / ON DUTY - NO INJURY,S117,PUSH/PULL/GRAB,CLOSED/FINAL,UNFOUNDED,HUSIC,ESNAF,005,,POLICE OFFICER,,MALE,WHITE,apr2016,,,05,0,0,1
1059266,531,DR MARTIN LUTHER KING JR DR,11432,APARTMENT,31dec2012 23:29:59,01jan2013 00:30:00,01jan2013,,,,,,,,05B,EXCESSIVE FORCE / ON DUTY - NO INJURY,S117,PUSH/PULL/GRAB,CLOSED/FINAL,UNFOUNDED,HERMAN,VINCENT,005,,POLICE OFFICER,,MALE,WHITE,apr2016,,,05,0,0,1
1059266,531,DR MARTIN LUTHER KING JR DR,11432,APARTMENT,31dec2012 23:29:59,01jan2013 00:30:00,01jan2013,,,,,,,,05B,EXCESSIVE FORCE / ON DUTY - NO INJURY,S117,PUSH/PULL/GRAB,CLOSED/FINAL,UNFOUNDED,WILLIS,LOUIS,,,,54,MALE,BLACK,apr2016,,,05,0,0,1
1059266,531,DR MARTIN LUTHER KING JR DR,11432,APARTMENT,31dec2012 23:29:59,01jan2013 00:30:00,01jan2013,,,,,,,,05B,EXCESSIVE FORCE / ON DUTY - NO INJURY,S117,PUSH/PULL/GRAB,CLOSED/FINAL,UNFOUNDED,WILLIAMS,LAWRENCE,005,,POLICE OFFICER,,MALE,BLACK,apr2016,,,05,0,0,1
