COMPLAINT_NUMBER,BEAT,STREET,ADDRESS,LOCATION_CODE,INCIDENT_TIME_START,INCIDENT_TIME_END,NOTIFICATION_DATE,ACCSUEDOFFICER_FNAME,ACCUSEDOFFICER_LNAME,ACCUSED_STAR,ACCUSED_UNIT,ACCUSED_DETAIL,ACCUSED_APPOINTMENT_DATE,ACCUSED_POSITION,INITIAL_CATEGORY_CODE,INITIAL_CATEGORY,CURRENT_CATEGORY_CODE,CURRENT_CATEGORY,CURRENT_STATUS,FINDING_CODE,INVOLVED_OFFICER_LNAME,INVOLVED_OFFICER_FNAME,INVOLVED_OFFICER_UNIT,INVOLVED_OFFICER_DETAIL,INVOLVED_OFFICER_POSITION,INVOLVED_OFFICER_AGE,INVOLVED_OFFICER_SEX,INVOLVED_OFFICER_RACE,foia,INVOLVED_OFFICER_DESCRIPTION,INVOLVED_OFFICER_TYPE,start_code_2,start_code_1,rec,sum_rec
1061925,915,WELLS ST,3600,STREET,30apr2013 18:59:59,30apr2013 18:59:59,02may2013,,,,,,,,05A,EXCESSIVE FORCE / ON DUTY - INJURY,S117,PUSH/PULL/GRAB,CLOSED/FINAL,EXONERATED,GIST,TINA ,,,UNKNOWN,31,FEMALE,BLACK,apr2016,,,05,0,1,1
1061925,915,WELLS ST,3600,STREET,30apr2013 18:59:59,30apr2013 18:59:59,02may2013,,COLON,13373,009,,05dec2005,POLICE OFFICER,05A,EXCESSIVE FORCE / ON DUTY - INJURY,S117,PUSH/PULL/GRAB,CLOSED/FINAL,NOT SUSTAINED,GIST,TINA ,,,UNKNOWN,32,FEMALE,BLACK,apr2016,,,05,0,0,1
1061925,915,WELLS ST,3600,STREET,30apr2013 18:59:59,30apr2013 18:59:59,02may2013,,COLON,13373,009,,05dec2005,POLICE OFFICER,05A,EXCESSIVE FORCE / ON DUTY - INJURY,S117,PUSH/PULL/GRAB,CLOSED/FINAL,NOT SUSTAINED,GIST,TINA ,,,UNKNOWN,31,FEMALE,BLACK,apr2016,,,05,0,0,1
1061925,915,WELLS ST,3600,STREET,30apr2013 18:59:59,30apr2013 18:59:59,02may2013,,COLON,13373,009,,05dec2005,POLICE OFFICER,05A,EXCESSIVE FORCE / ON DUTY - INJURY,S117,PUSH/PULL/GRAB,CLOSED/FINAL,UNFOUNDED,GIST,TINA ,,,UNKNOWN,31,FEMALE,BLACK,apr2016,,,05,0,0,1
1061925,915,WELLS ST,3600,STREET,30apr2013 18:59:59,30apr2013 18:59:59,02may2013,,BERNSON,15360,009,,30sep2002,POLICE OFFICER,05A,EXCESSIVE FORCE / ON DUTY - INJURY,S117,PUSH/PULL/GRAB,CLOSED/FINAL,EXONERATED,GIST,TINA ,,,UNKNOWN,31,FEMALE,BLACK,apr2016,,,05,0,0,1
1061925,915,WELLS ST,3600,STREET,30apr2013 18:59:59,30apr2013 18:59:59,02may2013,,,,,,,,05A,EXCESSIVE FORCE / ON DUTY - INJURY,S117,PUSH/PULL/GRAB,CLOSED/FINAL,EXONERATED,GIST,TINA ,,,UNKNOWN,32,FEMALE,BLACK,apr2016,,,05,0,0,1
1061925,915,WELLS ST,3600,STREET,30apr2013 18:59:59,30apr2013 18:59:59,02may2013,,,,,,,,05A,EXCESSIVE FORCE / ON DUTY - INJURY,S117,PUSH/PULL/GRAB,CLOSED/FINAL,UNFOUNDED,GIST,TINA ,,,UNKNOWN,32,FEMALE,BLACK,apr2016,,,05,0,0,1
1061925,915,WELLS ST,3600,STREET,30apr2013 18:59:59,30apr2013 18:59:59,02may2013,,,,,,,,05A,EXCESSIVE FORCE / ON DUTY - INJURY,S117,PUSH/PULL/GRAB,CLOSED/FINAL,UNFOUNDED,GIST,TINA ,,,UNKNOWN,31,FEMALE,BLACK,apr2016,,,05,0,0,1
1061925,915,WELLS ST,3600,STREET,30apr2013 18:59:59,30apr2013 18:59:59,02may2013,,BERNSON,15360,009,,30sep2002,POLICE OFFICER,05A,EXCESSIVE FORCE / ON DUTY - INJURY,S117,PUSH/PULL/GRAB,CLOSED/FINAL,EXONERATED,GIST,TINA ,,,UNKNOWN,32,FEMALE,BLACK,apr2016,,,05,0,0,1
1061925,915,WELLS ST,3600,STREET,30apr2013 18:59:59,30apr2013 18:59:59,02may2013,,COLON,13373,009,,05dec2005,POLICE OFFICER,05A,EXCESSIVE FORCE / ON DUTY - INJURY,S117,PUSH/PULL/GRAB,CLOSED/FINAL,UNFOUNDED,GIST,TINA ,,,UNKNOWN,32,FEMALE,BLACK,apr2016,,,05,0,0,1
1061925,915,WELLS ST,3600,STREET,30apr2013 18:59:59,30apr2013 18:59:59,02may2013,,BERNSON,15360,009,,30sep2002,POLICE OFFICER,05A,EXCESSIVE FORCE / ON DUTY - INJURY,S117,PUSH/PULL/GRAB,CLOSED/FINAL,UNFOUNDED,GIST,TINA ,,,UNKNOWN,32,FEMALE,BLACK,apr2016,,,05,0,0,1
1061925,915,WELLS ST,3600,STREET,30apr2013 18:59:59,30apr2013 18:59:59,02may2013,,BERNSON,15360,009,,30sep2002,POLICE OFFICER,05A,EXCESSIVE FORCE / ON DUTY - INJURY,S117,PUSH/PULL/GRAB,CLOSED/FINAL,UNFOUNDED,GIST,TINA ,,,UNKNOWN,31,FEMALE,BLACK,apr2016,,,05,0,0,1
