COMPLAINT_NUMBER,BEAT,STREET,ADDRESS,LOCATION_CODE,INCIDENT_TIME_START,INCIDENT_TIME_END,NOTIFICATION_DATE,ACCSUEDOFFICER_FNAME,ACCUSEDOFFICER_LNAME,ACCUSED_STAR,ACCUSED_UNIT,ACCUSED_DETAIL,ACCUSED_APPOINTMENT_DATE,ACCUSED_POSITION,INITIAL_CATEGORY_CODE,INITIAL_CATEGORY,CURRENT_CATEGORY_CODE,CURRENT_CATEGORY,CURRENT_STATUS,FINDING_CODE,INVOLVED_OFFICER_LNAME,INVOLVED_OFFICER_FNAME,INVOLVED_OFFICER_UNIT,INVOLVED_OFFICER_DETAIL,INVOLVED_OFFICER_POSITION,INVOLVED_OFFICER_AGE,INVOLVED_OFFICER_SEX,INVOLVED_OFFICER_RACE,foia,INVOLVED_OFFICER_DESCRIPTION,INVOLVED_OFFICER_TYPE,start_code_2,start_code_1,rec,sum_rec
1061263,123,ROOSEVELT RD,130,STREET,01apr2013 20:00:00,01apr2013 20:00:00,08apr2013,,CASTRO JR,12468,001,,30jul2007,POLICE OFFICER,S021,MISCELLANEOUS,05A,EXCESSIVE FORCE / ON DUTY - INJURY,CLOSED/FINAL,UNFOUNDED,JASINSKI,ROBERT,001,,POLICE OFFICER,,MALE,WHITE,apr2016,,,S0,S,0,1
1061263,123,ROOSEVELT RD,130,STREET,01apr2013 20:00:00,01apr2013 20:00:00,08apr2013,,PERALTA,15363,001,,02apr2007,POLICE OFFICER,S021,MISCELLANEOUS,05A,EXCESSIVE FORCE / ON DUTY - INJURY,CLOSED/FINAL,NOT SUSTAINED,JONES,TRISTIAN,,,UNKNOWN,27,MALE,BLACK,apr2016,,,S0,S,0,1
1061263,123,ROOSEVELT RD,130,STREET,01apr2013 20:00:00,01apr2013 20:00:00,08apr2013,,PERALTA,15363,001,,02apr2007,POLICE OFFICER,S021,MISCELLANEOUS,05A,EXCESSIVE FORCE / ON DUTY - INJURY,CLOSED/FINAL,NOT SUSTAINED,SMITH,JEFFREY,001,,POLICE OFFICER,,MALE,WHITE,apr2016,,,S0,S,0,1
1061263,123,ROOSEVELT RD,130,STREET,01apr2013 20:00:00,01apr2013 20:00:00,08apr2013,,CASTRO JR,12468,001,,30jul2007,POLICE OFFICER,S021,MISCELLANEOUS,05A,EXCESSIVE FORCE / ON DUTY - INJURY,CLOSED/FINAL,UNFOUNDED,SMITH,JEFFREY,001,,POLICE OFFICER,,MALE,WHITE,apr2016,,,S0,S,0,1
1061263,123,ROOSEVELT RD,130,STREET,01apr2013 20:00:00,01apr2013 20:00:00,08apr2013,,,,,,,,S021,MISCELLANEOUS,05A,EXCESSIVE FORCE / ON DUTY - INJURY,CLOSED/FINAL,NOT SUSTAINED,SMITH,JEFFREY,001,,POLICE OFFICER,,MALE,WHITE,apr2016,,,S0,S,0,1
1061263,123,ROOSEVELT RD,130,STREET,01apr2013 20:00:00,01apr2013 20:00:00,08apr2013,,CASTRO JR,12468,001,,30jul2007,POLICE OFFICER,S021,MISCELLANEOUS,05A,EXCESSIVE FORCE / ON DUTY - INJURY,CLOSED/FINAL,UNFOUNDED,JONES,TRISTIAN,,,UNKNOWN,27,MALE,BLACK,apr2016,,,S0,S,0,1
1061263,123,ROOSEVELT RD,130,STREET,01apr2013 20:00:00,01apr2013 20:00:00,08apr2013,,,,,,,,S021,MISCELLANEOUS,05A,EXCESSIVE FORCE / ON DUTY - INJURY,CLOSED/FINAL,NOT SUSTAINED,JASINSKI,ROBERT,001,,POLICE OFFICER,,MALE,WHITE,apr2016,,,S0,S,1,1
1061263,123,ROOSEVELT RD,130,STREET,01apr2013 20:00:00,01apr2013 20:00:00,08apr2013,,,,,,,,S021,MISCELLANEOUS,05A,EXCESSIVE FORCE / ON DUTY - INJURY,CLOSED/FINAL,NOT SUSTAINED,JONES,TRISTIAN,,,UNKNOWN,27,MALE,BLACK,apr2016,,,S0,S,0,1
1061263,123,ROOSEVELT RD,130,STREET,01apr2013 20:00:00,01apr2013 20:00:00,08apr2013,,PERALTA,15363,001,,02apr2007,POLICE OFFICER,S021,MISCELLANEOUS,05A,EXCESSIVE FORCE / ON DUTY - INJURY,CLOSED/FINAL,NOT SUSTAINED,JASINSKI,ROBERT,001,,POLICE OFFICER,,MALE,WHITE,apr2016,,,S0,S,0,1
