COMPLAINT_NUMBER,BEAT,STREET,ADDRESS,LOCATION_CODE,INCIDENT_TIME_START,INCIDENT_TIME_END,NOTIFICATION_DATE,ACCSUEDOFFICER_FNAME,ACCUSEDOFFICER_LNAME,ACCUSED_STAR,ACCUSED_UNIT,ACCUSED_DETAIL,ACCUSED_APPOINTMENT_DATE,ACCUSED_POSITION,INITIAL_CATEGORY_CODE,INITIAL_CATEGORY,CURRENT_CATEGORY_CODE,CURRENT_CATEGORY,CURRENT_STATUS,FINDING_CODE,INVOLVED_OFFICER_LNAME,INVOLVED_OFFICER_FNAME,INVOLVED_OFFICER_UNIT,INVOLVED_OFFICER_DETAIL,INVOLVED_OFFICER_POSITION,INVOLVED_OFFICER_AGE,INVOLVED_OFFICER_SEX,INVOLVED_OFFICER_RACE,foia,INVOLVED_OFFICER_DESCRIPTION,INVOLVED_OFFICER_TYPE,start_code_2,start_code_1,rec,sum_rec
1057714,1822,LARRABEE ST,1160,POLICE FACILITY/VEH PARKING LOT,18aug2012 19:50:00,18aug2012 19:50:00,11oct2012,MATTHEW,WAGNER,5946,018,,27aug2007,POLICE OFFICER,S001,CLOSED HAND STRIKE (PUNCH),05A,EXCESSIVE FORCE / ON DUTY - INJURY,CLOSED/FINAL,NOT SUSTAINED,COLVIN,CARMARA,,,UNKNOWN,34,FEMALE,BLACK,apr2016,,,S0,S,0,1
1057714,1822,LARRABEE ST,1160,POLICE FACILITY/VEH PARKING LOT,18aug2012 19:50:00,18aug2012 19:50:00,11oct2012,MATTHEW,WAGNER,5946,018,,27aug2007,POLICE OFFICER,S001,CLOSED HAND STRIKE (PUNCH),05A,EXCESSIVE FORCE / ON DUTY - INJURY,CLOSED/FINAL,NOT SUSTAINED,COLVIN,CARMARA,,,UNKNOWN,36,FEMALE,BLACK,apr2016,,,S0,S,0,1
1057714,1822,LARRABEE ST,1160,POLICE FACILITY/VEH PARKING LOT,18aug2012 19:50:00,18aug2012 19:50:00,11oct2012,MATTHEW,WAGNER,5946,018,,27aug2007,POLICE OFFICER,S001,CLOSED HAND STRIKE (PUNCH),05A,EXCESSIVE FORCE / ON DUTY - INJURY,CLOSED/FINAL,NOT SUSTAINED,JONES,ISAIAH,,,UNKNOWN,17,MALE,BLACK,apr2016,,,S0,S,0,1
1057714,1822,LARRABEE ST,1160,POLICE FACILITY/VEH PARKING LOT,18aug2012 19:50:00,18aug2012 19:50:00,11oct2012,MATTHEW,WAGNER,5946,018,,27aug2007,POLICE OFFICER,S001,CLOSED HAND STRIKE (PUNCH),05A,EXCESSIVE FORCE / ON DUTY - INJURY,CLOSED/FINAL,NOT SUSTAINED,JONES,ISAIAH,,,UNKNOWN,19,MALE,BLACK,apr2016,,,S0,S,0,1
