COMPLAINT_NUMBER,BEAT,STREET,ADDRESS,LOCATION_CODE,INCIDENT_TIME_START,INCIDENT_TIME_END,NOTIFICATION_DATE,ACCSUEDOFFICER_FNAME,ACCUSEDOFFICER_LNAME,ACCUSED_STAR,ACCUSED_UNIT,ACCUSED_DETAIL,ACCUSED_APPOINTMENT_DATE,ACCUSED_POSITION,INITIAL_CATEGORY_CODE,INITIAL_CATEGORY,CURRENT_CATEGORY_CODE,CURRENT_CATEGORY,CURRENT_STATUS,FINDING_CODE,INVOLVED_OFFICER_LNAME,INVOLVED_OFFICER_FNAME,INVOLVED_OFFICER_UNIT,INVOLVED_OFFICER_DETAIL,INVOLVED_OFFICER_POSITION,INVOLVED_OFFICER_AGE,INVOLVED_OFFICER_SEX,INVOLVED_OFFICER_RACE,foia,INVOLVED_OFFICER_DESCRIPTION,INVOLVED_OFFICER_TYPE,start_code_2,start_code_1,rec,sum_rec
1056820,331,PAXTON AVE,7058,SIDEWALK,04sep2012 11:29:59,04sep2012 11:29:59,04sep2012,,,,,,,,S121,HANDCUFF TOO TIGHT,S121,HANDCUFF TOO TIGHT,CLOSED/FINAL,NOT SUSTAINED,BROWN-RULE,PHOEBE,003,,POLICE OFFICER,,FEMALE,BLACK,apr2016,,,S1,S,1,1
1056820,331,PAXTON AVE,7058,SIDEWALK,04sep2012 11:29:59,04sep2012 11:29:59,04sep2012,,,,,,,,S121,HANDCUFF TOO TIGHT,S121,HANDCUFF TOO TIGHT,CLOSED/FINAL,NOT SUSTAINED,PIERCE,ANGELA,003,,POLICE OFFICER,,FEMALE,BLACK,apr2016,,,S1,S,0,1
1056820,331,PAXTON AVE,7058,SIDEWALK,04sep2012 11:29:59,04sep2012 11:29:59,04sep2012,CEDRICK,PARKS,1313,003,,29jun1992,SERGEANT OF POLICE,S121,HANDCUFF TOO TIGHT,S121,HANDCUFF TOO TIGHT,CLOSED/FINAL,UNFOUNDED,STUMAN,JAVON,,,UNKNOWN,16,MALE,BLACK,apr2016,,,S1,S,0,1
1056820,331,PAXTON AVE,7058,SIDEWALK,04sep2012 11:29:59,04sep2012 11:29:59,04sep2012,CEDRICK,PARKS,1313,003,,29jun1992,SERGEANT OF POLICE,S121,HANDCUFF TOO TIGHT,S121,HANDCUFF TOO TIGHT,CLOSED/FINAL,UNFOUNDED,CARIDINE JR,DALE,003,,POLICE OFFICER,,MALE,BLACK,apr2016,,,S1,S,0,1
1056820,331,PAXTON AVE,7058,SIDEWALK,04sep2012 11:29:59,04sep2012 11:29:59,04sep2012,CEDRICK,PARKS,1313,003,,29jun1992,SERGEANT OF POLICE,S121,HANDCUFF TOO TIGHT,S121,HANDCUFF TOO TIGHT,CLOSED/FINAL,UNFOUNDED,BROWN-RULE,PHOEBE,003,,POLICE OFFICER,,FEMALE,BLACK,apr2016,,,S1,S,0,1
1056820,331,PAXTON AVE,7058,SIDEWALK,04sep2012 11:29:59,04sep2012 11:29:59,04sep2012,,,,,,,,S121,HANDCUFF TOO TIGHT,S121,HANDCUFF TOO TIGHT,CLOSED/FINAL,NOT SUSTAINED,STUMAN,JAVON,,,UNKNOWN,16,MALE,BLACK,apr2016,,,S1,S,0,1
1056820,331,PAXTON AVE,7058,SIDEWALK,04sep2012 11:29:59,04sep2012 11:29:59,04sep2012,DARRION,BLACKBURN,4632,003,,30sep2002,POLICE OFFICER,S121,HANDCUFF TOO TIGHT,S121,HANDCUFF TOO TIGHT,CLOSED/FINAL,NOT SUSTAINED,CARIDINE JR,DALE,003,,POLICE OFFICER,,MALE,BLACK,apr2016,,,S1,S,0,1
1056820,331,PAXTON AVE,7058,SIDEWALK,04sep2012 11:29:59,04sep2012 11:29:59,04sep2012,,,,,,,,S121,HANDCUFF TOO TIGHT,S121,HANDCUFF TOO TIGHT,CLOSED/FINAL,NOT SUSTAINED,CARIDINE JR,DALE,003,,POLICE OFFICER,,MALE,BLACK,apr2016,,,S1,S,0,1
1056820,331,PAXTON AVE,7058,SIDEWALK,04sep2012 11:29:59,04sep2012 11:29:59,04sep2012,CEDRICK,PARKS,1313,003,,29jun1992,SERGEANT OF POLICE,S121,HANDCUFF TOO TIGHT,S121,HANDCUFF TOO TIGHT,CLOSED/FINAL,UNFOUNDED,STUMAN,DEREK,,,UNKNOWN,31,MALE,BLACK,apr2016,,,S1,S,0,1
1056820,331,PAXTON AVE,7058,SIDEWALK,04sep2012 11:29:59,04sep2012 11:29:59,04sep2012,,,,,,,,S121,HANDCUFF TOO TIGHT,S121,HANDCUFF TOO TIGHT,CLOSED/FINAL,NOT SUSTAINED,STUMAN,DEREK,,,UNKNOWN,31,MALE,BLACK,apr2016,,,S1,S,0,1
1056820,331,PAXTON AVE,7058,SIDEWALK,04sep2012 11:29:59,04sep2012 11:29:59,04sep2012,DARRION,BLACKBURN,4632,003,,30sep2002,POLICE OFFICER,S121,HANDCUFF TOO TIGHT,S121,HANDCUFF TOO TIGHT,CLOSED/FINAL,NOT SUSTAINED,STUMAN,JAVON,,,UNKNOWN,16,MALE,BLACK,apr2016,,,S1,S,0,1
1056820,331,PAXTON AVE,7058,SIDEWALK,04sep2012 11:29:59,04sep2012 11:29:59,04sep2012,CEDRICK,PARKS,1313,003,,29jun1992,SERGEANT OF POLICE,S121,HANDCUFF TOO TIGHT,S121,HANDCUFF TOO TIGHT,CLOSED/FINAL,UNFOUNDED,PIERCE,ANGELA,003,,POLICE OFFICER,,FEMALE,BLACK,apr2016,,,S1,S,0,1
1056820,331,PAXTON AVE,7058,SIDEWALK,04sep2012 11:29:59,04sep2012 11:29:59,04sep2012,DARRION,BLACKBURN,4632,003,,30sep2002,POLICE OFFICER,S121,HANDCUFF TOO TIGHT,S121,HANDCUFF TOO TIGHT,CLOSED/FINAL,NOT SUSTAINED,PIERCE,ANGELA,003,,POLICE OFFICER,,FEMALE,BLACK,apr2016,,,S1,S,0,1
1056820,331,PAXTON AVE,7058,SIDEWALK,04sep2012 11:29:59,04sep2012 11:29:59,04sep2012,,,,,,,,S121,HANDCUFF TOO TIGHT,S121,HANDCUFF TOO TIGHT,CLOSED/FINAL,NOT SUSTAINED,PETIT,GREGORY,003,,POLICE OFFICER,,MALE,BLACK,apr2016,,,S1,S,0,1
1056820,331,PAXTON AVE,7058,SIDEWALK,04sep2012 11:29:59,04sep2012 11:29:59,04sep2012,DARRION,BLACKBURN,4632,003,,30sep2002,POLICE OFFICER,S121,HANDCUFF TOO TIGHT,S121,HANDCUFF TOO TIGHT,CLOSED/FINAL,NOT SUSTAINED,BROWN-RULE,PHOEBE,003,,POLICE OFFICER,,FEMALE,BLACK,apr2016,,,S1,S,0,1
1056820,331,PAXTON AVE,7058,SIDEWALK,04sep2012 11:29:59,04sep2012 11:29:59,04sep2012,CEDRICK,PARKS,1313,003,,29jun1992,SERGEANT OF POLICE,S121,HANDCUFF TOO TIGHT,S121,HANDCUFF TOO TIGHT,CLOSED/FINAL,UNFOUNDED,PETIT,GREGORY,003,,POLICE OFFICER,,MALE,BLACK,apr2016,,,S1,S,0,1
1056820,331,PAXTON AVE,7058,SIDEWALK,04sep2012 11:29:59,04sep2012 11:29:59,04sep2012,DARRION,BLACKBURN,4632,003,,30sep2002,POLICE OFFICER,S121,HANDCUFF TOO TIGHT,S121,HANDCUFF TOO TIGHT,CLOSED/FINAL,NOT SUSTAINED,STUMAN,DEREK,,,UNKNOWN,31,MALE,BLACK,apr2016,,,S1,S,0,1
1056820,331,PAXTON AVE,7058,SIDEWALK,04sep2012 11:29:59,04sep2012 11:29:59,04sep2012,DARRION,BLACKBURN,4632,003,,30sep2002,POLICE OFFICER,S121,HANDCUFF TOO TIGHT,S121,HANDCUFF TOO TIGHT,CLOSED/FINAL,NOT SUSTAINED,PETIT,GREGORY,003,,POLICE OFFICER,,MALE,BLACK,apr2016,,,S1,S,0,1
