COMPLAINT_NUMBER,BEAT,STREET,ADDRESS,LOCATION_CODE,INCIDENT_TIME_START,INCIDENT_TIME_END,NOTIFICATION_DATE,ACCSUEDOFFICER_FNAME,ACCUSEDOFFICER_LNAME,ACCUSED_STAR,ACCUSED_UNIT,ACCUSED_DETAIL,ACCUSED_APPOINTMENT_DATE,ACCUSED_POSITION,INITIAL_CATEGORY_CODE,INITIAL_CATEGORY,CURRENT_CATEGORY_CODE,CURRENT_CATEGORY,CURRENT_STATUS,FINDING_CODE,INVOLVED_OFFICER_LNAME,INVOLVED_OFFICER_FNAME,INVOLVED_OFFICER_UNIT,INVOLVED_OFFICER_DETAIL,INVOLVED_OFFICER_POSITION,INVOLVED_OFFICER_AGE,INVOLVED_OFFICER_SEX,INVOLVED_OFFICER_RACE,foia,INVOLVED_OFFICER_DESCRIPTION,INVOLVED_OFFICER_TYPE,start_code_2,start_code_1,rec,sum_rec
1057473,331,LAKE SHORE DR,5900,PARKING LOT/GARAGE(NON.RESID.),29sep2012 00:59:59,29sep2012 00:59:59,02oct2012,KIRKLAND,CROSSLEY,1036,005,,29jun1992,SERGEANT OF POLICE,S109,INJURY,S110,NO INJURY,CLOSED/PENALTY NOT SERVED,NOT SUSTAINED,FLORES,ALAEHIA ,,,UNKNOWN,48,FEMALE,BLACK HISPANIC,apr2016,,,S1,S,0,1
1057473,331,LAKE SHORE DR,5900,PARKING LOT/GARAGE(NON.RESID.),29sep2012 00:59:59,29sep2012 00:59:59,02oct2012,KIRKLAND,CROSSLEY,1036,005,,29jun1992,SERGEANT OF POLICE,S109,INJURY,S110,NO INJURY,CLOSED/PENALTY NOT SERVED,NOT SUSTAINED,FLORES,ALAEHIA ,,,UNKNOWN,47,FEMALE,BLACK HISPANIC,apr2016,,,S1,S,1,1
1057473,331,LAKE SHORE DR,5900,PARKING LOT/GARAGE(NON.RESID.),29sep2012 00:59:59,29sep2012 00:59:59,02oct2012,KIRKLAND,CROSSLEY,1036,005,,29jun1992,SERGEANT OF POLICE,S109,INJURY,S110,NO INJURY,CLOSED/PENALTY NOT SERVED,UNFOUNDED,FLORES,ALAEHIA ,,,UNKNOWN,47,FEMALE,BLACK HISPANIC,apr2016,,,S1,S,0,1
1057473,331,LAKE SHORE DR,5900,PARKING LOT/GARAGE(NON.RESID.),29sep2012 00:59:59,29sep2012 00:59:59,02oct2012,KIRKLAND,CROSSLEY,1036,005,,29jun1992,SERGEANT OF POLICE,S109,INJURY,S110,NO INJURY,CLOSED/PENALTY NOT SERVED,UNFOUNDED,FLORES,ALAEHIA ,,,UNKNOWN,48,FEMALE,BLACK HISPANIC,apr2016,,,S1,S,0,1
