COMPLAINT_NUMBER,BEAT,STREET,ADDRESS,LOCATION_CODE,INCIDENT_TIME_START,INCIDENT_TIME_END,NOTIFICATION_DATE,ACCSUEDOFFICER_FNAME,ACCUSEDOFFICER_LNAME,ACCUSED_STAR,ACCUSED_UNIT,ACCUSED_DETAIL,ACCUSED_APPOINTMENT_DATE,ACCUSED_POSITION,INITIAL_CATEGORY_CODE,INITIAL_CATEGORY,CURRENT_CATEGORY_CODE,CURRENT_CATEGORY,CURRENT_STATUS,FINDING_CODE,INVOLVED_OFFICER_LNAME,INVOLVED_OFFICER_FNAME,INVOLVED_OFFICER_UNIT,INVOLVED_OFFICER_DETAIL,INVOLVED_OFFICER_POSITION,INVOLVED_OFFICER_AGE,INVOLVED_OFFICER_SEX,INVOLVED_OFFICER_RACE,foia,INVOLVED_OFFICER_DESCRIPTION,INVOLVED_OFFICER_TYPE,start_code_2,start_code_1,rec,sum_rec
1057517,522,113TH PL,106,STREET,11apr2011 20:26:00,11apr2011 20:26:00,03oct2012,CHRIS,SKARUPINSKI,8254,005,620,29oct2007,POLICE OFFICER,05A,EXCESSIVE FORCE / ON DUTY - INJURY,S008,TAKE DOWN (THROWN TO GROUND),CLOSED/FINAL,EXONERATED,JACKSON,ERIC,005,212,SERGEANT OF POLICE,,MALE,BLACK,apr2016,,,05,0,0,1
1057517,522,113TH PL,106,STREET,11apr2011 20:26:00,11apr2011 20:26:00,03oct2012,JOSEPH,BYRNE,5304,005,620,27aug2007,POLICE OFFICER,05A,EXCESSIVE FORCE / ON DUTY - INJURY,S008,TAKE DOWN (THROWN TO GROUND),CLOSED/FINAL,UNFOUNDED,STACKER,GREGORY,005,,POLICE OFFICER,,MALE,BLACK,apr2016,,,05,0,0,1
1057517,522,113TH PL,106,STREET,11apr2011 20:26:00,11apr2011 20:26:00,03oct2012,CHRIS,SKARUPINSKI,8254,005,620,29oct2007,POLICE OFFICER,05A,EXCESSIVE FORCE / ON DUTY - INJURY,S008,TAKE DOWN (THROWN TO GROUND),CLOSED/FINAL,EXONERATED,STACKER,GREGORY,005,,POLICE OFFICER,,MALE,BLACK,apr2016,,,05,0,0,1
1057517,522,113TH PL,106,STREET,11apr2011 20:26:00,11apr2011 20:26:00,03oct2012,CHRIS,SKARUPINSKI,8254,005,620,29oct2007,POLICE OFFICER,05A,EXCESSIVE FORCE / ON DUTY - INJURY,S008,TAKE DOWN (THROWN TO GROUND),CLOSED/FINAL,EXONERATED,BENSON,INEZ,005,,POLICE OFFICER,,FEMALE,BLACK,apr2016,,,05,0,1,1
1057517,522,113TH PL,106,STREET,11apr2011 20:26:00,11apr2011 20:26:00,03oct2012,CHRIS,SKARUPINSKI,8254,005,620,29oct2007,POLICE OFFICER,05A,EXCESSIVE FORCE / ON DUTY - INJURY,S008,TAKE DOWN (THROWN TO GROUND),CLOSED/FINAL,EXONERATED,DE MARKO ,DEION ,,,UNKNOWN,35,MALE,BLACK,apr2016,,,05,0,0,1
1057517,522,113TH PL,106,STREET,11apr2011 20:26:00,11apr2011 20:26:00,03oct2012,JOSEPH,BYRNE,5304,005,620,27aug2007,POLICE OFFICER,05A,EXCESSIVE FORCE / ON DUTY - INJURY,S008,TAKE DOWN (THROWN TO GROUND),CLOSED/FINAL,UNFOUNDED,BENSON,INEZ,005,,POLICE OFFICER,,FEMALE,BLACK,apr2016,,,05,0,0,1
1057517,522,113TH PL,106,STREET,11apr2011 20:26:00,11apr2011 20:26:00,03oct2012,JOSEPH,BYRNE,5304,005,620,27aug2007,POLICE OFFICER,05A,EXCESSIVE FORCE / ON DUTY - INJURY,S008,TAKE DOWN (THROWN TO GROUND),CLOSED/FINAL,UNFOUNDED,JACKSON,ERIC,005,212,SERGEANT OF POLICE,,MALE,BLACK,apr2016,,,05,0,0,1
1057517,522,113TH PL,106,STREET,11apr2011 20:26:00,11apr2011 20:26:00,03oct2012,JOSEPH,BYRNE,5304,005,620,27aug2007,POLICE OFFICER,05A,EXCESSIVE FORCE / ON DUTY - INJURY,S008,TAKE DOWN (THROWN TO GROUND),CLOSED/FINAL,UNFOUNDED,DE MARKO ,DEION ,,,UNKNOWN,35,MALE,BLACK,apr2016,,,05,0,0,1
