COMPLAINT_NUMBER,BEAT,STREET,ADDRESS,LOCATION_CODE,INCIDENT_TIME_START,INCIDENT_TIME_END,NOTIFICATION_DATE,ACCSUEDOFFICER_FNAME,ACCUSEDOFFICER_LNAME,ACCUSED_STAR,ACCUSED_UNIT,ACCUSED_DETAIL,ACCUSED_APPOINTMENT_DATE,ACCUSED_POSITION,INITIAL_CATEGORY_CODE,INITIAL_CATEGORY,CURRENT_CATEGORY_CODE,CURRENT_CATEGORY,CURRENT_STATUS,FINDING_CODE,INVOLVED_OFFICER_LNAME,INVOLVED_OFFICER_FNAME,INVOLVED_OFFICER_UNIT,INVOLVED_OFFICER_DETAIL,INVOLVED_OFFICER_POSITION,INVOLVED_OFFICER_AGE,INVOLVED_OFFICER_SEX,INVOLVED_OFFICER_RACE,foia,INVOLVED_OFFICER_DESCRIPTION,INVOLVED_OFFICER_TYPE,start_code_2,start_code_1,rec,sum_rec
1055542,2515,GRAND AVE,5555,JAIL / LOCK-UP FACILITY,15jul2012 00:59:59,15jul2012 00:59:59,15jul2012,ANTHONY,ROSALES,5516,025,,26jan2004,POLICE OFFICER,05A,EXCESSIVE FORCE / ON DUTY - INJURY,S001,CLOSED HAND STRIKE (PUNCH),CLOSED/FINAL,NOT SUSTAINED,CARDONA,RENE,,,UNKNOWN,24,MALE,WHITE HISPANIC,apr2016,,,05,0,0,1
1055542,2515,GRAND AVE,5555,JAIL / LOCK-UP FACILITY,15jul2012 00:59:59,15jul2012 00:59:59,15jul2012,PANOS,THEODORIDES,5383,315,,18dec2000,POLICE OFFICER,05A,EXCESSIVE FORCE / ON DUTY - INJURY,S001,CLOSED HAND STRIKE (PUNCH),CLOSED/FINAL,UNFOUNDED,CARDONA,RENE,,,UNKNOWN,22,MALE,WHITE HISPANIC,apr2016,,,05,0,0,1
1055542,2515,GRAND AVE,5555,JAIL / LOCK-UP FACILITY,15jul2012 00:59:59,15jul2012 00:59:59,15jul2012,ANTHONY,ROSALES,5516,025,,26jan2004,POLICE OFFICER,05A,EXCESSIVE FORCE / ON DUTY - INJURY,S001,CLOSED HAND STRIKE (PUNCH),CLOSED/FINAL,NOT SUSTAINED,YI,RICHARD,313,,POLICE OFFICER,,MALE,ASIAN/PACIFIC ISLANDER,apr2016,,,05,0,0,1
1055542,2515,GRAND AVE,5555,JAIL / LOCK-UP FACILITY,15jul2012 00:59:59,15jul2012 00:59:59,15jul2012,PANOS,THEODORIDES,5383,315,,18dec2000,POLICE OFFICER,05A,EXCESSIVE FORCE / ON DUTY - INJURY,S001,CLOSED HAND STRIKE (PUNCH),CLOSED/FINAL,UNFOUNDED,YI,RICHARD,313,,POLICE OFFICER,,MALE,ASIAN/PACIFIC ISLANDER,apr2016,,,05,0,0,1
1055542,2515,GRAND AVE,5555,JAIL / LOCK-UP FACILITY,15jul2012 00:59:59,15jul2012 00:59:59,15jul2012,PANOS,THEODORIDES,5383,315,,18dec2000,POLICE OFFICER,05A,EXCESSIVE FORCE / ON DUTY - INJURY,S001,CLOSED HAND STRIKE (PUNCH),CLOSED/FINAL,UNFOUNDED,CARDONA,RENE,,,UNKNOWN,24,MALE,WHITE HISPANIC,apr2016,,,05,0,0,1
1055542,2515,GRAND AVE,5555,JAIL / LOCK-UP FACILITY,15jul2012 00:59:59,15jul2012 00:59:59,15jul2012,ANTHONY,ROSALES,5516,025,,26jan2004,POLICE OFFICER,05A,EXCESSIVE FORCE / ON DUTY - INJURY,S001,CLOSED HAND STRIKE (PUNCH),CLOSED/FINAL,NOT SUSTAINED,CARDONA,RENE,,,UNKNOWN,22,MALE,WHITE HISPANIC,apr2016,,,05,0,1,1
