COMPLAINT_NUMBER,BEAT,STREET,ADDRESS,LOCATION_CODE,INCIDENT_TIME_START,INCIDENT_TIME_END,NOTIFICATION_DATE,ACCSUEDOFFICER_FNAME,ACCUSEDOFFICER_LNAME,ACCUSED_STAR,ACCUSED_UNIT,ACCUSED_DETAIL,ACCUSED_APPOINTMENT_DATE,ACCUSED_POSITION,INITIAL_CATEGORY_CODE,INITIAL_CATEGORY,CURRENT_CATEGORY_CODE,CURRENT_CATEGORY,CURRENT_STATUS,FINDING_CODE,INVOLVED_OFFICER_LNAME,INVOLVED_OFFICER_FNAME,INVOLVED_OFFICER_UNIT,INVOLVED_OFFICER_DETAIL,INVOLVED_OFFICER_POSITION,INVOLVED_OFFICER_AGE,INVOLVED_OFFICER_SEX,INVOLVED_OFFICER_RACE,foia,INVOLVED_OFFICER_DESCRIPTION,INVOLVED_OFFICER_TYPE,start_code_2,start_code_1,rec,sum_rec
1061889,733,CARPENTER ST,7341,RESIDENCE,29apr2013 21:00:00,29apr2013 21:00:00,01may2013,,KROFTA,14000,007,,25jun2001,POLICE OFFICER,S022,CLOSED HAND STRIKE (PUNCH),05A,EXCESSIVE FORCE / ON DUTY - INJURY,CLOSED/FINAL,NOT SUSTAINED,LOONEY,JAMES,007,,POLICE OFFICER,,MALE,WHITE,apr2016,,,S0,S,0,1
1061889,733,CARPENTER ST,7341,RESIDENCE,29apr2013 21:00:00,29apr2013 21:00:00,01may2013,,KROFTA,14000,007,,25jun2001,POLICE OFFICER,S022,CLOSED HAND STRIKE (PUNCH),05A,EXCESSIVE FORCE / ON DUTY - INJURY,CLOSED/FINAL,NOT SUSTAINED,MORETH,MICHAEL,007,,SERGEANT OF POLICE,,MALE,WHITE,apr2016,,,S0,S,0,1
1061889,733,CARPENTER ST,7341,RESIDENCE,29apr2013 21:00:00,29apr2013 21:00:00,01may2013,,,,,,,,S022,CLOSED HAND STRIKE (PUNCH),05A,EXCESSIVE FORCE / ON DUTY - INJURY,CLOSED/FINAL,NOT SUSTAINED,ROBERSON,DOROTHY ,,,UNKNOWN,66,FEMALE,BLACK,apr2016,,,S0,S,0,1
1061889,733,CARPENTER ST,7341,RESIDENCE,29apr2013 21:00:00,29apr2013 21:00:00,01may2013,,KROFTA,14000,007,,25jun2001,POLICE OFFICER,S022,CLOSED HAND STRIKE (PUNCH),05A,EXCESSIVE FORCE / ON DUTY - INJURY,CLOSED/FINAL,UNFOUNDED,ROBERSON,DOROTHY ,,,UNKNOWN,66,FEMALE,BLACK,apr2016,,,S0,S,0,1
1061889,733,CARPENTER ST,7341,RESIDENCE,29apr2013 21:00:00,29apr2013 21:00:00,01may2013,,LOONEY,8706,007,,31oct2005,POLICE OFFICER,S022,CLOSED HAND STRIKE (PUNCH),05A,EXCESSIVE FORCE / ON DUTY - INJURY,CLOSED/FINAL,UNFOUNDED,RICHMOND,MICOLE,,,UNKNOWN,22,FEMALE,BLACK,apr2016,,,S0,S,0,1
1061889,733,CARPENTER ST,7341,RESIDENCE,29apr2013 21:00:00,29apr2013 21:00:00,01may2013,,KROFTA,14000,007,,25jun2001,POLICE OFFICER,S022,CLOSED HAND STRIKE (PUNCH),05A,EXCESSIVE FORCE / ON DUTY - INJURY,CLOSED/FINAL,NOT SUSTAINED,HAYWOOD ,DAVID ,,,UNKNOWN,18,MALE,BLACK,apr2016,,,S0,S,0,1
1061889,733,CARPENTER ST,7341,RESIDENCE,29apr2013 21:00:00,29apr2013 21:00:00,01may2013,,KROFTA,14000,007,,25jun2001,POLICE OFFICER,S022,CLOSED HAND STRIKE (PUNCH),05A,EXCESSIVE FORCE / ON DUTY - INJURY,CLOSED/FINAL,NOT SUSTAINED,LAU JR,GERALD,007,212,POLICE OFFICER,,MALE,WHITE,apr2016,,,S0,S,0,1
1061889,733,CARPENTER ST,7341,RESIDENCE,29apr2013 21:00:00,29apr2013 21:00:00,01may2013,,,,,,,,S022,CLOSED HAND STRIKE (PUNCH),05A,EXCESSIVE FORCE / ON DUTY - INJURY,CLOSED/FINAL,NOT SUSTAINED,HAYWOOD ,DAVID ,,,UNKNOWN,17,MALE,BLACK,apr2016,,,S0,S,0,1
1061889,733,CARPENTER ST,7341,RESIDENCE,29apr2013 21:00:00,29apr2013 21:00:00,01may2013,,KROFTA,14000,007,,25jun2001,POLICE OFFICER,S022,CLOSED HAND STRIKE (PUNCH),05A,EXCESSIVE FORCE / ON DUTY - INJURY,CLOSED/FINAL,UNFOUNDED,HAYWOOD ,DAVID ,,,UNKNOWN,18,MALE,BLACK,apr2016,,,S0,S,0,1
1061889,733,CARPENTER ST,7341,RESIDENCE,29apr2013 21:00:00,29apr2013 21:00:00,01may2013,,KROFTA,14000,007,,25jun2001,POLICE OFFICER,S022,CLOSED HAND STRIKE (PUNCH),05A,EXCESSIVE FORCE / ON DUTY - INJURY,CLOSED/FINAL,UNFOUNDED,LOONEY,JAMES,007,,POLICE OFFICER,,MALE,WHITE,apr2016,,,S0,S,0,1
1061889,733,CARPENTER ST,7341,RESIDENCE,29apr2013 21:00:00,29apr2013 21:00:00,01may2013,,LOONEY,8706,007,,31oct2005,POLICE OFFICER,S022,CLOSED HAND STRIKE (PUNCH),05A,EXCESSIVE FORCE / ON DUTY - INJURY,CLOSED/FINAL,NOT SUSTAINED,MORETH,MICHAEL,007,,SERGEANT OF POLICE,,MALE,WHITE,apr2016,,,S0,S,0,1
1061889,733,CARPENTER ST,7341,RESIDENCE,29apr2013 21:00:00,29apr2013 21:00:00,01may2013,,,,,,,,S022,CLOSED HAND STRIKE (PUNCH),05A,EXCESSIVE FORCE / ON DUTY - INJURY,CLOSED/FINAL,EXONERATED,KROFTA,MICHELLE,007,,POLICE OFFICER,,FEMALE,WHITE,apr2016,,,S0,S,0,1
1061889,733,CARPENTER ST,7341,RESIDENCE,29apr2013 21:00:00,29apr2013 21:00:00,01may2013,,LOONEY,8706,007,,31oct2005,POLICE OFFICER,S022,CLOSED HAND STRIKE (PUNCH),05A,EXCESSIVE FORCE / ON DUTY - INJURY,CLOSED/FINAL,UNFOUNDED,KROFTA,MICHELLE,007,,POLICE OFFICER,,FEMALE,WHITE,apr2016,,,S0,S,0,1
1061889,733,CARPENTER ST,7341,RESIDENCE,29apr2013 21:00:00,29apr2013 21:00:00,01may2013,,LOONEY,8706,007,,31oct2005,POLICE OFFICER,S022,CLOSED HAND STRIKE (PUNCH),05A,EXCESSIVE FORCE / ON DUTY - INJURY,CLOSED/FINAL,UNFOUNDED,ROBERSON,DOROTHY ,,,UNKNOWN,67,FEMALE,BLACK,apr2016,,,S0,S,0,1
1061889,733,CARPENTER ST,7341,RESIDENCE,29apr2013 21:00:00,29apr2013 21:00:00,01may2013,,KROFTA,14000,007,,25jun2001,POLICE OFFICER,S022,CLOSED HAND STRIKE (PUNCH),05A,EXCESSIVE FORCE / ON DUTY - INJURY,CLOSED/FINAL,NOT SUSTAINED,KROFTA,MICHELLE,007,,POLICE OFFICER,,FEMALE,WHITE,apr2016,,,S0,S,0,1
1061889,733,CARPENTER ST,7341,RESIDENCE,29apr2013 21:00:00,29apr2013 21:00:00,01may2013,,,,,,,,S022,CLOSED HAND STRIKE (PUNCH),05A,EXCESSIVE FORCE / ON DUTY - INJURY,CLOSED/FINAL,EXONERATED,ROBERSON,DOROTHY ,,,UNKNOWN,66,FEMALE,BLACK,apr2016,,,S0,S,0,1
1061889,733,CARPENTER ST,7341,RESIDENCE,29apr2013 21:00:00,29apr2013 21:00:00,01may2013,,,,,,,,S022,CLOSED HAND STRIKE (PUNCH),05A,EXCESSIVE FORCE / ON DUTY - INJURY,CLOSED/FINAL,EXONERATED,LOONEY,JAMES,007,,POLICE OFFICER,,MALE,WHITE,apr2016,,,S0,S,0,1
1061889,733,CARPENTER ST,7341,RESIDENCE,29apr2013 21:00:00,29apr2013 21:00:00,01may2013,,KROFTA,14000,007,,25jun2001,POLICE OFFICER,S022,CLOSED HAND STRIKE (PUNCH),05A,EXCESSIVE FORCE / ON DUTY - INJURY,CLOSED/FINAL,UNFOUNDED,RICHMOND,MICOLE,,,UNKNOWN,22,FEMALE,BLACK,apr2016,,,S0,S,0,1
1061889,733,CARPENTER ST,7341,RESIDENCE,29apr2013 21:00:00,29apr2013 21:00:00,01may2013,,KROFTA,14000,007,,25jun2001,POLICE OFFICER,S022,CLOSED HAND STRIKE (PUNCH),05A,EXCESSIVE FORCE / ON DUTY - INJURY,CLOSED/FINAL,UNFOUNDED,MORETH,MICHAEL,007,,SERGEANT OF POLICE,,MALE,WHITE,apr2016,,,S0,S,0,1
1061889,733,CARPENTER ST,7341,RESIDENCE,29apr2013 21:00:00,29apr2013 21:00:00,01may2013,,KROFTA,14000,007,,25jun2001,POLICE OFFICER,S022,CLOSED HAND STRIKE (PUNCH),05A,EXCESSIVE FORCE / ON DUTY - INJURY,CLOSED/FINAL,NOT SUSTAINED,ROBERSON,DOROTHY ,,,UNKNOWN,67,FEMALE,BLACK,apr2016,,,S0,S,0,1
1061889,733,CARPENTER ST,7341,RESIDENCE,29apr2013 21:00:00,29apr2013 21:00:00,01may2013,,LOONEY,8706,007,,31oct2005,POLICE OFFICER,S022,CLOSED HAND STRIKE (PUNCH),05A,EXCESSIVE FORCE / ON DUTY - INJURY,CLOSED/FINAL,NOT SUSTAINED,LOONEY,JAMES,007,,POLICE OFFICER,,MALE,WHITE,apr2016,,,S0,S,0,1
1061889,733,CARPENTER ST,7341,RESIDENCE,29apr2013 21:00:00,29apr2013 21:00:00,01may2013,,LOONEY,8706,007,,31oct2005,POLICE OFFICER,S022,CLOSED HAND STRIKE (PUNCH),05A,EXCESSIVE FORCE / ON DUTY - INJURY,CLOSED/FINAL,NOT SUSTAINED,HAYWOOD ,DAVID ,,,UNKNOWN,17,MALE,BLACK,apr2016,,,S0,S,0,1
1061889,733,CARPENTER ST,7341,RESIDENCE,29apr2013 21:00:00,29apr2013 21:00:00,01may2013,,LAU JR,5744,007,212,27aug2007,POLICE OFFICER,S022,CLOSED HAND STRIKE (PUNCH),05A,EXCESSIVE FORCE / ON DUTY - INJURY,CLOSED/FINAL,NOT SUSTAINED,ROBERSON,DOROTHY ,,,UNKNOWN,66,FEMALE,BLACK,apr2016,,,S0,S,0,1
1061889,733,CARPENTER ST,7341,RESIDENCE,29apr2013 21:00:00,29apr2013 21:00:00,01may2013,,LAU JR,5744,007,212,27aug2007,POLICE OFFICER,S022,CLOSED HAND STRIKE (PUNCH),05A,EXCESSIVE FORCE / ON DUTY - INJURY,CLOSED/FINAL,EXONERATED,LAU JR,GERALD,007,212,POLICE OFFICER,,MALE,WHITE,apr2016,,,S0,S,0,1
1061889,733,CARPENTER ST,7341,RESIDENCE,29apr2013 21:00:00,29apr2013 21:00:00,01may2013,,LAU JR,5744,007,212,27aug2007,POLICE OFFICER,S022,CLOSED HAND STRIKE (PUNCH),05A,EXCESSIVE FORCE / ON DUTY - INJURY,CLOSED/FINAL,EXONERATED,HAYWOOD ,DAVID ,,,UNKNOWN,18,MALE,BLACK,apr2016,,,S0,S,0,1
1061889,733,CARPENTER ST,7341,RESIDENCE,29apr2013 21:00:00,29apr2013 21:00:00,01may2013,,,,,,,,S022,CLOSED HAND STRIKE (PUNCH),05A,EXCESSIVE FORCE / ON DUTY - INJURY,CLOSED/FINAL,NOT SUSTAINED,KROFTA,MICHELLE,007,,POLICE OFFICER,,FEMALE,WHITE,apr2016,,,S0,S,0,1
1061889,733,CARPENTER ST,7341,RESIDENCE,29apr2013 21:00:00,29apr2013 21:00:00,01may2013,,,,,,,,S022,CLOSED HAND STRIKE (PUNCH),05A,EXCESSIVE FORCE / ON DUTY - INJURY,CLOSED/FINAL,NOT SUSTAINED,RICHMOND,MICOLE,,,UNKNOWN,22,FEMALE,BLACK,apr2016,,,S0,S,0,1
1061889,733,CARPENTER ST,7341,RESIDENCE,29apr2013 21:00:00,29apr2013 21:00:00,01may2013,,,,,,,,S022,CLOSED HAND STRIKE (PUNCH),05A,EXCESSIVE FORCE / ON DUTY - INJURY,CLOSED/FINAL,EXONERATED,LAU JR,GERALD,007,212,POLICE OFFICER,,MALE,WHITE,apr2016,,,S0,S,0,1
1061889,733,CARPENTER ST,7341,RESIDENCE,29apr2013 21:00:00,29apr2013 21:00:00,01may2013,,LAU JR,5744,007,212,27aug2007,POLICE OFFICER,S022,CLOSED HAND STRIKE (PUNCH),05A,EXCESSIVE FORCE / ON DUTY - INJURY,CLOSED/FINAL,NOT SUSTAINED,LAU JR,GERALD,007,212,POLICE OFFICER,,MALE,WHITE,apr2016,,,S0,S,0,1
1061889,733,CARPENTER ST,7341,RESIDENCE,29apr2013 21:00:00,29apr2013 21:00:00,01may2013,,LOONEY,8706,007,,31oct2005,POLICE OFFICER,S022,CLOSED HAND STRIKE (PUNCH),05A,EXCESSIVE FORCE / ON DUTY - INJURY,CLOSED/FINAL,UNFOUNDED,HAYWOOD ,DAVID ,,,UNKNOWN,18,MALE,BLACK,apr2016,,,S0,S,0,1
1061889,733,CARPENTER ST,7341,RESIDENCE,29apr2013 21:00:00,29apr2013 21:00:00,01may2013,,LAU JR,5744,007,212,27aug2007,POLICE OFFICER,S022,CLOSED HAND STRIKE (PUNCH),05A,EXCESSIVE FORCE / ON DUTY - INJURY,CLOSED/FINAL,EXONERATED,KROFTA,MICHELLE,007,,POLICE OFFICER,,FEMALE,WHITE,apr2016,,,S0,S,0,1
1061889,733,CARPENTER ST,7341,RESIDENCE,29apr2013 21:00:00,29apr2013 21:00:00,01may2013,,KROFTA,14000,007,,25jun2001,POLICE OFFICER,S022,CLOSED HAND STRIKE (PUNCH),05A,EXCESSIVE FORCE / ON DUTY - INJURY,CLOSED/FINAL,NOT SUSTAINED,ROBERSON,DOROTHY ,,,UNKNOWN,66,FEMALE,BLACK,apr2016,,,S0,S,0,1
1061889,733,CARPENTER ST,7341,RESIDENCE,29apr2013 21:00:00,29apr2013 21:00:00,01may2013,,,,,,,,S022,CLOSED HAND STRIKE (PUNCH),05A,EXCESSIVE FORCE / ON DUTY - INJURY,CLOSED/FINAL,NOT SUSTAINED,HAYWOOD ,DAVID ,,,UNKNOWN,18,MALE,BLACK,apr2016,,,S0,S,0,1
1061889,733,CARPENTER ST,7341,RESIDENCE,29apr2013 21:00:00,29apr2013 21:00:00,01may2013,,,,,,,,S022,CLOSED HAND STRIKE (PUNCH),05A,EXCESSIVE FORCE / ON DUTY - INJURY,CLOSED/FINAL,EXONERATED,HAYWOOD ,DAVID ,,,UNKNOWN,18,MALE,BLACK,apr2016,,,S0,S,0,1
1061889,733,CARPENTER ST,7341,RESIDENCE,29apr2013 21:00:00,29apr2013 21:00:00,01may2013,,LOONEY,8706,007,,31oct2005,POLICE OFFICER,S022,CLOSED HAND STRIKE (PUNCH),05A,EXCESSIVE FORCE / ON DUTY - INJURY,CLOSED/FINAL,UNFOUNDED,LOONEY,JAMES,007,,POLICE OFFICER,,MALE,WHITE,apr2016,,,S0,S,0,1
1061889,733,CARPENTER ST,7341,RESIDENCE,29apr2013 21:00:00,29apr2013 21:00:00,01may2013,,LAU JR,5744,007,212,27aug2007,POLICE OFFICER,S022,CLOSED HAND STRIKE (PUNCH),05A,EXCESSIVE FORCE / ON DUTY - INJURY,CLOSED/FINAL,EXONERATED,MORETH,MICHAEL,007,,SERGEANT OF POLICE,,MALE,WHITE,apr2016,,,S0,S,0,1
1061889,733,CARPENTER ST,7341,RESIDENCE,29apr2013 21:00:00,29apr2013 21:00:00,01may2013,,,,,,,,S022,CLOSED HAND STRIKE (PUNCH),05A,EXCESSIVE FORCE / ON DUTY - INJURY,CLOSED/FINAL,EXONERATED,MORETH,MICHAEL,007,,SERGEANT OF POLICE,,MALE,WHITE,apr2016,,,S0,S,0,1
1061889,733,CARPENTER ST,7341,RESIDENCE,29apr2013 21:00:00,29apr2013 21:00:00,01may2013,,,,,,,,S022,CLOSED HAND STRIKE (PUNCH),05A,EXCESSIVE FORCE / ON DUTY - INJURY,CLOSED/FINAL,NOT SUSTAINED,MORETH,MICHAEL,007,,SERGEANT OF POLICE,,MALE,WHITE,apr2016,,,S0,S,0,1
1061889,733,CARPENTER ST,7341,RESIDENCE,29apr2013 21:00:00,29apr2013 21:00:00,01may2013,,,,,,,,S022,CLOSED HAND STRIKE (PUNCH),05A,EXCESSIVE FORCE / ON DUTY - INJURY,CLOSED/FINAL,EXONERATED,ROBERSON,DOROTHY ,,,UNKNOWN,67,FEMALE,BLACK,apr2016,,,S0,S,0,1
1061889,733,CARPENTER ST,7341,RESIDENCE,29apr2013 21:00:00,29apr2013 21:00:00,01may2013,,LAU JR,5744,007,212,27aug2007,POLICE OFFICER,S022,CLOSED HAND STRIKE (PUNCH),05A,EXCESSIVE FORCE / ON DUTY - INJURY,CLOSED/FINAL,EXONERATED,LOONEY,JAMES,007,,POLICE OFFICER,,MALE,WHITE,apr2016,,,S0,S,0,1
1061889,733,CARPENTER ST,7341,RESIDENCE,29apr2013 21:00:00,29apr2013 21:00:00,01may2013,,,,,,,,S022,CLOSED HAND STRIKE (PUNCH),05A,EXCESSIVE FORCE / ON DUTY - INJURY,CLOSED/FINAL,NOT SUSTAINED,LAU JR,GERALD,007,212,POLICE OFFICER,,MALE,WHITE,apr2016,,,S0,S,0,1
1061889,733,CARPENTER ST,7341,RESIDENCE,29apr2013 21:00:00,29apr2013 21:00:00,01may2013,,LOONEY,8706,007,,31oct2005,POLICE OFFICER,S022,CLOSED HAND STRIKE (PUNCH),05A,EXCESSIVE FORCE / ON DUTY - INJURY,CLOSED/FINAL,NOT SUSTAINED,KROFTA,MICHELLE,007,,POLICE OFFICER,,FEMALE,WHITE,apr2016,,,S0,S,0,1
1061889,733,CARPENTER ST,7341,RESIDENCE,29apr2013 21:00:00,29apr2013 21:00:00,01may2013,,LAU JR,5744,007,212,27aug2007,POLICE OFFICER,S022,CLOSED HAND STRIKE (PUNCH),05A,EXCESSIVE FORCE / ON DUTY - INJURY,CLOSED/FINAL,NOT SUSTAINED,MORETH,MICHAEL,007,,SERGEANT OF POLICE,,MALE,WHITE,apr2016,,,S0,S,0,1
1061889,733,CARPENTER ST,7341,RESIDENCE,29apr2013 21:00:00,29apr2013 21:00:00,01may2013,,LAU JR,5744,007,212,27aug2007,POLICE OFFICER,S022,CLOSED HAND STRIKE (PUNCH),05A,EXCESSIVE FORCE / ON DUTY - INJURY,CLOSED/FINAL,NOT SUSTAINED,HAYWOOD ,DAVID ,,,UNKNOWN,17,MALE,BLACK,apr2016,,,S0,S,0,1
1061889,733,CARPENTER ST,7341,RESIDENCE,29apr2013 21:00:00,29apr2013 21:00:00,01may2013,,LAU JR,5744,007,212,27aug2007,POLICE OFFICER,S022,CLOSED HAND STRIKE (PUNCH),05A,EXCESSIVE FORCE / ON DUTY - INJURY,CLOSED/FINAL,EXONERATED,ROBERSON,DOROTHY ,,,UNKNOWN,66,FEMALE,BLACK,apr2016,,,S0,S,0,1
1061889,733,CARPENTER ST,7341,RESIDENCE,29apr2013 21:00:00,29apr2013 21:00:00,01may2013,,LAU JR,5744,007,212,27aug2007,POLICE OFFICER,S022,CLOSED HAND STRIKE (PUNCH),05A,EXCESSIVE FORCE / ON DUTY - INJURY,CLOSED/FINAL,NOT SUSTAINED,KROFTA,MICHELLE,007,,POLICE OFFICER,,FEMALE,WHITE,apr2016,,,S0,S,0,1
1061889,733,CARPENTER ST,7341,RESIDENCE,29apr2013 21:00:00,29apr2013 21:00:00,01may2013,,LOONEY,8706,007,,31oct2005,POLICE OFFICER,S022,CLOSED HAND STRIKE (PUNCH),05A,EXCESSIVE FORCE / ON DUTY - INJURY,CLOSED/FINAL,NOT SUSTAINED,HAYWOOD ,DAVID ,,,UNKNOWN,18,MALE,BLACK,apr2016,,,S0,S,0,1
1061889,733,CARPENTER ST,7341,RESIDENCE,29apr2013 21:00:00,29apr2013 21:00:00,01may2013,,KROFTA,14000,007,,25jun2001,POLICE OFFICER,S022,CLOSED HAND STRIKE (PUNCH),05A,EXCESSIVE FORCE / ON DUTY - INJURY,CLOSED/FINAL,UNFOUNDED,HAYWOOD ,DAVID ,,,UNKNOWN,17,MALE,BLACK,apr2016,,,S0,S,0,1
1061889,733,CARPENTER ST,7341,RESIDENCE,29apr2013 21:00:00,29apr2013 21:00:00,01may2013,,,,,,,,S022,CLOSED HAND STRIKE (PUNCH),05A,EXCESSIVE FORCE / ON DUTY - INJURY,CLOSED/FINAL,EXONERATED,HAYWOOD ,DAVID ,,,UNKNOWN,17,MALE,BLACK,apr2016,,,S0,S,1,1
1061889,733,CARPENTER ST,7341,RESIDENCE,29apr2013 21:00:00,29apr2013 21:00:00,01may2013,,,,,,,,S022,CLOSED HAND STRIKE (PUNCH),05A,EXCESSIVE FORCE / ON DUTY - INJURY,CLOSED/FINAL,EXONERATED,RICHMOND,MICOLE,,,UNKNOWN,22,FEMALE,BLACK,apr2016,,,S0,S,0,1
1061889,733,CARPENTER ST,7341,RESIDENCE,29apr2013 21:00:00,29apr2013 21:00:00,01may2013,,LOONEY,8706,007,,31oct2005,POLICE OFFICER,S022,CLOSED HAND STRIKE (PUNCH),05A,EXCESSIVE FORCE / ON DUTY - INJURY,CLOSED/FINAL,NOT SUSTAINED,LAU JR,GERALD,007,212,POLICE OFFICER,,MALE,WHITE,apr2016,,,S0,S,0,1
1061889,733,CARPENTER ST,7341,RESIDENCE,29apr2013 21:00:00,29apr2013 21:00:00,01may2013,,,,,,,,S022,CLOSED HAND STRIKE (PUNCH),05A,EXCESSIVE FORCE / ON DUTY - INJURY,CLOSED/FINAL,NOT SUSTAINED,LOONEY,JAMES,007,,POLICE OFFICER,,MALE,WHITE,apr2016,,,S0,S,0,1
1061889,733,CARPENTER ST,7341,RESIDENCE,29apr2013 21:00:00,29apr2013 21:00:00,01may2013,,KROFTA,14000,007,,25jun2001,POLICE OFFICER,S022,CLOSED HAND STRIKE (PUNCH),05A,EXCESSIVE FORCE / ON DUTY - INJURY,CLOSED/FINAL,UNFOUNDED,LAU JR,GERALD,007,212,POLICE OFFICER,,MALE,WHITE,apr2016,,,S0,S,0,1
1061889,733,CARPENTER ST,7341,RESIDENCE,29apr2013 21:00:00,29apr2013 21:00:00,01may2013,,LAU JR,5744,007,212,27aug2007,POLICE OFFICER,S022,CLOSED HAND STRIKE (PUNCH),05A,EXCESSIVE FORCE / ON DUTY - INJURY,CLOSED/FINAL,NOT SUSTAINED,RICHMOND,MICOLE,,,UNKNOWN,22,FEMALE,BLACK,apr2016,,,S0,S,0,1
1061889,733,CARPENTER ST,7341,RESIDENCE,29apr2013 21:00:00,29apr2013 21:00:00,01may2013,,KROFTA,14000,007,,25jun2001,POLICE OFFICER,S022,CLOSED HAND STRIKE (PUNCH),05A,EXCESSIVE FORCE / ON DUTY - INJURY,CLOSED/FINAL,NOT SUSTAINED,HAYWOOD ,DAVID ,,,UNKNOWN,17,MALE,BLACK,apr2016,,,S0,S,0,1
1061889,733,CARPENTER ST,7341,RESIDENCE,29apr2013 21:00:00,29apr2013 21:00:00,01may2013,,KROFTA,14000,007,,25jun2001,POLICE OFFICER,S022,CLOSED HAND STRIKE (PUNCH),05A,EXCESSIVE FORCE / ON DUTY - INJURY,CLOSED/FINAL,UNFOUNDED,KROFTA,MICHELLE,007,,POLICE OFFICER,,FEMALE,WHITE,apr2016,,,S0,S,0,1
1061889,733,CARPENTER ST,7341,RESIDENCE,29apr2013 21:00:00,29apr2013 21:00:00,01may2013,,LAU JR,5744,007,212,27aug2007,POLICE OFFICER,S022,CLOSED HAND STRIKE (PUNCH),05A,EXCESSIVE FORCE / ON DUTY - INJURY,CLOSED/FINAL,EXONERATED,RICHMOND,MICOLE,,,UNKNOWN,22,FEMALE,BLACK,apr2016,,,S0,S,0,1
1061889,733,CARPENTER ST,7341,RESIDENCE,29apr2013 21:00:00,29apr2013 21:00:00,01may2013,,LAU JR,5744,007,212,27aug2007,POLICE OFFICER,S022,CLOSED HAND STRIKE (PUNCH),05A,EXCESSIVE FORCE / ON DUTY - INJURY,CLOSED/FINAL,EXONERATED,ROBERSON,DOROTHY ,,,UNKNOWN,67,FEMALE,BLACK,apr2016,,,S0,S,0,1
1061889,733,CARPENTER ST,7341,RESIDENCE,29apr2013 21:00:00,29apr2013 21:00:00,01may2013,,LOONEY,8706,007,,31oct2005,POLICE OFFICER,S022,CLOSED HAND STRIKE (PUNCH),05A,EXCESSIVE FORCE / ON DUTY - INJURY,CLOSED/FINAL,UNFOUNDED,ROBERSON,DOROTHY ,,,UNKNOWN,66,FEMALE,BLACK,apr2016,,,S0,S,0,1
1061889,733,CARPENTER ST,7341,RESIDENCE,29apr2013 21:00:00,29apr2013 21:00:00,01may2013,,LOONEY,8706,007,,31oct2005,POLICE OFFICER,S022,CLOSED HAND STRIKE (PUNCH),05A,EXCESSIVE FORCE / ON DUTY - INJURY,CLOSED/FINAL,UNFOUNDED,HAYWOOD ,DAVID ,,,UNKNOWN,17,MALE,BLACK,apr2016,,,S0,S,0,1
1061889,733,CARPENTER ST,7341,RESIDENCE,29apr2013 21:00:00,29apr2013 21:00:00,01may2013,,LOONEY,8706,007,,31oct2005,POLICE OFFICER,S022,CLOSED HAND STRIKE (PUNCH),05A,EXCESSIVE FORCE / ON DUTY - INJURY,CLOSED/FINAL,UNFOUNDED,LAU JR,GERALD,007,212,POLICE OFFICER,,MALE,WHITE,apr2016,,,S0,S,0,1
1061889,733,CARPENTER ST,7341,RESIDENCE,29apr2013 21:00:00,29apr2013 21:00:00,01may2013,,LOONEY,8706,007,,31oct2005,POLICE OFFICER,S022,CLOSED HAND STRIKE (PUNCH),05A,EXCESSIVE FORCE / ON DUTY - INJURY,CLOSED/FINAL,NOT SUSTAINED,RICHMOND,MICOLE,,,UNKNOWN,22,FEMALE,BLACK,apr2016,,,S0,S,0,1
1061889,733,CARPENTER ST,7341,RESIDENCE,29apr2013 21:00:00,29apr2013 21:00:00,01may2013,,LAU JR,5744,007,212,27aug2007,POLICE OFFICER,S022,CLOSED HAND STRIKE (PUNCH),05A,EXCESSIVE FORCE / ON DUTY - INJURY,CLOSED/FINAL,NOT SUSTAINED,HAYWOOD ,DAVID ,,,UNKNOWN,18,MALE,BLACK,apr2016,,,S0,S,0,1
1061889,733,CARPENTER ST,7341,RESIDENCE,29apr2013 21:00:00,29apr2013 21:00:00,01may2013,,LOONEY,8706,007,,31oct2005,POLICE OFFICER,S022,CLOSED HAND STRIKE (PUNCH),05A,EXCESSIVE FORCE / ON DUTY - INJURY,CLOSED/FINAL,UNFOUNDED,MORETH,MICHAEL,007,,SERGEANT OF POLICE,,MALE,WHITE,apr2016,,,S0,S,0,1
1061889,733,CARPENTER ST,7341,RESIDENCE,29apr2013 21:00:00,29apr2013 21:00:00,01may2013,,KROFTA,14000,007,,25jun2001,POLICE OFFICER,S022,CLOSED HAND STRIKE (PUNCH),05A,EXCESSIVE FORCE / ON DUTY - INJURY,CLOSED/FINAL,UNFOUNDED,ROBERSON,DOROTHY ,,,UNKNOWN,67,FEMALE,BLACK,apr2016,,,S0,S,0,1
1061889,733,CARPENTER ST,7341,RESIDENCE,29apr2013 21:00:00,29apr2013 21:00:00,01may2013,,LAU JR,5744,007,212,27aug2007,POLICE OFFICER,S022,CLOSED HAND STRIKE (PUNCH),05A,EXCESSIVE FORCE / ON DUTY - INJURY,CLOSED/FINAL,EXONERATED,HAYWOOD ,DAVID ,,,UNKNOWN,17,MALE,BLACK,apr2016,,,S0,S,0,1
1061889,733,CARPENTER ST,7341,RESIDENCE,29apr2013 21:00:00,29apr2013 21:00:00,01may2013,,LOONEY,8706,007,,31oct2005,POLICE OFFICER,S022,CLOSED HAND STRIKE (PUNCH),05A,EXCESSIVE FORCE / ON DUTY - INJURY,CLOSED/FINAL,NOT SUSTAINED,ROBERSON,DOROTHY ,,,UNKNOWN,66,FEMALE,BLACK,apr2016,,,S0,S,0,1
1061889,733,CARPENTER ST,7341,RESIDENCE,29apr2013 21:00:00,29apr2013 21:00:00,01may2013,,LAU JR,5744,007,212,27aug2007,POLICE OFFICER,S022,CLOSED HAND STRIKE (PUNCH),05A,EXCESSIVE FORCE / ON DUTY - INJURY,CLOSED/FINAL,NOT SUSTAINED,ROBERSON,DOROTHY ,,,UNKNOWN,67,FEMALE,BLACK,apr2016,,,S0,S,0,1
1061889,733,CARPENTER ST,7341,RESIDENCE,29apr2013 21:00:00,29apr2013 21:00:00,01may2013,,KROFTA,14000,007,,25jun2001,POLICE OFFICER,S022,CLOSED HAND STRIKE (PUNCH),05A,EXCESSIVE FORCE / ON DUTY - INJURY,CLOSED/FINAL,NOT SUSTAINED,RICHMOND,MICOLE,,,UNKNOWN,22,FEMALE,BLACK,apr2016,,,S0,S,0,1
1061889,733,CARPENTER ST,7341,RESIDENCE,29apr2013 21:00:00,29apr2013 21:00:00,01may2013,,LOONEY,8706,007,,31oct2005,POLICE OFFICER,S022,CLOSED HAND STRIKE (PUNCH),05A,EXCESSIVE FORCE / ON DUTY - INJURY,CLOSED/FINAL,NOT SUSTAINED,ROBERSON,DOROTHY ,,,UNKNOWN,67,FEMALE,BLACK,apr2016,,,S0,S,0,1
1061889,733,CARPENTER ST,7341,RESIDENCE,29apr2013 21:00:00,29apr2013 21:00:00,01may2013,,,,,,,,S022,CLOSED HAND STRIKE (PUNCH),05A,EXCESSIVE FORCE / ON DUTY - INJURY,CLOSED/FINAL,NOT SUSTAINED,ROBERSON,DOROTHY ,,,UNKNOWN,67,FEMALE,BLACK,apr2016,,,S0,S,0,1
1061889,733,CARPENTER ST,7341,RESIDENCE,29apr2013 21:00:00,29apr2013 21:00:00,01may2013,,LAU JR,5744,007,212,27aug2007,POLICE OFFICER,S022,CLOSED HAND STRIKE (PUNCH),05A,EXCESSIVE FORCE / ON DUTY - INJURY,CLOSED/FINAL,NOT SUSTAINED,LOONEY,JAMES,007,,POLICE OFFICER,,MALE,WHITE,apr2016,,,S0,S,0,1
