COMPLAINT_NUMBER,BEAT,STREET,ADDRESS,LOCATION_CODE,INCIDENT_TIME_START,INCIDENT_TIME_END,NOTIFICATION_DATE,ACCSUEDOFFICER_FNAME,ACCUSEDOFFICER_LNAME,ACCUSED_STAR,ACCUSED_UNIT,ACCUSED_DETAIL,ACCUSED_APPOINTMENT_DATE,ACCUSED_POSITION,INITIAL_CATEGORY_CODE,INITIAL_CATEGORY,CURRENT_CATEGORY_CODE,CURRENT_CATEGORY,CURRENT_STATUS,FINDING_CODE,INVOLVED_OFFICER_LNAME,INVOLVED_OFFICER_FNAME,INVOLVED_OFFICER_UNIT,INVOLVED_OFFICER_DETAIL,INVOLVED_OFFICER_POSITION,INVOLVED_OFFICER_AGE,INVOLVED_OFFICER_SEX,INVOLVED_OFFICER_RACE,foia,INVOLVED_OFFICER_DESCRIPTION,INVOLVED_OFFICER_TYPE,start_code_2,start_code_1,rec,sum_rec
1054064,1211,WESTERN AVE,201,SIDEWALK,16may2012 12:45:00,16may2012 12:45:00,16may2012,STEVEN,KONOW,2003,012,,26dec1989,SERGEANT OF POLICE,S002,OPEN HAND STRIKE (SLAP),05M,UNNECESSARY PHYSICAL CONTACT / ON DUTY - NO INJURY,CLOSED/FINAL,NOT SUSTAINED,PASKO,MATHEW,311,,POLICE OFFICER,,MALE,WHITE,apr2016,,,S0,S,0,1
1054064,1211,WESTERN AVE,201,SIDEWALK,16may2012 12:45:00,16may2012 12:45:00,16may2012,STEVEN,KONOW,2003,012,,26dec1989,SERGEANT OF POLICE,S002,OPEN HAND STRIKE (SLAP),05M,UNNECESSARY PHYSICAL CONTACT / ON DUTY - NO INJURY,CLOSED/FINAL,UNFOUNDED,PASKO,MATHEW,311,,POLICE OFFICER,,MALE,WHITE,apr2016,,,S0,S,0,1
1054064,1211,WESTERN AVE,201,SIDEWALK,16may2012 12:45:00,16may2012 12:45:00,16may2012,STEVEN,KONOW,2003,012,,26dec1989,SERGEANT OF POLICE,S002,OPEN HAND STRIKE (SLAP),05M,UNNECESSARY PHYSICAL CONTACT / ON DUTY - NO INJURY,CLOSED/FINAL,NOT SUSTAINED,BANE,CHRIS,012,,POLICE OFFICER,,MALE,WHITE,apr2016,,,S0,S,0,1
1054064,1211,WESTERN AVE,201,SIDEWALK,16may2012 12:45:00,16may2012 12:45:00,16may2012,STEVEN,KONOW,2003,012,,26dec1989,SERGEANT OF POLICE,S002,OPEN HAND STRIKE (SLAP),05M,UNNECESSARY PHYSICAL CONTACT / ON DUTY - NO INJURY,CLOSED/FINAL,UNFOUNDED,FRENZEL,ERIC,012,,POLICE OFFICER,,MALE,WHITE,apr2016,,,S0,S,0,1
1054064,1211,WESTERN AVE,201,SIDEWALK,16may2012 12:45:00,16may2012 12:45:00,16may2012,STEVEN,KONOW,2003,012,,26dec1989,SERGEANT OF POLICE,S002,OPEN HAND STRIKE (SLAP),05M,UNNECESSARY PHYSICAL CONTACT / ON DUTY - NO INJURY,CLOSED/FINAL,NOT SUSTAINED,FRENZEL,ERIC,012,,POLICE OFFICER,,MALE,WHITE,apr2016,,,S0,S,0,1
1054064,1211,WESTERN AVE,201,SIDEWALK,16may2012 12:45:00,16may2012 12:45:00,16may2012,STEVEN,KONOW,2003,012,,26dec1989,SERGEANT OF POLICE,S002,OPEN HAND STRIKE (SLAP),05M,UNNECESSARY PHYSICAL CONTACT / ON DUTY - NO INJURY,CLOSED/FINAL,UNFOUNDED,SARAGOSA,RAMON,012,,POLICE OFFICER,,MALE,SPANISH (DO NOT USE),apr2016,,,S0,S,0,1
1054064,1211,WESTERN AVE,201,SIDEWALK,16may2012 12:45:00,16may2012 12:45:00,16may2012,STEVEN,KONOW,2003,012,,26dec1989,SERGEANT OF POLICE,S002,OPEN HAND STRIKE (SLAP),05M,UNNECESSARY PHYSICAL CONTACT / ON DUTY - NO INJURY,CLOSED/FINAL,UNFOUNDED,TATE,MICHAEL,,,UNKNOWN,,MALE,BLACK,apr2016,,,S0,S,0,1
1054064,1211,WESTERN AVE,201,SIDEWALK,16may2012 12:45:00,16may2012 12:45:00,16may2012,STEVEN,KONOW,2003,012,,26dec1989,SERGEANT OF POLICE,S002,OPEN HAND STRIKE (SLAP),05M,UNNECESSARY PHYSICAL CONTACT / ON DUTY - NO INJURY,CLOSED/FINAL,UNFOUNDED,MILLER,DEANN,,,UNKNOWN,,FEMALE,BLACK,apr2016,,,S0,S,0,1
1054064,1211,WESTERN AVE,201,SIDEWALK,16may2012 12:45:00,16may2012 12:45:00,16may2012,STEVEN,KONOW,2003,012,,26dec1989,SERGEANT OF POLICE,S002,OPEN HAND STRIKE (SLAP),05M,UNNECESSARY PHYSICAL CONTACT / ON DUTY - NO INJURY,CLOSED/FINAL,UNFOUNDED,MC AULIFFE,PATRICK,012,,POLICE OFFICER,,MALE,WHITE,apr2016,,,S0,S,0,1
1054064,1211,WESTERN AVE,201,SIDEWALK,16may2012 12:45:00,16may2012 12:45:00,16may2012,STEVEN,KONOW,2003,012,,26dec1989,SERGEANT OF POLICE,S002,OPEN HAND STRIKE (SLAP),05M,UNNECESSARY PHYSICAL CONTACT / ON DUTY - NO INJURY,CLOSED/FINAL,NOT SUSTAINED,SARAGOSA,RAMON,012,,POLICE OFFICER,,MALE,SPANISH (DO NOT USE),apr2016,,,S0,S,0,1
1054064,1211,WESTERN AVE,201,SIDEWALK,16may2012 12:45:00,16may2012 12:45:00,16may2012,STEVEN,KONOW,2003,012,,26dec1989,SERGEANT OF POLICE,S002,OPEN HAND STRIKE (SLAP),05M,UNNECESSARY PHYSICAL CONTACT / ON DUTY - NO INJURY,CLOSED/FINAL,UNFOUNDED,MILLER,PARADISE,,,UNKNOWN,16,FEMALE,BLACK,apr2016,,,S0,S,0,1
1054064,1211,WESTERN AVE,201,SIDEWALK,16may2012 12:45:00,16may2012 12:45:00,16may2012,STEVEN,KONOW,2003,012,,26dec1989,SERGEANT OF POLICE,S002,OPEN HAND STRIKE (SLAP),05M,UNNECESSARY PHYSICAL CONTACT / ON DUTY - NO INJURY,CLOSED/FINAL,NOT SUSTAINED,STOLFE,DEBBIE,012,,POLICE OFFICER,,FEMALE,WHITE,apr2016,,,S0,S,0,1
1054064,1211,WESTERN AVE,201,SIDEWALK,16may2012 12:45:00,16may2012 12:45:00,16may2012,STEVEN,KONOW,2003,012,,26dec1989,SERGEANT OF POLICE,S002,OPEN HAND STRIKE (SLAP),05M,UNNECESSARY PHYSICAL CONTACT / ON DUTY - NO INJURY,CLOSED/FINAL,NOT SUSTAINED,LITTLE,ANTON,012,,POLICE OFFICER,,MALE,BLACK,apr2016,,,S0,S,0,1
1054064,1211,WESTERN AVE,201,SIDEWALK,16may2012 12:45:00,16may2012 12:45:00,16may2012,STEVEN,KONOW,2003,012,,26dec1989,SERGEANT OF POLICE,S002,OPEN HAND STRIKE (SLAP),05M,UNNECESSARY PHYSICAL CONTACT / ON DUTY - NO INJURY,CLOSED/FINAL,NOT SUSTAINED,MILLER,PARADISE,,,UNKNOWN,16,FEMALE,BLACK,apr2016,,,S0,S,0,1
1054064,1211,WESTERN AVE,201,SIDEWALK,16may2012 12:45:00,16may2012 12:45:00,16may2012,STEVEN,KONOW,2003,012,,26dec1989,SERGEANT OF POLICE,S002,OPEN HAND STRIKE (SLAP),05M,UNNECESSARY PHYSICAL CONTACT / ON DUTY - NO INJURY,CLOSED/FINAL,NOT SUSTAINED,MILLER,DEANN,,,UNKNOWN,,FEMALE,BLACK,apr2016,,,S0,S,0,1
1054064,1211,WESTERN AVE,201,SIDEWALK,16may2012 12:45:00,16may2012 12:45:00,16may2012,STEVEN,KONOW,2003,012,,26dec1989,SERGEANT OF POLICE,S002,OPEN HAND STRIKE (SLAP),05M,UNNECESSARY PHYSICAL CONTACT / ON DUTY - NO INJURY,CLOSED/FINAL,NOT SUSTAINED,MC AULIFFE,PATRICK,012,,POLICE OFFICER,,MALE,WHITE,apr2016,,,S0,S,0,1
1054064,1211,WESTERN AVE,201,SIDEWALK,16may2012 12:45:00,16may2012 12:45:00,16may2012,STEVEN,KONOW,2003,012,,26dec1989,SERGEANT OF POLICE,S002,OPEN HAND STRIKE (SLAP),05M,UNNECESSARY PHYSICAL CONTACT / ON DUTY - NO INJURY,CLOSED/FINAL,UNFOUNDED,LITTLE,ANTON,012,,POLICE OFFICER,,MALE,BLACK,apr2016,,,S0,S,0,1
1054064,1211,WESTERN AVE,201,SIDEWALK,16may2012 12:45:00,16may2012 12:45:00,16may2012,STEVEN,KONOW,2003,012,,26dec1989,SERGEANT OF POLICE,S002,OPEN HAND STRIKE (SLAP),05M,UNNECESSARY PHYSICAL CONTACT / ON DUTY - NO INJURY,CLOSED/FINAL,NOT SUSTAINED,ROBERTS,ALAN,012,,POLICE OFFICER,,MALE,BLACK,apr2016,,,S0,S,0,1
1054064,1211,WESTERN AVE,201,SIDEWALK,16may2012 12:45:00,16may2012 12:45:00,16may2012,STEVEN,KONOW,2003,012,,26dec1989,SERGEANT OF POLICE,S002,OPEN HAND STRIKE (SLAP),05M,UNNECESSARY PHYSICAL CONTACT / ON DUTY - NO INJURY,CLOSED/FINAL,UNFOUNDED,ROBERTS,ALAN,012,,POLICE OFFICER,,MALE,BLACK,apr2016,,,S0,S,0,1
1054064,1211,WESTERN AVE,201,SIDEWALK,16may2012 12:45:00,16may2012 12:45:00,16may2012,STEVEN,KONOW,2003,012,,26dec1989,SERGEANT OF POLICE,S002,OPEN HAND STRIKE (SLAP),05M,UNNECESSARY PHYSICAL CONTACT / ON DUTY - NO INJURY,CLOSED/FINAL,UNFOUNDED,STOLFE,DEBBIE,012,,POLICE OFFICER,,FEMALE,WHITE,apr2016,,,S0,S,0,1
1054064,1211,WESTERN AVE,201,SIDEWALK,16may2012 12:45:00,16may2012 12:45:00,16may2012,STEVEN,KONOW,2003,012,,26dec1989,SERGEANT OF POLICE,S002,OPEN HAND STRIKE (SLAP),05M,UNNECESSARY PHYSICAL CONTACT / ON DUTY - NO INJURY,CLOSED/FINAL,UNFOUNDED,BANE,CHRIS,012,,POLICE OFFICER,,MALE,WHITE,apr2016,,,S0,S,0,1
1054064,1211,WESTERN AVE,201,SIDEWALK,16may2012 12:45:00,16may2012 12:45:00,16may2012,STEVEN,KONOW,2003,012,,26dec1989,SERGEANT OF POLICE,S002,OPEN HAND STRIKE (SLAP),05M,UNNECESSARY PHYSICAL CONTACT / ON DUTY - NO INJURY,CLOSED/FINAL,NOT SUSTAINED,TATE,MICHAEL,,,UNKNOWN,,MALE,BLACK,apr2016,,,S0,S,0,1
