COMPLAINT_NUMBER,BEAT,STREET,ADDRESS,LOCATION_CODE,INCIDENT_TIME_START,INCIDENT_TIME_END,NOTIFICATION_DATE,ACCSUEDOFFICER_FNAME,ACCUSEDOFFICER_LNAME,ACCUSED_STAR,ACCUSED_UNIT,ACCUSED_DETAIL,ACCUSED_APPOINTMENT_DATE,ACCUSED_POSITION,INITIAL_CATEGORY_CODE,INITIAL_CATEGORY,CURRENT_CATEGORY_CODE,CURRENT_CATEGORY,CURRENT_STATUS,FINDING_CODE,INVOLVED_OFFICER_LNAME,INVOLVED_OFFICER_FNAME,INVOLVED_OFFICER_UNIT,INVOLVED_OFFICER_DETAIL,INVOLVED_OFFICER_POSITION,INVOLVED_OFFICER_AGE,INVOLVED_OFFICER_SEX,INVOLVED_OFFICER_RACE,foia,INVOLVED_OFFICER_DESCRIPTION,INVOLVED_OFFICER_TYPE,start_code_2,start_code_1,rec,sum_rec
1059713,1522,FLOURNOY ST,5202,STREET,23jan2013 23:00:00,23jan2013 23:00:00,24jan2013,,KOLODZIEJSKI,7043,015,,25jun2001,POLICE OFFICER,05A,EXCESSIVE FORCE / ON DUTY - INJURY,S121,HANDCUFF TOO TIGHT,CLOSED/FINAL,UNFOUNDED,GOUDY,BRENDA,,,UNKNOWN,25,FEMALE,BLACK,apr2016,,,05,0,0,1
1059713,1522,FLOURNOY ST,5202,STREET,23jan2013 23:00:00,23jan2013 23:00:00,24jan2013,,HOCK,3596,015,,19may2008,POLICE OFFICER,05A,EXCESSIVE FORCE / ON DUTY - INJURY,S121,HANDCUFF TOO TIGHT,CLOSED/FINAL,UNFOUNDED,WLODKOWSKI,DARIUSZ,044,011,POLICE OFFICER,,MALE,WHITE,apr2016,,,05,0,0,1
1059713,1522,FLOURNOY ST,5202,STREET,23jan2013 23:00:00,23jan2013 23:00:00,24jan2013,,KOLODZIEJSKI,7043,015,,25jun2001,POLICE OFFICER,05A,EXCESSIVE FORCE / ON DUTY - INJURY,S121,HANDCUFF TOO TIGHT,CLOSED/FINAL,UNFOUNDED,WLODKOWSKI,DARIUSZ,044,011,POLICE OFFICER,,MALE,WHITE,apr2016,,,05,0,0,1
1059713,1522,FLOURNOY ST,5202,STREET,23jan2013 23:00:00,23jan2013 23:00:00,24jan2013,,HOCK,3596,015,,19may2008,POLICE OFFICER,05A,EXCESSIVE FORCE / ON DUTY - INJURY,S121,HANDCUFF TOO TIGHT,CLOSED/FINAL,UNFOUNDED,GOUDY,BRENDA,,,UNKNOWN,24,FEMALE,BLACK,apr2016,,,05,0,0,1
1059713,1522,FLOURNOY ST,5202,STREET,23jan2013 23:00:00,23jan2013 23:00:00,24jan2013,,HOCK,3596,015,,19may2008,POLICE OFFICER,05A,EXCESSIVE FORCE / ON DUTY - INJURY,S121,HANDCUFF TOO TIGHT,CLOSED/FINAL,UNFOUNDED,GOUDY,BRENDA,,,UNKNOWN,25,FEMALE,BLACK,apr2016,,,05,0,0,1
1059713,1522,FLOURNOY ST,5202,STREET,23jan2013 23:00:00,23jan2013 23:00:00,24jan2013,,,,,,,,05A,EXCESSIVE FORCE / ON DUTY - INJURY,S121,HANDCUFF TOO TIGHT,CLOSED/FINAL,NOT SUSTAINED,WLODKOWSKI,DARIUSZ,044,011,POLICE OFFICER,,MALE,WHITE,apr2016,,,05,0,0,1
1059713,1522,FLOURNOY ST,5202,STREET,23jan2013 23:00:00,23jan2013 23:00:00,24jan2013,,,,,,,,05A,EXCESSIVE FORCE / ON DUTY - INJURY,S121,HANDCUFF TOO TIGHT,CLOSED/FINAL,NOT SUSTAINED,GOUDY,BRENDA,,,UNKNOWN,25,FEMALE,BLACK,apr2016,,,05,0,0,1
1059713,1522,FLOURNOY ST,5202,STREET,23jan2013 23:00:00,23jan2013 23:00:00,24jan2013,,KOLODZIEJSKI,7043,015,,25jun2001,POLICE OFFICER,05A,EXCESSIVE FORCE / ON DUTY - INJURY,S121,HANDCUFF TOO TIGHT,CLOSED/FINAL,UNFOUNDED,GOUDY,BRENDA,,,UNKNOWN,24,FEMALE,BLACK,apr2016,,,05,0,0,1
1059713,1522,FLOURNOY ST,5202,STREET,23jan2013 23:00:00,23jan2013 23:00:00,24jan2013,,,,,,,,05A,EXCESSIVE FORCE / ON DUTY - INJURY,S121,HANDCUFF TOO TIGHT,CLOSED/FINAL,NOT SUSTAINED,GOUDY,BRENDA,,,UNKNOWN,24,FEMALE,BLACK,apr2016,,,05,0,1,1
