COMPLAINT_NUMBER,BEAT,STREET,ADDRESS,LOCATION_CODE,INCIDENT_TIME_START,INCIDENT_TIME_END,NOTIFICATION_DATE,ACCSUEDOFFICER_FNAME,ACCUSEDOFFICER_LNAME,ACCUSED_STAR,ACCUSED_UNIT,ACCUSED_DETAIL,ACCUSED_APPOINTMENT_DATE,ACCUSED_POSITION,INITIAL_CATEGORY_CODE,INITIAL_CATEGORY,CURRENT_CATEGORY_CODE,CURRENT_CATEGORY,CURRENT_STATUS,FINDING_CODE,INVOLVED_OFFICER_LNAME,INVOLVED_OFFICER_FNAME,INVOLVED_OFFICER_UNIT,INVOLVED_OFFICER_DETAIL,INVOLVED_OFFICER_POSITION,INVOLVED_OFFICER_AGE,INVOLVED_OFFICER_SEX,INVOLVED_OFFICER_RACE,foia,INVOLVED_OFFICER_DESCRIPTION,INVOLVED_OFFICER_TYPE,start_code_2,start_code_1,rec,sum_rec
1058895,2424,WINCHESTER AVE,7410,RESIDENCE,07dec2012 15:00:00,07dec2012 15:00:00,07dec2012,TERRENCE,FOWLER,10032,015,024,28apr2008,POLICE OFFICER,05M,UNNECESSARY PHYSICAL CONTACT / ON DUTY - NO INJURY,S117,PUSH/PULL/GRAB,CLOSED/FINAL,UNFOUNDED,MCPHERSON,MATLYNNE,,,UNKNOWN,27,FEMALE,BLACK,apr2016,,,05,0,0,1
1058895,2424,WINCHESTER AVE,7410,RESIDENCE,07dec2012 15:00:00,07dec2012 15:00:00,07dec2012,TERRENCE,FOWLER,10032,015,024,28apr2008,POLICE OFFICER,05M,UNNECESSARY PHYSICAL CONTACT / ON DUTY - NO INJURY,S117,PUSH/PULL/GRAB,CLOSED/FINAL,UNFOUNDED,DUNLAP,BREANA,,,UNKNOWN,20,FEMALE,BLACK,apr2016,,,05,0,0,1
1058895,2424,WINCHESTER AVE,7410,RESIDENCE,07dec2012 15:00:00,07dec2012 15:00:00,07dec2012,TERRENCE,FOWLER,10032,015,024,28apr2008,POLICE OFFICER,05M,UNNECESSARY PHYSICAL CONTACT / ON DUTY - NO INJURY,S117,PUSH/PULL/GRAB,CLOSED/FINAL,UNFOUNDED,MCPHERSON,MATLYNNE,,,UNKNOWN,28,FEMALE,BLACK,apr2016,,,05,0,0,1
1058895,2424,WINCHESTER AVE,7410,RESIDENCE,07dec2012 15:00:00,07dec2012 15:00:00,07dec2012,ZOE,BATZER,5033,024,,28apr2008,POLICE OFFICER,05M,UNNECESSARY PHYSICAL CONTACT / ON DUTY - NO INJURY,S117,PUSH/PULL/GRAB,CLOSED/FINAL,NOT SUSTAINED,DUNLAP,BREANA,,,UNKNOWN,20,FEMALE,BLACK,apr2016,,,05,0,0,1
1058895,2424,WINCHESTER AVE,7410,RESIDENCE,07dec2012 15:00:00,07dec2012 15:00:00,07dec2012,ZOE,BATZER,5033,024,,28apr2008,POLICE OFFICER,05M,UNNECESSARY PHYSICAL CONTACT / ON DUTY - NO INJURY,S117,PUSH/PULL/GRAB,CLOSED/FINAL,NOT SUSTAINED,MCPHERSON,MATLYNNE,,,UNKNOWN,28,FEMALE,BLACK,apr2016,,,05,0,0,1
1058895,2424,WINCHESTER AVE,7410,RESIDENCE,07dec2012 15:00:00,07dec2012 15:00:00,07dec2012,,,,,,,,05M,UNNECESSARY PHYSICAL CONTACT / ON DUTY - NO INJURY,S117,PUSH/PULL/GRAB,CLOSED/FINAL,UNFOUNDED,MCPHERSON,MATLYNNE,,,UNKNOWN,27,FEMALE,BLACK,apr2016,,,05,0,0,1
1058895,2424,WINCHESTER AVE,7410,RESIDENCE,07dec2012 15:00:00,07dec2012 15:00:00,07dec2012,,,,,,,,05M,UNNECESSARY PHYSICAL CONTACT / ON DUTY - NO INJURY,S117,PUSH/PULL/GRAB,CLOSED/FINAL,UNFOUNDED,MCPHERSON,MATLYNNE,,,UNKNOWN,28,FEMALE,BLACK,apr2016,,,05,0,0,1
1058895,2424,WINCHESTER AVE,7410,RESIDENCE,07dec2012 15:00:00,07dec2012 15:00:00,07dec2012,ZOE,BATZER,5033,024,,28apr2008,POLICE OFFICER,05M,UNNECESSARY PHYSICAL CONTACT / ON DUTY - NO INJURY,S117,PUSH/PULL/GRAB,CLOSED/FINAL,NOT SUSTAINED,MCPHERSON,MATLYNNE,,,UNKNOWN,27,FEMALE,BLACK,apr2016,,,05,0,0,1
1058895,2424,WINCHESTER AVE,7410,RESIDENCE,07dec2012 15:00:00,07dec2012 15:00:00,07dec2012,,,,,,,,05M,UNNECESSARY PHYSICAL CONTACT / ON DUTY - NO INJURY,S117,PUSH/PULL/GRAB,CLOSED/FINAL,UNFOUNDED,DUNLAP,BREANA,,,UNKNOWN,20,FEMALE,BLACK,apr2016,,,05,0,0,1
