COMPLAINT_NUMBER,BEAT,STREET,ADDRESS,LOCATION_CODE,INCIDENT_TIME_START,INCIDENT_TIME_END,NOTIFICATION_DATE,ACCSUEDOFFICER_FNAME,ACCUSEDOFFICER_LNAME,ACCUSED_STAR,ACCUSED_UNIT,ACCUSED_DETAIL,ACCUSED_APPOINTMENT_DATE,ACCUSED_POSITION,INITIAL_CATEGORY_CODE,INITIAL_CATEGORY,CURRENT_CATEGORY_CODE,CURRENT_CATEGORY,CURRENT_STATUS,FINDING_CODE,INVOLVED_OFFICER_LNAME,INVOLVED_OFFICER_FNAME,INVOLVED_OFFICER_UNIT,INVOLVED_OFFICER_DETAIL,INVOLVED_OFFICER_POSITION,INVOLVED_OFFICER_AGE,INVOLVED_OFFICER_SEX,INVOLVED_OFFICER_RACE,foia,INVOLVED_OFFICER_DESCRIPTION,INVOLVED_OFFICER_TYPE,start_code_2,start_code_1,rec,sum_rec
1055611,1933,BELMONT AVE,931,SMALL RETAIL STORE,27jun2012 02:29:59,27jun2012 02:29:59,17jul2012,KEVIN,GARDNER,9656,019,,21jun1999,POLICE OFFICER,S021,MISCELLANEOUS,05A,EXCESSIVE FORCE / ON DUTY - INJURY,CLOSED/FINAL,EXONERATED,FERRIN,VANESSA,,,,41,FEMALE,WHITE,apr2016,,,S0,S,0,1
1055611,1933,BELMONT AVE,931,SMALL RETAIL STORE,27jun2012 02:29:59,27jun2012 02:29:59,17jul2012,,,,,,,,S021,MISCELLANEOUS,05A,EXCESSIVE FORCE / ON DUTY - INJURY,CLOSED/FINAL,EXONERATED,HARRIS,STEVEN,,,UNKNOWN,22,MALE,BLACK,apr2016,,,S0,S,0,1
1055611,1933,BELMONT AVE,931,SMALL RETAIL STORE,27jun2012 02:29:59,27jun2012 02:29:59,17jul2012,DENNIS,GOLLOGLY,7076,019,,05dec2005,POLICE OFFICER,S021,MISCELLANEOUS,05A,EXCESSIVE FORCE / ON DUTY - INJURY,CLOSED/FINAL,EXONERATED,FERRIN,VANESSA,,,,41,FEMALE,WHITE,apr2016,,,S0,S,0,1
1055611,1933,BELMONT AVE,931,SMALL RETAIL STORE,27jun2012 02:29:59,27jun2012 02:29:59,17jul2012,KEVIN,GARDNER,9656,019,,21jun1999,POLICE OFFICER,S021,MISCELLANEOUS,05A,EXCESSIVE FORCE / ON DUTY - INJURY,CLOSED/FINAL,EXONERATED,HARRIS,STEVEN,,,UNKNOWN,21,MALE,BLACK,apr2016,,,S0,S,0,1
1055611,1933,BELMONT AVE,931,SMALL RETAIL STORE,27jun2012 02:29:59,27jun2012 02:29:59,17jul2012,DENNIS,GOLLOGLY,7076,019,,05dec2005,POLICE OFFICER,S021,MISCELLANEOUS,05A,EXCESSIVE FORCE / ON DUTY - INJURY,CLOSED/FINAL,EXONERATED,HARRIS,STEVEN,,,UNKNOWN,22,MALE,BLACK,apr2016,,,S0,S,0,1
1055611,1933,BELMONT AVE,931,SMALL RETAIL STORE,27jun2012 02:29:59,27jun2012 02:29:59,17jul2012,DENNIS,GOLLOGLY,7076,019,,05dec2005,POLICE OFFICER,S021,MISCELLANEOUS,05A,EXCESSIVE FORCE / ON DUTY - INJURY,CLOSED/FINAL,EXONERATED,HARRIS,STEVEN,,,UNKNOWN,21,MALE,BLACK,apr2016,,,S0,S,0,1
1055611,1933,BELMONT AVE,931,SMALL RETAIL STORE,27jun2012 02:29:59,27jun2012 02:29:59,17jul2012,KEVIN,GARDNER,9656,019,,21jun1999,POLICE OFFICER,S021,MISCELLANEOUS,05A,EXCESSIVE FORCE / ON DUTY - INJURY,CLOSED/FINAL,EXONERATED,HARRIS,STEVEN,,,UNKNOWN,22,MALE,BLACK,apr2016,,,S0,S,0,1
1055611,1933,BELMONT AVE,931,SMALL RETAIL STORE,27jun2012 02:29:59,27jun2012 02:29:59,17jul2012,,,,,,,,S021,MISCELLANEOUS,05A,EXCESSIVE FORCE / ON DUTY - INJURY,CLOSED/FINAL,EXONERATED,FERRIN,VANESSA,,,,41,FEMALE,WHITE,apr2016,,,S0,S,1,1
1055611,1933,BELMONT AVE,931,SMALL RETAIL STORE,27jun2012 02:29:59,27jun2012 02:29:59,17jul2012,,,,,,,,S021,MISCELLANEOUS,05A,EXCESSIVE FORCE / ON DUTY - INJURY,CLOSED/FINAL,EXONERATED,HARRIS,STEVEN,,,UNKNOWN,21,MALE,BLACK,apr2016,,,S0,S,0,1
