COMPLAINT_NUMBER,BEAT,STREET,ADDRESS,LOCATION_CODE,INCIDENT_TIME_START,INCIDENT_TIME_END,NOTIFICATION_DATE,ACCSUEDOFFICER_FNAME,ACCUSEDOFFICER_LNAME,ACCUSED_STAR,ACCUSED_UNIT,ACCUSED_DETAIL,ACCUSED_APPOINTMENT_DATE,ACCUSED_POSITION,INITIAL_CATEGORY_CODE,INITIAL_CATEGORY,CURRENT_CATEGORY_CODE,CURRENT_CATEGORY,CURRENT_STATUS,FINDING_CODE,INVOLVED_OFFICER_LNAME,INVOLVED_OFFICER_FNAME,INVOLVED_OFFICER_UNIT,INVOLVED_OFFICER_DETAIL,INVOLVED_OFFICER_POSITION,INVOLVED_OFFICER_AGE,INVOLVED_OFFICER_SEX,INVOLVED_OFFICER_RACE,foia,INVOLVED_OFFICER_DESCRIPTION,INVOLVED_OFFICER_TYPE,start_code_2,start_code_1,rec,sum_rec
1061531,2422,HOWARD ST,1649,SIDEWALK,13apr2013 03:24:59,13apr2013 03:24:59,16apr2013,,ALVAREZ,13713,024,,01sep2010,POLICE OFFICER,01C,SEXUAL ORIENTATION,01C,SEXUAL ORIENTATION,CLOSED/FINAL,UNFOUNDED,CARTER,JOYLYNN,024,,POLICE OFFICER,,FEMALE,ASIAN/PACIFIC ISLANDER,apr2016,,,01,0,0,1
1061531,2422,HOWARD ST,1649,SIDEWALK,13apr2013 03:24:59,13apr2013 03:24:59,16apr2013,,ALVAREZ,13713,024,,01sep2010,POLICE OFFICER,01C,SEXUAL ORIENTATION,01C,SEXUAL ORIENTATION,CLOSED/FINAL,UNFOUNDED,WILLIAMS,BRANDON,,,UNKNOWN,,MALE,BLACK,apr2016,,,01,0,0,1
1061531,2422,HOWARD ST,1649,SIDEWALK,13apr2013 03:24:59,13apr2013 03:24:59,16apr2013,,,,,,,,01C,SEXUAL ORIENTATION,01C,SEXUAL ORIENTATION,CLOSED/FINAL,NOT SUSTAINED,GOTAY,ANGEL,024,,POLICE OFFICER,,MALE,SPANISH (DO NOT USE),apr2016,,,01,0,0,1
1061531,2422,HOWARD ST,1649,SIDEWALK,13apr2013 03:24:59,13apr2013 03:24:59,16apr2013,,,,,,,,01C,SEXUAL ORIENTATION,01C,SEXUAL ORIENTATION,CLOSED/FINAL,NOT SUSTAINED,CARTER,JOYLYNN,024,,POLICE OFFICER,,FEMALE,ASIAN/PACIFIC ISLANDER,apr2016,,,01,0,1,1
1061531,2422,HOWARD ST,1649,SIDEWALK,13apr2013 03:24:59,13apr2013 03:24:59,16apr2013,,,,,,,,01C,SEXUAL ORIENTATION,01C,SEXUAL ORIENTATION,CLOSED/FINAL,NOT SUSTAINED,RELLINGER,SHAWN,024,,SERGEANT OF POLICE,,MALE,SPANISH (DO NOT USE),apr2016,,,01,0,0,1
1061531,2422,HOWARD ST,1649,SIDEWALK,13apr2013 03:24:59,13apr2013 03:24:59,16apr2013,,ULLOA,13936,024,,09mar2009,POLICE OFFICER,01C,SEXUAL ORIENTATION,01C,SEXUAL ORIENTATION,CLOSED/FINAL,UNFOUNDED,RELLINGER,SHAWN,024,,SERGEANT OF POLICE,,MALE,SPANISH (DO NOT USE),apr2016,,,01,0,0,1
1061531,2422,HOWARD ST,1649,SIDEWALK,13apr2013 03:24:59,13apr2013 03:24:59,16apr2013,,ULLOA,13936,024,,09mar2009,POLICE OFFICER,01C,SEXUAL ORIENTATION,01C,SEXUAL ORIENTATION,CLOSED/FINAL,UNFOUNDED,CARTER,JOYLYNN,024,,POLICE OFFICER,,FEMALE,ASIAN/PACIFIC ISLANDER,apr2016,,,01,0,0,1
1061531,2422,HOWARD ST,1649,SIDEWALK,13apr2013 03:24:59,13apr2013 03:24:59,16apr2013,,ALVAREZ,13713,024,,01sep2010,POLICE OFFICER,01C,SEXUAL ORIENTATION,01C,SEXUAL ORIENTATION,CLOSED/FINAL,UNFOUNDED,GOTAY,ANGEL,024,,POLICE OFFICER,,MALE,SPANISH (DO NOT USE),apr2016,,,01,0,0,1
1061531,2422,HOWARD ST,1649,SIDEWALK,13apr2013 03:24:59,13apr2013 03:24:59,16apr2013,,ULLOA,13936,024,,09mar2009,POLICE OFFICER,01C,SEXUAL ORIENTATION,01C,SEXUAL ORIENTATION,CLOSED/FINAL,UNFOUNDED,WILLIAMS,BRANDON,,,UNKNOWN,,MALE,BLACK,apr2016,,,01,0,0,1
1061531,2422,HOWARD ST,1649,SIDEWALK,13apr2013 03:24:59,13apr2013 03:24:59,16apr2013,,ALVAREZ,13713,024,,01sep2010,POLICE OFFICER,01C,SEXUAL ORIENTATION,01C,SEXUAL ORIENTATION,CLOSED/FINAL,UNFOUNDED,RELLINGER,SHAWN,024,,SERGEANT OF POLICE,,MALE,SPANISH (DO NOT USE),apr2016,,,01,0,0,1
1061531,2422,HOWARD ST,1649,SIDEWALK,13apr2013 03:24:59,13apr2013 03:24:59,16apr2013,,ULLOA,13936,024,,09mar2009,POLICE OFFICER,01C,SEXUAL ORIENTATION,01C,SEXUAL ORIENTATION,CLOSED/FINAL,UNFOUNDED,GOTAY,ANGEL,024,,POLICE OFFICER,,MALE,SPANISH (DO NOT USE),apr2016,,,01,0,0,1
1061531,2422,HOWARD ST,1649,SIDEWALK,13apr2013 03:24:59,13apr2013 03:24:59,16apr2013,,,,,,,,01C,SEXUAL ORIENTATION,01C,SEXUAL ORIENTATION,CLOSED/FINAL,NOT SUSTAINED,WILLIAMS,BRANDON,,,UNKNOWN,,MALE,BLACK,apr2016,,,01,0,0,1
