COMPLAINT_NUMBER,BEAT,STREET,ADDRESS,LOCATION_CODE,INCIDENT_TIME_START,INCIDENT_TIME_END,NOTIFICATION_DATE,ACCSUEDOFFICER_FNAME,ACCUSEDOFFICER_LNAME,ACCUSED_STAR,ACCUSED_UNIT,ACCUSED_DETAIL,ACCUSED_APPOINTMENT_DATE,ACCUSED_POSITION,INITIAL_CATEGORY_CODE,INITIAL_CATEGORY,CURRENT_CATEGORY_CODE,CURRENT_CATEGORY,CURRENT_STATUS,FINDING_CODE,INVOLVED_OFFICER_LNAME,INVOLVED_OFFICER_FNAME,INVOLVED_OFFICER_UNIT,INVOLVED_OFFICER_DETAIL,INVOLVED_OFFICER_POSITION,INVOLVED_OFFICER_AGE,INVOLVED_OFFICER_SEX,INVOLVED_OFFICER_RACE,foia,INVOLVED_OFFICER_DESCRIPTION,INVOLVED_OFFICER_TYPE,start_code_2,start_code_1,rec,sum_rec
1057202,2232,LOWE AVE,9906,STREET,19sep2012 22:44:59,19sep2012 22:44:59,20sep2012,,,,,,,,05A,EXCESSIVE FORCE / ON DUTY - INJURY,S117,PUSH/PULL/GRAB,CLOSED/FINAL,SUSTAINED,WALTON ,JIMMIE ,,,UNKNOWN,30,MALE,BLACK,apr2016,,,05,0,0,1
1057202,2232,LOWE AVE,9906,STREET,19sep2012 22:44:59,19sep2012 22:44:59,20sep2012,CLIFTON,TURNER,6584,312,,02jan1992,POLICE OFFICER,05A,EXCESSIVE FORCE / ON DUTY - INJURY,S117,PUSH/PULL/GRAB,CLOSED/FINAL,UNFOUNDED,WALTON ,JIMMIE ,,,UNKNOWN,29,MALE,BLACK,apr2016,,,05,0,0,1
1057202,2232,LOWE AVE,9906,STREET,19sep2012 22:44:59,19sep2012 22:44:59,20sep2012,CLIFTON,TURNER,6584,312,,02jan1992,POLICE OFFICER,05A,EXCESSIVE FORCE / ON DUTY - INJURY,S117,PUSH/PULL/GRAB,CLOSED/FINAL,NOT SUSTAINED,WALTON ,JIMMIE ,,,UNKNOWN,29,MALE,BLACK,apr2016,,,05,0,0,1
1057202,2232,LOWE AVE,9906,STREET,19sep2012 22:44:59,19sep2012 22:44:59,20sep2012,,,,,,,,05A,EXCESSIVE FORCE / ON DUTY - INJURY,S117,PUSH/PULL/GRAB,CLOSED/FINAL,NOT SUSTAINED,WALTON ,JIMMIE ,,,UNKNOWN,30,MALE,BLACK,apr2016,,,05,0,0,1
1057202,2232,LOWE AVE,9906,STREET,19sep2012 22:44:59,19sep2012 22:44:59,20sep2012,TURNER,GOODWIN,10643,312,,16mar1998,POLICE OFFICER,05A,EXCESSIVE FORCE / ON DUTY - INJURY,S117,PUSH/PULL/GRAB,CLOSED/FINAL,UNFOUNDED,WALTON ,JIMMIE ,,,UNKNOWN,29,MALE,BLACK,apr2016,,,05,0,0,1
1057202,2232,LOWE AVE,9906,STREET,19sep2012 22:44:59,19sep2012 22:44:59,20sep2012,,,,,,,,05A,EXCESSIVE FORCE / ON DUTY - INJURY,S117,PUSH/PULL/GRAB,CLOSED/FINAL,NOT SUSTAINED,WALTON ,JIMMIE ,,,UNKNOWN,29,MALE,BLACK,apr2016,,,05,0,1,1
1057202,2232,LOWE AVE,9906,STREET,19sep2012 22:44:59,19sep2012 22:44:59,20sep2012,TURNER,GOODWIN,10643,312,,16mar1998,POLICE OFFICER,05A,EXCESSIVE FORCE / ON DUTY - INJURY,S117,PUSH/PULL/GRAB,CLOSED/FINAL,SUSTAINED,WALTON ,JIMMIE ,,,UNKNOWN,30,MALE,BLACK,apr2016,,,05,0,0,1
1057202,2232,LOWE AVE,9906,STREET,19sep2012 22:44:59,19sep2012 22:44:59,20sep2012,TURNER,GOODWIN,10643,312,,16mar1998,POLICE OFFICER,05A,EXCESSIVE FORCE / ON DUTY - INJURY,S117,PUSH/PULL/GRAB,CLOSED/FINAL,SUSTAINED,WALTON ,JIMMIE ,,,UNKNOWN,29,MALE,BLACK,apr2016,,,05,0,0,1
1057202,2232,LOWE AVE,9906,STREET,19sep2012 22:44:59,19sep2012 22:44:59,20sep2012,CLIFTON,TURNER,6584,312,,02jan1992,POLICE OFFICER,05A,EXCESSIVE FORCE / ON DUTY - INJURY,S117,PUSH/PULL/GRAB,CLOSED/FINAL,UNFOUNDED,WALTON ,JIMMIE ,,,UNKNOWN,30,MALE,BLACK,apr2016,,,05,0,0,1
1057202,2232,LOWE AVE,9906,STREET,19sep2012 22:44:59,19sep2012 22:44:59,20sep2012,,,,,,,,05A,EXCESSIVE FORCE / ON DUTY - INJURY,S117,PUSH/PULL/GRAB,CLOSED/FINAL,SUSTAINED,WALTON ,JIMMIE ,,,UNKNOWN,29,MALE,BLACK,apr2016,,,05,0,0,1
1057202,2232,LOWE AVE,9906,STREET,19sep2012 22:44:59,19sep2012 22:44:59,20sep2012,CLIFTON,TURNER,6584,312,,02jan1992,POLICE OFFICER,05A,EXCESSIVE FORCE / ON DUTY - INJURY,S117,PUSH/PULL/GRAB,CLOSED/FINAL,NOT SUSTAINED,WALTON ,JIMMIE ,,,UNKNOWN,30,MALE,BLACK,apr2016,,,05,0,0,1
1057202,2232,LOWE AVE,9906,STREET,19sep2012 22:44:59,19sep2012 22:44:59,20sep2012,TURNER,GOODWIN,10643,312,,16mar1998,POLICE OFFICER,05A,EXCESSIVE FORCE / ON DUTY - INJURY,S117,PUSH/PULL/GRAB,CLOSED/FINAL,UNFOUNDED,WALTON ,JIMMIE ,,,UNKNOWN,30,MALE,BLACK,apr2016,,,05,0,0,1
