COMPLAINT_NUMBER,BEAT,STREET,ADDRESS,LOCATION_CODE,INCIDENT_TIME_START,INCIDENT_TIME_END,NOTIFICATION_DATE,ACCSUEDOFFICER_FNAME,ACCUSEDOFFICER_LNAME,ACCUSED_STAR,ACCUSED_UNIT,ACCUSED_DETAIL,ACCUSED_APPOINTMENT_DATE,ACCUSED_POSITION,INITIAL_CATEGORY_CODE,INITIAL_CATEGORY,CURRENT_CATEGORY_CODE,CURRENT_CATEGORY,CURRENT_STATUS,FINDING_CODE,INVOLVED_OFFICER_LNAME,INVOLVED_OFFICER_FNAME,INVOLVED_OFFICER_UNIT,INVOLVED_OFFICER_DETAIL,INVOLVED_OFFICER_POSITION,INVOLVED_OFFICER_AGE,INVOLVED_OFFICER_SEX,INVOLVED_OFFICER_RACE,foia,INVOLVED_OFFICER_DESCRIPTION,INVOLVED_OFFICER_TYPE,start_code_2,start_code_1,rec,sum_rec
1058985,913,HALSTED ST,3120,POLICE FACILITY/VEH PARKING LOT,13dec2012 00:01:00,13dec2012 01:01:00,13dec2012,RODRIGO,CORONA,7852,009,,01may2006,POLICE OFFICER,05A,EXCESSIVE FORCE / ON DUTY - INJURY,S008,TAKE DOWN (THROWN TO GROUND),CLOSED/FINAL,UNFOUNDED,HOLMES,JAVONTAE,,,UNKNOWN,18,MALE,BLACK,apr2016,,,05,0,0,1
1058985,913,HALSTED ST,3120,POLICE FACILITY/VEH PARKING LOT,13dec2012 00:01:00,13dec2012 01:01:00,13dec2012,RODRIGO,CORONA,7852,009,,01may2006,POLICE OFFICER,05A,EXCESSIVE FORCE / ON DUTY - INJURY,S008,TAKE DOWN (THROWN TO GROUND),CLOSED/FINAL,UNFOUNDED,HOLMES,HENRIETTA,,,UNKNOWN,68,FEMALE,BLACK,apr2016,,,05,0,0,1
1058985,913,HALSTED ST,3120,POLICE FACILITY/VEH PARKING LOT,13dec2012 00:01:00,13dec2012 01:01:00,13dec2012,MANUEL,ARROYO,5780,009,,30apr2007,POLICE OFFICER,05A,EXCESSIVE FORCE / ON DUTY - INJURY,S008,TAKE DOWN (THROWN TO GROUND),CLOSED/FINAL,NOT SUSTAINED,HOLMES,JAVONTAE,,,UNKNOWN,16,MALE,BLACK,apr2016,,,05,0,0,1
1058985,913,HALSTED ST,3120,POLICE FACILITY/VEH PARKING LOT,13dec2012 00:01:00,13dec2012 01:01:00,13dec2012,RODRIGO,CORONA,7852,009,,01may2006,POLICE OFFICER,05A,EXCESSIVE FORCE / ON DUTY - INJURY,S008,TAKE DOWN (THROWN TO GROUND),CLOSED/FINAL,UNFOUNDED,HOLMES,HENRIETTA,,,UNKNOWN,66,FEMALE,BLACK,apr2016,,,05,0,0,1
1058985,913,HALSTED ST,3120,POLICE FACILITY/VEH PARKING LOT,13dec2012 00:01:00,13dec2012 01:01:00,13dec2012,MANUEL,ARROYO,5780,009,,30apr2007,POLICE OFFICER,05A,EXCESSIVE FORCE / ON DUTY - INJURY,S008,TAKE DOWN (THROWN TO GROUND),CLOSED/FINAL,NOT SUSTAINED,HOLMES,JAVONTAE,,,UNKNOWN,18,MALE,BLACK,apr2016,,,05,0,0,1
1058985,913,HALSTED ST,3120,POLICE FACILITY/VEH PARKING LOT,13dec2012 00:01:00,13dec2012 01:01:00,13dec2012,MANUEL,ARROYO,5780,009,,30apr2007,POLICE OFFICER,05A,EXCESSIVE FORCE / ON DUTY - INJURY,S008,TAKE DOWN (THROWN TO GROUND),CLOSED/FINAL,NOT SUSTAINED,HOLMES,HENRIETTA,,,UNKNOWN,68,FEMALE,BLACK,apr2016,,,05,0,0,1
1058985,913,HALSTED ST,3120,POLICE FACILITY/VEH PARKING LOT,13dec2012 00:01:00,13dec2012 01:01:00,13dec2012,RODRIGO,CORONA,7852,009,,01may2006,POLICE OFFICER,05A,EXCESSIVE FORCE / ON DUTY - INJURY,S008,TAKE DOWN (THROWN TO GROUND),CLOSED/FINAL,UNFOUNDED,HOLMES,JAVONTAE,,,UNKNOWN,16,MALE,BLACK,apr2016,,,05,0,0,1
1058985,913,HALSTED ST,3120,POLICE FACILITY/VEH PARKING LOT,13dec2012 00:01:00,13dec2012 01:01:00,13dec2012,MANUEL,ARROYO,5780,009,,30apr2007,POLICE OFFICER,05A,EXCESSIVE FORCE / ON DUTY - INJURY,S008,TAKE DOWN (THROWN TO GROUND),CLOSED/FINAL,NOT SUSTAINED,HOLMES,HENRIETTA,,,UNKNOWN,66,FEMALE,BLACK,apr2016,,,05,0,1,1
