COMPLAINT_NUMBER,BEAT,STREET,ADDRESS,LOCATION_CODE,INCIDENT_TIME_START,INCIDENT_TIME_END,NOTIFICATION_DATE,ACCSUEDOFFICER_FNAME,ACCUSEDOFFICER_LNAME,ACCUSED_STAR,ACCUSED_UNIT,ACCUSED_DETAIL,ACCUSED_APPOINTMENT_DATE,ACCUSED_POSITION,INITIAL_CATEGORY_CODE,INITIAL_CATEGORY,CURRENT_CATEGORY_CODE,CURRENT_CATEGORY,CURRENT_STATUS,FINDING_CODE,INVOLVED_OFFICER_LNAME,INVOLVED_OFFICER_FNAME,INVOLVED_OFFICER_UNIT,INVOLVED_OFFICER_DETAIL,INVOLVED_OFFICER_POSITION,INVOLVED_OFFICER_AGE,INVOLVED_OFFICER_SEX,INVOLVED_OFFICER_RACE,foia,INVOLVED_OFFICER_DESCRIPTION,INVOLVED_OFFICER_TYPE,start_code_2,start_code_1,rec,sum_rec
1055343,1513,WASHINGTON BLVD,5651,STREET,07jul2012 12:30:00,07jul2012 12:30:00,07jul2012,ROBERT,SEABERRY,3110,015,,31may1994,POLICE OFFICER,05A,EXCESSIVE FORCE / ON DUTY - INJURY,S021,MISCELLANEOUS,CLOSED/FINAL,NOT SUSTAINED,WILLIAMS,DENZELL,,,,,MALE,BLACK,apr2016,,,05,0,0,1
1055343,1513,WASHINGTON BLVD,5651,STREET,07jul2012 12:30:00,07jul2012 12:30:00,07jul2012,ROBERT,SEABERRY,3110,015,,31may1994,POLICE OFFICER,05A,EXCESSIVE FORCE / ON DUTY - INJURY,S021,MISCELLANEOUS,CLOSED/FINAL,NOT SUSTAINED,SESSOM,DOMONIQUE,,,UNKNOWN,28,FEMALE,BLACK,apr2016,,,05,0,0,1
1055343,1513,WASHINGTON BLVD,5651,STREET,07jul2012 12:30:00,07jul2012 12:30:00,07jul2012,CONRAY,JONES,16183,015,,13dec1993,POLICE OFFICER,05A,EXCESSIVE FORCE / ON DUTY - INJURY,S021,MISCELLANEOUS,CLOSED/FINAL,UNFOUNDED,WILLIAMS,DENZELL,,,,,MALE,BLACK,apr2016,,,05,0,0,1
1055343,1513,WASHINGTON BLVD,5651,STREET,07jul2012 12:30:00,07jul2012 12:30:00,07jul2012,CONRAY,JONES,16183,015,,13dec1993,POLICE OFFICER,05A,EXCESSIVE FORCE / ON DUTY - INJURY,S021,MISCELLANEOUS,CLOSED/FINAL,UNFOUNDED,SESSOM,DOMONIQUE,,,UNKNOWN,28,FEMALE,BLACK,apr2016,,,05,0,0,1
1055343,1513,WASHINGTON BLVD,5651,STREET,07jul2012 12:30:00,07jul2012 12:30:00,07jul2012,CONRAY,JONES,16183,015,,13dec1993,POLICE OFFICER,05A,EXCESSIVE FORCE / ON DUTY - INJURY,S021,MISCELLANEOUS,CLOSED/FINAL,UNFOUNDED,SESSOM,DOMONIQUE,,,UNKNOWN,26,FEMALE,BLACK,apr2016,,,05,0,0,1
1055343,1513,WASHINGTON BLVD,5651,STREET,07jul2012 12:30:00,07jul2012 12:30:00,07jul2012,ROBERT,SEABERRY,3110,015,,31may1994,POLICE OFFICER,05A,EXCESSIVE FORCE / ON DUTY - INJURY,S021,MISCELLANEOUS,CLOSED/FINAL,NOT SUSTAINED,SESSOM,DOMONIQUE,,,UNKNOWN,26,FEMALE,BLACK,apr2016,,,05,0,0,1
