COMPLAINT_NUMBER,BEAT,STREET,ADDRESS,LOCATION_CODE,INCIDENT_TIME_START,INCIDENT_TIME_END,NOTIFICATION_DATE,ACCSUEDOFFICER_FNAME,ACCUSEDOFFICER_LNAME,ACCUSED_STAR,ACCUSED_UNIT,ACCUSED_DETAIL,ACCUSED_APPOINTMENT_DATE,ACCUSED_POSITION,INITIAL_CATEGORY_CODE,INITIAL_CATEGORY,CURRENT_CATEGORY_CODE,CURRENT_CATEGORY,CURRENT_STATUS,FINDING_CODE,INVOLVED_OFFICER_LNAME,INVOLVED_OFFICER_FNAME,INVOLVED_OFFICER_UNIT,INVOLVED_OFFICER_DETAIL,INVOLVED_OFFICER_POSITION,INVOLVED_OFFICER_AGE,INVOLVED_OFFICER_SEX,INVOLVED_OFFICER_RACE,foia,INVOLVED_OFFICER_DESCRIPTION,INVOLVED_OFFICER_TYPE,start_code_2,start_code_1,rec,sum_rec
1059505,1223,WESTERN AVE,1,PARKING LOT/GARAGE(NON.RESID.),13jan2013 15:00:00,13jan2013 15:30:00,14jan2013,,,,,,,,01B,"RACIAL / ETHNIC, ETC.",01B,"RACIAL / ETHNIC, ETC.",CLOSED/FINAL,NOT SUSTAINED,GARRETT,EDWARD,,,UNKNOWN,53,MALE,BLACK,apr2016,,,01,0,0,1
1059505,1223,WESTERN AVE,1,PARKING LOT/GARAGE(NON.RESID.),13jan2013 15:00:00,13jan2013 15:30:00,14jan2013,,,,,,,,01B,"RACIAL / ETHNIC, ETC.",01B,"RACIAL / ETHNIC, ETC.",CLOSED/FINAL,NOT SUSTAINED,SUMMERS,DEBRA,,,UNKNOWN,,FEMALE,BLACK,apr2016,,,01,0,0,1
1059505,1223,WESTERN AVE,1,PARKING LOT/GARAGE(NON.RESID.),13jan2013 15:00:00,13jan2013 15:30:00,14jan2013,,MC CLEARN,8877,012,,13sep1999,POLICE OFFICER,01B,"RACIAL / ETHNIC, ETC.",01B,"RACIAL / ETHNIC, ETC.",CLOSED/FINAL,NOT SUSTAINED,GARRETT,EDWARD,,,UNKNOWN,56,MALE,BLACK,apr2016,,,01,0,0,1
1059505,1223,WESTERN AVE,1,PARKING LOT/GARAGE(NON.RESID.),13jan2013 15:00:00,13jan2013 15:30:00,14jan2013,,MC CLEARN,8877,012,,13sep1999,POLICE OFFICER,01B,"RACIAL / ETHNIC, ETC.",01B,"RACIAL / ETHNIC, ETC.",CLOSED/FINAL,NOT SUSTAINED,SUMMERS,DEBRA,,,UNKNOWN,,FEMALE,BLACK,apr2016,,,01,0,0,1
1059505,1223,WESTERN AVE,1,PARKING LOT/GARAGE(NON.RESID.),13jan2013 15:00:00,13jan2013 15:30:00,14jan2013,,,,,,,,01B,"RACIAL / ETHNIC, ETC.",01B,"RACIAL / ETHNIC, ETC.",CLOSED/FINAL,NOT SUSTAINED,SUMMERS,DEBRA,,,UNKNOWN,52,FEMALE,BLACK,apr2016,,,01,0,0,1
1059505,1223,WESTERN AVE,1,PARKING LOT/GARAGE(NON.RESID.),13jan2013 15:00:00,13jan2013 15:30:00,14jan2013,,MC CLEARN,8877,012,,13sep1999,POLICE OFFICER,01B,"RACIAL / ETHNIC, ETC.",01B,"RACIAL / ETHNIC, ETC.",CLOSED/FINAL,NOT SUSTAINED,GARRETT,EDWARD,,,UNKNOWN,53,MALE,BLACK,apr2016,,,01,0,0,1
1059505,1223,WESTERN AVE,1,PARKING LOT/GARAGE(NON.RESID.),13jan2013 15:00:00,13jan2013 15:30:00,14jan2013,,MC CLEARN,8877,012,,13sep1999,POLICE OFFICER,01B,"RACIAL / ETHNIC, ETC.",01B,"RACIAL / ETHNIC, ETC.",CLOSED/FINAL,NOT SUSTAINED,SUMMERS,DEBORAH,,,UNKNOWN,52,FEMALE,BLACK,apr2016,,,01,0,0,1
1059505,1223,WESTERN AVE,1,PARKING LOT/GARAGE(NON.RESID.),13jan2013 15:00:00,13jan2013 15:30:00,14jan2013,,MC CLEARN,8877,012,,13sep1999,POLICE OFFICER,01B,"RACIAL / ETHNIC, ETC.",01B,"RACIAL / ETHNIC, ETC.",CLOSED/FINAL,NOT SUSTAINED,BROWN,MARLENE,,,UNKNOWN,56,FEMALE,BLACK,apr2016,,,01,0,0,1
1059505,1223,WESTERN AVE,1,PARKING LOT/GARAGE(NON.RESID.),13jan2013 15:00:00,13jan2013 15:30:00,14jan2013,,,,,,,,01B,"RACIAL / ETHNIC, ETC.",01B,"RACIAL / ETHNIC, ETC.",CLOSED/FINAL,NOT SUSTAINED,BROWN,MARLENE,,,UNKNOWN,56,FEMALE,BLACK,apr2016,,,01,0,0,1
1059505,1223,WESTERN AVE,1,PARKING LOT/GARAGE(NON.RESID.),13jan2013 15:00:00,13jan2013 15:30:00,14jan2013,,MC CLEARN,8877,012,,13sep1999,POLICE OFFICER,01B,"RACIAL / ETHNIC, ETC.",01B,"RACIAL / ETHNIC, ETC.",CLOSED/FINAL,NOT SUSTAINED,SUMMERS,DEBRA,,,UNKNOWN,52,FEMALE,BLACK,apr2016,,,01,0,0,1
1059505,1223,WESTERN AVE,1,PARKING LOT/GARAGE(NON.RESID.),13jan2013 15:00:00,13jan2013 15:30:00,14jan2013,,MC CLEARN,8877,012,,13sep1999,POLICE OFFICER,01B,"RACIAL / ETHNIC, ETC.",01B,"RACIAL / ETHNIC, ETC.",CLOSED/FINAL,NOT SUSTAINED,BROWN,MARLENE,,,UNKNOWN,54,FEMALE,BLACK,apr2016,,,01,0,0,1
1059505,1223,WESTERN AVE,1,PARKING LOT/GARAGE(NON.RESID.),13jan2013 15:00:00,13jan2013 15:30:00,14jan2013,,,,,,,,01B,"RACIAL / ETHNIC, ETC.",01B,"RACIAL / ETHNIC, ETC.",CLOSED/FINAL,NOT SUSTAINED,BROWN,MARLENE,,,UNKNOWN,54,FEMALE,BLACK,apr2016,,,01,0,1,1
1059505,1223,WESTERN AVE,1,PARKING LOT/GARAGE(NON.RESID.),13jan2013 15:00:00,13jan2013 15:30:00,14jan2013,,,,,,,,01B,"RACIAL / ETHNIC, ETC.",01B,"RACIAL / ETHNIC, ETC.",CLOSED/FINAL,NOT SUSTAINED,GARRETT,EDWARD,,,UNKNOWN,56,MALE,BLACK,apr2016,,,01,0,0,1
1059505,1223,WESTERN AVE,1,PARKING LOT/GARAGE(NON.RESID.),13jan2013 15:00:00,13jan2013 15:30:00,14jan2013,,,,,,,,01B,"RACIAL / ETHNIC, ETC.",01B,"RACIAL / ETHNIC, ETC.",CLOSED/FINAL,NOT SUSTAINED,SUMMERS,DEBORAH,,,UNKNOWN,52,FEMALE,BLACK,apr2016,,,01,0,0,1
