COMPLAINT_NUMBER,BEAT,STREET,ADDRESS,LOCATION_CODE,INCIDENT_TIME_START,INCIDENT_TIME_END,NOTIFICATION_DATE,ACCSUEDOFFICER_FNAME,ACCUSEDOFFICER_LNAME,ACCUSED_STAR,ACCUSED_UNIT,ACCUSED_DETAIL,ACCUSED_APPOINTMENT_DATE,ACCUSED_POSITION,INITIAL_CATEGORY_CODE,INITIAL_CATEGORY,CURRENT_CATEGORY_CODE,CURRENT_CATEGORY,CURRENT_STATUS,FINDING_CODE,INVOLVED_OFFICER_LNAME,INVOLVED_OFFICER_FNAME,INVOLVED_OFFICER_UNIT,INVOLVED_OFFICER_DETAIL,INVOLVED_OFFICER_POSITION,INVOLVED_OFFICER_AGE,INVOLVED_OFFICER_SEX,INVOLVED_OFFICER_RACE,foia,INVOLVED_OFFICER_DESCRIPTION,INVOLVED_OFFICER_TYPE,start_code_2,start_code_1,rec,sum_rec
1057850,1134,HARRISON ST,3151,POLICE FACILITY/VEH PARKING LOT,17oct2012 23:00:00,17oct2012 23:00:00,18oct2012,,,,,,,,05A,EXCESSIVE FORCE / ON DUTY - INJURY,S021,MISCELLANEOUS,CLOSED/FINAL,NOT SUSTAINED,THOMAS,KATIE ,,,UNKNOWN,27,FEMALE,BLACK,apr2016,,,05,0,0,1
1057850,1134,HARRISON ST,3151,POLICE FACILITY/VEH PARKING LOT,17oct2012 23:00:00,17oct2012 23:00:00,18oct2012,,,,,,,,05A,EXCESSIVE FORCE / ON DUTY - INJURY,S021,MISCELLANEOUS,CLOSED/FINAL,NOT SUSTAINED,THOMAS ,FLOYD ,,,UNKNOWN,29,MALE,BLACK,apr2016,,,05,0,0,1
1057850,1134,HARRISON ST,3151,POLICE FACILITY/VEH PARKING LOT,17oct2012 23:00:00,17oct2012 23:00:00,18oct2012,,,,,,,,05A,EXCESSIVE FORCE / ON DUTY - INJURY,S021,MISCELLANEOUS,CLOSED/FINAL,NOT SUSTAINED,THOMAS,KATIE ,,,UNKNOWN,25,FEMALE,BLACK,apr2016,,,05,0,0,1
1057850,1134,HARRISON ST,3151,POLICE FACILITY/VEH PARKING LOT,17oct2012 23:00:00,17oct2012 23:00:00,18oct2012,RICHARD,CARO,5368,011,,03jan2005,POLICE OFFICER,05A,EXCESSIVE FORCE / ON DUTY - INJURY,S021,MISCELLANEOUS,CLOSED/FINAL,EXONERATED,THOMAS,KATIE ,,,UNKNOWN,27,FEMALE,BLACK,apr2016,,,05,0,0,1
1057850,1134,HARRISON ST,3151,POLICE FACILITY/VEH PARKING LOT,17oct2012 23:00:00,17oct2012 23:00:00,18oct2012,STEVEN,JAGLARSKI,11175,011,,25oct2004,POLICE OFFICER,05A,EXCESSIVE FORCE / ON DUTY - INJURY,S021,MISCELLANEOUS,CLOSED/FINAL,EXONERATED,THOMAS,KATIE ,,,UNKNOWN,25,FEMALE,BLACK,apr2016,,,05,0,0,1
1057850,1134,HARRISON ST,3151,POLICE FACILITY/VEH PARKING LOT,17oct2012 23:00:00,17oct2012 23:00:00,18oct2012,STEVEN,JAGLARSKI,11175,011,,25oct2004,POLICE OFFICER,05A,EXCESSIVE FORCE / ON DUTY - INJURY,S021,MISCELLANEOUS,CLOSED/FINAL,EXONERATED,THOMAS ,FLOYD ,,,UNKNOWN,29,MALE,BLACK,apr2016,,,05,0,0,1
1057850,1134,HARRISON ST,3151,POLICE FACILITY/VEH PARKING LOT,17oct2012 23:00:00,17oct2012 23:00:00,18oct2012,RICHARD,CARO,5368,011,,03jan2005,POLICE OFFICER,05A,EXCESSIVE FORCE / ON DUTY - INJURY,S021,MISCELLANEOUS,CLOSED/FINAL,EXONERATED,THOMAS ,FLOYD ,,,UNKNOWN,27,MALE,BLACK,apr2016,,,05,0,0,1
1057850,1134,HARRISON ST,3151,POLICE FACILITY/VEH PARKING LOT,17oct2012 23:00:00,17oct2012 23:00:00,18oct2012,RICHARD,CARO,5368,011,,03jan2005,POLICE OFFICER,05A,EXCESSIVE FORCE / ON DUTY - INJURY,S021,MISCELLANEOUS,CLOSED/FINAL,EXONERATED,THOMAS,KATIE ,,,UNKNOWN,25,FEMALE,BLACK,apr2016,,,05,0,0,1
1057850,1134,HARRISON ST,3151,POLICE FACILITY/VEH PARKING LOT,17oct2012 23:00:00,17oct2012 23:00:00,18oct2012,STEVEN,JAGLARSKI,11175,011,,25oct2004,POLICE OFFICER,05A,EXCESSIVE FORCE / ON DUTY - INJURY,S021,MISCELLANEOUS,CLOSED/FINAL,EXONERATED,THOMAS ,FLOYD ,,,UNKNOWN,27,MALE,BLACK,apr2016,,,05,0,0,1
1057850,1134,HARRISON ST,3151,POLICE FACILITY/VEH PARKING LOT,17oct2012 23:00:00,17oct2012 23:00:00,18oct2012,STEVEN,JAGLARSKI,11175,011,,25oct2004,POLICE OFFICER,05A,EXCESSIVE FORCE / ON DUTY - INJURY,S021,MISCELLANEOUS,CLOSED/FINAL,EXONERATED,THOMAS,KATIE ,,,UNKNOWN,27,FEMALE,BLACK,apr2016,,,05,0,0,1
1057850,1134,HARRISON ST,3151,POLICE FACILITY/VEH PARKING LOT,17oct2012 23:00:00,17oct2012 23:00:00,18oct2012,RICHARD,CARO,5368,011,,03jan2005,POLICE OFFICER,05A,EXCESSIVE FORCE / ON DUTY - INJURY,S021,MISCELLANEOUS,CLOSED/FINAL,EXONERATED,THOMAS ,FLOYD ,,,UNKNOWN,29,MALE,BLACK,apr2016,,,05,0,0,1
1057850,1134,HARRISON ST,3151,POLICE FACILITY/VEH PARKING LOT,17oct2012 23:00:00,17oct2012 23:00:00,18oct2012,,,,,,,,05A,EXCESSIVE FORCE / ON DUTY - INJURY,S021,MISCELLANEOUS,CLOSED/FINAL,NOT SUSTAINED,THOMAS ,FLOYD ,,,UNKNOWN,27,MALE,BLACK,apr2016,,,05,0,0,1
