COMPLAINT_NUMBER,BEAT,STREET,ADDRESS,LOCATION_CODE,INCIDENT_TIME_START,INCIDENT_TIME_END,NOTIFICATION_DATE,ACCSUEDOFFICER_FNAME,ACCUSEDOFFICER_LNAME,ACCUSED_STAR,ACCUSED_UNIT,ACCUSED_DETAIL,ACCUSED_APPOINTMENT_DATE,ACCUSED_POSITION,INITIAL_CATEGORY_CODE,INITIAL_CATEGORY,CURRENT_CATEGORY_CODE,CURRENT_CATEGORY,CURRENT_STATUS,FINDING_CODE,INVOLVED_OFFICER_LNAME,INVOLVED_OFFICER_FNAME,INVOLVED_OFFICER_UNIT,INVOLVED_OFFICER_DETAIL,INVOLVED_OFFICER_POSITION,INVOLVED_OFFICER_AGE,INVOLVED_OFFICER_SEX,INVOLVED_OFFICER_RACE,foia,INVOLVED_OFFICER_DESCRIPTION,INVOLVED_OFFICER_TYPE,start_code_2,start_code_1,rec,sum_rec
1057936,1011,INDEPENDENCE BLVD,1200,GAS STATION,21oct2012 12:59:59,21oct2012 12:59:59,22oct2012,,,,,,,,01B,"RACIAL / ETHNIC, ETC.",03B,IMPROPER SEARCH OF PERSON ,CLOSED/FINAL,UNFOUNDED,VAUGHN,ELTON ,,,UNKNOWN,37,MALE,BLACK,apr2016,,,01,0,0,1
1057936,1011,INDEPENDENCE BLVD,1200,GAS STATION,21oct2012 12:59:59,21oct2012 12:59:59,22oct2012,,,,,,,,01B,"RACIAL / ETHNIC, ETC.",03B,IMPROPER SEARCH OF PERSON ,CLOSED/FINAL,UNFOUNDED,OSWALD,JENNIFER,010,,POLICE OFFICER,,FEMALE,WHITE,apr2016,,,01,0,0,1
1057936,1011,INDEPENDENCE BLVD,1200,GAS STATION,21oct2012 12:59:59,21oct2012 12:59:59,22oct2012,HERMAN,SALGADO,11278,010,,25feb2002,POLICE OFFICER,01B,"RACIAL / ETHNIC, ETC.",03B,IMPROPER SEARCH OF PERSON ,CLOSED/FINAL,NOT SUSTAINED,VAUGHN,ELTON ,,,UNKNOWN,37,MALE,BLACK,apr2016,,,01,0,0,1
1057936,1011,INDEPENDENCE BLVD,1200,GAS STATION,21oct2012 12:59:59,21oct2012 12:59:59,22oct2012,,,,,,,,01B,"RACIAL / ETHNIC, ETC.",03B,IMPROPER SEARCH OF PERSON ,CLOSED/FINAL,UNFOUNDED,VAUGHN,ELTON ,,,UNKNOWN,38,MALE,BLACK,apr2016,,,01,0,0,1
1057936,1011,INDEPENDENCE BLVD,1200,GAS STATION,21oct2012 12:59:59,21oct2012 12:59:59,22oct2012,HERMAN,SALGADO,11278,010,,25feb2002,POLICE OFFICER,01B,"RACIAL / ETHNIC, ETC.",03B,IMPROPER SEARCH OF PERSON ,CLOSED/FINAL,NOT SUSTAINED,OSWALD,JENNIFER,010,,POLICE OFFICER,,FEMALE,WHITE,apr2016,,,01,0,0,1
1057936,1011,INDEPENDENCE BLVD,1200,GAS STATION,21oct2012 12:59:59,21oct2012 12:59:59,22oct2012,HERMAN,SALGADO,11278,010,,25feb2002,POLICE OFFICER,01B,"RACIAL / ETHNIC, ETC.",03B,IMPROPER SEARCH OF PERSON ,CLOSED/FINAL,NOT SUSTAINED,VAUGHN,ELTON ,,,UNKNOWN,38,MALE,BLACK,apr2016,,,01,0,0,1
