COMPLAINT_NUMBER,BEAT,STREET,ADDRESS,LOCATION_CODE,INCIDENT_TIME_START,INCIDENT_TIME_END,NOTIFICATION_DATE,ACCSUEDOFFICER_FNAME,ACCUSEDOFFICER_LNAME,ACCUSED_STAR,ACCUSED_UNIT,ACCUSED_DETAIL,ACCUSED_APPOINTMENT_DATE,ACCUSED_POSITION,INITIAL_CATEGORY_CODE,INITIAL_CATEGORY,CURRENT_CATEGORY_CODE,CURRENT_CATEGORY,CURRENT_STATUS,FINDING_CODE,INVOLVED_OFFICER_LNAME,INVOLVED_OFFICER_FNAME,INVOLVED_OFFICER_UNIT,INVOLVED_OFFICER_DETAIL,INVOLVED_OFFICER_POSITION,INVOLVED_OFFICER_AGE,INVOLVED_OFFICER_SEX,INVOLVED_OFFICER_RACE,foia,INVOLVED_OFFICER_DESCRIPTION,INVOLVED_OFFICER_TYPE,start_code_2,start_code_1,rec,sum_rec
1062303,1612,OKETO AVE,5825,SIDEWALK,17may2013 15:45:00,17may2013 15:45:00,18may2013,,KUMIGA,15998,024,,05dec2005,POLICE OFFICER,20B,SHOTS FIRED - DESTRUCTION OF ANIMAL,05Z,MISCELLANEOUS,CLOSED/FINAL,UNFOUNDED,ROBLES,SAMANTHA,,,UNKNOWN,,FEMALE,WHITE HISPANIC,apr2016,,,20,2,0,1
1062303,1612,OKETO AVE,5825,SIDEWALK,17may2013 15:45:00,17may2013 15:45:00,18may2013,,KUMIGA,15998,024,,05dec2005,POLICE OFFICER,20B,SHOTS FIRED - DESTRUCTION OF ANIMAL,05Z,MISCELLANEOUS,CLOSED/FINAL,UNFOUNDED,MILANO,GEORGE,,,UNKNOWN,,MALE,,apr2016,,,20,2,0,1
1062303,1612,OKETO AVE,5825,SIDEWALK,17may2013 15:45:00,17may2013 15:45:00,18may2013,,KUMIGA,15998,024,,05dec2005,POLICE OFFICER,20B,SHOTS FIRED - DESTRUCTION OF ANIMAL,05Z,MISCELLANEOUS,CLOSED/FINAL,UNFOUNDED,MILANO,LAURA,,,UNKNOWN,,FEMALE,WHITE HISPANIC,apr2016,,,20,2,0,1
1062303,1612,OKETO AVE,5825,SIDEWALK,17may2013 15:45:00,17may2013 15:45:00,18may2013,,KUMIGA,15998,024,,05dec2005,POLICE OFFICER,20B,SHOTS FIRED - DESTRUCTION OF ANIMAL,05Z,MISCELLANEOUS,CLOSED/FINAL,UNFOUNDED,TAVAREZ,DIOMEDES,,,UNKNOWN,,MALE,WHITE HISPANIC,apr2016,,,20,2,0,1
1062303,1612,OKETO AVE,5825,SIDEWALK,17may2013 15:45:00,17may2013 15:45:00,18may2013,,KUMIGA,15998,024,,05dec2005,POLICE OFFICER,20B,SHOTS FIRED - DESTRUCTION OF ANIMAL,05Z,MISCELLANEOUS,CLOSED/FINAL,UNFOUNDED,TAVAREZ,CATHY,,,UNKNOWN,,FEMALE,UNKNOWN,apr2016,,,20,2,0,1
1062303,1612,OKETO AVE,5825,SIDEWALK,17may2013 15:45:00,17may2013 15:45:00,18may2013,,KUMIGA,15998,024,,05dec2005,POLICE OFFICER,20B,SHOTS FIRED - DESTRUCTION OF ANIMAL,05Z,MISCELLANEOUS,CLOSED/FINAL,UNFOUNDED,MAGLAYA,SAMANCHA,,,UNKNOWN,33,FEMALE,WHITE HISPANIC,apr2016,,,20,2,0,1
