COMPLAINT_NUMBER,BEAT,STREET,ADDRESS,LOCATION_CODE,INCIDENT_TIME_START,INCIDENT_TIME_END,NOTIFICATION_DATE,ACCSUEDOFFICER_FNAME,ACCUSEDOFFICER_LNAME,ACCUSED_STAR,ACCUSED_UNIT,ACCUSED_DETAIL,ACCUSED_APPOINTMENT_DATE,ACCUSED_POSITION,INITIAL_CATEGORY_CODE,INITIAL_CATEGORY,CURRENT_CATEGORY_CODE,CURRENT_CATEGORY,CURRENT_STATUS,FINDING_CODE,INVOLVED_OFFICER_LNAME,INVOLVED_OFFICER_FNAME,INVOLVED_OFFICER_UNIT,INVOLVED_OFFICER_DETAIL,INVOLVED_OFFICER_POSITION,INVOLVED_OFFICER_AGE,INVOLVED_OFFICER_SEX,INVOLVED_OFFICER_RACE,foia,INVOLVED_OFFICER_DESCRIPTION,INVOLVED_OFFICER_TYPE,start_code_2,start_code_1,rec,sum_rec
1057810,1832,STATE ST,800,CTA PLATFORM,10oct2012 19:09:59,10oct2012 19:09:59,16oct2012,EDMUND,ECHEVARRIA,16665,059,,07aug1995,PO/MARINE OFFICER,05M,UNNECESSARY PHYSICAL CONTACT / ON DUTY - NO INJURY,S117,PUSH/PULL/GRAB,CLOSED/FINAL,UNFOUNDED,MARTINEZ,FLOYD,,,UNKNOWN,18,MALE,BLACK,apr2016,,,05,0,0,1
1057810,1832,STATE ST,800,CTA PLATFORM,10oct2012 19:09:59,10oct2012 19:09:59,16oct2012,,,,,,,,05M,UNNECESSARY PHYSICAL CONTACT / ON DUTY - NO INJURY,S117,PUSH/PULL/GRAB,CLOSED/FINAL,UNFOUNDED,SANCHEZ,JESUS,014,,POLICE OFFICER,,MALE,SPANISH (DO NOT USE),apr2016,,,05,0,0,1
1057810,1832,STATE ST,800,CTA PLATFORM,10oct2012 19:09:59,10oct2012 19:09:59,16oct2012,,,,,,,,05M,UNNECESSARY PHYSICAL CONTACT / ON DUTY - NO INJURY,S117,PUSH/PULL/GRAB,CLOSED/FINAL,UNFOUNDED,COLINDRES,ANGEL,012,,POLICE OFFICER,,MALE,SPANISH (DO NOT USE),apr2016,,,05,0,0,1
1057810,1832,STATE ST,800,CTA PLATFORM,10oct2012 19:09:59,10oct2012 19:09:59,16oct2012,EDMUND,ECHEVARRIA,16665,059,,07aug1995,PO/MARINE OFFICER,05M,UNNECESSARY PHYSICAL CONTACT / ON DUTY - NO INJURY,S117,PUSH/PULL/GRAB,CLOSED/FINAL,UNFOUNDED,COLINDRES,ANGEL,012,,POLICE OFFICER,,MALE,SPANISH (DO NOT USE),apr2016,,,05,0,0,1
1057810,1832,STATE ST,800,CTA PLATFORM,10oct2012 19:09:59,10oct2012 19:09:59,16oct2012,,,,,,,,05M,UNNECESSARY PHYSICAL CONTACT / ON DUTY - NO INJURY,S117,PUSH/PULL/GRAB,CLOSED/FINAL,UNFOUNDED,MARTINEZ,FLOYD,,,UNKNOWN,18,MALE,BLACK,apr2016,,,05,0,0,1
1057810,1832,STATE ST,800,CTA PLATFORM,10oct2012 19:09:59,10oct2012 19:09:59,16oct2012,EDMUND,ECHEVARRIA,16665,059,,07aug1995,PO/MARINE OFFICER,05M,UNNECESSARY PHYSICAL CONTACT / ON DUTY - NO INJURY,S117,PUSH/PULL/GRAB,CLOSED/FINAL,UNFOUNDED,SANCHEZ,JESUS,014,,POLICE OFFICER,,MALE,SPANISH (DO NOT USE),apr2016,,,05,0,0,1
