COMPLAINT_NUMBER,BEAT,STREET,ADDRESS,LOCATION_CODE,INCIDENT_TIME_START,INCIDENT_TIME_END,NOTIFICATION_DATE,ACCSUEDOFFICER_FNAME,ACCUSEDOFFICER_LNAME,ACCUSED_STAR,ACCUSED_UNIT,ACCUSED_DETAIL,ACCUSED_APPOINTMENT_DATE,ACCUSED_POSITION,INITIAL_CATEGORY_CODE,INITIAL_CATEGORY,CURRENT_CATEGORY_CODE,CURRENT_CATEGORY,CURRENT_STATUS,FINDING_CODE,INVOLVED_OFFICER_LNAME,INVOLVED_OFFICER_FNAME,INVOLVED_OFFICER_UNIT,INVOLVED_OFFICER_DETAIL,INVOLVED_OFFICER_POSITION,INVOLVED_OFFICER_AGE,INVOLVED_OFFICER_SEX,INVOLVED_OFFICER_RACE,foia,INVOLVED_OFFICER_DESCRIPTION,INVOLVED_OFFICER_TYPE,start_code_2,start_code_1,rec,sum_rec
1055247,1014,OGDEN AVE,3768,STREET,03jul2012 09:30:00,03jul2012 09:30:00,03jul2012,,,,,,,,05B,EXCESSIVE FORCE / ON DUTY - NO INJURY,S121,HANDCUFF TOO TIGHT,CLOSED/FINAL,NOT SUSTAINED,MORAN,JIMMY,,,UNKNOWN,52,MALE,WHITE HISPANIC,apr2016,,,05,0,1,1
1055247,1014,OGDEN AVE,3768,STREET,03jul2012 09:30:00,03jul2012 09:30:00,03jul2012,JAMIE,THOMAS,5412,010,,05feb2001,POLICE OFFICER,05B,EXCESSIVE FORCE / ON DUTY - NO INJURY,S121,HANDCUFF TOO TIGHT,CLOSED/FINAL,UNFOUNDED,MORAN,JIMMY,,,UNKNOWN,53,MALE,WHITE HISPANIC,apr2016,,,05,0,0,1
1055247,1014,OGDEN AVE,3768,STREET,03jul2012 09:30:00,03jul2012 09:30:00,03jul2012,JAMIE,THOMAS,5412,010,,05feb2001,POLICE OFFICER,05B,EXCESSIVE FORCE / ON DUTY - NO INJURY,S121,HANDCUFF TOO TIGHT,CLOSED/FINAL,UNFOUNDED,MORAN,JIMMY,,,UNKNOWN,52,MALE,WHITE HISPANIC,apr2016,,,05,0,0,1
1055247,1014,OGDEN AVE,3768,STREET,03jul2012 09:30:00,03jul2012 09:30:00,03jul2012,,,,,,,,05B,EXCESSIVE FORCE / ON DUTY - NO INJURY,S121,HANDCUFF TOO TIGHT,CLOSED/FINAL,NOT SUSTAINED,MORAN,JIMMY,,,UNKNOWN,53,MALE,WHITE HISPANIC,apr2016,,,05,0,0,1
1055247,1014,OGDEN AVE,3768,STREET,03jul2012 09:30:00,03jul2012 09:30:00,03jul2012,DAVID,ALCALA,15731,010,,29sep2003,POLICE OFFICER,05B,EXCESSIVE FORCE / ON DUTY - NO INJURY,S121,HANDCUFF TOO TIGHT,CLOSED/FINAL,NOT SUSTAINED,MORAN,JIMMY,,,UNKNOWN,52,MALE,WHITE HISPANIC,apr2016,,,05,0,0,1
1055247,1014,OGDEN AVE,3768,STREET,03jul2012 09:30:00,03jul2012 09:30:00,03jul2012,DAVID,ALCALA,15731,010,,29sep2003,POLICE OFFICER,05B,EXCESSIVE FORCE / ON DUTY - NO INJURY,S121,HANDCUFF TOO TIGHT,CLOSED/FINAL,NOT SUSTAINED,MORAN,JIMMY,,,UNKNOWN,53,MALE,WHITE HISPANIC,apr2016,,,05,0,0,1
