COMPLAINT_NUMBER,BEAT,STREET,ADDRESS,LOCATION_CODE,INCIDENT_TIME_START,INCIDENT_TIME_END,NOTIFICATION_DATE,ACCSUEDOFFICER_FNAME,ACCUSEDOFFICER_LNAME,ACCUSED_STAR,ACCUSED_UNIT,ACCUSED_DETAIL,ACCUSED_APPOINTMENT_DATE,ACCUSED_POSITION,INITIAL_CATEGORY_CODE,INITIAL_CATEGORY,CURRENT_CATEGORY_CODE,CURRENT_CATEGORY,CURRENT_STATUS,FINDING_CODE,INVOLVED_OFFICER_LNAME,INVOLVED_OFFICER_FNAME,INVOLVED_OFFICER_UNIT,INVOLVED_OFFICER_DETAIL,INVOLVED_OFFICER_POSITION,INVOLVED_OFFICER_AGE,INVOLVED_OFFICER_SEX,INVOLVED_OFFICER_RACE,foia,INVOLVED_OFFICER_DESCRIPTION,INVOLVED_OFFICER_TYPE,start_code_2,start_code_1,rec,sum_rec
1060557,1712,ARGYLE ST,3600,STREET,06mar2013 12:30:00,06mar2013 12:30:00,06mar2013,,,,,,,,S042,MISCELLANEOUS,01B,"RACIAL / ETHNIC, ETC.",CLOSED/FINAL,NOT SUSTAINED,ABUKAR,ABUKAR,,,,24,MALE,BLACK,apr2016,,,S0,S,0,1
1060557,1712,ARGYLE ST,3600,STREET,06mar2013 12:30:00,06mar2013 12:30:00,06mar2013,,,,,,,,S042,MISCELLANEOUS,01B,"RACIAL / ETHNIC, ETC.",CLOSED/FINAL,NOT SUSTAINED,LEACH,CHARLES,020,,POLICE OFFICER,,MALE,ASIAN/PACIFIC ISLANDER,apr2016,,,S0,S,0,1
1060557,1712,ARGYLE ST,3600,STREET,06mar2013 12:30:00,06mar2013 12:30:00,06mar2013,,KAST,4102,020,,28oct2002,POLICE OFFICER,S042,MISCELLANEOUS,01B,"RACIAL / ETHNIC, ETC.",CLOSED/FINAL,EXONERATED,ABUKAR,ABDIKADIR,,,UNKNOWN,25,MALE,BLACK,apr2016,,,S0,S,0,1
1060557,1712,ARGYLE ST,3600,STREET,06mar2013 12:30:00,06mar2013 12:30:00,06mar2013,,WILLIAMS,2999,020,,14aug2000,POLICE OFFICER,S042,MISCELLANEOUS,01B,"RACIAL / ETHNIC, ETC.",CLOSED/FINAL,EXONERATED,ABUKAR,ABDIKADIR,,,UNKNOWN,25,MALE,BLACK,apr2016,,,S0,S,0,1
1060557,1712,ARGYLE ST,3600,STREET,06mar2013 12:30:00,06mar2013 12:30:00,06mar2013,,KAST,4102,020,,28oct2002,POLICE OFFICER,S042,MISCELLANEOUS,01B,"RACIAL / ETHNIC, ETC.",CLOSED/FINAL,EXONERATED,ABUKAR,ABUKAR,,,,24,MALE,BLACK,apr2016,,,S0,S,0,1
1060557,1712,ARGYLE ST,3600,STREET,06mar2013 12:30:00,06mar2013 12:30:00,06mar2013,,KAST,4102,020,,28oct2002,POLICE OFFICER,S042,MISCELLANEOUS,01B,"RACIAL / ETHNIC, ETC.",CLOSED/FINAL,EXONERATED,MAYANGE,ALI,,,,,MALE,BLACK,apr2016,,,S0,S,0,1
1060557,1712,ARGYLE ST,3600,STREET,06mar2013 12:30:00,06mar2013 12:30:00,06mar2013,,WILLIAMS,2999,020,,14aug2000,POLICE OFFICER,S042,MISCELLANEOUS,01B,"RACIAL / ETHNIC, ETC.",CLOSED/FINAL,EXONERATED,MAYANGE,ALI,,,,,MALE,BLACK,apr2016,,,S0,S,0,1
1060557,1712,ARGYLE ST,3600,STREET,06mar2013 12:30:00,06mar2013 12:30:00,06mar2013,,,,,,,,S042,MISCELLANEOUS,01B,"RACIAL / ETHNIC, ETC.",CLOSED/FINAL,NOT SUSTAINED,ABUKAR,ABDIKADIR,,,UNKNOWN,25,MALE,BLACK,apr2016,,,S0,S,0,1
1060557,1712,ARGYLE ST,3600,STREET,06mar2013 12:30:00,06mar2013 12:30:00,06mar2013,,KAST,4102,020,,28oct2002,POLICE OFFICER,S042,MISCELLANEOUS,01B,"RACIAL / ETHNIC, ETC.",CLOSED/FINAL,EXONERATED,LEACH,CHARLES,020,,POLICE OFFICER,,MALE,ASIAN/PACIFIC ISLANDER,apr2016,,,S0,S,0,1
1060557,1712,ARGYLE ST,3600,STREET,06mar2013 12:30:00,06mar2013 12:30:00,06mar2013,,,,,,,,S042,MISCELLANEOUS,01B,"RACIAL / ETHNIC, ETC.",CLOSED/FINAL,NOT SUSTAINED,MAYANGE,ALI,,,,,MALE,BLACK,apr2016,,,S0,S,0,1
1060557,1712,ARGYLE ST,3600,STREET,06mar2013 12:30:00,06mar2013 12:30:00,06mar2013,,WILLIAMS,2999,020,,14aug2000,POLICE OFFICER,S042,MISCELLANEOUS,01B,"RACIAL / ETHNIC, ETC.",CLOSED/FINAL,EXONERATED,ABUKAR,ABUKAR,,,,24,MALE,BLACK,apr2016,,,S0,S,0,1
1060557,1712,ARGYLE ST,3600,STREET,06mar2013 12:30:00,06mar2013 12:30:00,06mar2013,,WILLIAMS,2999,020,,14aug2000,POLICE OFFICER,S042,MISCELLANEOUS,01B,"RACIAL / ETHNIC, ETC.",CLOSED/FINAL,EXONERATED,LEACH,CHARLES,020,,POLICE OFFICER,,MALE,ASIAN/PACIFIC ISLANDER,apr2016,,,S0,S,0,1
