COMPLAINT_NUMBER,BEAT,STREET,ADDRESS,LOCATION_CODE,INCIDENT_TIME_START,INCIDENT_TIME_END,NOTIFICATION_DATE,ACCSUEDOFFICER_FNAME,ACCUSEDOFFICER_LNAME,ACCUSED_STAR,ACCUSED_UNIT,ACCUSED_DETAIL,ACCUSED_APPOINTMENT_DATE,ACCUSED_POSITION,INITIAL_CATEGORY_CODE,INITIAL_CATEGORY,CURRENT_CATEGORY_CODE,CURRENT_CATEGORY,CURRENT_STATUS,FINDING_CODE,INVOLVED_OFFICER_LNAME,INVOLVED_OFFICER_FNAME,INVOLVED_OFFICER_UNIT,INVOLVED_OFFICER_DETAIL,INVOLVED_OFFICER_POSITION,INVOLVED_OFFICER_AGE,INVOLVED_OFFICER_SEX,INVOLVED_OFFICER_RACE,foia,INVOLVED_OFFICER_DESCRIPTION,INVOLVED_OFFICER_TYPE,start_code_2,start_code_1,rec,sum_rec
1059474,131,STATE ST,1718,POLICE FACILITY/VEH PARKING LOT,11jan2013 21:55:00,11jan2013 21:55:00,12jan2013,,MARZANO,18810,001,,25oct1999,POLICE OFFICER,S021,MISCELLANEOUS,05A,EXCESSIVE FORCE / ON DUTY - INJURY,CLOSED/FINAL,UNFOUNDED,GIANNINI,SILVANA,001,211,POLICE OFFICER,,FEMALE,WHITE,apr2016,,,S0,S,0,1
1059474,131,STATE ST,1718,POLICE FACILITY/VEH PARKING LOT,11jan2013 21:55:00,11jan2013 21:55:00,12jan2013,,DOUGHERTY,18733,001,,05sep1995,POLICE OFFICER,S021,MISCELLANEOUS,05A,EXCESSIVE FORCE / ON DUTY - INJURY,CLOSED/FINAL,NOT SUSTAINED,WILLIAMS,RONNEL,,,UNKNOWN,,MALE,BLACK,apr2016,,,S0,S,0,1
1059474,131,STATE ST,1718,POLICE FACILITY/VEH PARKING LOT,11jan2013 21:55:00,11jan2013 21:55:00,12jan2013,,DOUGHERTY,18733,001,,05sep1995,POLICE OFFICER,S021,MISCELLANEOUS,05A,EXCESSIVE FORCE / ON DUTY - INJURY,CLOSED/FINAL,NOT SUSTAINED,GIANNINI,SILVANA,001,211,POLICE OFFICER,,FEMALE,WHITE,apr2016,,,S0,S,1,1
1059474,131,STATE ST,1718,POLICE FACILITY/VEH PARKING LOT,11jan2013 21:55:00,11jan2013 21:55:00,12jan2013,,MARZANO,18810,001,,25oct1999,POLICE OFFICER,S021,MISCELLANEOUS,05A,EXCESSIVE FORCE / ON DUTY - INJURY,CLOSED/FINAL,UNFOUNDED,WILLIAMS,RONNEL,,,UNKNOWN,,MALE,BLACK,apr2016,,,S0,S,0,1
