COMPLAINT_NUMBER,BEAT,STREET,ADDRESS,LOCATION_CODE,INCIDENT_TIME_START,INCIDENT_TIME_END,NOTIFICATION_DATE,ACCSUEDOFFICER_FNAME,ACCUSEDOFFICER_LNAME,ACCUSED_STAR,ACCUSED_UNIT,ACCUSED_DETAIL,ACCUSED_APPOINTMENT_DATE,ACCUSED_POSITION,INITIAL_CATEGORY_CODE,INITIAL_CATEGORY,CURRENT_CATEGORY_CODE,CURRENT_CATEGORY,CURRENT_STATUS,FINDING_CODE,INVOLVED_OFFICER_LNAME,INVOLVED_OFFICER_FNAME,INVOLVED_OFFICER_UNIT,INVOLVED_OFFICER_DETAIL,INVOLVED_OFFICER_POSITION,INVOLVED_OFFICER_AGE,INVOLVED_OFFICER_SEX,INVOLVED_OFFICER_RACE,foia,INVOLVED_OFFICER_DESCRIPTION,INVOLVED_OFFICER_TYPE,start_code_2,start_code_1,rec,sum_rec
1061826,924,PAULINA ST,4538,STREET,28apr2013 18:59:59,28apr2013 19:05:00,28apr2013,,RODRIGUEZ JR,13237,025,,07jul1997,POLICE OFFICER,05B,EXCESSIVE FORCE / ON DUTY - NO INJURY,05Z,MISCELLANEOUS,CLOSED/FINAL,UNFOUNDED,HERNANDEZ,STELLA,,,UNKNOWN,58,FEMALE,,apr2016,,,05,0,0,1
1061826,924,PAULINA ST,4538,STREET,28apr2013 18:59:59,28apr2013 19:05:00,28apr2013,,RODRIGUEZ JR,13237,025,,07jul1997,POLICE OFFICER,05B,EXCESSIVE FORCE / ON DUTY - NO INJURY,05Z,MISCELLANEOUS,CLOSED/FINAL,UNFOUNDED,PEREZ,VIRGINIA,025,,POLICE OFFICER,,FEMALE,SPANISH (DO NOT USE),apr2016,,,05,0,0,1
1061826,924,PAULINA ST,4538,STREET,28apr2013 18:59:59,28apr2013 19:05:00,28apr2013,,RODRIGUEZ JR,13237,025,,07jul1997,POLICE OFFICER,05B,EXCESSIVE FORCE / ON DUTY - NO INJURY,05Z,MISCELLANEOUS,CLOSED/FINAL,UNFOUNDED,CRUZ,KEVIN,,,UNKNOWN,29,MALE,WHITE HISPANIC,apr2016,,,05,0,0,1
1061826,924,PAULINA ST,4538,STREET,28apr2013 18:59:59,28apr2013 19:05:00,28apr2013,,,,,,,,05B,EXCESSIVE FORCE / ON DUTY - NO INJURY,05Z,MISCELLANEOUS,CLOSED/FINAL,NOT SUSTAINED,,,,,UNKNOWN,,,UNKNOWN,apr2016,,,05,0,0,1
1061826,924,PAULINA ST,4538,STREET,28apr2013 18:59:59,28apr2013 19:05:00,28apr2013,,,,,,,,05B,EXCESSIVE FORCE / ON DUTY - NO INJURY,05Z,MISCELLANEOUS,CLOSED/FINAL,NOT SUSTAINED,CRUZ,KEVIN,,,UNKNOWN,29,MALE,,apr2016,,,05,0,1,1
1061826,924,PAULINA ST,4538,STREET,28apr2013 18:59:59,28apr2013 19:05:00,28apr2013,,,,,,,,05B,EXCESSIVE FORCE / ON DUTY - NO INJURY,05Z,MISCELLANEOUS,CLOSED/FINAL,NOT SUSTAINED,,,,,UNKNOWN,,,,apr2016,,,05,0,0,1
1061826,924,PAULINA ST,4538,STREET,28apr2013 18:59:59,28apr2013 19:05:00,28apr2013,,,,,,,,05B,EXCESSIVE FORCE / ON DUTY - NO INJURY,05Z,MISCELLANEOUS,CLOSED/FINAL,NOT SUSTAINED,HERNANDEZ,STELLA,,,UNKNOWN,58,FEMALE,,apr2016,,,05,0,0,1
1061826,924,PAULINA ST,4538,STREET,28apr2013 18:59:59,28apr2013 19:05:00,28apr2013,,RODRIGUEZ JR,13237,025,,07jul1997,POLICE OFFICER,05B,EXCESSIVE FORCE / ON DUTY - NO INJURY,05Z,MISCELLANEOUS,CLOSED/FINAL,UNFOUNDED,HERNANDEZ,STELLA,,,UNKNOWN,58,FEMALE,WHITE HISPANIC,apr2016,,,05,0,0,1
1061826,924,PAULINA ST,4538,STREET,28apr2013 18:59:59,28apr2013 19:05:00,28apr2013,,,,,,,,05B,EXCESSIVE FORCE / ON DUTY - NO INJURY,05Z,MISCELLANEOUS,CLOSED/FINAL,NOT SUSTAINED,PEREZ,VIRGINIA,025,,POLICE OFFICER,,FEMALE,SPANISH (DO NOT USE),apr2016,,,05,0,0,1
1061826,924,PAULINA ST,4538,STREET,28apr2013 18:59:59,28apr2013 19:05:00,28apr2013,,RODRIGUEZ JR,13237,025,,07jul1997,POLICE OFFICER,05B,EXCESSIVE FORCE / ON DUTY - NO INJURY,05Z,MISCELLANEOUS,CLOSED/FINAL,UNFOUNDED,,,,,UNKNOWN,,,UNKNOWN,apr2016,,,05,0,0,1
1061826,924,PAULINA ST,4538,STREET,28apr2013 18:59:59,28apr2013 19:05:00,28apr2013,,,,,,,,05B,EXCESSIVE FORCE / ON DUTY - NO INJURY,05Z,MISCELLANEOUS,CLOSED/FINAL,NOT SUSTAINED,HERNANDEZ,STELLA,,,UNKNOWN,58,FEMALE,WHITE HISPANIC,apr2016,,,05,0,0,1
1061826,924,PAULINA ST,4538,STREET,28apr2013 18:59:59,28apr2013 19:05:00,28apr2013,,RODRIGUEZ JR,13237,025,,07jul1997,POLICE OFFICER,05B,EXCESSIVE FORCE / ON DUTY - NO INJURY,05Z,MISCELLANEOUS,CLOSED/FINAL,UNFOUNDED,,,,,UNKNOWN,,,,apr2016,,,05,0,0,1
1061826,924,PAULINA ST,4538,STREET,28apr2013 18:59:59,28apr2013 19:05:00,28apr2013,,,,,,,,05B,EXCESSIVE FORCE / ON DUTY - NO INJURY,05Z,MISCELLANEOUS,CLOSED/FINAL,NOT SUSTAINED,CRUZ,KEVIN,,,UNKNOWN,29,MALE,WHITE HISPANIC,apr2016,,,05,0,0,1
1061826,924,PAULINA ST,4538,STREET,28apr2013 18:59:59,28apr2013 19:05:00,28apr2013,,RODRIGUEZ JR,13237,025,,07jul1997,POLICE OFFICER,05B,EXCESSIVE FORCE / ON DUTY - NO INJURY,05Z,MISCELLANEOUS,CLOSED/FINAL,UNFOUNDED,CRUZ,KEVIN,,,UNKNOWN,29,MALE,,apr2016,,,05,0,0,1
