COMPLAINT_NUMBER,BEAT,STREET,ADDRESS,LOCATION_CODE,INCIDENT_TIME_START,INCIDENT_TIME_END,NOTIFICATION_DATE,ACCSUEDOFFICER_FNAME,ACCUSEDOFFICER_LNAME,ACCUSED_STAR,ACCUSED_UNIT,ACCUSED_DETAIL,ACCUSED_APPOINTMENT_DATE,ACCUSED_POSITION,INITIAL_CATEGORY_CODE,INITIAL_CATEGORY,CURRENT_CATEGORY_CODE,CURRENT_CATEGORY,CURRENT_STATUS,FINDING_CODE,INVOLVED_OFFICER_LNAME,INVOLVED_OFFICER_FNAME,INVOLVED_OFFICER_UNIT,INVOLVED_OFFICER_DETAIL,INVOLVED_OFFICER_POSITION,INVOLVED_OFFICER_AGE,INVOLVED_OFFICER_SEX,INVOLVED_OFFICER_RACE,foia,INVOLVED_OFFICER_DESCRIPTION,INVOLVED_OFFICER_TYPE,start_code_2,start_code_1,rec,sum_rec
1059228,935,47TH PL,719,APARTMENT,29dec2012 00:40:00,29dec2012 00:40:00,29dec2012,MICHAEL,ALANIZ,13577,009,211,24feb2003,POLICE OFFICER,,,S005,KICKED,CLOSED/FINAL,EXONERATED,SMITH,ERICK,,,UNKNOWN,33,MALE,BLACK,apr2016,,,,,0,1
1059228,935,47TH PL,719,APARTMENT,29dec2012 00:40:00,29dec2012 00:40:00,29dec2012,MICHAEL,ALANIZ,13577,009,211,24feb2003,POLICE OFFICER,,,S005,KICKED,CLOSED/FINAL,EXONERATED,HAYWOOD,WIVIONIA,,,UNKNOWN,27,FEMALE,BLACK,apr2016,,,,,0,1
1059228,935,47TH PL,719,APARTMENT,29dec2012 00:40:00,29dec2012 00:40:00,29dec2012,MICHAEL,ALANIZ,13577,009,211,24feb2003,POLICE OFFICER,,,S005,KICKED,CLOSED/FINAL,EXONERATED,CORONA,RODRIGO,009,,POLICE OFFICER,,MALE,SPANISH (DO NOT USE),apr2016,,,,,0,1
1059228,935,47TH PL,719,APARTMENT,29dec2012 00:40:00,29dec2012 00:40:00,29dec2012,,,,,,,,,,S005,KICKED,CLOSED/FINAL,EXONERATED,HAYWOOD,WIVIONIA,,,UNKNOWN,27,FEMALE,BLACK,apr2016,,,,,0,1
1059228,935,47TH PL,719,APARTMENT,29dec2012 00:40:00,29dec2012 00:40:00,29dec2012,,,,,,,,,,S005,KICKED,CLOSED/FINAL,EXONERATED,SMITH,ERICK,,,UNKNOWN,33,MALE,BLACK,apr2016,,,,,0,1
1059228,935,47TH PL,719,APARTMENT,29dec2012 00:40:00,29dec2012 00:40:00,29dec2012,,,,,,,,,,S005,KICKED,CLOSED/FINAL,EXONERATED,SMITH,ERICK,,,UNKNOWN,36,MALE,BLACK,apr2016,,,,,0,1
1059228,935,47TH PL,719,APARTMENT,29dec2012 00:40:00,29dec2012 00:40:00,29dec2012,MICHAEL,ALANIZ,13577,009,211,24feb2003,POLICE OFFICER,,,S005,KICKED,CLOSED/FINAL,EXONERATED,SMITH,ERICK,,,UNKNOWN,36,MALE,BLACK,apr2016,,,,,0,1
1059228,935,47TH PL,719,APARTMENT,29dec2012 00:40:00,29dec2012 00:40:00,29dec2012,,,,,,,,,,S005,KICKED,CLOSED/FINAL,EXONERATED,CORONA,RODRIGO,009,,POLICE OFFICER,,MALE,SPANISH (DO NOT USE),apr2016,,,,,1,1
1059228,935,47TH PL,719,APARTMENT,29dec2012 00:40:00,29dec2012 00:40:00,29dec2012,,,,,,,,,,S005,KICKED,CLOSED/FINAL,EXONERATED,HAYWOOD,WIVIONIA,,,UNKNOWN,29,FEMALE,BLACK,apr2016,,,,,0,1
1059228,935,47TH PL,719,APARTMENT,29dec2012 00:40:00,29dec2012 00:40:00,29dec2012,MICHAEL,ALANIZ,13577,009,211,24feb2003,POLICE OFFICER,,,S005,KICKED,CLOSED/FINAL,EXONERATED,HAYWOOD,WIVIONIA,,,UNKNOWN,29,FEMALE,BLACK,apr2016,,,,,0,1
