COMPLAINT_NUMBER,BEAT,STREET,ADDRESS,LOCATION_CODE,INCIDENT_TIME_START,INCIDENT_TIME_END,NOTIFICATION_DATE,ACCSUEDOFFICER_FNAME,ACCUSEDOFFICER_LNAME,ACCUSED_STAR,ACCUSED_UNIT,ACCUSED_DETAIL,ACCUSED_APPOINTMENT_DATE,ACCUSED_POSITION,INITIAL_CATEGORY_CODE,INITIAL_CATEGORY,CURRENT_CATEGORY_CODE,CURRENT_CATEGORY,CURRENT_STATUS,FINDING_CODE,INVOLVED_OFFICER_LNAME,INVOLVED_OFFICER_FNAME,INVOLVED_OFFICER_UNIT,INVOLVED_OFFICER_DETAIL,INVOLVED_OFFICER_POSITION,INVOLVED_OFFICER_AGE,INVOLVED_OFFICER_SEX,INVOLVED_OFFICER_RACE,foia,INVOLVED_OFFICER_DESCRIPTION,INVOLVED_OFFICER_TYPE,start_code_2,start_code_1,rec,sum_rec
1056787,1211,WESTERN AVE,517,STREET,02sep2012 00:00:00,02sep2012 00:00:00,02sep2012,DOROTHY,CADE,7814,005,,16apr2010,POLICE OFFICER,S121,HANDCUFF TOO TIGHT,05A,EXCESSIVE FORCE / ON DUTY - INJURY,CLOSED/FINAL,NOT SUSTAINED,TURNER,ANTHONY,,,UNKNOWN,,MALE,BLACK,apr2016,,,S1,S,0,1
1056787,1211,WESTERN AVE,517,STREET,02sep2012 00:00:00,02sep2012 00:00:00,02sep2012,,,,,,,,S121,HANDCUFF TOO TIGHT,05A,EXCESSIVE FORCE / ON DUTY - INJURY,CLOSED/FINAL,UNFOUNDED,TURNER,ANTHONY,,,UNKNOWN,,MALE,BLACK,apr2016,,,S1,S,0,1
1056787,1211,WESTERN AVE,517,STREET,02sep2012 00:00:00,02sep2012 00:00:00,02sep2012,,,,,,,,S121,HANDCUFF TOO TIGHT,05A,EXCESSIVE FORCE / ON DUTY - INJURY,CLOSED/FINAL,UNFOUNDED,DAMIAN,TRAPPER,,,UNKNOWN,32,MALE,ASIAN/PACIFIC ISLANDER,apr2016,,,S1,S,0,1
1056787,1211,WESTERN AVE,517,STREET,02sep2012 00:00:00,02sep2012 00:00:00,02sep2012,,,,,,,,S121,HANDCUFF TOO TIGHT,05A,EXCESSIVE FORCE / ON DUTY - INJURY,CLOSED/FINAL,UNFOUNDED,BREWER,YOLANDA,079,,POLICE OFFICER,,FEMALE,BLACK,apr2016,,,S1,S,0,1
1056787,1211,WESTERN AVE,517,STREET,02sep2012 00:00:00,02sep2012 00:00:00,02sep2012,DOROTHY,CADE,7814,005,,16apr2010,POLICE OFFICER,S121,HANDCUFF TOO TIGHT,05A,EXCESSIVE FORCE / ON DUTY - INJURY,CLOSED/FINAL,NOT SUSTAINED,BREWER,YOLANDA,079,,POLICE OFFICER,,FEMALE,BLACK,apr2016,,,S1,S,0,1
1056787,1211,WESTERN AVE,517,STREET,02sep2012 00:00:00,02sep2012 00:00:00,02sep2012,DOROTHY,CADE,7814,005,,16apr2010,POLICE OFFICER,S121,HANDCUFF TOO TIGHT,05A,EXCESSIVE FORCE / ON DUTY - INJURY,CLOSED/FINAL,NOT SUSTAINED,DAMIAN,TRAPPER,,,UNKNOWN,32,MALE,ASIAN/PACIFIC ISLANDER,apr2016,,,S1,S,0,1
