COMPLAINT_NUMBER,BEAT,STREET,ADDRESS,LOCATION_CODE,INCIDENT_TIME_START,INCIDENT_TIME_END,NOTIFICATION_DATE,ACCSUEDOFFICER_FNAME,ACCUSEDOFFICER_LNAME,ACCUSED_STAR,ACCUSED_UNIT,ACCUSED_DETAIL,ACCUSED_APPOINTMENT_DATE,ACCUSED_POSITION,INITIAL_CATEGORY_CODE,INITIAL_CATEGORY,CURRENT_CATEGORY_CODE,CURRENT_CATEGORY,CURRENT_STATUS,FINDING_CODE,INVOLVED_OFFICER_LNAME,INVOLVED_OFFICER_FNAME,INVOLVED_OFFICER_UNIT,INVOLVED_OFFICER_DETAIL,INVOLVED_OFFICER_POSITION,INVOLVED_OFFICER_AGE,INVOLVED_OFFICER_SEX,INVOLVED_OFFICER_RACE,foia,INVOLVED_OFFICER_DESCRIPTION,INVOLVED_OFFICER_TYPE,start_code_2,start_code_1,rec,sum_rec
1059975,1513,AUSTIN BLVD,1,STREET,06feb2013 09:59:59,06feb2013 09:59:59,06feb2013,,MARZULLO,13155,015,,30jan2006,POLICE OFFICER,S021,MISCELLANEOUS,05A,EXCESSIVE FORCE / ON DUTY - INJURY,CLOSED/FINAL,UNFOUNDED,WASHINGTON,TANESHA,,,UNKNOWN,23,FEMALE,BLACK,apr2016,,,S0,S,0,1
1059975,1513,AUSTIN BLVD,1,STREET,06feb2013 09:59:59,06feb2013 09:59:59,06feb2013,,MARZULLO,13155,015,,30jan2006,POLICE OFFICER,S021,MISCELLANEOUS,05A,EXCESSIVE FORCE / ON DUTY - INJURY,CLOSED/FINAL,EXONERATED,WASHINGTON,TANESHA,,,UNKNOWN,23,FEMALE,BLACK,apr2016,,,S0,S,0,1
1059975,1513,AUSTIN BLVD,1,STREET,06feb2013 09:59:59,06feb2013 09:59:59,06feb2013,,FREITAG,18520,015,,30sep2002,POLICE OFFICER,S021,MISCELLANEOUS,05A,EXCESSIVE FORCE / ON DUTY - INJURY,CLOSED/FINAL,NOT SUSTAINED,WASHINGTON,TANESHA,,,UNKNOWN,23,FEMALE,BLACK,apr2016,,,S0,S,0,1
1059975,1513,AUSTIN BLVD,1,STREET,06feb2013 09:59:59,06feb2013 09:59:59,06feb2013,,,,,,,,S021,MISCELLANEOUS,05A,EXCESSIVE FORCE / ON DUTY - INJURY,CLOSED/FINAL,EXONERATED,WASHINGTON,TANESHA,,,UNKNOWN,23,FEMALE,BLACK,apr2016,,,S0,S,1,1
1059975,1513,AUSTIN BLVD,1,STREET,06feb2013 09:59:59,06feb2013 09:59:59,06feb2013,,,,,,,,S021,MISCELLANEOUS,05A,EXCESSIVE FORCE / ON DUTY - INJURY,CLOSED/FINAL,NOT SUSTAINED,WASHINGTON,TANESHA,,,UNKNOWN,23,FEMALE,BLACK,apr2016,,,S0,S,0,1
1059975,1513,AUSTIN BLVD,1,STREET,06feb2013 09:59:59,06feb2013 09:59:59,06feb2013,,FREITAG,18520,015,,30sep2002,POLICE OFFICER,S021,MISCELLANEOUS,05A,EXCESSIVE FORCE / ON DUTY - INJURY,CLOSED/FINAL,EXONERATED,WASHINGTON,TANESHA,,,UNKNOWN,23,FEMALE,BLACK,apr2016,,,S0,S,0,1
