COMPLAINT_NUMBER,BEAT,STREET,ADDRESS,LOCATION_CODE,INCIDENT_TIME_START,INCIDENT_TIME_END,NOTIFICATION_DATE,ACCSUEDOFFICER_FNAME,ACCUSEDOFFICER_LNAME,ACCUSED_STAR,ACCUSED_UNIT,ACCUSED_DETAIL,ACCUSED_APPOINTMENT_DATE,ACCUSED_POSITION,INITIAL_CATEGORY_CODE,INITIAL_CATEGORY,CURRENT_CATEGORY_CODE,CURRENT_CATEGORY,CURRENT_STATUS,FINDING_CODE,INVOLVED_OFFICER_LNAME,INVOLVED_OFFICER_FNAME,INVOLVED_OFFICER_UNIT,INVOLVED_OFFICER_DETAIL,INVOLVED_OFFICER_POSITION,INVOLVED_OFFICER_AGE,INVOLVED_OFFICER_SEX,INVOLVED_OFFICER_RACE,foia,INVOLVED_OFFICER_DESCRIPTION,INVOLVED_OFFICER_TYPE,start_code_2,start_code_1,rec,sum_rec
1061219,1234,CERMAK RD,2258,STREET,06apr2013 22:30:00,06apr2013 22:30:00,07apr2013,,DOHERTY,14725,011,211,05dec2005,POLICE OFFICER,05M,UNNECESSARY PHYSICAL CONTACT / ON DUTY - NO INJURY,05Z,MISCELLANEOUS,CLOSED/FINAL,NOT SUSTAINED,SILVA,MARCO,,,UNKNOWN,20,MALE,WHITE HISPANIC,apr2016,,,05,0,0,1
1061219,1234,CERMAK RD,2258,STREET,06apr2013 22:30:00,06apr2013 22:30:00,07apr2013,,,,,,,,05M,UNNECESSARY PHYSICAL CONTACT / ON DUTY - NO INJURY,05Z,MISCELLANEOUS,CLOSED/FINAL,NOT SUSTAINED,SILVA,MARCO,,,UNKNOWN,20,MALE,WHITE HISPANIC,apr2016,,,05,0,0,1
1061219,1234,CERMAK RD,2258,STREET,06apr2013 22:30:00,06apr2013 22:30:00,07apr2013,,,,,,,,05M,UNNECESSARY PHYSICAL CONTACT / ON DUTY - NO INJURY,05Z,MISCELLANEOUS,CLOSED/FINAL,NOT SUSTAINED,TRAVIS,PHILLIP,016,,POLICE OFFICER,,MALE,BLACK,apr2016,,,05,0,0,1
1061219,1234,CERMAK RD,2258,STREET,06apr2013 22:30:00,06apr2013 22:30:00,07apr2013,,,,,,,,05M,UNNECESSARY PHYSICAL CONTACT / ON DUTY - NO INJURY,05Z,MISCELLANEOUS,CLOSED/FINAL,NOT SUSTAINED,SILVA,MARCO,,,UNKNOWN,19,MALE,WHITE HISPANIC,apr2016,,,05,0,1,1
1061219,1234,CERMAK RD,2258,STREET,06apr2013 22:30:00,06apr2013 22:30:00,07apr2013,,DOHERTY,14725,011,211,05dec2005,POLICE OFFICER,05M,UNNECESSARY PHYSICAL CONTACT / ON DUTY - NO INJURY,05Z,MISCELLANEOUS,CLOSED/FINAL,NOT SUSTAINED,TRAVIS,PHILLIP,016,,POLICE OFFICER,,MALE,BLACK,apr2016,,,05,0,0,1
1061219,1234,CERMAK RD,2258,STREET,06apr2013 22:30:00,06apr2013 22:30:00,07apr2013,,DOHERTY,14725,011,211,05dec2005,POLICE OFFICER,05M,UNNECESSARY PHYSICAL CONTACT / ON DUTY - NO INJURY,05Z,MISCELLANEOUS,CLOSED/FINAL,NOT SUSTAINED,SILVA,MARCO,,,UNKNOWN,19,MALE,WHITE HISPANIC,apr2016,,,05,0,0,1
