COMPLAINT_NUMBER,BEAT,STREET,ADDRESS,LOCATION_CODE,INCIDENT_TIME_START,INCIDENT_TIME_END,NOTIFICATION_DATE,ACCSUEDOFFICER_FNAME,ACCUSEDOFFICER_LNAME,ACCUSED_STAR,ACCUSED_UNIT,ACCUSED_DETAIL,ACCUSED_APPOINTMENT_DATE,ACCUSED_POSITION,INITIAL_CATEGORY_CODE,INITIAL_CATEGORY,CURRENT_CATEGORY_CODE,CURRENT_CATEGORY,CURRENT_STATUS,FINDING_CODE,INVOLVED_OFFICER_LNAME,INVOLVED_OFFICER_FNAME,INVOLVED_OFFICER_UNIT,INVOLVED_OFFICER_DETAIL,INVOLVED_OFFICER_POSITION,INVOLVED_OFFICER_AGE,INVOLVED_OFFICER_SEX,INVOLVED_OFFICER_RACE,foia,INVOLVED_OFFICER_DESCRIPTION,INVOLVED_OFFICER_TYPE,start_code_2,start_code_1,rec,sum_rec
1054394,432,104TH ST,3716,STREET,30may2012 15:30:00,30may2012 15:30:00,30may2012,ROBERT,LOBIANCO,16764,004,,25mar2002,POLICE OFFICER,S001,CLOSED HAND STRIKE (PUNCH),05A,EXCESSIVE FORCE / ON DUTY - INJURY,CLOSED/FINAL,EXONERATED,SALAZAR,MICHELLE,,,UNKNOWN,38,FEMALE,WHITE HISPANIC,apr2016,,,S0,S,0,1
1054394,432,104TH ST,3716,STREET,30may2012 15:30:00,30may2012 15:30:00,30may2012,KEVIN,FRY,15329,004,,29sep2003,POLICE OFFICER,S001,CLOSED HAND STRIKE (PUNCH),05A,EXCESSIVE FORCE / ON DUTY - INJURY,CLOSED/FINAL,UNFOUNDED,SALAZAR,ELIJAH,,,UNKNOWN,14,MALE,WHITE HISPANIC,apr2016,,,S0,S,0,1
1054394,432,104TH ST,3716,STREET,30may2012 15:30:00,30may2012 15:30:00,30may2012,ROBERT,LOBIANCO,16764,004,,25mar2002,POLICE OFFICER,S001,CLOSED HAND STRIKE (PUNCH),05A,EXCESSIVE FORCE / ON DUTY - INJURY,CLOSED/FINAL,EXONERATED,SALAZAR,ELIJAH,,,UNKNOWN,14,MALE,WHITE HISPANIC,apr2016,,,S0,S,0,1
1054394,432,104TH ST,3716,STREET,30may2012 15:30:00,30may2012 15:30:00,30may2012,,,,,,,,S001,CLOSED HAND STRIKE (PUNCH),05A,EXCESSIVE FORCE / ON DUTY - INJURY,CLOSED/FINAL,UNFOUNDED,SALAZAR,ELIJAH,,,UNKNOWN,14,MALE,WHITE HISPANIC,apr2016,,,S0,S,0,1
1054394,432,104TH ST,3716,STREET,30may2012 15:30:00,30may2012 15:30:00,30may2012,KEVIN,FRY,15329,004,,29sep2003,POLICE OFFICER,S001,CLOSED HAND STRIKE (PUNCH),05A,EXCESSIVE FORCE / ON DUTY - INJURY,CLOSED/FINAL,UNFOUNDED,SALAZAR,MICHELLE,,,UNKNOWN,38,FEMALE,WHITE HISPANIC,apr2016,,,S0,S,0,1
1054394,432,104TH ST,3716,STREET,30may2012 15:30:00,30may2012 15:30:00,30may2012,,,,,,,,S001,CLOSED HAND STRIKE (PUNCH),05A,EXCESSIVE FORCE / ON DUTY - INJURY,CLOSED/FINAL,UNFOUNDED,SALAZAR,MICHELLE,,,UNKNOWN,38,FEMALE,WHITE HISPANIC,apr2016,,,S0,S,0,1
