COMPLAINT_NUMBER,BEAT,STREET,ADDRESS,LOCATION_CODE,INCIDENT_TIME_START,INCIDENT_TIME_END,NOTIFICATION_DATE,ACCSUEDOFFICER_FNAME,ACCUSEDOFFICER_LNAME,ACCUSED_STAR,ACCUSED_UNIT,ACCUSED_DETAIL,ACCUSED_APPOINTMENT_DATE,ACCUSED_POSITION,INITIAL_CATEGORY_CODE,INITIAL_CATEGORY,CURRENT_CATEGORY_CODE,CURRENT_CATEGORY,CURRENT_STATUS,FINDING_CODE,INVOLVED_OFFICER_LNAME,INVOLVED_OFFICER_FNAME,INVOLVED_OFFICER_UNIT,INVOLVED_OFFICER_DETAIL,INVOLVED_OFFICER_POSITION,INVOLVED_OFFICER_AGE,INVOLVED_OFFICER_SEX,INVOLVED_OFFICER_RACE,foia,INVOLVED_OFFICER_DESCRIPTION,INVOLVED_OFFICER_TYPE,start_code_2,start_code_1,rec,sum_rec
1055761,726,DAMEN AVE,6700,GAS STATION,15jul2012 18:00:00,15jul2012 18:59:59,23jul2012,,,,,,,,05A,EXCESSIVE FORCE / ON DUTY - INJURY,S022,CLOSED HAND STRIKE (PUNCH),CLOSED/FINAL,UNFOUNDED,RANDOLPH,VALERIE,,,UNKNOWN,24,FEMALE,BLACK,apr2016,,,05,0,0,1
1055761,726,DAMEN AVE,6700,GAS STATION,15jul2012 18:00:00,15jul2012 18:59:59,23jul2012,EDWARD,GARCIA,13694,007,,25oct2004,POLICE OFFICER,05A,EXCESSIVE FORCE / ON DUTY - INJURY,S022,CLOSED HAND STRIKE (PUNCH),CLOSED/FINAL,UNFOUNDED,SMITH,SETH,,,UNKNOWN,,MALE,BLACK,apr2016,,,05,0,0,1
1055761,726,DAMEN AVE,6700,GAS STATION,15jul2012 18:00:00,15jul2012 18:59:59,23jul2012,EFRAIN,CARRENO,17367,007,,29nov2004,POLICE OFFICER,05A,EXCESSIVE FORCE / ON DUTY - INJURY,S022,CLOSED HAND STRIKE (PUNCH),CLOSED/FINAL,NOT SUSTAINED,SMITH,SETH,,,UNKNOWN,,MALE,BLACK,apr2016,,,05,0,0,1
1055761,726,DAMEN AVE,6700,GAS STATION,15jul2012 18:00:00,15jul2012 18:59:59,23jul2012,EFRAIN,CARRENO,17367,007,,29nov2004,POLICE OFFICER,05A,EXCESSIVE FORCE / ON DUTY - INJURY,S022,CLOSED HAND STRIKE (PUNCH),CLOSED/FINAL,NOT SUSTAINED,BLACKMAN,JOHN,,,UNKNOWN,28,MALE,BLACK,apr2016,,,05,0,0,1
1055761,726,DAMEN AVE,6700,GAS STATION,15jul2012 18:00:00,15jul2012 18:59:59,23jul2012,GERALD,NEALS,8186,620,,25feb2002,PO AS DETECTIVE,05A,EXCESSIVE FORCE / ON DUTY - INJURY,S022,CLOSED HAND STRIKE (PUNCH),CLOSED/FINAL,UNFOUNDED,RANDOLPH,VALERIE,,,UNKNOWN,24,FEMALE,BLACK,apr2016,,,05,0,0,1
1055761,726,DAMEN AVE,6700,GAS STATION,15jul2012 18:00:00,15jul2012 18:59:59,23jul2012,EDWARD,GARCIA,13694,007,,25oct2004,POLICE OFFICER,05A,EXCESSIVE FORCE / ON DUTY - INJURY,S022,CLOSED HAND STRIKE (PUNCH),CLOSED/FINAL,UNFOUNDED,RANDOLPH,VALERIE,,,UNKNOWN,24,FEMALE,BLACK,apr2016,,,05,0,0,1
1055761,726,DAMEN AVE,6700,GAS STATION,15jul2012 18:00:00,15jul2012 18:59:59,23jul2012,,,,,,,,05A,EXCESSIVE FORCE / ON DUTY - INJURY,S022,CLOSED HAND STRIKE (PUNCH),CLOSED/FINAL,UNFOUNDED,SMITH,SETH,,,UNKNOWN,,MALE,BLACK,apr2016,,,05,0,0,1
1055761,726,DAMEN AVE,6700,GAS STATION,15jul2012 18:00:00,15jul2012 18:59:59,23jul2012,GERALD,NEALS,8186,620,,25feb2002,PO AS DETECTIVE,05A,EXCESSIVE FORCE / ON DUTY - INJURY,S022,CLOSED HAND STRIKE (PUNCH),CLOSED/FINAL,UNFOUNDED,SMITH,SETH,,,UNKNOWN,,MALE,BLACK,apr2016,,,05,0,0,1
1055761,726,DAMEN AVE,6700,GAS STATION,15jul2012 18:00:00,15jul2012 18:59:59,23jul2012,EDWARD,GARCIA,13694,007,,25oct2004,POLICE OFFICER,05A,EXCESSIVE FORCE / ON DUTY - INJURY,S022,CLOSED HAND STRIKE (PUNCH),CLOSED/FINAL,UNFOUNDED,TORRES,ROMAN,007,,POLICE OFFICER,,MALE,SPANISH (DO NOT USE),apr2016,,,05,0,0,1
1055761,726,DAMEN AVE,6700,GAS STATION,15jul2012 18:00:00,15jul2012 18:59:59,23jul2012,,,,,,,,05A,EXCESSIVE FORCE / ON DUTY - INJURY,S022,CLOSED HAND STRIKE (PUNCH),CLOSED/FINAL,UNFOUNDED,TORRES,ROMAN,007,,POLICE OFFICER,,MALE,SPANISH (DO NOT USE),apr2016,,,05,0,0,1
1055761,726,DAMEN AVE,6700,GAS STATION,15jul2012 18:00:00,15jul2012 18:59:59,23jul2012,EDWARD,GARCIA,13694,007,,25oct2004,POLICE OFFICER,05A,EXCESSIVE FORCE / ON DUTY - INJURY,S022,CLOSED HAND STRIKE (PUNCH),CLOSED/FINAL,UNFOUNDED,BLACKMAN,JOHN,,,UNKNOWN,28,MALE,BLACK,apr2016,,,05,0,0,1
1055761,726,DAMEN AVE,6700,GAS STATION,15jul2012 18:00:00,15jul2012 18:59:59,23jul2012,EFRAIN,CARRENO,17367,007,,29nov2004,POLICE OFFICER,05A,EXCESSIVE FORCE / ON DUTY - INJURY,S022,CLOSED HAND STRIKE (PUNCH),CLOSED/FINAL,NOT SUSTAINED,TORRES,ROMAN,007,,POLICE OFFICER,,MALE,SPANISH (DO NOT USE),apr2016,,,05,0,0,1
1055761,726,DAMEN AVE,6700,GAS STATION,15jul2012 18:00:00,15jul2012 18:59:59,23jul2012,EFRAIN,CARRENO,17367,007,,29nov2004,POLICE OFFICER,05A,EXCESSIVE FORCE / ON DUTY - INJURY,S022,CLOSED HAND STRIKE (PUNCH),CLOSED/FINAL,NOT SUSTAINED,RANDOLPH,VALERIE,,,UNKNOWN,25,FEMALE,BLACK,apr2016,,,05,0,0,1
1055761,726,DAMEN AVE,6700,GAS STATION,15jul2012 18:00:00,15jul2012 18:59:59,23jul2012,EFRAIN,CARRENO,17367,007,,29nov2004,POLICE OFFICER,05A,EXCESSIVE FORCE / ON DUTY - INJURY,S022,CLOSED HAND STRIKE (PUNCH),CLOSED/FINAL,NOT SUSTAINED,RANDOLPH,VALERIE,,,UNKNOWN,24,FEMALE,BLACK,apr2016,,,05,0,0,1
1055761,726,DAMEN AVE,6700,GAS STATION,15jul2012 18:00:00,15jul2012 18:59:59,23jul2012,GERALD,NEALS,8186,620,,25feb2002,PO AS DETECTIVE,05A,EXCESSIVE FORCE / ON DUTY - INJURY,S022,CLOSED HAND STRIKE (PUNCH),CLOSED/FINAL,UNFOUNDED,TORRES,ROMAN,007,,POLICE OFFICER,,MALE,SPANISH (DO NOT USE),apr2016,,,05,0,0,1
1055761,726,DAMEN AVE,6700,GAS STATION,15jul2012 18:00:00,15jul2012 18:59:59,23jul2012,EFRAIN,CARRENO,17367,007,,29nov2004,POLICE OFFICER,05A,EXCESSIVE FORCE / ON DUTY - INJURY,S022,CLOSED HAND STRIKE (PUNCH),CLOSED/FINAL,NOT SUSTAINED,BLACKMAN,JOHN,,,UNKNOWN,30,MALE,BLACK,apr2016,,,05,0,0,1
1055761,726,DAMEN AVE,6700,GAS STATION,15jul2012 18:00:00,15jul2012 18:59:59,23jul2012,,,,,,,,05A,EXCESSIVE FORCE / ON DUTY - INJURY,S022,CLOSED HAND STRIKE (PUNCH),CLOSED/FINAL,UNFOUNDED,RANDOLPH,VALERIE,,,UNKNOWN,25,FEMALE,BLACK,apr2016,,,05,0,0,1
1055761,726,DAMEN AVE,6700,GAS STATION,15jul2012 18:00:00,15jul2012 18:59:59,23jul2012,EDWARD,GARCIA,13694,007,,25oct2004,POLICE OFFICER,05A,EXCESSIVE FORCE / ON DUTY - INJURY,S022,CLOSED HAND STRIKE (PUNCH),CLOSED/FINAL,UNFOUNDED,RANDOLPH,VALERIE,,,UNKNOWN,25,FEMALE,BLACK,apr2016,,,05,0,0,1
1055761,726,DAMEN AVE,6700,GAS STATION,15jul2012 18:00:00,15jul2012 18:59:59,23jul2012,,,,,,,,05A,EXCESSIVE FORCE / ON DUTY - INJURY,S022,CLOSED HAND STRIKE (PUNCH),CLOSED/FINAL,UNFOUNDED,BLACKMAN,JOHN,,,UNKNOWN,30,MALE,BLACK,apr2016,,,05,0,0,1
1055761,726,DAMEN AVE,6700,GAS STATION,15jul2012 18:00:00,15jul2012 18:59:59,23jul2012,,,,,,,,05A,EXCESSIVE FORCE / ON DUTY - INJURY,S022,CLOSED HAND STRIKE (PUNCH),CLOSED/FINAL,UNFOUNDED,BLACKMAN,JOHN,,,UNKNOWN,28,MALE,BLACK,apr2016,,,05,0,0,1
1055761,726,DAMEN AVE,6700,GAS STATION,15jul2012 18:00:00,15jul2012 18:59:59,23jul2012,GERALD,NEALS,8186,620,,25feb2002,PO AS DETECTIVE,05A,EXCESSIVE FORCE / ON DUTY - INJURY,S022,CLOSED HAND STRIKE (PUNCH),CLOSED/FINAL,UNFOUNDED,BLACKMAN,JOHN,,,UNKNOWN,28,MALE,BLACK,apr2016,,,05,0,0,1
1055761,726,DAMEN AVE,6700,GAS STATION,15jul2012 18:00:00,15jul2012 18:59:59,23jul2012,GERALD,NEALS,8186,620,,25feb2002,PO AS DETECTIVE,05A,EXCESSIVE FORCE / ON DUTY - INJURY,S022,CLOSED HAND STRIKE (PUNCH),CLOSED/FINAL,UNFOUNDED,RANDOLPH,VALERIE,,,UNKNOWN,25,FEMALE,BLACK,apr2016,,,05,0,0,1
1055761,726,DAMEN AVE,6700,GAS STATION,15jul2012 18:00:00,15jul2012 18:59:59,23jul2012,GERALD,NEALS,8186,620,,25feb2002,PO AS DETECTIVE,05A,EXCESSIVE FORCE / ON DUTY - INJURY,S022,CLOSED HAND STRIKE (PUNCH),CLOSED/FINAL,UNFOUNDED,BLACKMAN,JOHN,,,UNKNOWN,30,MALE,BLACK,apr2016,,,05,0,0,1
1055761,726,DAMEN AVE,6700,GAS STATION,15jul2012 18:00:00,15jul2012 18:59:59,23jul2012,EDWARD,GARCIA,13694,007,,25oct2004,POLICE OFFICER,05A,EXCESSIVE FORCE / ON DUTY - INJURY,S022,CLOSED HAND STRIKE (PUNCH),CLOSED/FINAL,UNFOUNDED,BLACKMAN,JOHN,,,UNKNOWN,30,MALE,BLACK,apr2016,,,05,0,0,1
