COMPLAINT_NUMBER,BEAT,STREET,ADDRESS,LOCATION_CODE,INCIDENT_TIME_START,INCIDENT_TIME_END,NOTIFICATION_DATE,ACCSUEDOFFICER_FNAME,ACCUSEDOFFICER_LNAME,ACCUSED_STAR,ACCUSED_UNIT,ACCUSED_DETAIL,ACCUSED_APPOINTMENT_DATE,ACCUSED_POSITION,INITIAL_CATEGORY_CODE,INITIAL_CATEGORY,CURRENT_CATEGORY_CODE,CURRENT_CATEGORY,CURRENT_STATUS,FINDING_CODE,INVOLVED_OFFICER_LNAME,INVOLVED_OFFICER_FNAME,INVOLVED_OFFICER_UNIT,INVOLVED_OFFICER_DETAIL,INVOLVED_OFFICER_POSITION,INVOLVED_OFFICER_AGE,INVOLVED_OFFICER_SEX,INVOLVED_OFFICER_RACE,foia,INVOLVED_OFFICER_DESCRIPTION,INVOLVED_OFFICER_TYPE,start_code_2,start_code_1,rec,sum_rec
1053780,624,EBERHART AVE,7646,SIDEWALK,04may2012 11:00:00,04may2012 11:00:00,04may2012,JEFFREY,RUMBAUGH,5876,006,,29oct2007,POLICE OFFICER,05A,EXCESSIVE FORCE / ON DUTY - INJURY,S021,MISCELLANEOUS,CLOSED/FINAL,NOT SUSTAINED,THOMAS,ERIC,,,UNKNOWN,50,MALE,BLACK,apr2016,,,05,0,0,1
1053780,624,EBERHART AVE,7646,SIDEWALK,04may2012 11:00:00,04may2012 11:00:00,04may2012,,,,,,,,05A,EXCESSIVE FORCE / ON DUTY - INJURY,S021,MISCELLANEOUS,CLOSED/FINAL,EXONERATED,THOMAS,ERIC,,,UNKNOWN,49,MALE,BLACK,apr2016,,,05,0,1,1
1053780,624,EBERHART AVE,7646,SIDEWALK,04may2012 11:00:00,04may2012 11:00:00,04may2012,,,,,,,,05A,EXCESSIVE FORCE / ON DUTY - INJURY,S021,MISCELLANEOUS,CLOSED/FINAL,EXONERATED,THOMAS,ERIC,,,UNKNOWN,50,MALE,BLACK,apr2016,,,05,0,0,1
1053780,624,EBERHART AVE,7646,SIDEWALK,04may2012 11:00:00,04may2012 11:00:00,04may2012,,,,,,,,05A,EXCESSIVE FORCE / ON DUTY - INJURY,S021,MISCELLANEOUS,CLOSED/FINAL,NOT SUSTAINED,THOMAS,ERIC,,,UNKNOWN,50,MALE,BLACK,apr2016,,,05,0,0,1
1053780,624,EBERHART AVE,7646,SIDEWALK,04may2012 11:00:00,04may2012 11:00:00,04may2012,JAMES,WYNN,6880,006,,13dec1999,POLICE OFFICER,05A,EXCESSIVE FORCE / ON DUTY - INJURY,S021,MISCELLANEOUS,CLOSED/FINAL,EXONERATED,THOMAS,ERIC,,,UNKNOWN,50,MALE,BLACK,apr2016,,,05,0,0,1
1053780,624,EBERHART AVE,7646,SIDEWALK,04may2012 11:00:00,04may2012 11:00:00,04may2012,JEFFREY,RUMBAUGH,5876,006,,29oct2007,POLICE OFFICER,05A,EXCESSIVE FORCE / ON DUTY - INJURY,S021,MISCELLANEOUS,CLOSED/FINAL,EXONERATED,THOMAS,ERIC,,,UNKNOWN,49,MALE,BLACK,apr2016,,,05,0,0,1
1053780,624,EBERHART AVE,7646,SIDEWALK,04may2012 11:00:00,04may2012 11:00:00,04may2012,JAMES,WYNN,6880,006,,13dec1999,POLICE OFFICER,05A,EXCESSIVE FORCE / ON DUTY - INJURY,S021,MISCELLANEOUS,CLOSED/FINAL,EXONERATED,THOMAS,ERIC,,,UNKNOWN,49,MALE,BLACK,apr2016,,,05,0,0,1
1053780,624,EBERHART AVE,7646,SIDEWALK,04may2012 11:00:00,04may2012 11:00:00,04may2012,JEFFREY,RUMBAUGH,5876,006,,29oct2007,POLICE OFFICER,05A,EXCESSIVE FORCE / ON DUTY - INJURY,S021,MISCELLANEOUS,CLOSED/FINAL,EXONERATED,THOMAS,ERIC,,,UNKNOWN,50,MALE,BLACK,apr2016,,,05,0,0,1
1053780,624,EBERHART AVE,7646,SIDEWALK,04may2012 11:00:00,04may2012 11:00:00,04may2012,JAMES,WYNN,6880,006,,13dec1999,POLICE OFFICER,05A,EXCESSIVE FORCE / ON DUTY - INJURY,S021,MISCELLANEOUS,CLOSED/FINAL,NOT SUSTAINED,THOMAS,ERIC,,,UNKNOWN,49,MALE,BLACK,apr2016,,,05,0,0,1
1053780,624,EBERHART AVE,7646,SIDEWALK,04may2012 11:00:00,04may2012 11:00:00,04may2012,,,,,,,,05A,EXCESSIVE FORCE / ON DUTY - INJURY,S021,MISCELLANEOUS,CLOSED/FINAL,NOT SUSTAINED,THOMAS,ERIC,,,UNKNOWN,49,MALE,BLACK,apr2016,,,05,0,0,1
1053780,624,EBERHART AVE,7646,SIDEWALK,04may2012 11:00:00,04may2012 11:00:00,04may2012,JOSE,TIRADO,1042,006,606,29jun1998,SERGEANT OF POLICE,05A,EXCESSIVE FORCE / ON DUTY - INJURY,S021,MISCELLANEOUS,CLOSED/FINAL,EXONERATED,THOMAS,ERIC,,,UNKNOWN,50,MALE,BLACK,apr2016,,,05,0,0,1
1053780,624,EBERHART AVE,7646,SIDEWALK,04may2012 11:00:00,04may2012 11:00:00,04may2012,JOSE,TIRADO,1042,006,606,29jun1998,SERGEANT OF POLICE,05A,EXCESSIVE FORCE / ON DUTY - INJURY,S021,MISCELLANEOUS,CLOSED/FINAL,EXONERATED,THOMAS,ERIC,,,UNKNOWN,49,MALE,BLACK,apr2016,,,05,0,0,1
1053780,624,EBERHART AVE,7646,SIDEWALK,04may2012 11:00:00,04may2012 11:00:00,04may2012,JOSE,TIRADO,1042,006,606,29jun1998,SERGEANT OF POLICE,05A,EXCESSIVE FORCE / ON DUTY - INJURY,S021,MISCELLANEOUS,CLOSED/FINAL,UNFOUNDED,THOMAS,ERIC,,,UNKNOWN,50,MALE,BLACK,apr2016,,,05,0,0,1
1053780,624,EBERHART AVE,7646,SIDEWALK,04may2012 11:00:00,04may2012 11:00:00,04may2012,JOSE,TIRADO,1042,006,606,29jun1998,SERGEANT OF POLICE,05A,EXCESSIVE FORCE / ON DUTY - INJURY,S021,MISCELLANEOUS,CLOSED/FINAL,UNFOUNDED,THOMAS,ERIC,,,UNKNOWN,49,MALE,BLACK,apr2016,,,05,0,0,1
1053780,624,EBERHART AVE,7646,SIDEWALK,04may2012 11:00:00,04may2012 11:00:00,04may2012,JAMES,WYNN,6880,006,,13dec1999,POLICE OFFICER,05A,EXCESSIVE FORCE / ON DUTY - INJURY,S021,MISCELLANEOUS,CLOSED/FINAL,NOT SUSTAINED,THOMAS,ERIC,,,UNKNOWN,50,MALE,BLACK,apr2016,,,05,0,0,1
1053780,624,EBERHART AVE,7646,SIDEWALK,04may2012 11:00:00,04may2012 11:00:00,04may2012,JEFFREY,RUMBAUGH,5876,006,,29oct2007,POLICE OFFICER,05A,EXCESSIVE FORCE / ON DUTY - INJURY,S021,MISCELLANEOUS,CLOSED/FINAL,NOT SUSTAINED,THOMAS,ERIC,,,UNKNOWN,49,MALE,BLACK,apr2016,,,05,0,0,1
