COMPLAINT_NUMBER,BEAT,STREET,ADDRESS,LOCATION_CODE,INCIDENT_TIME_START,INCIDENT_TIME_END,NOTIFICATION_DATE,ACCSUEDOFFICER_FNAME,ACCUSEDOFFICER_LNAME,ACCUSED_STAR,ACCUSED_UNIT,ACCUSED_DETAIL,ACCUSED_APPOINTMENT_DATE,ACCUSED_POSITION,INITIAL_CATEGORY_CODE,INITIAL_CATEGORY,CURRENT_CATEGORY_CODE,CURRENT_CATEGORY,CURRENT_STATUS,FINDING_CODE,INVOLVED_OFFICER_LNAME,INVOLVED_OFFICER_FNAME,INVOLVED_OFFICER_UNIT,INVOLVED_OFFICER_DETAIL,INVOLVED_OFFICER_POSITION,INVOLVED_OFFICER_AGE,INVOLVED_OFFICER_SEX,INVOLVED_OFFICER_RACE,foia,INVOLVED_OFFICER_DESCRIPTION,INVOLVED_OFFICER_TYPE,start_code_2,start_code_1,rec,sum_rec
1057087,431,OGLESBY AVE,10201,RESIDENCE,14sep2012 22:30:00,14sep2012 22:30:00,15sep2012,RYAN,ROSENTHAL,7660,004,,31jul2006,POLICE OFFICER,05K,DOMESTIC ALTERCATION - PHYSICAL ABUSE,S109,INJURY,CLOSED/FINAL,UNFOUNDED,DOTSON,ASHLEY ,,,UNKNOWN,25,FEMALE,BLACK,apr2016,,,05,0,0,1
1057087,431,OGLESBY AVE,10201,RESIDENCE,14sep2012 22:30:00,14sep2012 22:30:00,15sep2012,,,,,,,,05K,DOMESTIC ALTERCATION - PHYSICAL ABUSE,S109,INJURY,CLOSED/FINAL,UNFOUNDED,DOTSON,ASHLEY ,,,UNKNOWN,25,FEMALE,BLACK,apr2016,,,05,0,0,1
1057087,431,OGLESBY AVE,10201,RESIDENCE,14sep2012 22:30:00,14sep2012 22:30:00,15sep2012,OSCAR,DAILEY,9644,007,,10oct2000,POLICE OFFICER,05K,DOMESTIC ALTERCATION - PHYSICAL ABUSE,S109,INJURY,CLOSED/FINAL,UNFOUNDED,DOTSON,ASHLEY ,,,UNKNOWN,27,FEMALE,BLACK,apr2016,,,05,0,0,1
1057087,431,OGLESBY AVE,10201,RESIDENCE,14sep2012 22:30:00,14sep2012 22:30:00,15sep2012,OSCAR,DAILEY,9644,007,,10oct2000,POLICE OFFICER,05K,DOMESTIC ALTERCATION - PHYSICAL ABUSE,S109,INJURY,CLOSED/FINAL,UNFOUNDED,DOTSON,ASHLEY ,,,UNKNOWN,25,FEMALE,BLACK,apr2016,,,05,0,0,1
1057087,431,OGLESBY AVE,10201,RESIDENCE,14sep2012 22:30:00,14sep2012 22:30:00,15sep2012,MATTHEW,HILLIARD,5090,004,,16dec2009,POLICE OFFICER,05K,DOMESTIC ALTERCATION - PHYSICAL ABUSE,S109,INJURY,CLOSED/FINAL,UNFOUNDED,DOTSON,ASHLEY ,,,UNKNOWN,25,FEMALE,BLACK,apr2016,,,05,0,0,1
1057087,431,OGLESBY AVE,10201,RESIDENCE,14sep2012 22:30:00,14sep2012 22:30:00,15sep2012,RYAN,ROSENTHAL,7660,004,,31jul2006,POLICE OFFICER,05K,DOMESTIC ALTERCATION - PHYSICAL ABUSE,S109,INJURY,CLOSED/FINAL,UNFOUNDED,DOTSON,ASHLEY ,,,UNKNOWN,27,FEMALE,BLACK,apr2016,,,05,0,0,1
1057087,431,OGLESBY AVE,10201,RESIDENCE,14sep2012 22:30:00,14sep2012 22:30:00,15sep2012,,,,,,,,05K,DOMESTIC ALTERCATION - PHYSICAL ABUSE,S109,INJURY,CLOSED/FINAL,UNFOUNDED,DOTSON,ASHLEY ,,,UNKNOWN,27,FEMALE,BLACK,apr2016,,,05,0,0,1
1057087,431,OGLESBY AVE,10201,RESIDENCE,14sep2012 22:30:00,14sep2012 22:30:00,15sep2012,MATTHEW,HILLIARD,5090,004,,16dec2009,POLICE OFFICER,05K,DOMESTIC ALTERCATION - PHYSICAL ABUSE,S109,INJURY,CLOSED/FINAL,UNFOUNDED,DOTSON,ASHLEY ,,,UNKNOWN,27,FEMALE,BLACK,apr2016,,,05,0,0,1
