COMPLAINT_NUMBER,BEAT,STREET,ADDRESS,LOCATION_CODE,INCIDENT_TIME_START,INCIDENT_TIME_END,NOTIFICATION_DATE,ACCSUEDOFFICER_FNAME,ACCUSEDOFFICER_LNAME,ACCUSED_STAR,ACCUSED_UNIT,ACCUSED_DETAIL,ACCUSED_APPOINTMENT_DATE,ACCUSED_POSITION,INITIAL_CATEGORY_CODE,INITIAL_CATEGORY,CURRENT_CATEGORY_CODE,CURRENT_CATEGORY,CURRENT_STATUS,FINDING_CODE,INVOLVED_OFFICER_LNAME,INVOLVED_OFFICER_FNAME,INVOLVED_OFFICER_UNIT,INVOLVED_OFFICER_DETAIL,INVOLVED_OFFICER_POSITION,INVOLVED_OFFICER_AGE,INVOLVED_OFFICER_SEX,INVOLVED_OFFICER_RACE,foia,INVOLVED_OFFICER_DESCRIPTION,INVOLVED_OFFICER_TYPE,start_code_2,start_code_1,rec,sum_rec
1062519,712,CARPENTER ST,5700,VACANT LOT/LAND,28may2013 15:20:00,28may2013 15:20:00,28may2013,,LAU JR,5744,007,,27aug2007,POLICE OFFICER,01B,"RACIAL / ETHNIC, ETC.",S117,PUSH/PULL/GRAB,CLOSED/FINAL,NOT SUSTAINED,BROUGHTON,TANISHA,,,UNKNOWN,33,FEMALE,BLACK,apr2016,,,01,0,0,1
1062519,712,CARPENTER ST,5700,VACANT LOT/LAND,28may2013 15:20:00,28may2013 15:20:00,28may2013,,BERRY,9330,007,,27aug2007,POLICE OFFICER,01B,"RACIAL / ETHNIC, ETC.",S117,PUSH/PULL/GRAB,CLOSED/FINAL,UNFOUNDED,MOORE,KHIRY,,,UNKNOWN,20,MALE,BLACK,apr2016,,,01,0,0,1
1062519,712,CARPENTER ST,5700,VACANT LOT/LAND,28may2013 15:20:00,28may2013 15:20:00,28may2013,,BERRY,9330,007,,27aug2007,POLICE OFFICER,01B,"RACIAL / ETHNIC, ETC.",S117,PUSH/PULL/GRAB,CLOSED/FINAL,UNFOUNDED,,,,,,,,,apr2016,,,01,0,0,1
1062519,712,CARPENTER ST,5700,VACANT LOT/LAND,28may2013 15:20:00,28may2013 15:20:00,28may2013,,LAU JR,5744,007,,27aug2007,POLICE OFFICER,01B,"RACIAL / ETHNIC, ETC.",S117,PUSH/PULL/GRAB,CLOSED/FINAL,NOT SUSTAINED,,,,,,,,,apr2016,,,01,0,0,1
1062519,712,CARPENTER ST,5700,VACANT LOT/LAND,28may2013 15:20:00,28may2013 15:20:00,28may2013,,CALLAHAN,15700,007,,16apr2010,POLICE OFFICER,01B,"RACIAL / ETHNIC, ETC.",S117,PUSH/PULL/GRAB,CLOSED/FINAL,NOT SUSTAINED,GEMIGNANI,ANTHONY,007,,POLICE OFFICER,,MALE,WHITE,apr2016,,,01,0,0,1
1062519,712,CARPENTER ST,5700,VACANT LOT/LAND,28may2013 15:20:00,28may2013 15:20:00,28may2013,,CALLAHAN,15700,007,,16apr2010,POLICE OFFICER,01B,"RACIAL / ETHNIC, ETC.",S117,PUSH/PULL/GRAB,CLOSED/FINAL,NOT SUSTAINED,MOORE,KHIRY,,,UNKNOWN,19,MALE,BLACK,apr2016,,,01,0,0,1
1062519,712,CARPENTER ST,5700,VACANT LOT/LAND,28may2013 15:20:00,28may2013 15:20:00,28may2013,,LAU JR,5744,007,,27aug2007,POLICE OFFICER,01B,"RACIAL / ETHNIC, ETC.",S117,PUSH/PULL/GRAB,CLOSED/FINAL,NOT SUSTAINED,GEMIGNANI,ANTHONY,007,,POLICE OFFICER,,MALE,WHITE,apr2016,,,01,0,0,1
1062519,712,CARPENTER ST,5700,VACANT LOT/LAND,28may2013 15:20:00,28may2013 15:20:00,28may2013,,BERRY,9330,007,,27aug2007,POLICE OFFICER,01B,"RACIAL / ETHNIC, ETC.",S117,PUSH/PULL/GRAB,CLOSED/FINAL,UNFOUNDED,GEMIGNANI,ANTHONY,007,,POLICE OFFICER,,MALE,WHITE,apr2016,,,01,0,0,1
1062519,712,CARPENTER ST,5700,VACANT LOT/LAND,28may2013 15:20:00,28may2013 15:20:00,28may2013,,LAU JR,5744,007,,27aug2007,POLICE OFFICER,01B,"RACIAL / ETHNIC, ETC.",S117,PUSH/PULL/GRAB,CLOSED/FINAL,NOT SUSTAINED,ROGERS,DIANE,,,UNKNOWN,58,FEMALE,BLACK,apr2016,,,01,0,0,1
1062519,712,CARPENTER ST,5700,VACANT LOT/LAND,28may2013 15:20:00,28may2013 15:20:00,28may2013,,CALLAHAN,15700,007,,16apr2010,POLICE OFFICER,01B,"RACIAL / ETHNIC, ETC.",S117,PUSH/PULL/GRAB,CLOSED/FINAL,NOT SUSTAINED,BROUGHTON,TANISHA,,,UNKNOWN,33,FEMALE,BLACK,apr2016,,,01,0,0,1
1062519,712,CARPENTER ST,5700,VACANT LOT/LAND,28may2013 15:20:00,28may2013 15:20:00,28may2013,,,,,,,,01B,"RACIAL / ETHNIC, ETC.",S117,PUSH/PULL/GRAB,CLOSED/FINAL,UNFOUNDED,,,,,,,,,apr2016,,,01,0,0,1
1062519,712,CARPENTER ST,5700,VACANT LOT/LAND,28may2013 15:20:00,28may2013 15:20:00,28may2013,,BERRY,9330,007,,27aug2007,POLICE OFFICER,01B,"RACIAL / ETHNIC, ETC.",S117,PUSH/PULL/GRAB,CLOSED/FINAL,UNFOUNDED,MOORE,KHIRY,,,UNKNOWN,19,MALE,BLACK,apr2016,,,01,0,0,1
1062519,712,CARPENTER ST,5700,VACANT LOT/LAND,28may2013 15:20:00,28may2013 15:20:00,28may2013,,,,,,,,01B,"RACIAL / ETHNIC, ETC.",S117,PUSH/PULL/GRAB,CLOSED/FINAL,UNFOUNDED,MOORE,KHIRY,,,UNKNOWN,19,MALE,BLACK,apr2016,,,01,0,0,1
1062519,712,CARPENTER ST,5700,VACANT LOT/LAND,28may2013 15:20:00,28may2013 15:20:00,28may2013,,BERRY,9330,007,,27aug2007,POLICE OFFICER,01B,"RACIAL / ETHNIC, ETC.",S117,PUSH/PULL/GRAB,CLOSED/FINAL,UNFOUNDED,ROGERS,DIANE,,,UNKNOWN,58,FEMALE,BLACK,apr2016,,,01,0,0,1
1062519,712,CARPENTER ST,5700,VACANT LOT/LAND,28may2013 15:20:00,28may2013 15:20:00,28may2013,,CALLAHAN,15700,007,,16apr2010,POLICE OFFICER,01B,"RACIAL / ETHNIC, ETC.",S117,PUSH/PULL/GRAB,CLOSED/FINAL,NOT SUSTAINED,MOORE,KHIRY,,,UNKNOWN,20,MALE,BLACK,apr2016,,,01,0,0,1
1062519,712,CARPENTER ST,5700,VACANT LOT/LAND,28may2013 15:20:00,28may2013 15:20:00,28may2013,,,,,,,,01B,"RACIAL / ETHNIC, ETC.",S117,PUSH/PULL/GRAB,CLOSED/FINAL,UNFOUNDED,MOORE,KHIRY,,,UNKNOWN,20,MALE,BLACK,apr2016,,,01,0,0,1
1062519,712,CARPENTER ST,5700,VACANT LOT/LAND,28may2013 15:20:00,28may2013 15:20:00,28may2013,,LAU JR,5744,007,,27aug2007,POLICE OFFICER,01B,"RACIAL / ETHNIC, ETC.",S117,PUSH/PULL/GRAB,CLOSED/FINAL,NOT SUSTAINED,MOORE,KHIRY,,,UNKNOWN,20,MALE,BLACK,apr2016,,,01,0,0,1
1062519,712,CARPENTER ST,5700,VACANT LOT/LAND,28may2013 15:20:00,28may2013 15:20:00,28may2013,,,,,,,,01B,"RACIAL / ETHNIC, ETC.",S117,PUSH/PULL/GRAB,CLOSED/FINAL,UNFOUNDED,BROUGHTON,TANISHA,,,UNKNOWN,33,FEMALE,BLACK,apr2016,,,01,0,0,1
1062519,712,CARPENTER ST,5700,VACANT LOT/LAND,28may2013 15:20:00,28may2013 15:20:00,28may2013,,,,,,,,01B,"RACIAL / ETHNIC, ETC.",S117,PUSH/PULL/GRAB,CLOSED/FINAL,UNFOUNDED,ROGERS,DIANE,,,UNKNOWN,58,FEMALE,BLACK,apr2016,,,01,0,0,1
1062519,712,CARPENTER ST,5700,VACANT LOT/LAND,28may2013 15:20:00,28may2013 15:20:00,28may2013,,LAU JR,5744,007,,27aug2007,POLICE OFFICER,01B,"RACIAL / ETHNIC, ETC.",S117,PUSH/PULL/GRAB,CLOSED/FINAL,NOT SUSTAINED,MOORE,KHIRY,,,UNKNOWN,19,MALE,BLACK,apr2016,,,01,0,0,1
1062519,712,CARPENTER ST,5700,VACANT LOT/LAND,28may2013 15:20:00,28may2013 15:20:00,28may2013,,,,,,,,01B,"RACIAL / ETHNIC, ETC.",S117,PUSH/PULL/GRAB,CLOSED/FINAL,UNFOUNDED,GEMIGNANI,ANTHONY,007,,POLICE OFFICER,,MALE,WHITE,apr2016,,,01,0,0,1
1062519,712,CARPENTER ST,5700,VACANT LOT/LAND,28may2013 15:20:00,28may2013 15:20:00,28may2013,,CALLAHAN,15700,007,,16apr2010,POLICE OFFICER,01B,"RACIAL / ETHNIC, ETC.",S117,PUSH/PULL/GRAB,CLOSED/FINAL,NOT SUSTAINED,,,,,,,,,apr2016,,,01,0,0,1
1062519,712,CARPENTER ST,5700,VACANT LOT/LAND,28may2013 15:20:00,28may2013 15:20:00,28may2013,,BERRY,9330,007,,27aug2007,POLICE OFFICER,01B,"RACIAL / ETHNIC, ETC.",S117,PUSH/PULL/GRAB,CLOSED/FINAL,UNFOUNDED,BROUGHTON,TANISHA,,,UNKNOWN,33,FEMALE,BLACK,apr2016,,,01,0,0,1
1062519,712,CARPENTER ST,5700,VACANT LOT/LAND,28may2013 15:20:00,28may2013 15:20:00,28may2013,,CALLAHAN,15700,007,,16apr2010,POLICE OFFICER,01B,"RACIAL / ETHNIC, ETC.",S117,PUSH/PULL/GRAB,CLOSED/FINAL,NOT SUSTAINED,ROGERS,DIANE,,,UNKNOWN,58,FEMALE,BLACK,apr2016,,,01,0,0,1
