COMPLAINT_NUMBER,BEAT,STREET,ADDRESS,LOCATION_CODE,INCIDENT_TIME_START,INCIDENT_TIME_END,NOTIFICATION_DATE,ACCSUEDOFFICER_FNAME,ACCUSEDOFFICER_LNAME,ACCUSED_STAR,ACCUSED_UNIT,ACCUSED_DETAIL,ACCUSED_APPOINTMENT_DATE,ACCUSED_POSITION,INITIAL_CATEGORY_CODE,INITIAL_CATEGORY,CURRENT_CATEGORY_CODE,CURRENT_CATEGORY,CURRENT_STATUS,FINDING_CODE,INVOLVED_OFFICER_LNAME,INVOLVED_OFFICER_FNAME,INVOLVED_OFFICER_UNIT,INVOLVED_OFFICER_DETAIL,INVOLVED_OFFICER_POSITION,INVOLVED_OFFICER_AGE,INVOLVED_OFFICER_SEX,INVOLVED_OFFICER_RACE,foia,INVOLVED_OFFICER_DESCRIPTION,INVOLVED_OFFICER_TYPE,start_code_2,start_code_1,rec,sum_rec
1059817,1114,LAKE ST,4000,CTA PLATFORM,28jan2013 09:59:59,28jan2013 09:59:59,29jan2013,,,,,,,,05A,EXCESSIVE FORCE / ON DUTY - INJURY,S001,CLOSED HAND STRIKE (PUNCH),CLOSED/FINAL,EXONERATED,COOKS ,DENZELL,,,UNKNOWN,17,MALE,BLACK,apr2016,,,05,0,1,1
1059817,1114,LAKE ST,4000,CTA PLATFORM,28jan2013 09:59:59,28jan2013 09:59:59,29jan2013,,,,,,,,05A,EXCESSIVE FORCE / ON DUTY - INJURY,S001,CLOSED HAND STRIKE (PUNCH),CLOSED/FINAL,EXONERATED,MCCOY,JACQUELINE,,,UNKNOWN,43,FEMALE,BLACK,apr2016,,,05,0,0,1
1059817,1114,LAKE ST,4000,CTA PLATFORM,28jan2013 09:59:59,28jan2013 09:59:59,29jan2013,,,,,,,,05A,EXCESSIVE FORCE / ON DUTY - INJURY,S001,CLOSED HAND STRIKE (PUNCH),CLOSED/FINAL,EXONERATED,ZENO-DAVIS,CHARISSE,002,,POLICE OFFICER,,FEMALE,BLACK,apr2016,,,05,0,0,1
1059817,1114,LAKE ST,4000,CTA PLATFORM,28jan2013 09:59:59,28jan2013 09:59:59,29jan2013,,,,,,,,05A,EXCESSIVE FORCE / ON DUTY - INJURY,S001,CLOSED HAND STRIKE (PUNCH),CLOSED/FINAL,EXONERATED,MCCOY,JACQUELINE,,,UNKNOWN,42,FEMALE,BLACK,apr2016,,,05,0,0,1
1059817,1114,LAKE ST,4000,CTA PLATFORM,28jan2013 09:59:59,28jan2013 09:59:59,29jan2013,,NORMAN,3719,002,,25jan1988,POLICE OFFICER,05A,EXCESSIVE FORCE / ON DUTY - INJURY,S001,CLOSED HAND STRIKE (PUNCH),CLOSED/FINAL,NOT SUSTAINED,REYES,MICHAEL,011,,POLICE OFFICER,,MALE,SPANISH (DO NOT USE),apr2016,,,05,0,0,1
1059817,1114,LAKE ST,4000,CTA PLATFORM,28jan2013 09:59:59,28jan2013 09:59:59,29jan2013,,NORMAN,3719,002,,25jan1988,POLICE OFFICER,05A,EXCESSIVE FORCE / ON DUTY - INJURY,S001,CLOSED HAND STRIKE (PUNCH),CLOSED/FINAL,NOT SUSTAINED,COOKS ,DENZELL,,,UNKNOWN,17,MALE,BLACK,apr2016,,,05,0,0,1
1059817,1114,LAKE ST,4000,CTA PLATFORM,28jan2013 09:59:59,28jan2013 09:59:59,29jan2013,,NORMAN,3719,002,,25jan1988,POLICE OFFICER,05A,EXCESSIVE FORCE / ON DUTY - INJURY,S001,CLOSED HAND STRIKE (PUNCH),CLOSED/FINAL,NOT SUSTAINED,MCCOY,JACQUELINE,,,UNKNOWN,43,FEMALE,BLACK,apr2016,,,05,0,0,1
1059817,1114,LAKE ST,4000,CTA PLATFORM,28jan2013 09:59:59,28jan2013 09:59:59,29jan2013,,,,,,,,05A,EXCESSIVE FORCE / ON DUTY - INJURY,S001,CLOSED HAND STRIKE (PUNCH),CLOSED/FINAL,EXONERATED,REYES,MICHAEL,011,,POLICE OFFICER,,MALE,SPANISH (DO NOT USE),apr2016,,,05,0,0,1
1059817,1114,LAKE ST,4000,CTA PLATFORM,28jan2013 09:59:59,28jan2013 09:59:59,29jan2013,,NORMAN,3719,002,,25jan1988,POLICE OFFICER,05A,EXCESSIVE FORCE / ON DUTY - INJURY,S001,CLOSED HAND STRIKE (PUNCH),CLOSED/FINAL,NOT SUSTAINED,MCCOY,JACQUELINE,,,UNKNOWN,42,FEMALE,BLACK,apr2016,,,05,0,0,1
1059817,1114,LAKE ST,4000,CTA PLATFORM,28jan2013 09:59:59,28jan2013 09:59:59,29jan2013,,NORMAN,3719,002,,25jan1988,POLICE OFFICER,05A,EXCESSIVE FORCE / ON DUTY - INJURY,S001,CLOSED HAND STRIKE (PUNCH),CLOSED/FINAL,NOT SUSTAINED,ZENO-DAVIS,CHARISSE,002,,POLICE OFFICER,,FEMALE,BLACK,apr2016,,,05,0,0,1
1059817,1114,LAKE ST,4000,CTA PLATFORM,28jan2013 09:59:59,28jan2013 09:59:59,29jan2013,,NORMAN,3719,002,,25jan1988,POLICE OFFICER,05A,EXCESSIVE FORCE / ON DUTY - INJURY,S001,CLOSED HAND STRIKE (PUNCH),CLOSED/FINAL,NOT SUSTAINED,VICKERS,ANTHONY,,,,19,MALE,BLACK,apr2016,,,05,0,0,1
1059817,1114,LAKE ST,4000,CTA PLATFORM,28jan2013 09:59:59,28jan2013 09:59:59,29jan2013,,NORMAN,3719,002,,25jan1988,POLICE OFFICER,05A,EXCESSIVE FORCE / ON DUTY - INJURY,S001,CLOSED HAND STRIKE (PUNCH),CLOSED/FINAL,NOT SUSTAINED,VICKERS,ANTONIO,,,,18,MALE,BLACK,apr2016,,,05,0,0,1
1059817,1114,LAKE ST,4000,CTA PLATFORM,28jan2013 09:59:59,28jan2013 09:59:59,29jan2013,,,,,,,,05A,EXCESSIVE FORCE / ON DUTY - INJURY,S001,CLOSED HAND STRIKE (PUNCH),CLOSED/FINAL,EXONERATED,VICKERS,ANTHONY,,,,19,MALE,BLACK,apr2016,,,05,0,0,1
1059817,1114,LAKE ST,4000,CTA PLATFORM,28jan2013 09:59:59,28jan2013 09:59:59,29jan2013,,,,,,,,05A,EXCESSIVE FORCE / ON DUTY - INJURY,S001,CLOSED HAND STRIKE (PUNCH),CLOSED/FINAL,EXONERATED,VICKERS,ANTONIO,,,,18,MALE,BLACK,apr2016,,,05,0,0,1
