COMPLAINT_NUMBER,BEAT,STREET,ADDRESS,LOCATION_CODE,INCIDENT_TIME_START,INCIDENT_TIME_END,NOTIFICATION_DATE,ACCSUEDOFFICER_FNAME,ACCUSEDOFFICER_LNAME,ACCUSED_STAR,ACCUSED_UNIT,ACCUSED_DETAIL,ACCUSED_APPOINTMENT_DATE,ACCUSED_POSITION,INITIAL_CATEGORY_CODE,INITIAL_CATEGORY,CURRENT_CATEGORY_CODE,CURRENT_CATEGORY,CURRENT_STATUS,FINDING_CODE,INVOLVED_OFFICER_LNAME,INVOLVED_OFFICER_FNAME,INVOLVED_OFFICER_UNIT,INVOLVED_OFFICER_DETAIL,INVOLVED_OFFICER_POSITION,INVOLVED_OFFICER_AGE,INVOLVED_OFFICER_SEX,INVOLVED_OFFICER_RACE,foia,INVOLVED_OFFICER_DESCRIPTION,INVOLVED_OFFICER_TYPE,start_code_2,start_code_1,rec,sum_rec
1059644,522,116TH ST,422,SIDEWALK,16jan2013 23:44:00,16jan2013 23:44:00,19jan2013,,BALASZ,15785,005,,28oct2002,POLICE OFFICER,S033,FIREARM USED AS AN IMPACT WEAPON,05B,EXCESSIVE FORCE / ON DUTY - NO INJURY,CLOSED/FINAL,EXONERATED,ALVARADO,MATTHEW,022,,PO/FIELD TRNING OFF,,MALE,WHITE,apr2016,,,S0,S,0,1
1059644,522,116TH ST,422,SIDEWALK,16jan2013 23:44:00,16jan2013 23:44:00,19jan2013,,BALASZ,15785,005,,28oct2002,POLICE OFFICER,S033,FIREARM USED AS AN IMPACT WEAPON,05B,EXCESSIVE FORCE / ON DUTY - NO INJURY,CLOSED/FINAL,EXONERATED,MYLES,DANTRELL,,,UNKNOWN,18,MALE,BLACK,apr2016,,,S0,S,0,1
1059644,522,116TH ST,422,SIDEWALK,16jan2013 23:44:00,16jan2013 23:44:00,19jan2013,,,,,,,,S033,FIREARM USED AS AN IMPACT WEAPON,05B,EXCESSIVE FORCE / ON DUTY - NO INJURY,CLOSED/FINAL,EXONERATED,MYLES,DANTRELL,,,UNKNOWN,18,MALE,BLACK,apr2016,,,S0,S,0,1
1059644,522,116TH ST,422,SIDEWALK,16jan2013 23:44:00,16jan2013 23:44:00,19jan2013,,,,,,,,S033,FIREARM USED AS AN IMPACT WEAPON,05B,EXCESSIVE FORCE / ON DUTY - NO INJURY,CLOSED/FINAL,EXONERATED,MYLES,DARNELL,,,UNKNOWN,46,MALE,BLACK,apr2016,,,S0,S,0,1
1059644,522,116TH ST,422,SIDEWALK,16jan2013 23:44:00,16jan2013 23:44:00,19jan2013,,,,,,,,S033,FIREARM USED AS AN IMPACT WEAPON,05B,EXCESSIVE FORCE / ON DUTY - NO INJURY,CLOSED/FINAL,EXONERATED,ALVARADO,MATTHEW,022,,PO/FIELD TRNING OFF,,MALE,WHITE,apr2016,,,S0,S,1,1
1059644,522,116TH ST,422,SIDEWALK,16jan2013 23:44:00,16jan2013 23:44:00,19jan2013,,BALASZ,15785,005,,28oct2002,POLICE OFFICER,S033,FIREARM USED AS AN IMPACT WEAPON,05B,EXCESSIVE FORCE / ON DUTY - NO INJURY,CLOSED/FINAL,EXONERATED,MYLES,DARNELL,,,UNKNOWN,46,MALE,BLACK,apr2016,,,S0,S,0,1
