COMPLAINT_NUMBER,BEAT,STREET,ADDRESS,LOCATION_CODE,INCIDENT_TIME_START,INCIDENT_TIME_END,NOTIFICATION_DATE,ACCSUEDOFFICER_FNAME,ACCUSEDOFFICER_LNAME,ACCUSED_STAR,ACCUSED_UNIT,ACCUSED_DETAIL,ACCUSED_APPOINTMENT_DATE,ACCUSED_POSITION,INITIAL_CATEGORY_CODE,INITIAL_CATEGORY,CURRENT_CATEGORY_CODE,CURRENT_CATEGORY,CURRENT_STATUS,FINDING_CODE,INVOLVED_OFFICER_LNAME,INVOLVED_OFFICER_FNAME,INVOLVED_OFFICER_UNIT,INVOLVED_OFFICER_DETAIL,INVOLVED_OFFICER_POSITION,INVOLVED_OFFICER_AGE,INVOLVED_OFFICER_SEX,INVOLVED_OFFICER_RACE,foia,INVOLVED_OFFICER_DESCRIPTION,INVOLVED_OFFICER_TYPE,start_code_2,start_code_1,rec,sum_rec
1055600,2023,BERWYN AVE,1039,RESIDENCE,16jul2012 18:59:59,16jul2012 18:59:59,17jul2012,,,,,,,,05A,EXCESSIVE FORCE / ON DUTY - INJURY,S008,TAKE DOWN (THROWN TO GROUND),CLOSED/NO CONVERSION,EXONERATED,TREVARROW,PAUL,,,,72,MALE,WHITE,apr2016,,,05,0,0,1
1055600,2023,BERWYN AVE,1039,RESIDENCE,16jul2012 18:59:59,16jul2012 18:59:59,17jul2012,,,,,,,,05A,EXCESSIVE FORCE / ON DUTY - INJURY,S008,TAKE DOWN (THROWN TO GROUND),CLOSED/NO CONVERSION,EXONERATED,ZULKEY,CLAIRE,,,,33,FEMALE,WHITE,apr2016,,,05,0,0,1
1055600,2023,BERWYN AVE,1039,RESIDENCE,16jul2012 18:59:59,16jul2012 18:59:59,17jul2012,,,,,,,,05A,EXCESSIVE FORCE / ON DUTY - INJURY,S008,TAKE DOWN (THROWN TO GROUND),CLOSED/NO CONVERSION,EXONERATED,GLASS,BRIAN ,,,UNKNOWN,37,MALE,WHITE,apr2016,,,05,0,0,1
1055600,2023,BERWYN AVE,1039,RESIDENCE,16jul2012 18:59:59,16jul2012 18:59:59,17jul2012,MICHAEL,MANSOR,9970,020,,10oct2000,POLICE OFFICER,05A,EXCESSIVE FORCE / ON DUTY - INJURY,S008,TAKE DOWN (THROWN TO GROUND),CLOSED/NO CONVERSION,UNFOUNDED,ZULKEY,CLAIRE,,,,33,FEMALE,WHITE,apr2016,,,05,0,0,1
1055600,2023,BERWYN AVE,1039,RESIDENCE,16jul2012 18:59:59,16jul2012 18:59:59,17jul2012,MICHAEL,MANSOR,9970,020,,10oct2000,POLICE OFFICER,05A,EXCESSIVE FORCE / ON DUTY - INJURY,S008,TAKE DOWN (THROWN TO GROUND),CLOSED/NO CONVERSION,NOT SUSTAINED,RODRIGUEZ MORAN,GONZALO,,,,42,MALE,WHITE HISPANIC,apr2016,,,05,0,0,1
1055600,2023,BERWYN AVE,1039,RESIDENCE,16jul2012 18:59:59,16jul2012 18:59:59,17jul2012,MICHAEL,MANSOR,9970,020,,10oct2000,POLICE OFFICER,05A,EXCESSIVE FORCE / ON DUTY - INJURY,S008,TAKE DOWN (THROWN TO GROUND),CLOSED/NO CONVERSION,UNFOUNDED,GLASS,BRIAN ,,,UNKNOWN,37,MALE,WHITE,apr2016,,,05,0,0,1
1055600,2023,BERWYN AVE,1039,RESIDENCE,16jul2012 18:59:59,16jul2012 18:59:59,17jul2012,,,,,,,,05A,EXCESSIVE FORCE / ON DUTY - INJURY,S008,TAKE DOWN (THROWN TO GROUND),CLOSED/NO CONVERSION,UNFOUNDED,TREVARROW,PAUL,,,,72,MALE,WHITE,apr2016,,,05,0,0,1
1055600,2023,BERWYN AVE,1039,RESIDENCE,16jul2012 18:59:59,16jul2012 18:59:59,17jul2012,MICHAEL,MANSOR,9970,020,,10oct2000,POLICE OFFICER,05A,EXCESSIVE FORCE / ON DUTY - INJURY,S008,TAKE DOWN (THROWN TO GROUND),CLOSED/NO CONVERSION,UNFOUNDED,TREVARROW,PAUL,,,,72,MALE,WHITE,apr2016,,,05,0,0,1
1055600,2023,BERWYN AVE,1039,RESIDENCE,16jul2012 18:59:59,16jul2012 18:59:59,17jul2012,MICHAEL,MANSOR,9970,020,,10oct2000,POLICE OFFICER,05A,EXCESSIVE FORCE / ON DUTY - INJURY,S008,TAKE DOWN (THROWN TO GROUND),CLOSED/NO CONVERSION,NOT SUSTAINED,GLASS,BRIAN ,,,UNKNOWN,37,MALE,WHITE,apr2016,,,05,0,0,1
1055600,2023,BERWYN AVE,1039,RESIDENCE,16jul2012 18:59:59,16jul2012 18:59:59,17jul2012,,,,,,,,05A,EXCESSIVE FORCE / ON DUTY - INJURY,S008,TAKE DOWN (THROWN TO GROUND),CLOSED/NO CONVERSION,UNFOUNDED,ZULKEY,CLAIRE,,,,33,FEMALE,WHITE,apr2016,,,05,0,0,1
1055600,2023,BERWYN AVE,1039,RESIDENCE,16jul2012 18:59:59,16jul2012 18:59:59,17jul2012,MICHAEL,MANSOR,9970,020,,10oct2000,POLICE OFFICER,05A,EXCESSIVE FORCE / ON DUTY - INJURY,S008,TAKE DOWN (THROWN TO GROUND),CLOSED/NO CONVERSION,NOT SUSTAINED,ZULKEY,CLAIRE,,,,33,FEMALE,WHITE,apr2016,,,05,0,0,1
1055600,2023,BERWYN AVE,1039,RESIDENCE,16jul2012 18:59:59,16jul2012 18:59:59,17jul2012,MICHAEL,MANSOR,9970,020,,10oct2000,POLICE OFFICER,05A,EXCESSIVE FORCE / ON DUTY - INJURY,S008,TAKE DOWN (THROWN TO GROUND),CLOSED/NO CONVERSION,NOT SUSTAINED,DELAHOYDE,STEVEN,,,,33,MALE,WHITE,apr2016,,,05,0,0,1
1055600,2023,BERWYN AVE,1039,RESIDENCE,16jul2012 18:59:59,16jul2012 18:59:59,17jul2012,,,,,,,,05A,EXCESSIVE FORCE / ON DUTY - INJURY,S008,TAKE DOWN (THROWN TO GROUND),CLOSED/NO CONVERSION,UNFOUNDED,DELAHOYDE,STEVEN,,,,33,MALE,WHITE,apr2016,,,05,0,0,1
1055600,2023,BERWYN AVE,1039,RESIDENCE,16jul2012 18:59:59,16jul2012 18:59:59,17jul2012,MICHAEL,MANSOR,9970,020,,10oct2000,POLICE OFFICER,05A,EXCESSIVE FORCE / ON DUTY - INJURY,S008,TAKE DOWN (THROWN TO GROUND),CLOSED/NO CONVERSION,UNFOUNDED,RODRIGUEZ MORAN,GONZALO,,,,42,MALE,WHITE HISPANIC,apr2016,,,05,0,0,1
1055600,2023,BERWYN AVE,1039,RESIDENCE,16jul2012 18:59:59,16jul2012 18:59:59,17jul2012,MICHAEL,MANSOR,9970,020,,10oct2000,POLICE OFFICER,05A,EXCESSIVE FORCE / ON DUTY - INJURY,S008,TAKE DOWN (THROWN TO GROUND),CLOSED/NO CONVERSION,NOT SUSTAINED,TREVARROW,PAUL,,,,72,MALE,WHITE,apr2016,,,05,0,0,1
1055600,2023,BERWYN AVE,1039,RESIDENCE,16jul2012 18:59:59,16jul2012 18:59:59,17jul2012,,,,,,,,05A,EXCESSIVE FORCE / ON DUTY - INJURY,S008,TAKE DOWN (THROWN TO GROUND),CLOSED/NO CONVERSION,EXONERATED,RODRIGUEZ MORAN,GONZALO,,,,42,MALE,WHITE HISPANIC,apr2016,,,05,0,0,1
1055600,2023,BERWYN AVE,1039,RESIDENCE,16jul2012 18:59:59,16jul2012 18:59:59,17jul2012,,,,,,,,05A,EXCESSIVE FORCE / ON DUTY - INJURY,S008,TAKE DOWN (THROWN TO GROUND),CLOSED/NO CONVERSION,UNFOUNDED,GLASS,BRIAN ,,,UNKNOWN,37,MALE,WHITE,apr2016,,,05,0,0,1
1055600,2023,BERWYN AVE,1039,RESIDENCE,16jul2012 18:59:59,16jul2012 18:59:59,17jul2012,MICHAEL,MANSOR,9970,020,,10oct2000,POLICE OFFICER,05A,EXCESSIVE FORCE / ON DUTY - INJURY,S008,TAKE DOWN (THROWN TO GROUND),CLOSED/NO CONVERSION,UNFOUNDED,DELAHOYDE,STEVEN,,,,33,MALE,WHITE,apr2016,,,05,0,0,1
1055600,2023,BERWYN AVE,1039,RESIDENCE,16jul2012 18:59:59,16jul2012 18:59:59,17jul2012,,,,,,,,05A,EXCESSIVE FORCE / ON DUTY - INJURY,S008,TAKE DOWN (THROWN TO GROUND),CLOSED/NO CONVERSION,UNFOUNDED,RODRIGUEZ MORAN,GONZALO,,,,42,MALE,WHITE HISPANIC,apr2016,,,05,0,0,1
1055600,2023,BERWYN AVE,1039,RESIDENCE,16jul2012 18:59:59,16jul2012 18:59:59,17jul2012,,,,,,,,05A,EXCESSIVE FORCE / ON DUTY - INJURY,S008,TAKE DOWN (THROWN TO GROUND),CLOSED/NO CONVERSION,EXONERATED,DELAHOYDE,STEVEN,,,,33,MALE,WHITE,apr2016,,,05,0,1,1
