COMPLAINT_NUMBER,BEAT,STREET,ADDRESS,LOCATION_CODE,INCIDENT_TIME_START,INCIDENT_TIME_END,NOTIFICATION_DATE,ACCSUEDOFFICER_FNAME,ACCUSEDOFFICER_LNAME,ACCUSED_STAR,ACCUSED_UNIT,ACCUSED_DETAIL,ACCUSED_APPOINTMENT_DATE,ACCUSED_POSITION,INITIAL_CATEGORY_CODE,INITIAL_CATEGORY,CURRENT_CATEGORY_CODE,CURRENT_CATEGORY,CURRENT_STATUS,FINDING_CODE,INVOLVED_OFFICER_LNAME,INVOLVED_OFFICER_FNAME,INVOLVED_OFFICER_UNIT,INVOLVED_OFFICER_DETAIL,INVOLVED_OFFICER_POSITION,INVOLVED_OFFICER_AGE,INVOLVED_OFFICER_SEX,INVOLVED_OFFICER_RACE,foia,INVOLVED_OFFICER_DESCRIPTION,INVOLVED_OFFICER_TYPE,start_code_2,start_code_1,rec,sum_rec
1057121,321,66TH PL,1531,ALLEY,16sep2012 04:50:59,16sep2012 04:50:59,17sep2012,GREGORY,WOOD,13334,003,,26sep2005,POLICE OFFICER,05A,EXCESSIVE FORCE / ON DUTY - INJURY,S001,CLOSED HAND STRIKE (PUNCH),CLOSED/FINAL,NOT SUSTAINED,TEAGUE,ANTONIO ,,,UNKNOWN,31,MALE,BLACK,apr2016,,,05,0,0,1
1057121,321,66TH PL,1531,ALLEY,16sep2012 04:50:59,16sep2012 04:50:59,17sep2012,GREGORY,WOOD,13334,003,,26sep2005,POLICE OFFICER,05A,EXCESSIVE FORCE / ON DUTY - INJURY,S001,CLOSED HAND STRIKE (PUNCH),CLOSED/FINAL,NOT SUSTAINED,TEAGUE,ANTONIO ,,,UNKNOWN,33,MALE,BLACK,apr2016,,,05,0,0,1
1057121,321,66TH PL,1531,ALLEY,16sep2012 04:50:59,16sep2012 04:50:59,17sep2012,,,,,,,,05A,EXCESSIVE FORCE / ON DUTY - INJURY,S001,CLOSED HAND STRIKE (PUNCH),CLOSED/FINAL,NOT SUSTAINED,TEAGUE,ANTONIO ,,,UNKNOWN,33,MALE,BLACK,apr2016,,,05,0,0,1
1057121,321,66TH PL,1531,ALLEY,16sep2012 04:50:59,16sep2012 04:50:59,17sep2012,RONDY,CARROLL,16455,003,,04aug1997,POLICE OFFICER,05A,EXCESSIVE FORCE / ON DUTY - INJURY,S001,CLOSED HAND STRIKE (PUNCH),CLOSED/FINAL,NOT SUSTAINED,TEAGUE,ANTONIO ,,,UNKNOWN,31,MALE,BLACK,apr2016,,,05,0,0,1
1057121,321,66TH PL,1531,ALLEY,16sep2012 04:50:59,16sep2012 04:50:59,17sep2012,,,,,,,,05A,EXCESSIVE FORCE / ON DUTY - INJURY,S001,CLOSED HAND STRIKE (PUNCH),CLOSED/FINAL,NOT SUSTAINED,TEAGUE,ANTONIO ,,,UNKNOWN,31,MALE,BLACK,apr2016,,,05,0,1,1
1057121,321,66TH PL,1531,ALLEY,16sep2012 04:50:59,16sep2012 04:50:59,17sep2012,RONDY,CARROLL,16455,003,,04aug1997,POLICE OFFICER,05A,EXCESSIVE FORCE / ON DUTY - INJURY,S001,CLOSED HAND STRIKE (PUNCH),CLOSED/FINAL,NOT SUSTAINED,TEAGUE,ANTONIO ,,,UNKNOWN,33,MALE,BLACK,apr2016,,,05,0,0,1
