COMPLAINT_NUMBER,BEAT,STREET,ADDRESS,LOCATION_CODE,INCIDENT_TIME_START,INCIDENT_TIME_END,NOTIFICATION_DATE,ACCSUEDOFFICER_FNAME,ACCUSEDOFFICER_LNAME,ACCUSED_STAR,ACCUSED_UNIT,ACCUSED_DETAIL,ACCUSED_APPOINTMENT_DATE,ACCUSED_POSITION,INITIAL_CATEGORY_CODE,INITIAL_CATEGORY,CURRENT_CATEGORY_CODE,CURRENT_CATEGORY,CURRENT_STATUS,FINDING_CODE,INVOLVED_OFFICER_LNAME,INVOLVED_OFFICER_FNAME,INVOLVED_OFFICER_UNIT,INVOLVED_OFFICER_DETAIL,INVOLVED_OFFICER_POSITION,INVOLVED_OFFICER_AGE,INVOLVED_OFFICER_SEX,INVOLVED_OFFICER_RACE,foia,INVOLVED_OFFICER_DESCRIPTION,INVOLVED_OFFICER_TYPE,start_code_2,start_code_1,rec,sum_rec
1059860,2412,KEDZIE AVE,6501,STREET,30jan2013 16:57:59,30jan2013 16:57:59,30jan2013,,ROLDAN,12457,019,213,29apr2002,POLICE OFFICER,05Q,UNNECESSARY DISPLAY OF WEAPON / OFF DUTY,05Q,UNNECESSARY DISPLAY OF WEAPON / OFF DUTY,CLOSED/FINAL,EXONERATED,BARFIELD,XAVIER,,,UNKNOWN,22,MALE,BLACK,apr2016,,,05,0,0,1
1059860,2412,KEDZIE AVE,6501,STREET,30jan2013 16:57:59,30jan2013 16:57:59,30jan2013,,ROLDAN,12457,019,213,29apr2002,POLICE OFFICER,05Q,UNNECESSARY DISPLAY OF WEAPON / OFF DUTY,05Q,UNNECESSARY DISPLAY OF WEAPON / OFF DUTY,CLOSED/FINAL,EXONERATED,BARFIELD,GLORIA,,,UNKNOWN,51,FEMALE,BLACK,apr2016,,,05,0,1,1
1059860,2412,KEDZIE AVE,6501,STREET,30jan2013 16:57:59,30jan2013 16:57:59,30jan2013,,ROLDAN,12457,019,213,29apr2002,POLICE OFFICER,05Q,UNNECESSARY DISPLAY OF WEAPON / OFF DUTY,05Q,UNNECESSARY DISPLAY OF WEAPON / OFF DUTY,CLOSED/FINAL,EXONERATED,BARFIELD,XAVIER,,,UNKNOWN,21,MALE,BLACK,apr2016,,,05,0,0,1
1059860,2412,KEDZIE AVE,6501,STREET,30jan2013 16:57:59,30jan2013 16:57:59,30jan2013,,ROLDAN,12457,019,213,29apr2002,POLICE OFFICER,05Q,UNNECESSARY DISPLAY OF WEAPON / OFF DUTY,05Q,UNNECESSARY DISPLAY OF WEAPON / OFF DUTY,CLOSED/FINAL,EXONERATED,MICHNA,MICHAEL,019,213,POLICE OFFICER,,MALE,WHITE,apr2016,,,05,0,0,1
1059860,2412,KEDZIE AVE,6501,STREET,30jan2013 16:57:59,30jan2013 16:57:59,30jan2013,,ROLDAN,12457,019,213,29apr2002,POLICE OFFICER,05Q,UNNECESSARY DISPLAY OF WEAPON / OFF DUTY,05Q,UNNECESSARY DISPLAY OF WEAPON / OFF DUTY,CLOSED/FINAL,EXONERATED,BARFIELD,GLORIA,,,UNKNOWN,52,FEMALE,BLACK,apr2016,,,05,0,0,1
