COMPLAINT_NUMBER,BEAT,STREET,ADDRESS,LOCATION_CODE,INCIDENT_TIME_START,INCIDENT_TIME_END,NOTIFICATION_DATE,ACCSUEDOFFICER_FNAME,ACCUSEDOFFICER_LNAME,ACCUSED_STAR,ACCUSED_UNIT,ACCUSED_DETAIL,ACCUSED_APPOINTMENT_DATE,ACCUSED_POSITION,INITIAL_CATEGORY_CODE,INITIAL_CATEGORY,CURRENT_CATEGORY_CODE,CURRENT_CATEGORY,CURRENT_STATUS,FINDING_CODE,INVOLVED_OFFICER_LNAME,INVOLVED_OFFICER_FNAME,INVOLVED_OFFICER_UNIT,INVOLVED_OFFICER_DETAIL,INVOLVED_OFFICER_POSITION,INVOLVED_OFFICER_AGE,INVOLVED_OFFICER_SEX,INVOLVED_OFFICER_RACE,foia,INVOLVED_OFFICER_DESCRIPTION,INVOLVED_OFFICER_TYPE,start_code_2,start_code_1,rec,sum_rec
1054108,611,ASHLAND AVE,7900,STREET,20apr2012 21:24:59,20apr2012 21:24:59,18may2012,,,,,,,,S042,MISCELLANEOUS,05A,EXCESSIVE FORCE / ON DUTY - INJURY,CLOSED/FINAL,NOT SUSTAINED,YOUNG ,SILAS ,,,UNKNOWN,25,MALE,BLACK,apr2016,,,S0,S,0,1
1054108,611,ASHLAND AVE,7900,STREET,20apr2012 21:24:59,20apr2012 21:24:59,18may2012,,,,,,,,S042,MISCELLANEOUS,05A,EXCESSIVE FORCE / ON DUTY - INJURY,CLOSED/FINAL,UNFOUNDED,YOUNG ,SILAS ,,,UNKNOWN,25,MALE,BLACK,apr2016,,,S0,S,0,1
1054108,611,ASHLAND AVE,7900,STREET,20apr2012 21:24:59,20apr2012 21:24:59,18may2012,MARY,JONES,5531,006,,16dec2009,POLICE OFFICER,S042,MISCELLANEOUS,05A,EXCESSIVE FORCE / ON DUTY - INJURY,CLOSED/FINAL,NOT SUSTAINED,YOUNG ,SILAS ,,,UNKNOWN,25,MALE,BLACK,apr2016,,,S0,S,0,1
1054108,611,ASHLAND AVE,7900,STREET,20apr2012 21:24:59,20apr2012 21:24:59,18may2012,MARY,JONES,5531,006,,16dec2009,POLICE OFFICER,S042,MISCELLANEOUS,05A,EXCESSIVE FORCE / ON DUTY - INJURY,CLOSED/FINAL,UNFOUNDED,YOUNG ,SILAS ,,,UNKNOWN,25,MALE,BLACK,apr2016,,,S0,S,0,1
1054108,611,ASHLAND AVE,7900,STREET,20apr2012 21:24:59,20apr2012 21:24:59,18may2012,CHARLES,MCCLAY,4735,006,,29oct2007,POLICE OFFICER,S042,MISCELLANEOUS,05A,EXCESSIVE FORCE / ON DUTY - INJURY,CLOSED/FINAL,UNFOUNDED,YOUNG ,SILAS ,,,UNKNOWN,25,MALE,BLACK,apr2016,,,S0,S,0,1
1054108,611,ASHLAND AVE,7900,STREET,20apr2012 21:24:59,20apr2012 21:24:59,18may2012,CHARLES,MCCLAY,4735,006,,29oct2007,POLICE OFFICER,S042,MISCELLANEOUS,05A,EXCESSIVE FORCE / ON DUTY - INJURY,CLOSED/FINAL,NOT SUSTAINED,YOUNG ,SILAS ,,,UNKNOWN,25,MALE,BLACK,apr2016,,,S0,S,0,1
