COMPLAINT_NUMBER,BEAT,STREET,ADDRESS,LOCATION_CODE,INCIDENT_TIME_START,INCIDENT_TIME_END,NOTIFICATION_DATE,ACCSUEDOFFICER_FNAME,ACCUSEDOFFICER_LNAME,ACCUSED_STAR,ACCUSED_UNIT,ACCUSED_DETAIL,ACCUSED_APPOINTMENT_DATE,ACCUSED_POSITION,INITIAL_CATEGORY_CODE,INITIAL_CATEGORY,CURRENT_CATEGORY_CODE,CURRENT_CATEGORY,CURRENT_STATUS,FINDING_CODE,INVOLVED_OFFICER_LNAME,INVOLVED_OFFICER_FNAME,INVOLVED_OFFICER_UNIT,INVOLVED_OFFICER_DETAIL,INVOLVED_OFFICER_POSITION,INVOLVED_OFFICER_AGE,INVOLVED_OFFICER_SEX,INVOLVED_OFFICER_RACE,foia,INVOLVED_OFFICER_DESCRIPTION,INVOLVED_OFFICER_TYPE,start_code_2,start_code_1,rec,sum_rec
1060613,1431,MILWAUKEE AVE,2053,PARKING LOT/GARAGE(NON.RESID.),09mar2013 00:45:00,09mar2013 00:59:59,09mar2013,,,,,,,,S042,MISCELLANEOUS,S042,MISCELLANEOUS,CLOSED/FINAL,UNFOUNDED,ABDELHADI,MUSTAFA,,,UNKNOWN,30,MALE,UNKNOWN,apr2016,,,S0,S,0,1
1060613,1431,MILWAUKEE AVE,2053,PARKING LOT/GARAGE(NON.RESID.),09mar2013 00:45:00,09mar2013 00:59:59,09mar2013,,VANOUREK,18525,014,,27jan2003,POLICE OFFICER,S042,MISCELLANEOUS,S042,MISCELLANEOUS,CLOSED/FINAL,UNFOUNDED,ABDELHADI,MUSTAFA,,,UNKNOWN,31,MALE,UNKNOWN,apr2016,,,S0,S,0,1
1060613,1431,MILWAUKEE AVE,2053,PARKING LOT/GARAGE(NON.RESID.),09mar2013 00:45:00,09mar2013 00:59:59,09mar2013,,,,,,,,S042,MISCELLANEOUS,S042,MISCELLANEOUS,CLOSED/FINAL,UNFOUNDED,ABDELHADI,MUSTAFA,,,UNKNOWN,31,MALE,UNKNOWN,apr2016,,,S0,S,0,1
1060613,1431,MILWAUKEE AVE,2053,PARKING LOT/GARAGE(NON.RESID.),09mar2013 00:45:00,09mar2013 00:59:59,09mar2013,,VANOUREK,18525,014,,27jan2003,POLICE OFFICER,S042,MISCELLANEOUS,S042,MISCELLANEOUS,CLOSED/FINAL,UNFOUNDED,ABDELHADI,MUSTAFA,,,UNKNOWN,30,MALE,UNKNOWN,apr2016,,,S0,S,0,1
1060613,1431,MILWAUKEE AVE,2053,PARKING LOT/GARAGE(NON.RESID.),09mar2013 00:45:00,09mar2013 00:59:59,09mar2013,,MUDD,14390,024,,05dec2005,PO/FIELD TRNING OFF,S042,MISCELLANEOUS,S042,MISCELLANEOUS,CLOSED/FINAL,NOT SUSTAINED,ABDELHADI,MUSTAFA,,,UNKNOWN,31,MALE,UNKNOWN,apr2016,,,S0,S,0,1
1060613,1431,MILWAUKEE AVE,2053,PARKING LOT/GARAGE(NON.RESID.),09mar2013 00:45:00,09mar2013 00:59:59,09mar2013,,MUDD,14390,024,,05dec2005,PO/FIELD TRNING OFF,S042,MISCELLANEOUS,S042,MISCELLANEOUS,CLOSED/FINAL,NOT SUSTAINED,ABDELHADI,MUSTAFA,,,UNKNOWN,30,MALE,UNKNOWN,apr2016,,,S0,S,0,1
1060613,1431,MILWAUKEE AVE,2053,PARKING LOT/GARAGE(NON.RESID.),09mar2013 00:45:00,09mar2013 00:59:59,09mar2013,,GIAMBRONE,2500,014,,06sep1994,SERGEANT OF POLICE,S042,MISCELLANEOUS,S042,MISCELLANEOUS,CLOSED/FINAL,NOT SUSTAINED,ABDELHADI,MUSTAFA,,,UNKNOWN,30,MALE,UNKNOWN,apr2016,,,S0,S,0,1
1060613,1431,MILWAUKEE AVE,2053,PARKING LOT/GARAGE(NON.RESID.),09mar2013 00:45:00,09mar2013 00:59:59,09mar2013,,GIAMBRONE,2500,014,,06sep1994,SERGEANT OF POLICE,S042,MISCELLANEOUS,S042,MISCELLANEOUS,CLOSED/FINAL,NOT SUSTAINED,ABDELHADI,MUSTAFA,,,UNKNOWN,31,MALE,UNKNOWN,apr2016,,,S0,S,0,1
