COMPLAINT_NUMBER,BEAT,STREET,ADDRESS,LOCATION_CODE,INCIDENT_TIME_START,INCIDENT_TIME_END,NOTIFICATION_DATE,ACCSUEDOFFICER_FNAME,ACCUSEDOFFICER_LNAME,ACCUSED_STAR,ACCUSED_UNIT,ACCUSED_DETAIL,ACCUSED_APPOINTMENT_DATE,ACCUSED_POSITION,INITIAL_CATEGORY_CODE,INITIAL_CATEGORY,CURRENT_CATEGORY_CODE,CURRENT_CATEGORY,CURRENT_STATUS,FINDING_CODE,INVOLVED_OFFICER_LNAME,INVOLVED_OFFICER_FNAME,INVOLVED_OFFICER_UNIT,INVOLVED_OFFICER_DETAIL,INVOLVED_OFFICER_POSITION,INVOLVED_OFFICER_AGE,INVOLVED_OFFICER_SEX,INVOLVED_OFFICER_RACE,foia,INVOLVED_OFFICER_DESCRIPTION,INVOLVED_OFFICER_TYPE,start_code_2,start_code_1,rec,sum_rec
1059948,1822,LARRABEE ST,1160,POLICE FACILITY/VEH PARKING LOT,03feb2013 02:00:00,03feb2013 02:00:00,05feb2013,,SCHURMAN,13751,018,,29sep2003,POLICE OFFICER,05A,EXCESSIVE FORCE / ON DUTY - INJURY,S002,OPEN HAND STRIKE (SLAP),CLOSED/FINAL,UNFOUNDED,WHITE,LAUREN ,,,UNKNOWN,21,FEMALE,BLACK,apr2016,,,05,0,0,1
1059948,1822,LARRABEE ST,1160,POLICE FACILITY/VEH PARKING LOT,03feb2013 02:00:00,03feb2013 02:00:00,05feb2013,,SCHURMAN,13751,018,,29sep2003,POLICE OFFICER,05A,EXCESSIVE FORCE / ON DUTY - INJURY,S002,OPEN HAND STRIKE (SLAP),CLOSED/FINAL,NOT SUSTAINED,WHITE,LAUREN ,,,UNKNOWN,21,FEMALE,BLACK,apr2016,,,05,0,0,1
1059948,1822,LARRABEE ST,1160,POLICE FACILITY/VEH PARKING LOT,03feb2013 02:00:00,03feb2013 02:00:00,05feb2013,,SCHURMAN,13751,018,,29sep2003,POLICE OFFICER,05A,EXCESSIVE FORCE / ON DUTY - INJURY,S002,OPEN HAND STRIKE (SLAP),CLOSED/FINAL,NOT SUSTAINED,WHITE ,SAVANNAH ,,,UNKNOWN,25,FEMALE,BLACK,apr2016,,,05,0,0,1
1059948,1822,LARRABEE ST,1160,POLICE FACILITY/VEH PARKING LOT,03feb2013 02:00:00,03feb2013 02:00:00,05feb2013,,SCHURMAN,13751,018,,29sep2003,POLICE OFFICER,05A,EXCESSIVE FORCE / ON DUTY - INJURY,S002,OPEN HAND STRIKE (SLAP),CLOSED/FINAL,UNFOUNDED,WHITE ,SAVANNAH ,,,UNKNOWN,25,FEMALE,BLACK,apr2016,,,05,0,0,1
1059948,1822,LARRABEE ST,1160,POLICE FACILITY/VEH PARKING LOT,03feb2013 02:00:00,03feb2013 02:00:00,05feb2013,,,,,,,,05A,EXCESSIVE FORCE / ON DUTY - INJURY,S002,OPEN HAND STRIKE (SLAP),CLOSED/FINAL,EXONERATED,WHITE ,SAVANNAH ,,,UNKNOWN,24,FEMALE,BLACK,apr2016,,,05,0,0,1
1059948,1822,LARRABEE ST,1160,POLICE FACILITY/VEH PARKING LOT,03feb2013 02:00:00,03feb2013 02:00:00,05feb2013,,MURPHY,9933,018,,12jul1999,POLICE OFFICER,05A,EXCESSIVE FORCE / ON DUTY - INJURY,S002,OPEN HAND STRIKE (SLAP),CLOSED/FINAL,UNFOUNDED,WHITE,LAUREN ,,,UNKNOWN,21,FEMALE,BLACK,apr2016,,,05,0,0,1
1059948,1822,LARRABEE ST,1160,POLICE FACILITY/VEH PARKING LOT,03feb2013 02:00:00,03feb2013 02:00:00,05feb2013,,MURPHY,9933,018,,12jul1999,POLICE OFFICER,05A,EXCESSIVE FORCE / ON DUTY - INJURY,S002,OPEN HAND STRIKE (SLAP),CLOSED/FINAL,NOT SUSTAINED,WHITE ,SAVANNAH ,,,UNKNOWN,25,FEMALE,BLACK,apr2016,,,05,0,0,1
1059948,1822,LARRABEE ST,1160,POLICE FACILITY/VEH PARKING LOT,03feb2013 02:00:00,03feb2013 02:00:00,05feb2013,,MURPHY,9933,018,,12jul1999,POLICE OFFICER,05A,EXCESSIVE FORCE / ON DUTY - INJURY,S002,OPEN HAND STRIKE (SLAP),CLOSED/FINAL,NOT SUSTAINED,WHITE ,SAVANNAH ,,,UNKNOWN,24,FEMALE,BLACK,apr2016,,,05,0,0,1
1059948,1822,LARRABEE ST,1160,POLICE FACILITY/VEH PARKING LOT,03feb2013 02:00:00,03feb2013 02:00:00,05feb2013,,,,,,,,05A,EXCESSIVE FORCE / ON DUTY - INJURY,S002,OPEN HAND STRIKE (SLAP),CLOSED/FINAL,UNFOUNDED,WHITE ,SAVANNAH ,,,UNKNOWN,25,FEMALE,BLACK,apr2016,,,05,0,0,1
1059948,1822,LARRABEE ST,1160,POLICE FACILITY/VEH PARKING LOT,03feb2013 02:00:00,03feb2013 02:00:00,05feb2013,,,,,,,,05A,EXCESSIVE FORCE / ON DUTY - INJURY,S002,OPEN HAND STRIKE (SLAP),CLOSED/FINAL,EXONERATED,WHITE,LAUREN ,,,UNKNOWN,21,FEMALE,BLACK,apr2016,,,05,0,1,1
1059948,1822,LARRABEE ST,1160,POLICE FACILITY/VEH PARKING LOT,03feb2013 02:00:00,03feb2013 02:00:00,05feb2013,,MURPHY,9933,018,,12jul1999,POLICE OFFICER,05A,EXCESSIVE FORCE / ON DUTY - INJURY,S002,OPEN HAND STRIKE (SLAP),CLOSED/FINAL,UNFOUNDED,WHITE ,SAVANNAH ,,,UNKNOWN,25,FEMALE,BLACK,apr2016,,,05,0,0,1
1059948,1822,LARRABEE ST,1160,POLICE FACILITY/VEH PARKING LOT,03feb2013 02:00:00,03feb2013 02:00:00,05feb2013,,MURPHY,9933,018,,12jul1999,POLICE OFFICER,05A,EXCESSIVE FORCE / ON DUTY - INJURY,S002,OPEN HAND STRIKE (SLAP),CLOSED/FINAL,NOT SUSTAINED,WHITE,LAUREN ,,,UNKNOWN,21,FEMALE,BLACK,apr2016,,,05,0,0,1
1059948,1822,LARRABEE ST,1160,POLICE FACILITY/VEH PARKING LOT,03feb2013 02:00:00,03feb2013 02:00:00,05feb2013,,SCHURMAN,13751,018,,29sep2003,POLICE OFFICER,05A,EXCESSIVE FORCE / ON DUTY - INJURY,S002,OPEN HAND STRIKE (SLAP),CLOSED/FINAL,UNFOUNDED,WHITE ,SAVANNAH ,,,UNKNOWN,24,FEMALE,BLACK,apr2016,,,05,0,0,1
1059948,1822,LARRABEE ST,1160,POLICE FACILITY/VEH PARKING LOT,03feb2013 02:00:00,03feb2013 02:00:00,05feb2013,,,,,,,,05A,EXCESSIVE FORCE / ON DUTY - INJURY,S002,OPEN HAND STRIKE (SLAP),CLOSED/FINAL,EXONERATED,WHITE ,SAVANNAH ,,,UNKNOWN,25,FEMALE,BLACK,apr2016,,,05,0,0,1
1059948,1822,LARRABEE ST,1160,POLICE FACILITY/VEH PARKING LOT,03feb2013 02:00:00,03feb2013 02:00:00,05feb2013,,,,,,,,05A,EXCESSIVE FORCE / ON DUTY - INJURY,S002,OPEN HAND STRIKE (SLAP),CLOSED/FINAL,UNFOUNDED,WHITE,LAUREN ,,,UNKNOWN,21,FEMALE,BLACK,apr2016,,,05,0,0,1
1059948,1822,LARRABEE ST,1160,POLICE FACILITY/VEH PARKING LOT,03feb2013 02:00:00,03feb2013 02:00:00,05feb2013,,,,,,,,05A,EXCESSIVE FORCE / ON DUTY - INJURY,S002,OPEN HAND STRIKE (SLAP),CLOSED/FINAL,UNFOUNDED,WHITE ,SAVANNAH ,,,UNKNOWN,24,FEMALE,BLACK,apr2016,,,05,0,0,1
1059948,1822,LARRABEE ST,1160,POLICE FACILITY/VEH PARKING LOT,03feb2013 02:00:00,03feb2013 02:00:00,05feb2013,,SCHURMAN,13751,018,,29sep2003,POLICE OFFICER,05A,EXCESSIVE FORCE / ON DUTY - INJURY,S002,OPEN HAND STRIKE (SLAP),CLOSED/FINAL,NOT SUSTAINED,WHITE ,SAVANNAH ,,,UNKNOWN,24,FEMALE,BLACK,apr2016,,,05,0,0,1
1059948,1822,LARRABEE ST,1160,POLICE FACILITY/VEH PARKING LOT,03feb2013 02:00:00,03feb2013 02:00:00,05feb2013,,MURPHY,9933,018,,12jul1999,POLICE OFFICER,05A,EXCESSIVE FORCE / ON DUTY - INJURY,S002,OPEN HAND STRIKE (SLAP),CLOSED/FINAL,UNFOUNDED,WHITE ,SAVANNAH ,,,UNKNOWN,24,FEMALE,BLACK,apr2016,,,05,0,0,1
