COMPLAINT_NUMBER,BEAT,STREET,ADDRESS,LOCATION_CODE,INCIDENT_TIME_START,INCIDENT_TIME_END,NOTIFICATION_DATE,ACCSUEDOFFICER_FNAME,ACCUSEDOFFICER_LNAME,ACCUSED_STAR,ACCUSED_UNIT,ACCUSED_DETAIL,ACCUSED_APPOINTMENT_DATE,ACCUSED_POSITION,INITIAL_CATEGORY_CODE,INITIAL_CATEGORY,CURRENT_CATEGORY_CODE,CURRENT_CATEGORY,CURRENT_STATUS,FINDING_CODE,INVOLVED_OFFICER_LNAME,INVOLVED_OFFICER_FNAME,INVOLVED_OFFICER_UNIT,INVOLVED_OFFICER_DETAIL,INVOLVED_OFFICER_POSITION,INVOLVED_OFFICER_AGE,INVOLVED_OFFICER_SEX,INVOLVED_OFFICER_RACE,foia,INVOLVED_OFFICER_DESCRIPTION,INVOLVED_OFFICER_TYPE,start_code_2,start_code_1,rec,sum_rec
1053226,613,RACINE AVE,8100,GAS STATION,24mar2012 13:44:59,24mar2012 13:44:59,11apr2012,JAMES,GOCHEE,3909,006,,24feb2003,POLICE OFFICER,05A,EXCESSIVE FORCE / ON DUTY - INJURY,S035,TASER (PROBE DISCHARGE),CLOSED/FINAL,NO AFFIDAVIT,WASHINGTON,BOBBY,,,UNKNOWN,29,MALE,BLACK,apr2016,,,05,0,0,1
1053226,613,RACINE AVE,8100,GAS STATION,24mar2012 13:44:59,24mar2012 13:44:59,11apr2012,,,,,,,,05A,EXCESSIVE FORCE / ON DUTY - INJURY,S035,TASER (PROBE DISCHARGE),CLOSED/FINAL,UNFOUNDED,JACKSON,TORY,,,UNKNOWN,35,MALE,BLACK,apr2016,,,05,0,0,1
1053226,613,RACINE AVE,8100,GAS STATION,24mar2012 13:44:59,24mar2012 13:44:59,11apr2012,JAMES,GOCHEE,3909,006,,24feb2003,POLICE OFFICER,05A,EXCESSIVE FORCE / ON DUTY - INJURY,S035,TASER (PROBE DISCHARGE),CLOSED/FINAL,NO AFFIDAVIT,JACKSON,TORY,,,UNKNOWN,35,MALE,BLACK,apr2016,,,05,0,0,1
1053226,613,RACINE AVE,8100,GAS STATION,24mar2012 13:44:59,24mar2012 13:44:59,11apr2012,,,,,,,,05A,EXCESSIVE FORCE / ON DUTY - INJURY,S035,TASER (PROBE DISCHARGE),CLOSED/FINAL,UNFOUNDED,WASHINGTON,BOBBY,,,UNKNOWN,29,MALE,BLACK,apr2016,,,05,0,0,1
