COMPLAINT_NUMBER,BEAT,STREET,ADDRESS,LOCATION_CODE,INCIDENT_TIME_START,INCIDENT_TIME_END,NOTIFICATION_DATE,ACCSUEDOFFICER_FNAME,ACCUSEDOFFICER_LNAME,ACCUSED_STAR,ACCUSED_UNIT,ACCUSED_DETAIL,ACCUSED_APPOINTMENT_DATE,ACCUSED_POSITION,INITIAL_CATEGORY_CODE,INITIAL_CATEGORY,CURRENT_CATEGORY_CODE,CURRENT_CATEGORY,CURRENT_STATUS,FINDING_CODE,INVOLVED_OFFICER_LNAME,INVOLVED_OFFICER_FNAME,INVOLVED_OFFICER_UNIT,INVOLVED_OFFICER_DETAIL,INVOLVED_OFFICER_POSITION,INVOLVED_OFFICER_AGE,INVOLVED_OFFICER_SEX,INVOLVED_OFFICER_RACE,foia,INVOLVED_OFFICER_DESCRIPTION,INVOLVED_OFFICER_TYPE,start_code_2,start_code_1,rec,sum_rec
1056606,623,STATE ST,7900,STREET,26aug2012 17:29:59,26aug2012 18:00:00,26aug2012,,,,,,,,S117,PUSH/PULL/GRAB,S117,PUSH/PULL/GRAB,CLOSED/FINAL,UNFOUNDED,WOODARD,TISHARA,,,UNKNOWN,21,FEMALE,BLACK,apr2016,,,S1,S,0,1
1056606,623,STATE ST,7900,STREET,26aug2012 17:29:59,26aug2012 18:00:00,26aug2012,SAJIT,WALTER,11288,006,212,01may2006,POLICE OFFICER,S117,PUSH/PULL/GRAB,S117,PUSH/PULL/GRAB,CLOSED/FINAL,NOT SUSTAINED,WOODARD,TIARA,,,UNKNOWN,17,FEMALE,BLACK,apr2016,,,S1,S,0,1
1056606,623,STATE ST,7900,STREET,26aug2012 17:29:59,26aug2012 18:00:00,26aug2012,SAJIT,WALTER,11288,006,212,01may2006,POLICE OFFICER,S117,PUSH/PULL/GRAB,S117,PUSH/PULL/GRAB,CLOSED/FINAL,NOT SUSTAINED,DAVID ,JORDAN,,,UNKNOWN,27,MALE,BLACK,apr2016,,,S1,S,0,1
1056606,623,STATE ST,7900,STREET,26aug2012 17:29:59,26aug2012 18:00:00,26aug2012,MICHELLE,MURPHY,4176,006,,27mar2006,POLICE OFFICER,S117,PUSH/PULL/GRAB,S117,PUSH/PULL/GRAB,CLOSED/FINAL,NOT SUSTAINED,WOODARD,TIARA,,,UNKNOWN,17,FEMALE,BLACK,apr2016,,,S1,S,0,1
1056606,623,STATE ST,7900,STREET,26aug2012 17:29:59,26aug2012 18:00:00,26aug2012,SAJIT,WALTER,11288,006,212,01may2006,POLICE OFFICER,S117,PUSH/PULL/GRAB,S117,PUSH/PULL/GRAB,CLOSED/FINAL,NOT SUSTAINED,WOODARD,TIARA,,,UNKNOWN,18,FEMALE,BLACK,apr2016,,,S1,S,0,1
1056606,623,STATE ST,7900,STREET,26aug2012 17:29:59,26aug2012 18:00:00,26aug2012,,,,,,,,S117,PUSH/PULL/GRAB,S117,PUSH/PULL/GRAB,CLOSED/FINAL,UNFOUNDED,DAVID ,JORDAN,,,UNKNOWN,27,MALE,BLACK,apr2016,,,S1,S,0,1
1056606,623,STATE ST,7900,STREET,26aug2012 17:29:59,26aug2012 18:00:00,26aug2012,MICHELLE,MURPHY,4176,006,,27mar2006,POLICE OFFICER,S117,PUSH/PULL/GRAB,S117,PUSH/PULL/GRAB,CLOSED/FINAL,NOT SUSTAINED,BAKER,JERMONE,,,UNKNOWN,24,MALE,BLACK,apr2016,,,S1,S,0,1
1056606,623,STATE ST,7900,STREET,26aug2012 17:29:59,26aug2012 18:00:00,26aug2012,,,,,,,,S117,PUSH/PULL/GRAB,S117,PUSH/PULL/GRAB,CLOSED/FINAL,UNFOUNDED,WOODARD,TIARA,,,UNKNOWN,17,FEMALE,BLACK,apr2016,,,S1,S,0,1
1056606,623,STATE ST,7900,STREET,26aug2012 17:29:59,26aug2012 18:00:00,26aug2012,MICHELLE,MURPHY,4176,006,,27mar2006,POLICE OFFICER,S117,PUSH/PULL/GRAB,S117,PUSH/PULL/GRAB,CLOSED/FINAL,NOT SUSTAINED,JORDAN,DAVID,,,UNKNOWN,27,MALE,BLACK,apr2016,,,S1,S,0,1
1056606,623,STATE ST,7900,STREET,26aug2012 17:29:59,26aug2012 18:00:00,26aug2012,,,,,,,,S117,PUSH/PULL/GRAB,S117,PUSH/PULL/GRAB,CLOSED/FINAL,UNFOUNDED,BAKER,JERMONE,,,UNKNOWN,24,MALE,BLACK,apr2016,,,S1,S,0,1
1056606,623,STATE ST,7900,STREET,26aug2012 17:29:59,26aug2012 18:00:00,26aug2012,,,,,,,,S117,PUSH/PULL/GRAB,S117,PUSH/PULL/GRAB,CLOSED/FINAL,UNFOUNDED,WOODARD,TIARA,,,UNKNOWN,18,FEMALE,BLACK,apr2016,,,S1,S,0,1
1056606,623,STATE ST,7900,STREET,26aug2012 17:29:59,26aug2012 18:00:00,26aug2012,MICHELLE,MURPHY,4176,006,,27mar2006,POLICE OFFICER,S117,PUSH/PULL/GRAB,S117,PUSH/PULL/GRAB,CLOSED/FINAL,NOT SUSTAINED,WOODARD,TIARA,,,UNKNOWN,18,FEMALE,BLACK,apr2016,,,S1,S,0,1
1056606,623,STATE ST,7900,STREET,26aug2012 17:29:59,26aug2012 18:00:00,26aug2012,MICHELLE,MURPHY,4176,006,,27mar2006,POLICE OFFICER,S117,PUSH/PULL/GRAB,S117,PUSH/PULL/GRAB,CLOSED/FINAL,NOT SUSTAINED,DAVID ,JORDAN,,,UNKNOWN,27,MALE,BLACK,apr2016,,,S1,S,0,1
1056606,623,STATE ST,7900,STREET,26aug2012 17:29:59,26aug2012 18:00:00,26aug2012,,,,,,,,S117,PUSH/PULL/GRAB,S117,PUSH/PULL/GRAB,CLOSED/FINAL,UNFOUNDED,JORDAN,DAVID,,,UNKNOWN,27,MALE,BLACK,apr2016,,,S1,S,0,1
1056606,623,STATE ST,7900,STREET,26aug2012 17:29:59,26aug2012 18:00:00,26aug2012,MICHELLE,MURPHY,4176,006,,27mar2006,POLICE OFFICER,S117,PUSH/PULL/GRAB,S117,PUSH/PULL/GRAB,CLOSED/FINAL,NOT SUSTAINED,WOODARD,TISHARA,,,UNKNOWN,21,FEMALE,BLACK,apr2016,,,S1,S,0,1
1056606,623,STATE ST,7900,STREET,26aug2012 17:29:59,26aug2012 18:00:00,26aug2012,SAJIT,WALTER,11288,006,212,01may2006,POLICE OFFICER,S117,PUSH/PULL/GRAB,S117,PUSH/PULL/GRAB,CLOSED/FINAL,NOT SUSTAINED,JORDAN,DAVID,,,UNKNOWN,27,MALE,BLACK,apr2016,,,S1,S,0,1
1056606,623,STATE ST,7900,STREET,26aug2012 17:29:59,26aug2012 18:00:00,26aug2012,SAJIT,WALTER,11288,006,212,01may2006,POLICE OFFICER,S117,PUSH/PULL/GRAB,S117,PUSH/PULL/GRAB,CLOSED/FINAL,NOT SUSTAINED,WOODARD,TISHARA,,,UNKNOWN,21,FEMALE,BLACK,apr2016,,,S1,S,0,1
1056606,623,STATE ST,7900,STREET,26aug2012 17:29:59,26aug2012 18:00:00,26aug2012,SAJIT,WALTER,11288,006,212,01may2006,POLICE OFFICER,S117,PUSH/PULL/GRAB,S117,PUSH/PULL/GRAB,CLOSED/FINAL,NOT SUSTAINED,BAKER,JERMONE,,,UNKNOWN,24,MALE,BLACK,apr2016,,,S1,S,0,1
