COMPLAINT_NUMBER,BEAT,STREET,ADDRESS,LOCATION_CODE,INCIDENT_TIME_START,INCIDENT_TIME_END,NOTIFICATION_DATE,ACCSUEDOFFICER_FNAME,ACCUSEDOFFICER_LNAME,ACCUSED_STAR,ACCUSED_UNIT,ACCUSED_DETAIL,ACCUSED_APPOINTMENT_DATE,ACCUSED_POSITION,INITIAL_CATEGORY_CODE,INITIAL_CATEGORY,CURRENT_CATEGORY_CODE,CURRENT_CATEGORY,CURRENT_STATUS,FINDING_CODE,INVOLVED_OFFICER_LNAME,INVOLVED_OFFICER_FNAME,INVOLVED_OFFICER_UNIT,INVOLVED_OFFICER_DETAIL,INVOLVED_OFFICER_POSITION,INVOLVED_OFFICER_AGE,INVOLVED_OFFICER_SEX,INVOLVED_OFFICER_RACE,foia,INVOLVED_OFFICER_DESCRIPTION,INVOLVED_OFFICER_TYPE,start_code_2,start_code_1,rec,sum_rec
1062675,412,JEFFERY BLVD,8658,PARKING LOT/GARAGE(NON.RESID.),04jun2013 18:59:59,04jun2013 18:59:59,04jun2013,,MOHAMMAD,19999,007,212,10oct2000,POLICE OFFICER,S117,PUSH/PULL/GRAB,05M,UNNECESSARY PHYSICAL CONTACT / ON DUTY - NO INJURY,CLOSED/FINAL,UNFOUNDED,DERRICK-JONES,TIERRA,,,UNKNOWN,25,FEMALE,BLACK,apr2016,,,S1,S,0,1
1062675,412,JEFFERY BLVD,8658,PARKING LOT/GARAGE(NON.RESID.),04jun2013 18:59:59,04jun2013 18:59:59,04jun2013,,MOHAMMAD,19999,007,212,10oct2000,POLICE OFFICER,S117,PUSH/PULL/GRAB,05M,UNNECESSARY PHYSICAL CONTACT / ON DUTY - NO INJURY,CLOSED/FINAL,UNFOUNDED,HARRIS,JESSICA,,,UNKNOWN,25,FEMALE,BLACK,apr2016,,,S1,S,0,1
1062675,412,JEFFERY BLVD,8658,PARKING LOT/GARAGE(NON.RESID.),04jun2013 18:59:59,04jun2013 18:59:59,04jun2013,,MOHAMMAD,19999,007,212,10oct2000,POLICE OFFICER,S117,PUSH/PULL/GRAB,05M,UNNECESSARY PHYSICAL CONTACT / ON DUTY - NO INJURY,CLOSED/FINAL,EXONERATED,WILLIAMS,ASHLEY,,,UNKNOWN,24,FEMALE,BLACK,apr2016,,,S1,S,0,1
1062675,412,JEFFERY BLVD,8658,PARKING LOT/GARAGE(NON.RESID.),04jun2013 18:59:59,04jun2013 18:59:59,04jun2013,,MOHAMMAD,19999,007,212,10oct2000,POLICE OFFICER,S117,PUSH/PULL/GRAB,05M,UNNECESSARY PHYSICAL CONTACT / ON DUTY - NO INJURY,CLOSED/FINAL,UNFOUNDED,HARRIS,JESSICA,,,UNKNOWN,26,FEMALE,BLACK,apr2016,,,S1,S,0,1
1062675,412,JEFFERY BLVD,8658,PARKING LOT/GARAGE(NON.RESID.),04jun2013 18:59:59,04jun2013 18:59:59,04jun2013,,MOHAMMAD,19999,007,212,10oct2000,POLICE OFFICER,S117,PUSH/PULL/GRAB,05M,UNNECESSARY PHYSICAL CONTACT / ON DUTY - NO INJURY,CLOSED/FINAL,UNFOUNDED,WILLIAMS,ASHLEY,,,UNKNOWN,24,FEMALE,BLACK,apr2016,,,S1,S,0,1
1062675,412,JEFFERY BLVD,8658,PARKING LOT/GARAGE(NON.RESID.),04jun2013 18:59:59,04jun2013 18:59:59,04jun2013,,MOHAMMAD,19999,007,212,10oct2000,POLICE OFFICER,S117,PUSH/PULL/GRAB,05M,UNNECESSARY PHYSICAL CONTACT / ON DUTY - NO INJURY,CLOSED/FINAL,EXONERATED,DERRICK-JONES,TIERRA,,,UNKNOWN,25,FEMALE,BLACK,apr2016,,,S1,S,0,1
1062675,412,JEFFERY BLVD,8658,PARKING LOT/GARAGE(NON.RESID.),04jun2013 18:59:59,04jun2013 18:59:59,04jun2013,,MOHAMMAD,19999,007,212,10oct2000,POLICE OFFICER,S117,PUSH/PULL/GRAB,05M,UNNECESSARY PHYSICAL CONTACT / ON DUTY - NO INJURY,CLOSED/FINAL,EXONERATED,WILLIAMS,ASHLEY,,,UNKNOWN,25,FEMALE,BLACK,apr2016,,,S1,S,0,1
1062675,412,JEFFERY BLVD,8658,PARKING LOT/GARAGE(NON.RESID.),04jun2013 18:59:59,04jun2013 18:59:59,04jun2013,,MOHAMMAD,19999,007,212,10oct2000,POLICE OFFICER,S117,PUSH/PULL/GRAB,05M,UNNECESSARY PHYSICAL CONTACT / ON DUTY - NO INJURY,CLOSED/FINAL,EXONERATED,HARRIS,JESSICA,,,UNKNOWN,25,FEMALE,BLACK,apr2016,,,S1,S,0,1
1062675,412,JEFFERY BLVD,8658,PARKING LOT/GARAGE(NON.RESID.),04jun2013 18:59:59,04jun2013 18:59:59,04jun2013,,MOHAMMAD,19999,007,212,10oct2000,POLICE OFFICER,S117,PUSH/PULL/GRAB,05M,UNNECESSARY PHYSICAL CONTACT / ON DUTY - NO INJURY,CLOSED/FINAL,UNFOUNDED,DERRICK-JONES,TIERRA,,,UNKNOWN,24,FEMALE,BLACK,apr2016,,,S1,S,0,1
1062675,412,JEFFERY BLVD,8658,PARKING LOT/GARAGE(NON.RESID.),04jun2013 18:59:59,04jun2013 18:59:59,04jun2013,,MOHAMMAD,19999,007,212,10oct2000,POLICE OFFICER,S117,PUSH/PULL/GRAB,05M,UNNECESSARY PHYSICAL CONTACT / ON DUTY - NO INJURY,CLOSED/FINAL,UNFOUNDED,WILLIAMS,ASHLEY,,,UNKNOWN,25,FEMALE,BLACK,apr2016,,,S1,S,0,1
1062675,412,JEFFERY BLVD,8658,PARKING LOT/GARAGE(NON.RESID.),04jun2013 18:59:59,04jun2013 18:59:59,04jun2013,,MOHAMMAD,19999,007,212,10oct2000,POLICE OFFICER,S117,PUSH/PULL/GRAB,05M,UNNECESSARY PHYSICAL CONTACT / ON DUTY - NO INJURY,CLOSED/FINAL,EXONERATED,HARRIS,JESSICA,,,UNKNOWN,26,FEMALE,BLACK,apr2016,,,S1,S,0,1
1062675,412,JEFFERY BLVD,8658,PARKING LOT/GARAGE(NON.RESID.),04jun2013 18:59:59,04jun2013 18:59:59,04jun2013,,MOHAMMAD,19999,007,212,10oct2000,POLICE OFFICER,S117,PUSH/PULL/GRAB,05M,UNNECESSARY PHYSICAL CONTACT / ON DUTY - NO INJURY,CLOSED/FINAL,EXONERATED,DERRICK-JONES,TIERRA,,,UNKNOWN,24,FEMALE,BLACK,apr2016,,,S1,S,1,1
