COMPLAINT_NUMBER,BEAT,STREET,ADDRESS,LOCATION_CODE,INCIDENT_TIME_START,INCIDENT_TIME_END,NOTIFICATION_DATE,ACCSUEDOFFICER_FNAME,ACCUSEDOFFICER_LNAME,ACCUSED_STAR,ACCUSED_UNIT,ACCUSED_DETAIL,ACCUSED_APPOINTMENT_DATE,ACCUSED_POSITION,INITIAL_CATEGORY_CODE,INITIAL_CATEGORY,CURRENT_CATEGORY_CODE,CURRENT_CATEGORY,CURRENT_STATUS,FINDING_CODE,INVOLVED_OFFICER_LNAME,INVOLVED_OFFICER_FNAME,INVOLVED_OFFICER_UNIT,INVOLVED_OFFICER_DETAIL,INVOLVED_OFFICER_POSITION,INVOLVED_OFFICER_AGE,INVOLVED_OFFICER_SEX,INVOLVED_OFFICER_RACE,foia,INVOLVED_OFFICER_DESCRIPTION,INVOLVED_OFFICER_TYPE,start_code_2,start_code_1,rec,sum_rec
1059198,431,OGLESBY AVE,10200,STREET,26dec2012 15:45:00,26dec2012 15:45:00,26dec2012,KEVIN,FRY,15329,004,,29sep2003,POLICE OFFICER,01B,"RACIAL / ETHNIC, ETC.",05Z,MISCELLANEOUS,CLOSED/FINAL,EXONERATED,BENNETT,BANNA,,,UNKNOWN,50,FEMALE,BLACK,apr2016,,,01,0,0,1
1059198,431,OGLESBY AVE,10200,STREET,26dec2012 15:45:00,26dec2012 15:45:00,26dec2012,,,,,,,,01B,"RACIAL / ETHNIC, ETC.",05Z,MISCELLANEOUS,CLOSED/FINAL,EXONERATED,JOHNSON,LATASHA,,,UNKNOWN,,FEMALE,BLACK,apr2016,,,01,0,0,1
1059198,431,OGLESBY AVE,10200,STREET,26dec2012 15:45:00,26dec2012 15:45:00,26dec2012,KEVIN,FRY,15329,004,,29sep2003,POLICE OFFICER,01B,"RACIAL / ETHNIC, ETC.",05Z,MISCELLANEOUS,CLOSED/FINAL,EXONERATED,MOORE,EUGENE,,,UNKNOWN,32,MALE,BLACK,apr2016,,,01,0,0,1
1059198,431,OGLESBY AVE,10200,STREET,26dec2012 15:45:00,26dec2012 15:45:00,26dec2012,KEVIN,FRY,15329,004,,29sep2003,POLICE OFFICER,01B,"RACIAL / ETHNIC, ETC.",05Z,MISCELLANEOUS,CLOSED/FINAL,EXONERATED,MOORE,EUGENE,,,UNKNOWN,31,MALE,BLACK,apr2016,,,01,0,0,1
1059198,431,OGLESBY AVE,10200,STREET,26dec2012 15:45:00,26dec2012 15:45:00,26dec2012,,,,,,,,01B,"RACIAL / ETHNIC, ETC.",05Z,MISCELLANEOUS,CLOSED/FINAL,EXONERATED,BENNETT,BANNA,,,UNKNOWN,49,FEMALE,BLACK,apr2016,,,01,0,1,1
1059198,431,OGLESBY AVE,10200,STREET,26dec2012 15:45:00,26dec2012 15:45:00,26dec2012,,,,,,,,01B,"RACIAL / ETHNIC, ETC.",05Z,MISCELLANEOUS,CLOSED/FINAL,EXONERATED,MOORE,EUGENE,,,UNKNOWN,32,MALE,BLACK,apr2016,,,01,0,0,1
1059198,431,OGLESBY AVE,10200,STREET,26dec2012 15:45:00,26dec2012 15:45:00,26dec2012,,,,,,,,01B,"RACIAL / ETHNIC, ETC.",05Z,MISCELLANEOUS,CLOSED/FINAL,EXONERATED,LOBIANCO,ROBERT,004,,POLICE OFFICER,,MALE,WHITE,apr2016,,,01,0,0,1
1059198,431,OGLESBY AVE,10200,STREET,26dec2012 15:45:00,26dec2012 15:45:00,26dec2012,KEVIN,FRY,15329,004,,29sep2003,POLICE OFFICER,01B,"RACIAL / ETHNIC, ETC.",05Z,MISCELLANEOUS,CLOSED/FINAL,EXONERATED,JOHNSON,LATASHA,,,UNKNOWN,,FEMALE,BLACK,apr2016,,,01,0,0,1
1059198,431,OGLESBY AVE,10200,STREET,26dec2012 15:45:00,26dec2012 15:45:00,26dec2012,KEVIN,FRY,15329,004,,29sep2003,POLICE OFFICER,01B,"RACIAL / ETHNIC, ETC.",05Z,MISCELLANEOUS,CLOSED/FINAL,EXONERATED,BENNETT,BANNA,,,UNKNOWN,49,FEMALE,BLACK,apr2016,,,01,0,0,1
1059198,431,OGLESBY AVE,10200,STREET,26dec2012 15:45:00,26dec2012 15:45:00,26dec2012,KEVIN,FRY,15329,004,,29sep2003,POLICE OFFICER,01B,"RACIAL / ETHNIC, ETC.",05Z,MISCELLANEOUS,CLOSED/FINAL,EXONERATED,LOBIANCO,ROBERT,004,,POLICE OFFICER,,MALE,WHITE,apr2016,,,01,0,0,1
1059198,431,OGLESBY AVE,10200,STREET,26dec2012 15:45:00,26dec2012 15:45:00,26dec2012,,,,,,,,01B,"RACIAL / ETHNIC, ETC.",05Z,MISCELLANEOUS,CLOSED/FINAL,EXONERATED,BENNETT,BANNA,,,UNKNOWN,50,FEMALE,BLACK,apr2016,,,01,0,0,1
1059198,431,OGLESBY AVE,10200,STREET,26dec2012 15:45:00,26dec2012 15:45:00,26dec2012,,,,,,,,01B,"RACIAL / ETHNIC, ETC.",05Z,MISCELLANEOUS,CLOSED/FINAL,EXONERATED,MOORE,EUGENE,,,UNKNOWN,31,MALE,BLACK,apr2016,,,01,0,0,1
