COMPLAINT_NUMBER,BEAT,STREET,ADDRESS,LOCATION_CODE,INCIDENT_TIME_START,INCIDENT_TIME_END,NOTIFICATION_DATE,ACCSUEDOFFICER_FNAME,ACCUSEDOFFICER_LNAME,ACCUSED_STAR,ACCUSED_UNIT,ACCUSED_DETAIL,ACCUSED_APPOINTMENT_DATE,ACCUSED_POSITION,INITIAL_CATEGORY_CODE,INITIAL_CATEGORY,CURRENT_CATEGORY_CODE,CURRENT_CATEGORY,CURRENT_STATUS,FINDING_CODE,INVOLVED_OFFICER_LNAME,INVOLVED_OFFICER_FNAME,INVOLVED_OFFICER_UNIT,INVOLVED_OFFICER_DETAIL,INVOLVED_OFFICER_POSITION,INVOLVED_OFFICER_AGE,INVOLVED_OFFICER_SEX,INVOLVED_OFFICER_RACE,foia,INVOLVED_OFFICER_DESCRIPTION,INVOLVED_OFFICER_TYPE,start_code_2,start_code_1,rec,sum_rec
1054329,1524,LATROBE AVE,851,STREET,27may2012 22:09:59,27may2012 22:09:59,27may2012,RICHARD,PELLERANO,19165,015,,28oct2002,POLICE OFFICER,S029,TAKE DOWN (THROWN TO GROUND),S008,TAKE DOWN (THROWN TO GROUND),CLOSED/FINAL,NOT SUSTAINED,HOSCH,JOSHUA,,,UNKNOWN,20,MALE,BLACK,apr2016,,,S0,S,0,1
1054329,1524,LATROBE AVE,851,STREET,27may2012 22:09:59,27may2012 22:09:59,27may2012,RICHARD,PELLERANO,19165,015,,28oct2002,POLICE OFFICER,S029,TAKE DOWN (THROWN TO GROUND),S008,TAKE DOWN (THROWN TO GROUND),CLOSED/FINAL,NOT SUSTAINED,DAVIS,ANDRE,,,UNKNOWN,30,MALE,BLACK,apr2016,,,S0,S,0,1
1054329,1524,LATROBE AVE,851,STREET,27may2012 22:09:59,27may2012 22:09:59,27may2012,RICHARD,PELLERANO,19165,015,,28oct2002,POLICE OFFICER,S029,TAKE DOWN (THROWN TO GROUND),S008,TAKE DOWN (THROWN TO GROUND),CLOSED/FINAL,NOT SUSTAINED,HOSCH,JOSHUA,,,UNKNOWN,22,MALE,BLACK,apr2016,,,S0,S,0,1
1054329,1524,LATROBE AVE,851,STREET,27may2012 22:09:59,27may2012 22:09:59,27may2012,RICHARD,PELLERANO,19165,015,,28oct2002,POLICE OFFICER,S029,TAKE DOWN (THROWN TO GROUND),S008,TAKE DOWN (THROWN TO GROUND),CLOSED/FINAL,NOT SUSTAINED,SHIELDS,DARRIN,,,UNKNOWN,20,MALE,BLACK,apr2016,,,S0,S,0,1
1054329,1524,LATROBE AVE,851,STREET,27may2012 22:09:59,27may2012 22:09:59,27may2012,RICHARD,PELLERANO,19165,015,,28oct2002,POLICE OFFICER,S029,TAKE DOWN (THROWN TO GROUND),S008,TAKE DOWN (THROWN TO GROUND),CLOSED/FINAL,NOT SUSTAINED,DAVIS,TIARIA,,,UNKNOWN,24,FEMALE,BLACK,apr2016,,,S0,S,0,1
1054329,1524,LATROBE AVE,851,STREET,27may2012 22:09:59,27may2012 22:09:59,27may2012,RICHARD,PELLERANO,19165,015,,28oct2002,POLICE OFFICER,S029,TAKE DOWN (THROWN TO GROUND),S008,TAKE DOWN (THROWN TO GROUND),CLOSED/FINAL,NOT SUSTAINED,,,,,,,,,apr2016,,,S0,S,0,1
1054329,1524,LATROBE AVE,851,STREET,27may2012 22:09:59,27may2012 22:09:59,27may2012,RICHARD,PELLERANO,19165,015,,28oct2002,POLICE OFFICER,S029,TAKE DOWN (THROWN TO GROUND),S008,TAKE DOWN (THROWN TO GROUND),CLOSED/FINAL,NOT SUSTAINED,BELL,LINDA,,,UNKNOWN,58,MALE,BLACK,apr2016,,,S0,S,0,1
