COMPLAINT_NUMBER,BEAT,STREET,ADDRESS,LOCATION_CODE,INCIDENT_TIME_START,INCIDENT_TIME_END,NOTIFICATION_DATE,ACCSUEDOFFICER_FNAME,ACCUSEDOFFICER_LNAME,ACCUSED_STAR,ACCUSED_UNIT,ACCUSED_DETAIL,ACCUSED_APPOINTMENT_DATE,ACCUSED_POSITION,INITIAL_CATEGORY_CODE,INITIAL_CATEGORY,CURRENT_CATEGORY_CODE,CURRENT_CATEGORY,CURRENT_STATUS,FINDING_CODE,INVOLVED_OFFICER_LNAME,INVOLVED_OFFICER_FNAME,INVOLVED_OFFICER_UNIT,INVOLVED_OFFICER_DETAIL,INVOLVED_OFFICER_POSITION,INVOLVED_OFFICER_AGE,INVOLVED_OFFICER_SEX,INVOLVED_OFFICER_RACE,foia,INVOLVED_OFFICER_DESCRIPTION,INVOLVED_OFFICER_TYPE,start_code_2,start_code_1,rec,sum_rec
1055042,313,63RD ST,500,STREET,24jun2012 21:10:00,24jun2012 21:10:00,25jun2012,,,,,,,,05B,EXCESSIVE FORCE / ON DUTY - NO INJURY,05Z,MISCELLANEOUS,CLOSED/FINAL,UNFOUNDED,JEFFERSON,CLINTAY,,,UNKNOWN,35,FEMALE,BLACK,apr2016,,,05,0,0,1
1055042,313,63RD ST,500,STREET,24jun2012 21:10:00,24jun2012 21:10:00,25jun2012,SERGIO,HERRERA,11968,003,,23jan2006,POLICE OFFICER,05B,EXCESSIVE FORCE / ON DUTY - NO INJURY,05Z,MISCELLANEOUS,CLOSED/FINAL,NOT SUSTAINED,POWELL,DEANDRE ,,,UNKNOWN,,MALE,BLACK,apr2016,,,05,0,0,1
1055042,313,63RD ST,500,STREET,24jun2012 21:10:00,24jun2012 21:10:00,25jun2012,SALVADOR,LARA,17286,003,,01may2006,POLICE OFFICER,05B,EXCESSIVE FORCE / ON DUTY - NO INJURY,05Z,MISCELLANEOUS,CLOSED/FINAL,UNFOUNDED,JEFFERSON,CLINTAY,,,UNKNOWN,33,FEMALE,BLACK,apr2016,,,05,0,0,1
1055042,313,63RD ST,500,STREET,24jun2012 21:10:00,24jun2012 21:10:00,25jun2012,SALVADOR,LARA,17286,003,,01may2006,POLICE OFFICER,05B,EXCESSIVE FORCE / ON DUTY - NO INJURY,05Z,MISCELLANEOUS,CLOSED/FINAL,UNFOUNDED,POWELL,DEANDRE ,,,UNKNOWN,,MALE,BLACK,apr2016,,,05,0,0,1
1055042,313,63RD ST,500,STREET,24jun2012 21:10:00,24jun2012 21:10:00,25jun2012,SERGIO,HERRERA,11968,003,,23jan2006,POLICE OFFICER,05B,EXCESSIVE FORCE / ON DUTY - NO INJURY,05Z,MISCELLANEOUS,CLOSED/FINAL,NOT SUSTAINED,JEFFERSON,CLINTAY,,,UNKNOWN,35,FEMALE,BLACK,apr2016,,,05,0,0,1
1055042,313,63RD ST,500,STREET,24jun2012 21:10:00,24jun2012 21:10:00,25jun2012,,,,,,,,05B,EXCESSIVE FORCE / ON DUTY - NO INJURY,05Z,MISCELLANEOUS,CLOSED/FINAL,UNFOUNDED,JEFFERSON,CLINTAY,,,UNKNOWN,33,FEMALE,BLACK,apr2016,,,05,0,0,1
1055042,313,63RD ST,500,STREET,24jun2012 21:10:00,24jun2012 21:10:00,25jun2012,SERGIO,HERRERA,11968,003,,23jan2006,POLICE OFFICER,05B,EXCESSIVE FORCE / ON DUTY - NO INJURY,05Z,MISCELLANEOUS,CLOSED/FINAL,NOT SUSTAINED,JEFFERSON,CLINTAY,,,UNKNOWN,33,FEMALE,BLACK,apr2016,,,05,0,0,1
1055042,313,63RD ST,500,STREET,24jun2012 21:10:00,24jun2012 21:10:00,25jun2012,,,,,,,,05B,EXCESSIVE FORCE / ON DUTY - NO INJURY,05Z,MISCELLANEOUS,CLOSED/FINAL,UNFOUNDED,POWELL,DEANDRE ,,,UNKNOWN,,MALE,BLACK,apr2016,,,05,0,0,1
1055042,313,63RD ST,500,STREET,24jun2012 21:10:00,24jun2012 21:10:00,25jun2012,SALVADOR,LARA,17286,003,,01may2006,POLICE OFFICER,05B,EXCESSIVE FORCE / ON DUTY - NO INJURY,05Z,MISCELLANEOUS,CLOSED/FINAL,UNFOUNDED,JEFFERSON,CLINTAY,,,UNKNOWN,35,FEMALE,BLACK,apr2016,,,05,0,0,1
