COMPLAINT_NUMBER,BEAT,STREET,ADDRESS,LOCATION_CODE,INCIDENT_TIME_START,INCIDENT_TIME_END,NOTIFICATION_DATE,ACCSUEDOFFICER_FNAME,ACCUSEDOFFICER_LNAME,ACCUSED_STAR,ACCUSED_UNIT,ACCUSED_DETAIL,ACCUSED_APPOINTMENT_DATE,ACCUSED_POSITION,INITIAL_CATEGORY_CODE,INITIAL_CATEGORY,CURRENT_CATEGORY_CODE,CURRENT_CATEGORY,CURRENT_STATUS,FINDING_CODE,INVOLVED_OFFICER_LNAME,INVOLVED_OFFICER_FNAME,INVOLVED_OFFICER_UNIT,INVOLVED_OFFICER_DETAIL,INVOLVED_OFFICER_POSITION,INVOLVED_OFFICER_AGE,INVOLVED_OFFICER_SEX,INVOLVED_OFFICER_RACE,foia,INVOLVED_OFFICER_DESCRIPTION,INVOLVED_OFFICER_TYPE,start_code_2,start_code_1,rec,sum_rec
1054664,1125,WESTERN AVE,334,STREET,04apr2012 15:59:59,04apr2012 15:59:59,11jun2012,,,,,,,,05A,EXCESSIVE FORCE / ON DUTY - INJURY,S021,MISCELLANEOUS,CLOSED/FINAL,NOT SUSTAINED,ARMSTEAD,PATRICIA ,,,UNKNOWN,52,FEMALE,BLACK,apr2016,,,05,0,0,1
1054664,1125,WESTERN AVE,334,STREET,04apr2012 15:59:59,04apr2012 15:59:59,11jun2012,ROBERTO,VERDIN,2913,011,,29apr2002,POLICE OFFICER,05A,EXCESSIVE FORCE / ON DUTY - INJURY,S021,MISCELLANEOUS,CLOSED/FINAL,NOT SUSTAINED,PEABODY,KATHERINE,011,376,POLICE OFFICER,,FEMALE,WHITE,apr2016,,,05,0,0,1
1054664,1125,WESTERN AVE,334,STREET,04apr2012 15:59:59,04apr2012 15:59:59,11jun2012,ROBERTO,VERDIN,2913,011,,29apr2002,POLICE OFFICER,05A,EXCESSIVE FORCE / ON DUTY - INJURY,S021,MISCELLANEOUS,CLOSED/FINAL,UNFOUNDED,ARMSTEAD,PATRICIA ,,,UNKNOWN,52,FEMALE,BLACK,apr2016,,,05,0,0,1
1054664,1125,WESTERN AVE,334,STREET,04apr2012 15:59:59,04apr2012 15:59:59,11jun2012,,,,,,,,05A,EXCESSIVE FORCE / ON DUTY - INJURY,S021,MISCELLANEOUS,CLOSED/FINAL,EXONERATED,ONTIVEROS,ROBERT,011,,POLICE OFFICER,,MALE,SPANISH (DO NOT USE),apr2016,,,05,0,0,1
1054664,1125,WESTERN AVE,334,STREET,04apr2012 15:59:59,04apr2012 15:59:59,11jun2012,ROBERTO,VERDIN,2913,011,,29apr2002,POLICE OFFICER,05A,EXCESSIVE FORCE / ON DUTY - INJURY,S021,MISCELLANEOUS,CLOSED/FINAL,NOT SUSTAINED,ONTIVEROS,ROBERT,011,,POLICE OFFICER,,MALE,SPANISH (DO NOT USE),apr2016,,,05,0,0,1
1054664,1125,WESTERN AVE,334,STREET,04apr2012 15:59:59,04apr2012 15:59:59,11jun2012,ROBERTO,VERDIN,2913,011,,29apr2002,POLICE OFFICER,05A,EXCESSIVE FORCE / ON DUTY - INJURY,S021,MISCELLANEOUS,CLOSED/FINAL,NOT SUSTAINED,ARMSTEAD,PATRICIA ,,,UNKNOWN,52,FEMALE,BLACK,apr2016,,,05,0,0,1
1054664,1125,WESTERN AVE,334,STREET,04apr2012 15:59:59,04apr2012 15:59:59,11jun2012,ROBERTO,VERDIN,2913,011,,29apr2002,POLICE OFFICER,05A,EXCESSIVE FORCE / ON DUTY - INJURY,S021,MISCELLANEOUS,CLOSED/FINAL,NOT SUSTAINED,ARMSTEAD,SIERRA ,,,UNKNOWN,18,FEMALE,BLACK,apr2016,,,05,0,0,1
1054664,1125,WESTERN AVE,334,STREET,04apr2012 15:59:59,04apr2012 15:59:59,11jun2012,ROBERTO,VERDIN,2913,011,,29apr2002,POLICE OFFICER,05A,EXCESSIVE FORCE / ON DUTY - INJURY,S021,MISCELLANEOUS,CLOSED/FINAL,UNFOUNDED,PALMER,MELISSA,011,,POLICE OFFICER,,FEMALE,WHITE,apr2016,,,05,0,0,1
1054664,1125,WESTERN AVE,334,STREET,04apr2012 15:59:59,04apr2012 15:59:59,11jun2012,,,,,,,,05A,EXCESSIVE FORCE / ON DUTY - INJURY,S021,MISCELLANEOUS,CLOSED/FINAL,NOT SUSTAINED,PEABODY,KATHERINE,011,376,POLICE OFFICER,,FEMALE,WHITE,apr2016,,,05,0,0,1
1054664,1125,WESTERN AVE,334,STREET,04apr2012 15:59:59,04apr2012 15:59:59,11jun2012,ROBERTO,VERDIN,2913,011,,29apr2002,POLICE OFFICER,05A,EXCESSIVE FORCE / ON DUTY - INJURY,S021,MISCELLANEOUS,CLOSED/FINAL,UNFOUNDED,ONTIVEROS,ROBERT,011,,POLICE OFFICER,,MALE,SPANISH (DO NOT USE),apr2016,,,05,0,0,1
1054664,1125,WESTERN AVE,334,STREET,04apr2012 15:59:59,04apr2012 15:59:59,11jun2012,ROBERTO,VERDIN,2913,011,,29apr2002,POLICE OFFICER,05A,EXCESSIVE FORCE / ON DUTY - INJURY,S021,MISCELLANEOUS,CLOSED/FINAL,NOT SUSTAINED,ARMSTEAD,SIERRA ,,,UNKNOWN,17,FEMALE,BLACK,apr2016,,,05,0,0,1
1054664,1125,WESTERN AVE,334,STREET,04apr2012 15:59:59,04apr2012 15:59:59,11jun2012,,,,,,,,05A,EXCESSIVE FORCE / ON DUTY - INJURY,S021,MISCELLANEOUS,CLOSED/FINAL,NOT SUSTAINED,ARMSTEAD,SIERRA ,,,UNKNOWN,18,FEMALE,BLACK,apr2016,,,05,0,0,1
1054664,1125,WESTERN AVE,334,STREET,04apr2012 15:59:59,04apr2012 15:59:59,11jun2012,,,,,,,,05A,EXCESSIVE FORCE / ON DUTY - INJURY,S021,MISCELLANEOUS,CLOSED/FINAL,EXONERATED,ARMSTEAD,SIERRA ,,,UNKNOWN,18,FEMALE,BLACK,apr2016,,,05,0,0,1
1054664,1125,WESTERN AVE,334,STREET,04apr2012 15:59:59,04apr2012 15:59:59,11jun2012,,,,,,,,05A,EXCESSIVE FORCE / ON DUTY - INJURY,S021,MISCELLANEOUS,CLOSED/FINAL,EXONERATED,ARMSTEAD,SIERRA ,,,UNKNOWN,17,FEMALE,BLACK,apr2016,,,05,0,0,1
1054664,1125,WESTERN AVE,334,STREET,04apr2012 15:59:59,04apr2012 15:59:59,11jun2012,,,,,,,,05A,EXCESSIVE FORCE / ON DUTY - INJURY,S021,MISCELLANEOUS,CLOSED/FINAL,EXONERATED,ARMSTEAD,PATRICIA ,,,UNKNOWN,52,FEMALE,BLACK,apr2016,,,05,0,1,1
1054664,1125,WESTERN AVE,334,STREET,04apr2012 15:59:59,04apr2012 15:59:59,11jun2012,,,,,,,,05A,EXCESSIVE FORCE / ON DUTY - INJURY,S021,MISCELLANEOUS,CLOSED/FINAL,NOT SUSTAINED,PALMER,MELISSA,011,,POLICE OFFICER,,FEMALE,WHITE,apr2016,,,05,0,0,1
1054664,1125,WESTERN AVE,334,STREET,04apr2012 15:59:59,04apr2012 15:59:59,11jun2012,ROBERTO,VERDIN,2913,011,,29apr2002,POLICE OFFICER,05A,EXCESSIVE FORCE / ON DUTY - INJURY,S021,MISCELLANEOUS,CLOSED/FINAL,NOT SUSTAINED,PALMER,MELISSA,011,,POLICE OFFICER,,FEMALE,WHITE,apr2016,,,05,0,0,1
1054664,1125,WESTERN AVE,334,STREET,04apr2012 15:59:59,04apr2012 15:59:59,11jun2012,,,,,,,,05A,EXCESSIVE FORCE / ON DUTY - INJURY,S021,MISCELLANEOUS,CLOSED/FINAL,EXONERATED,PALMER,MELISSA,011,,POLICE OFFICER,,FEMALE,WHITE,apr2016,,,05,0,0,1
1054664,1125,WESTERN AVE,334,STREET,04apr2012 15:59:59,04apr2012 15:59:59,11jun2012,,,,,,,,05A,EXCESSIVE FORCE / ON DUTY - INJURY,S021,MISCELLANEOUS,CLOSED/FINAL,NOT SUSTAINED,ARMSTEAD,SIERRA ,,,UNKNOWN,17,FEMALE,BLACK,apr2016,,,05,0,0,1
1054664,1125,WESTERN AVE,334,STREET,04apr2012 15:59:59,04apr2012 15:59:59,11jun2012,ROBERTO,VERDIN,2913,011,,29apr2002,POLICE OFFICER,05A,EXCESSIVE FORCE / ON DUTY - INJURY,S021,MISCELLANEOUS,CLOSED/FINAL,UNFOUNDED,ARMSTEAD,PATRICIA ,,,UNKNOWN,53,FEMALE,BLACK,apr2016,,,05,0,0,1
1054664,1125,WESTERN AVE,334,STREET,04apr2012 15:59:59,04apr2012 15:59:59,11jun2012,,,,,,,,05A,EXCESSIVE FORCE / ON DUTY - INJURY,S021,MISCELLANEOUS,CLOSED/FINAL,NOT SUSTAINED,ARMSTEAD,PATRICIA ,,,UNKNOWN,53,FEMALE,BLACK,apr2016,,,05,0,0,1
1054664,1125,WESTERN AVE,334,STREET,04apr2012 15:59:59,04apr2012 15:59:59,11jun2012,,,,,,,,05A,EXCESSIVE FORCE / ON DUTY - INJURY,S021,MISCELLANEOUS,CLOSED/FINAL,NOT SUSTAINED,ONTIVEROS,ROBERT,011,,POLICE OFFICER,,MALE,SPANISH (DO NOT USE),apr2016,,,05,0,0,1
1054664,1125,WESTERN AVE,334,STREET,04apr2012 15:59:59,04apr2012 15:59:59,11jun2012,,,,,,,,05A,EXCESSIVE FORCE / ON DUTY - INJURY,S021,MISCELLANEOUS,CLOSED/FINAL,EXONERATED,ARMSTEAD,PATRICIA ,,,UNKNOWN,53,FEMALE,BLACK,apr2016,,,05,0,0,1
1054664,1125,WESTERN AVE,334,STREET,04apr2012 15:59:59,04apr2012 15:59:59,11jun2012,ROBERTO,VERDIN,2913,011,,29apr2002,POLICE OFFICER,05A,EXCESSIVE FORCE / ON DUTY - INJURY,S021,MISCELLANEOUS,CLOSED/FINAL,UNFOUNDED,ARMSTEAD,SIERRA ,,,UNKNOWN,18,FEMALE,BLACK,apr2016,,,05,0,0,1
1054664,1125,WESTERN AVE,334,STREET,04apr2012 15:59:59,04apr2012 15:59:59,11jun2012,ROBERTO,VERDIN,2913,011,,29apr2002,POLICE OFFICER,05A,EXCESSIVE FORCE / ON DUTY - INJURY,S021,MISCELLANEOUS,CLOSED/FINAL,NOT SUSTAINED,ARMSTEAD,PATRICIA ,,,UNKNOWN,53,FEMALE,BLACK,apr2016,,,05,0,0,1
1054664,1125,WESTERN AVE,334,STREET,04apr2012 15:59:59,04apr2012 15:59:59,11jun2012,ROBERTO,VERDIN,2913,011,,29apr2002,POLICE OFFICER,05A,EXCESSIVE FORCE / ON DUTY - INJURY,S021,MISCELLANEOUS,CLOSED/FINAL,UNFOUNDED,ARMSTEAD,SIERRA ,,,UNKNOWN,17,FEMALE,BLACK,apr2016,,,05,0,0,1
1054664,1125,WESTERN AVE,334,STREET,04apr2012 15:59:59,04apr2012 15:59:59,11jun2012,,,,,,,,05A,EXCESSIVE FORCE / ON DUTY - INJURY,S021,MISCELLANEOUS,CLOSED/FINAL,EXONERATED,PEABODY,KATHERINE,011,376,POLICE OFFICER,,FEMALE,WHITE,apr2016,,,05,0,0,1
1054664,1125,WESTERN AVE,334,STREET,04apr2012 15:59:59,04apr2012 15:59:59,11jun2012,ROBERTO,VERDIN,2913,011,,29apr2002,POLICE OFFICER,05A,EXCESSIVE FORCE / ON DUTY - INJURY,S021,MISCELLANEOUS,CLOSED/FINAL,UNFOUNDED,PEABODY,KATHERINE,011,376,POLICE OFFICER,,FEMALE,WHITE,apr2016,,,05,0,0,1
