COMPLAINT_NUMBER,BEAT,STREET,ADDRESS,LOCATION_CODE,INCIDENT_TIME_START,INCIDENT_TIME_END,NOTIFICATION_DATE,ACCSUEDOFFICER_FNAME,ACCUSEDOFFICER_LNAME,ACCUSED_STAR,ACCUSED_UNIT,ACCUSED_DETAIL,ACCUSED_APPOINTMENT_DATE,ACCUSED_POSITION,INITIAL_CATEGORY_CODE,INITIAL_CATEGORY,CURRENT_CATEGORY_CODE,CURRENT_CATEGORY,CURRENT_STATUS,FINDING_CODE,INVOLVED_OFFICER_LNAME,INVOLVED_OFFICER_FNAME,INVOLVED_OFFICER_UNIT,INVOLVED_OFFICER_DETAIL,INVOLVED_OFFICER_POSITION,INVOLVED_OFFICER_AGE,INVOLVED_OFFICER_SEX,INVOLVED_OFFICER_RACE,foia,INVOLVED_OFFICER_DESCRIPTION,INVOLVED_OFFICER_TYPE,start_code_2,start_code_1,rec,sum_rec
1054821,2413,SACRAMENTO AVE,6200,APARTMENT,06aug2012 15:39:00,07aug2012 00:30:00,16jun2012,PETER,JAIME,17029,024,,08sep1986,POLICE OFFICER,05K,DOMESTIC ALTERCATION - PHYSICAL ABUSE,S109,INJURY,CLOSED/PENALTY NOT SERVED,NOT SUSTAINED,SANDOVAL,DAMIAN,,,UNKNOWN,16,MALE,WHITE HISPANIC,apr2016,,,05,0,0,1
1054821,2413,SACRAMENTO AVE,6200,APARTMENT,06aug2012 15:39:00,07aug2012 00:30:00,16jun2012,PETER,JAIME,17029,024,,08sep1986,POLICE OFFICER,05K,DOMESTIC ALTERCATION - PHYSICAL ABUSE,S109,INJURY,CLOSED/PENALTY NOT SERVED,NOT SUSTAINED,LEYVA,PATRICIA,,,UNKNOWN,47,FEMALE,WHITE HISPANIC,apr2016,,,05,0,0,1
1054821,2413,SACRAMENTO AVE,6200,APARTMENT,06aug2012 15:39:00,07aug2012 00:30:00,16jun2012,PETER,JAIME,17029,024,,08sep1986,POLICE OFFICER,05K,DOMESTIC ALTERCATION - PHYSICAL ABUSE,S109,INJURY,CLOSED/PENALTY NOT SERVED,NOT SUSTAINED,SANDOVAL,DAMIAN,,,UNKNOWN,15,FEMALE,WHITE HISPANIC,apr2016,,,05,0,0,1
1054821,2413,SACRAMENTO AVE,6200,APARTMENT,06aug2012 15:39:00,07aug2012 00:30:00,16jun2012,PETER,JAIME,17029,024,,08sep1986,POLICE OFFICER,05K,DOMESTIC ALTERCATION - PHYSICAL ABUSE,S109,INJURY,CLOSED/PENALTY NOT SERVED,SUSTAINED,LEYVA,PATRICIA,,,UNKNOWN,47,FEMALE,WHITE HISPANIC,apr2016,,,05,0,0,1
1054821,2413,SACRAMENTO AVE,6200,APARTMENT,06aug2012 15:39:00,07aug2012 00:30:00,16jun2012,PETER,JAIME,17029,024,,08sep1986,POLICE OFFICER,05K,DOMESTIC ALTERCATION - PHYSICAL ABUSE,S109,INJURY,CLOSED/PENALTY NOT SERVED,SUSTAINED,SANDOVAL,DAMIAN,,,UNKNOWN,16,MALE,WHITE HISPANIC,apr2016,,,05,0,0,1
1054821,2413,SACRAMENTO AVE,6200,APARTMENT,06aug2012 15:39:00,07aug2012 00:30:00,16jun2012,PETER,JAIME,17029,024,,08sep1986,POLICE OFFICER,05K,DOMESTIC ALTERCATION - PHYSICAL ABUSE,S109,INJURY,CLOSED/PENALTY NOT SERVED,SUSTAINED,SANDOVAL,DAMIAN,,,UNKNOWN,15,FEMALE,WHITE HISPANIC,apr2016,,,05,0,0,1
