COMPLAINT_NUMBER,BEAT,STREET,ADDRESS,LOCATION_CODE,INCIDENT_TIME_START,INCIDENT_TIME_END,NOTIFICATION_DATE,ACCSUEDOFFICER_FNAME,ACCUSEDOFFICER_LNAME,ACCUSED_STAR,ACCUSED_UNIT,ACCUSED_DETAIL,ACCUSED_APPOINTMENT_DATE,ACCUSED_POSITION,INITIAL_CATEGORY_CODE,INITIAL_CATEGORY,CURRENT_CATEGORY_CODE,CURRENT_CATEGORY,CURRENT_STATUS,FINDING_CODE,INVOLVED_OFFICER_LNAME,INVOLVED_OFFICER_FNAME,INVOLVED_OFFICER_UNIT,INVOLVED_OFFICER_DETAIL,INVOLVED_OFFICER_POSITION,INVOLVED_OFFICER_AGE,INVOLVED_OFFICER_SEX,INVOLVED_OFFICER_RACE,foia,INVOLVED_OFFICER_DESCRIPTION,INVOLVED_OFFICER_TYPE,start_code_2,start_code_1,rec,sum_rec
1061081,3100,FORREST PRESERVE DR,6764,BAR OR TAVERN,30mar2013 23:16:00,30mar2013 23:16:00,31mar2013,,KROLL,,313,,02dec2002,POLICE OFFICER,05Z,MISCELLANEOUS,05Z,MISCELLANEOUS,CLOSED/FINAL,SUSTAINED,GONZALEZ,DAMIEN,,,,39,MALE,WHITE HISPANIC,apr2016,,,05,0,0,1
1061081,3100,FORREST PRESERVE DR,6764,BAR OR TAVERN,30mar2013 23:16:00,30mar2013 23:16:00,31mar2013,,KROLL,,313,,02dec2002,POLICE OFFICER,05Z,MISCELLANEOUS,05Z,MISCELLANEOUS,CLOSED/FINAL,SUSTAINED,VELEZ,CARLOS,140,,DEP CHIEF,,MALE,SPANISH (DO NOT USE),apr2016,,,05,0,0,1
1061081,3100,FORREST PRESERVE DR,6764,BAR OR TAVERN,30mar2013 23:16:00,30mar2013 23:16:00,31mar2013,,KROLL,,313,,02dec2002,POLICE OFFICER,05Z,MISCELLANEOUS,05Z,MISCELLANEOUS,CLOSED/FINAL,SUSTAINED,HOLLAND,JAMES,,,,25,MALE,WHITE,apr2016,,,05,0,0,1
1061081,3100,FORREST PRESERVE DR,6764,BAR OR TAVERN,30mar2013 23:16:00,30mar2013 23:16:00,31mar2013,,KROLL,,313,,02dec2002,POLICE OFFICER,05Z,MISCELLANEOUS,05Z,MISCELLANEOUS,CLOSED/FINAL,SUSTAINED,LADEGAARD,DEAN,,,UNKNOWN,33,MALE,WHITE,apr2016,,,05,0,0,1
1061081,3100,FORREST PRESERVE DR,6764,BAR OR TAVERN,30mar2013 23:16:00,30mar2013 23:16:00,31mar2013,,KROLL,,313,,02dec2002,POLICE OFFICER,05Z,MISCELLANEOUS,05Z,MISCELLANEOUS,CLOSED/FINAL,SUSTAINED,MORRIS,ERIC,,,UNKNOWN,24,MALE,WHITE,apr2016,,,05,0,0,1
1061081,3100,FORREST PRESERVE DR,6764,BAR OR TAVERN,30mar2013 23:16:00,30mar2013 23:16:00,31mar2013,,KROLL,,313,,02dec2002,POLICE OFFICER,05Z,MISCELLANEOUS,05Z,MISCELLANEOUS,CLOSED/FINAL,SUSTAINED,WEST,PAIGE,,,,,FEMALE,WHITE,apr2016,,,05,0,0,1
1061081,3100,FORREST PRESERVE DR,6764,BAR OR TAVERN,30mar2013 23:16:00,30mar2013 23:16:00,31mar2013,,KROLL,,313,,02dec2002,POLICE OFFICER,05Z,MISCELLANEOUS,05Z,MISCELLANEOUS,CLOSED/FINAL,SUSTAINED,TAPIA,DANIEL,,,,35,MALE,WHITE HISPANIC,apr2016,,,05,0,0,1
1061081,3100,FORREST PRESERVE DR,6764,BAR OR TAVERN,30mar2013 23:16:00,30mar2013 23:16:00,31mar2013,,KROLL,,313,,02dec2002,POLICE OFFICER,05Z,MISCELLANEOUS,05Z,MISCELLANEOUS,CLOSED/FINAL,SUSTAINED,DELACRUZ,GILBERT,,,,35,MALE,WHITE HISPANIC,apr2016,,,05,0,0,1
1061081,3100,FORREST PRESERVE DR,6764,BAR OR TAVERN,30mar2013 23:16:00,30mar2013 23:16:00,31mar2013,,KROLL,,313,,02dec2002,POLICE OFFICER,05Z,MISCELLANEOUS,05Z,MISCELLANEOUS,CLOSED/FINAL,SUSTAINED,LABEGAARD,DEAN,,,UNKNOWN,33,MALE,WHITE,apr2016,,,05,0,0,1
1061081,3100,FORREST PRESERVE DR,6764,BAR OR TAVERN,30mar2013 23:16:00,30mar2013 23:16:00,31mar2013,,KROLL,,313,,02dec2002,POLICE OFFICER,05Z,MISCELLANEOUS,05Z,MISCELLANEOUS,CLOSED/FINAL,SUSTAINED,LABEGAARD,DEAN,,,UNKNOWN,32,MALE,WHITE,apr2016,,,05,0,0,1
1061081,3100,FORREST PRESERVE DR,6764,BAR OR TAVERN,30mar2013 23:16:00,30mar2013 23:16:00,31mar2013,,KROLL,,313,,02dec2002,POLICE OFFICER,05Z,MISCELLANEOUS,05Z,MISCELLANEOUS,CLOSED/FINAL,SUSTAINED,MORRIS,ERIC,,,UNKNOWN,25,MALE,WHITE,apr2016,,,05,0,0,1
1061081,3100,FORREST PRESERVE DR,6764,BAR OR TAVERN,30mar2013 23:16:00,30mar2013 23:16:00,31mar2013,,KROLL,,313,,02dec2002,POLICE OFFICER,05Z,MISCELLANEOUS,05Z,MISCELLANEOUS,CLOSED/FINAL,SUSTAINED,ALICEA,SCOTT,,,,,MALE,WHITE,apr2016,,,05,0,0,1
1061081,3100,FORREST PRESERVE DR,6764,BAR OR TAVERN,30mar2013 23:16:00,30mar2013 23:16:00,31mar2013,,KROLL,,313,,02dec2002,POLICE OFFICER,05Z,MISCELLANEOUS,05Z,MISCELLANEOUS,CLOSED/FINAL,SUSTAINED,WARREN,MICHAEL,,,,41,MALE,WHITE,apr2016,,,05,0,0,1
