COMPLAINT_NUMBER,BEAT,STREET,ADDRESS,LOCATION_CODE,INCIDENT_TIME_START,INCIDENT_TIME_END,NOTIFICATION_DATE,ACCSUEDOFFICER_FNAME,ACCUSEDOFFICER_LNAME,ACCUSED_STAR,ACCUSED_UNIT,ACCUSED_DETAIL,ACCUSED_APPOINTMENT_DATE,ACCUSED_POSITION,INITIAL_CATEGORY_CODE,INITIAL_CATEGORY,CURRENT_CATEGORY_CODE,CURRENT_CATEGORY,CURRENT_STATUS,FINDING_CODE,INVOLVED_OFFICER_LNAME,INVOLVED_OFFICER_FNAME,INVOLVED_OFFICER_UNIT,INVOLVED_OFFICER_DETAIL,INVOLVED_OFFICER_POSITION,INVOLVED_OFFICER_AGE,INVOLVED_OFFICER_SEX,INVOLVED_OFFICER_RACE,foia,INVOLVED_OFFICER_DESCRIPTION,INVOLVED_OFFICER_TYPE,start_code_2,start_code_1,rec,sum_rec
1053667,,,,,,,30apr2012,VIOLET,REY,3593,010,,27aug2007,POLICE OFFICER,,,18A,FIREARM DISCHARGE WITH HITS / ON DUTY,PENDING INVESTIGATIVE REVIEW,,FIETKO,MICHAEL,010,,POLICE OFFICER,,MALE,WHITE,may2016,,Witness,,,0,2
1053667,1034,WESTERN AVE,2459,SMALL RETAIL STORE,30apr2012 02:51:00,30apr2012 02:51:00,30apr2012,MANUEL,GONZALEZ JR.,11733,010,,09mar2009,POLICE OFFICER,,,18A,FIREARM DISCHARGE WITH HITS / ON DUTY,PENDING INVESTIGATION,UNFOUNDED,GIVENS,JOHN,,,UNKNOWN,32,MALE,BLACK,apr2016,,,,,0,2
1053667,1034,WESTERN AVE,2459,SMALL RETAIL STORE,30apr2012 02:51:00,30apr2012 02:51:00,30apr2012,VIOLET,REY,3593,010,,27aug2007,POLICE OFFICER,,,18A,FIREARM DISCHARGE WITH HITS / ON DUTY,PENDING INVESTIGATION,SUSTAINED,GIVENS,JOHN,,,UNKNOWN,34,MALE,BLACK,apr2016,,,,,0,2
1053667,,,,,,,30apr2012,DANIEL,LOPEZ,3477,010,,25aug2003,POLICE OFFICER,,,18A,FIREARM DISCHARGE WITH HITS / ON DUTY,PENDING INVESTIGATIVE REVIEW,,REY,VIOLET,010,,POLICE OFFICER,,FEMALE,SPANISH (DO NOT USE),may2016,,Inmate,,,0,2
1053667,1034,WESTERN AVE,2459,SMALL RETAIL STORE,30apr2012 02:51:00,30apr2012 02:51:00,30apr2012,DANIEL,LOPEZ,3477,010,,25aug2003,POLICE OFFICER,,,18A,FIREARM DISCHARGE WITH HITS / ON DUTY,PENDING INVESTIGATION,UNFOUNDED,GIVENS,JOHN,,,UNKNOWN,34,MALE,BLACK,apr2016,,,,,0,2
1053667,,,,,,,30apr2012,DANIEL,VAZQUEZ,11852,010,,16apr2010,POLICE OFFICER,,,18A,FIREARM DISCHARGE WITH HITS / ON DUTY,PENDING INVESTIGATIVE REVIEW,,PANEK,TAMMY,010,,POLICE OFFICER,,FEMALE,WHITE,may2016,,Witness,,,0,2
1053667,,,,,,,30apr2012,JORGE,MENDEZ JR,14333,010,,30jul2007,POLICE OFFICER,,,18A,FIREARM DISCHARGE WITH HITS / ON DUTY,PENDING INVESTIGATIVE REVIEW,,ROSEN,ANTHONY,010,,POLICE OFFICER,,MALE,WHITE,may2016,NOW ACCUSED MEMBER,Inmate,,,0,2
1053667,1034,WESTERN AVE,2459,SMALL RETAIL STORE,30apr2012 02:51:00,30apr2012 02:51:00,30apr2012,TERRENCE,PRATSCHER,4190,010,,19may2008,POLICE OFFICER,,,18A,FIREARM DISCHARGE WITH HITS / ON DUTY,PENDING INVESTIGATION,SUSTAINED,REY,VIOLET,010,,POLICE OFFICER,,FEMALE,SPANISH (DO NOT USE),apr2016,,,,,0,2
1053667,1034,WESTERN AVE,2459,SMALL RETAIL STORE,30apr2012 02:51:00,30apr2012 02:51:00,30apr2012,MANUEL,GONZALEZ JR.,11733,010,,09mar2009,POLICE OFFICER,,,18A,FIREARM DISCHARGE WITH HITS / ON DUTY,PENDING INVESTIGATION,UNFOUNDED,DUDLEY,LELAND,,,UNKNOWN,32,MALE,BLACK,apr2016,,,,,0,2
1053667,1034,WESTERN AVE,2459,SMALL RETAIL STORE,30apr2012 02:51:00,30apr2012 02:51:00,30apr2012,MICHAEL,CURRY,6915,010,,01sep2010,POLICE OFFICER,,,18A,FIREARM DISCHARGE WITH HITS / ON DUTY,PENDING INVESTIGATION,SUSTAINED,GIVENS,JOHN,,,UNKNOWN,34,MALE,BLACK,apr2016,,,,,0,2
1053667,,,,,,,30apr2012,VIOLET,REY,3593,010,,27aug2007,POLICE OFFICER,,,18A,FIREARM DISCHARGE WITH HITS / ON DUTY,PENDING INVESTIGATIVE REVIEW,,GONZALEZ JR.,MANUEL,010,,POLICE OFFICER,,MALE,SPANISH (DO NOT USE),may2016,NOW ACCUSED MMEMBER,Inmate,,,0,2
1053667,1034,WESTERN AVE,2459,SMALL RETAIL STORE,30apr2012 02:51:00,30apr2012 02:51:00,30apr2012,DANIEL,LOPEZ,3477,010,,25aug2003,POLICE OFFICER,,,18A,FIREARM DISCHARGE WITH HITS / ON DUTY,PENDING INVESTIGATION,UNFOUNDED,MENDEZ JR,JORGE,010,,POLICE OFFICER,,MALE,SPANISH (DO NOT USE),apr2016,,,,,0,2
1053667,,,,,,,30apr2012,DANIEL,LOPEZ,3477,010,,25aug2003,POLICE OFFICER,,,18A,FIREARM DISCHARGE WITH HITS / ON DUTY,PENDING INVESTIGATIVE REVIEW,,PRATSCHER,TERRENCE,010,,POLICE OFFICER,,MALE,WHITE,may2016,NOW ACCUSED MMEMBER,Inmate,,,0,2
1053667,1034,WESTERN AVE,2459,SMALL RETAIL STORE,30apr2012 02:51:00,30apr2012 02:51:00,30apr2012,JORGE,MENDEZ JR,14333,010,,30jul2007,POLICE OFFICER,,,18A,FIREARM DISCHARGE WITH HITS / ON DUTY,PENDING INVESTIGATION,SUSTAINED,GIVENS,JOHN,,,UNKNOWN,32,MALE,BLACK,apr2016,,,,,0,2
1053667,,,,,,,30apr2012,JORGE,MENDEZ JR,14333,010,,30jul2007,POLICE OFFICER,,,18A,FIREARM DISCHARGE WITH HITS / ON DUTY,PENDING INVESTIGATIVE REVIEW,,LODDING,HOWARD,124,,DEP CHIEF,,MALE,WHITE,may2016,,Complainant,,,0,2
1053667,,,,,,,30apr2012,TERRENCE,PRATSCHER,4190,010,,19may2008,POLICE OFFICER,,,18A,FIREARM DISCHARGE WITH HITS / ON DUTY,PENDING INVESTIGATIVE REVIEW,,LOPEZ,DANIEL,010,,POLICE OFFICER,,MALE,SPANISH (DO NOT USE),may2016,NOW ACCUSED MMEMBER,Inmate,,,0,2
1053667,,,,,,,30apr2012,MANUEL,GONZALEZ JR.,11733,010,,09mar2009,POLICE OFFICER,,,18A,FIREARM DISCHARGE WITH HITS / ON DUTY,PENDING INVESTIGATIVE REVIEW,,PRATSCHER,TERRENCE,010,,POLICE OFFICER,,MALE,WHITE,may2016,,Inmate,,,0,2
1053667,1034,WESTERN AVE,2459,SMALL RETAIL STORE,30apr2012 02:51:00,30apr2012 02:51:00,30apr2012,JORGE,MENDEZ JR,14333,010,,30jul2007,POLICE OFFICER,,,18A,FIREARM DISCHARGE WITH HITS / ON DUTY,PENDING INVESTIGATION,SUSTAINED,GONZALEZ JR.,MANUEL,010,,POLICE OFFICER,,MALE,SPANISH (DO NOT USE),apr2016,,,,,0,2
1053667,,,,,,,30apr2012,JORGE,MENDEZ JR,14333,010,,30jul2007,POLICE OFFICER,,,18A,FIREARM DISCHARGE WITH HITS / ON DUTY,PENDING INVESTIGATIVE REVIEW,,PANEK,TAMMY,010,,POLICE OFFICER,,FEMALE,WHITE,may2016,,Witness,,,0,2
1053667,,,,,,,30apr2012,DANIEL,VAZQUEZ,11852,010,,16apr2010,POLICE OFFICER,,,18A,FIREARM DISCHARGE WITH HITS / ON DUTY,PENDING INVESTIGATIVE REVIEW,,GONZALEZ JR.,MANUEL,010,,POLICE OFFICER,,MALE,SPANISH (DO NOT USE),may2016,,Inmate,,,0,2
1053667,1034,WESTERN AVE,2459,SMALL RETAIL STORE,30apr2012 02:51:00,30apr2012 02:51:00,30apr2012,JORGE,MENDEZ JR,14333,010,,30jul2007,POLICE OFFICER,,,18A,FIREARM DISCHARGE WITH HITS / ON DUTY,PENDING INVESTIGATION,SUSTAINED,LOPEZ,DANIEL,010,,POLICE OFFICER,,MALE,SPANISH (DO NOT USE),apr2016,,,,,0,2
1053667,,,,,,,30apr2012,TERRENCE,PRATSCHER,4190,010,,19may2008,POLICE OFFICER,,,18A,FIREARM DISCHARGE WITH HITS / ON DUTY,PENDING INVESTIGATIVE REVIEW,,PANEK,TAMMY,010,,POLICE OFFICER,,FEMALE,WHITE,may2016,,Witness,,,1,2
1053667,,,,,,,30apr2012,DANIEL,VAZQUEZ,11852,010,,16apr2010,POLICE OFFICER,,,18A,FIREARM DISCHARGE WITH HITS / ON DUTY,PENDING INVESTIGATIVE REVIEW,,LOPEZ,DANIEL,010,,POLICE OFFICER,,MALE,SPANISH (DO NOT USE),may2016,,Inmate,,,0,2
1053667,,,,,,,30apr2012,JORGE,MENDEZ JR,14333,010,,30jul2007,POLICE OFFICER,,,18A,FIREARM DISCHARGE WITH HITS / ON DUTY,PENDING INVESTIGATIVE REVIEW,,ROSEN,ANTHONY,010,,POLICE OFFICER,,MALE,WHITE,may2016,,Inmate,,,0,2
1053667,,,,,,,30apr2012,MICHAEL,CURRY,6915,010,,01sep2010,POLICE OFFICER,,,18A,FIREARM DISCHARGE WITH HITS / ON DUTY,PENDING INVESTIGATIVE REVIEW,,GIVENS,JOHN,,,UNKNOWN,32,MALE,BLACK,may2016,,Victim,,,0,2
1053667,1034,WESTERN AVE,2459,SMALL RETAIL STORE,30apr2012 02:51:00,30apr2012 02:51:00,30apr2012,ANTHONY,ROSEN,11430,010,,09mar2009,POLICE OFFICER,,,18A,FIREARM DISCHARGE WITH HITS / ON DUTY,PENDING INVESTIGATION,SUSTAINED,STRONG,DAVID,,,UNKNOWN,27,MALE,BLACK,apr2016,,,,,0,2
1053667,1034,WESTERN AVE,2459,SMALL RETAIL STORE,30apr2012 02:51:00,30apr2012 02:51:00,30apr2012,DANIEL,LOPEZ,3477,010,,25aug2003,POLICE OFFICER,,,18A,FIREARM DISCHARGE WITH HITS / ON DUTY,PENDING INVESTIGATION,UNFOUNDED,PRATSCHER,TERRENCE,010,,POLICE OFFICER,,MALE,WHITE,apr2016,,,,,0,2
1053667,1034,WESTERN AVE,2459,SMALL RETAIL STORE,30apr2012 02:51:00,30apr2012 02:51:00,30apr2012,JORGE,MENDEZ JR,14333,010,,30jul2007,POLICE OFFICER,,,18A,FIREARM DISCHARGE WITH HITS / ON DUTY,PENDING INVESTIGATION,SUSTAINED,DUDLEY,LELAND,,,UNKNOWN,34,MALE,BLACK,apr2016,,,,,0,2
1053667,,,,,,,30apr2012,DANIEL,LOPEZ,3477,010,,25aug2003,POLICE OFFICER,,,18A,FIREARM DISCHARGE WITH HITS / ON DUTY,PENDING INVESTIGATIVE REVIEW,,CURRY,MICHAEL,010,,POLICE OFFICER,,MALE,WHITE,may2016,NOW ACCUSED MMEMBER,Inmate,,,0,2
1053667,1034,WESTERN AVE,2459,SMALL RETAIL STORE,30apr2012 02:51:00,30apr2012 02:51:00,30apr2012,TERRENCE,PRATSCHER,4190,010,,19may2008,POLICE OFFICER,,,18A,FIREARM DISCHARGE WITH HITS / ON DUTY,PENDING INVESTIGATION,SUSTAINED,FIETKO,MICHAEL,010,,POLICE OFFICER,,MALE,WHITE,apr2016,,,,,0,2
1053667,,,,,,,30apr2012,DANIEL,VAZQUEZ,11852,010,,16apr2010,POLICE OFFICER,,,18A,FIREARM DISCHARGE WITH HITS / ON DUTY,PENDING INVESTIGATIVE REVIEW,,CURRY,MICHAEL,010,,POLICE OFFICER,,MALE,WHITE,may2016,,Inmate,,,0,2
1053667,1034,WESTERN AVE,2459,SMALL RETAIL STORE,30apr2012 02:51:00,30apr2012 02:51:00,30apr2012,ANTHONY,ROSEN,11430,010,,09mar2009,POLICE OFFICER,,,18A,FIREARM DISCHARGE WITH HITS / ON DUTY,PENDING INVESTIGATION,SUSTAINED,GONZALEZ JR.,MANUEL,010,,POLICE OFFICER,,MALE,SPANISH (DO NOT USE),apr2016,,,,,0,2
1053667,1034,WESTERN AVE,2459,SMALL RETAIL STORE,30apr2012 02:51:00,30apr2012 02:51:00,30apr2012,TERRENCE,PRATSCHER,4190,010,,19may2008,POLICE OFFICER,,,18A,FIREARM DISCHARGE WITH HITS / ON DUTY,PENDING INVESTIGATION,SUSTAINED,MENDEZ JR,JORGE,010,,POLICE OFFICER,,MALE,SPANISH (DO NOT USE),apr2016,,,,,0,2
1053667,1034,WESTERN AVE,2459,SMALL RETAIL STORE,30apr2012,30apr2012,30apr2012,DANIEL,VAZQUEZ,11852,010,,16apr2010,POLICE OFFICER,,,18A,FIREARM DISCHARGE WITH HITS / ON DUTY,PENDING INVESTIGATIVE REVIEW,UNFOUNDED,,,,,,,,,may2016,,,,,0,2
1053667,1034,WESTERN AVE,2459,SMALL RETAIL STORE,30apr2012 02:51:00,30apr2012 02:51:00,30apr2012,DANIEL,LOPEZ,3477,010,,25aug2003,POLICE OFFICER,,,18A,FIREARM DISCHARGE WITH HITS / ON DUTY,PENDING INVESTIGATION,UNFOUNDED,LOPEZ,DANIEL,010,,POLICE OFFICER,,MALE,SPANISH (DO NOT USE),apr2016,,,,,0,2
1053667,,,,,,,30apr2012,DANIEL,LOPEZ,3477,010,,25aug2003,POLICE OFFICER,,,18A,FIREARM DISCHARGE WITH HITS / ON DUTY,PENDING INVESTIGATIVE REVIEW,,ROSEN,ANTHONY,010,,POLICE OFFICER,,MALE,WHITE,may2016,,Inmate,,,0,2
1053667,,,,,,,30apr2012,VIOLET,REY,3593,010,,27aug2007,POLICE OFFICER,,,18A,FIREARM DISCHARGE WITH HITS / ON DUTY,PENDING INVESTIGATIVE REVIEW,,ROSEN,ANTHONY,010,,POLICE OFFICER,,MALE,WHITE,may2016,,Inmate,,,0,2
1053667,1034,WESTERN AVE,2459,SMALL RETAIL STORE,30apr2012 02:51:00,30apr2012 02:51:00,30apr2012,MICHAEL,CURRY,6915,010,,01sep2010,POLICE OFFICER,,,18A,FIREARM DISCHARGE WITH HITS / ON DUTY,PENDING INVESTIGATION,SUSTAINED,LODDING,HOWARD,124,,DEP CHIEF,,MALE,WHITE,apr2016,,,,,0,2
1053667,1034,WESTERN AVE,2459,SMALL RETAIL STORE,30apr2012 02:51:00,30apr2012 02:51:00,30apr2012,TERRENCE,PRATSCHER,4190,010,,19may2008,POLICE OFFICER,,,18A,FIREARM DISCHARGE WITH HITS / ON DUTY,PENDING INVESTIGATION,SUSTAINED,GIVENS,JOHN,,,UNKNOWN,34,MALE,BLACK,apr2016,,,,,0,2
1053667,1034,WESTERN AVE,2459,SMALL RETAIL STORE,30apr2012 02:51:00,30apr2012 02:51:00,30apr2012,JORGE,MENDEZ JR,14333,010,,30jul2007,POLICE OFFICER,,,18A,FIREARM DISCHARGE WITH HITS / ON DUTY,PENDING INVESTIGATION,SUSTAINED,DUDLEY,LELAND,,,UNKNOWN,32,MALE,BLACK,apr2016,,,,,0,2
1053667,,,,,,,30apr2012,JORGE,MENDEZ JR,14333,010,,30jul2007,POLICE OFFICER,,,18A,FIREARM DISCHARGE WITH HITS / ON DUTY,PENDING INVESTIGATIVE REVIEW,,OHLSON,ANDREW,010,,POLICE OFFICER,,MALE,WHITE,may2016,,Witness,,,0,2
1053667,,,,,,,30apr2012,MICHAEL,CURRY,6915,010,,01sep2010,POLICE OFFICER,,,18A,FIREARM DISCHARGE WITH HITS / ON DUTY,PENDING INVESTIGATIVE REVIEW,,REY,VIOLET,010,,POLICE OFFICER,,FEMALE,SPANISH (DO NOT USE),may2016,NOW ACCUSED MMEMBER,Inmate,,,0,2
1053667,,,,,,,30apr2012,DANIEL,VAZQUEZ,11852,010,,16apr2010,POLICE OFFICER,,,18A,FIREARM DISCHARGE WITH HITS / ON DUTY,PENDING INVESTIGATIVE REVIEW,,PRATSCHER,TERRENCE,010,,POLICE OFFICER,,MALE,WHITE,may2016,NOW ACCUSED MMEMBER,Inmate,,,0,2
1053667,,,,,,,30apr2012,MANUEL,GONZALEZ JR.,11733,010,,09mar2009,POLICE OFFICER,,,18A,FIREARM DISCHARGE WITH HITS / ON DUTY,PENDING INVESTIGATIVE REVIEW,,DUDLEY,LELAND,,,UNKNOWN,32,MALE,BLACK,may2016,,Victim,,,0,2
1053667,1034,WESTERN AVE,2459,SMALL RETAIL STORE,30apr2012 02:51:00,30apr2012 02:51:00,30apr2012,MANUEL,GONZALEZ JR.,11733,010,,09mar2009,POLICE OFFICER,,,18A,FIREARM DISCHARGE WITH HITS / ON DUTY,PENDING INVESTIGATION,UNFOUNDED,FIETKO,MICHAEL,010,,POLICE OFFICER,,MALE,WHITE,apr2016,,,,,0,2
1053667,1034,WESTERN AVE,2459,SMALL RETAIL STORE,30apr2012 02:51:00,30apr2012 02:51:00,30apr2012,JORGE,MENDEZ JR,14333,010,,30jul2007,POLICE OFFICER,,,18A,FIREARM DISCHARGE WITH HITS / ON DUTY,PENDING INVESTIGATION,SUSTAINED,LODDING,HOWARD,124,,DEP CHIEF,,MALE,WHITE,apr2016,,,,,0,2
1053667,,,,,,,30apr2012,VIOLET,REY,3593,010,,27aug2007,POLICE OFFICER,,,18A,FIREARM DISCHARGE WITH HITS / ON DUTY,PENDING INVESTIGATIVE REVIEW,,MENDEZ JR,JORGE,010,,POLICE OFFICER,,MALE,SPANISH (DO NOT USE),may2016,NOW ACCUSED MMEMBER,Inmate,,,0,2
1053667,1034,WESTERN AVE,2459,SMALL RETAIL STORE,30apr2012 02:51:00,30apr2012 02:51:00,30apr2012,VIOLET,REY,3593,010,,27aug2007,POLICE OFFICER,,,18A,FIREARM DISCHARGE WITH HITS / ON DUTY,PENDING INVESTIGATION,SUSTAINED,DUDLEY,LELAND,,,UNKNOWN,34,MALE,BLACK,apr2016,,,,,0,2
1053667,,,,,,,30apr2012,MICHAEL,CURRY,6915,010,,01sep2010,POLICE OFFICER,,,18A,FIREARM DISCHARGE WITH HITS / ON DUTY,PENDING INVESTIGATIVE REVIEW,,OHLSON,ANDREW,010,,POLICE OFFICER,,MALE,WHITE,may2016,,Witness,,,0,2
1053667,,,,,,,30apr2012,DANIEL,LOPEZ,3477,010,,25aug2003,POLICE OFFICER,,,18A,FIREARM DISCHARGE WITH HITS / ON DUTY,PENDING INVESTIGATIVE REVIEW,,GIVENS,JOHN,,,UNKNOWN,32,MALE,BLACK,may2016,,Victim,,,0,2
1053667,,,,,,,30apr2012,VIOLET,REY,3593,010,,27aug2007,POLICE OFFICER,,,18A,FIREARM DISCHARGE WITH HITS / ON DUTY,PENDING INVESTIGATIVE REVIEW,,REY,VIOLET,010,,POLICE OFFICER,,FEMALE,SPANISH (DO NOT USE),may2016,,Inmate,,,0,2
1053667,1034,WESTERN AVE,2459,SMALL RETAIL STORE,30apr2012 02:51:00,30apr2012 02:51:00,30apr2012,MANUEL,GONZALEZ JR.,11733,010,,09mar2009,POLICE OFFICER,,,18A,FIREARM DISCHARGE WITH HITS / ON DUTY,PENDING INVESTIGATION,UNFOUNDED,VAZQUEZ,DANIEL,010,,POLICE OFFICER,,MALE,WHITE HISPANIC,apr2016,,,,,0,2
1053667,1034,WESTERN AVE,2459,SMALL RETAIL STORE,30apr2012 02:51:00,30apr2012 02:51:00,30apr2012,JORGE,MENDEZ JR,14333,010,,30jul2007,POLICE OFFICER,,,18A,FIREARM DISCHARGE WITH HITS / ON DUTY,PENDING INVESTIGATION,SUSTAINED,MENDEZ JR,JORGE,010,,POLICE OFFICER,,MALE,SPANISH (DO NOT USE),apr2016,,,,,0,2
1053667,,,,,,,30apr2012,JORGE,MENDEZ JR,14333,010,,30jul2007,POLICE OFFICER,,,18A,FIREARM DISCHARGE WITH HITS / ON DUTY,PENDING INVESTIGATIVE REVIEW,,LOPEZ,DANIEL,010,,POLICE OFFICER,,MALE,SPANISH (DO NOT USE),may2016,,Inmate,,,0,2
1053667,,,,,,,30apr2012,MANUEL,GONZALEZ JR.,11733,010,,09mar2009,POLICE OFFICER,,,18A,FIREARM DISCHARGE WITH HITS / ON DUTY,PENDING INVESTIGATIVE REVIEW,,VAZQUEZ,DANIEL,010,,POLICE OFFICER,,MALE,WHITE HISPANIC,may2016,NOW ACCUSED MMEMBER,Inmate,,,0,2
1053667,,,,,,,30apr2012,TERRENCE,PRATSCHER,4190,010,,19may2008,POLICE OFFICER,,,18A,FIREARM DISCHARGE WITH HITS / ON DUTY,PENDING INVESTIGATIVE REVIEW,,ROSEN,ANTHONY,010,,POLICE OFFICER,,MALE,WHITE,may2016,,Inmate,,,0,2
1053667,1034,WESTERN AVE,2459,SMALL RETAIL STORE,30apr2012 02:51:00,30apr2012 02:51:00,30apr2012,DANIEL,VAZQUEZ,11852,010,,16apr2010,POLICE OFFICER,,,18A,FIREARM DISCHARGE WITH HITS / ON DUTY,PENDING INVESTIGATION,UNFOUNDED,GONZALEZ JR.,MANUEL,010,,POLICE OFFICER,,MALE,SPANISH (DO NOT USE),apr2016,,,,,0,2
1053667,,,,,,,30apr2012,ANTHONY,ROSEN,11430,010,,09mar2009,POLICE OFFICER,,,18A,FIREARM DISCHARGE WITH HITS / ON DUTY,PENDING INVESTIGATIVE REVIEW,,LOPEZ,DANIEL,010,,POLICE OFFICER,,MALE,SPANISH (DO NOT USE),may2016,NOW ACCUSED MMEMBER,Inmate,,,0,2
1053667,1034,WESTERN AVE,2459,SMALL RETAIL STORE,30apr2012 02:51:00,30apr2012 02:51:00,30apr2012,MANUEL,GONZALEZ JR.,11733,010,,09mar2009,POLICE OFFICER,,,18A,FIREARM DISCHARGE WITH HITS / ON DUTY,PENDING INVESTIGATION,UNFOUNDED,LOPEZ,DANIEL,010,,POLICE OFFICER,,MALE,SPANISH (DO NOT USE),apr2016,,,,,0,2
1053667,1034,WESTERN AVE,2459,SMALL RETAIL STORE,30apr2012 02:51:00,30apr2012 02:51:00,30apr2012,DANIEL,VAZQUEZ,11852,010,,16apr2010,POLICE OFFICER,,,18A,FIREARM DISCHARGE WITH HITS / ON DUTY,PENDING INVESTIGATION,UNFOUNDED,LOPEZ,DANIEL,010,,POLICE OFFICER,,MALE,SPANISH (DO NOT USE),apr2016,,,,,0,2
1053667,,,,,,,30apr2012,ANTHONY,ROSEN,11430,010,,09mar2009,POLICE OFFICER,,,18A,FIREARM DISCHARGE WITH HITS / ON DUTY,PENDING INVESTIGATIVE REVIEW,,STRONG,DAVID,,,UNKNOWN,27,MALE,BLACK,may2016,,Victim,,,0,2
1053667,,,,,,,30apr2012,ANTHONY,ROSEN,11430,010,,09mar2009,POLICE OFFICER,,,18A,FIREARM DISCHARGE WITH HITS / ON DUTY,PENDING INVESTIGATIVE REVIEW,,PRATSCHER,TERRENCE,010,,POLICE OFFICER,,MALE,WHITE,may2016,,Inmate,,,0,2
1053667,,,,,,,30apr2012,MICHAEL,CURRY,6915,010,,01sep2010,POLICE OFFICER,,,18A,FIREARM DISCHARGE WITH HITS / ON DUTY,PENDING INVESTIGATIVE REVIEW,,GIVENS,JOHN,,,UNKNOWN,34,MALE,BLACK,may2016,,Victim,,,0,2
1053667,,,,,,,30apr2012,JORGE,MENDEZ JR,14333,010,,30jul2007,POLICE OFFICER,,,18A,FIREARM DISCHARGE WITH HITS / ON DUTY,PENDING INVESTIGATIVE REVIEW,,GONZALEZ JR.,MANUEL,010,,POLICE OFFICER,,MALE,SPANISH (DO NOT USE),may2016,NOW ACCUSED MMEMBER,Inmate,,,0,2
1053667,1034,WESTERN AVE,2459,SMALL RETAIL STORE,30apr2012 02:51:00,30apr2012 02:51:00,30apr2012,TERRENCE,PRATSCHER,4190,010,,19may2008,POLICE OFFICER,,,18A,FIREARM DISCHARGE WITH HITS / ON DUTY,PENDING INVESTIGATION,SUSTAINED,PAPIN,MICHAEL,010,,POLICE OFFICER,,MALE,WHITE,apr2016,,,,,0,2
1053667,1034,WESTERN AVE,2459,SMALL RETAIL STORE,30apr2012 02:51:00,30apr2012 02:51:00,30apr2012,ANTHONY,ROSEN,11430,010,,09mar2009,POLICE OFFICER,,,18A,FIREARM DISCHARGE WITH HITS / ON DUTY,PENDING INVESTIGATION,SUSTAINED,CURRY,MICHAEL,010,,POLICE OFFICER,,MALE,WHITE,apr2016,,,,,1,2
1053667,,,,,,,30apr2012,MANUEL,GONZALEZ JR.,11733,010,,09mar2009,POLICE OFFICER,,,18A,FIREARM DISCHARGE WITH HITS / ON DUTY,PENDING INVESTIGATIVE REVIEW,,OHLSON,ANDREW,010,,POLICE OFFICER,,MALE,WHITE,may2016,,Witness,,,0,2
1053667,,,,,,,30apr2012,ANTHONY,ROSEN,11430,010,,09mar2009,POLICE OFFICER,,,18A,FIREARM DISCHARGE WITH HITS / ON DUTY,PENDING INVESTIGATIVE REVIEW,,VAZQUEZ,DANIEL,010,,POLICE OFFICER,,MALE,WHITE HISPANIC,may2016,NOW ACCUSED MMEMBER,Inmate,,,0,2
1053667,,,,,,,30apr2012,MANUEL,GONZALEZ JR.,11733,010,,09mar2009,POLICE OFFICER,,,18A,FIREARM DISCHARGE WITH HITS / ON DUTY,PENDING INVESTIGATIVE REVIEW,,LOPEZ,DANIEL,010,,POLICE OFFICER,,MALE,SPANISH (DO NOT USE),may2016,,Inmate,,,0,2
1053667,1034,WESTERN AVE,2459,SMALL RETAIL STORE,30apr2012 02:51:00,30apr2012 02:51:00,30apr2012,ANTHONY,ROSEN,11430,010,,09mar2009,POLICE OFFICER,,,18A,FIREARM DISCHARGE WITH HITS / ON DUTY,PENDING INVESTIGATION,SUSTAINED,OHLSON,ANDREW,010,,POLICE OFFICER,,MALE,WHITE,apr2016,,,,,0,2
1053667,,,,,,,30apr2012,JORGE,MENDEZ JR,14333,010,,30jul2007,POLICE OFFICER,,,18A,FIREARM DISCHARGE WITH HITS / ON DUTY,PENDING INVESTIGATIVE REVIEW,,STRONG,DAVID,,,UNKNOWN,27,MALE,BLACK,may2016,,Victim,,,0,2
1053667,1034,WESTERN AVE,2459,SMALL RETAIL STORE,30apr2012 02:51:00,30apr2012 02:51:00,30apr2012,TERRENCE,PRATSCHER,4190,010,,19may2008,POLICE OFFICER,,,18A,FIREARM DISCHARGE WITH HITS / ON DUTY,PENDING INVESTIGATION,SUSTAINED,GONZALEZ JR.,MANUEL,010,,POLICE OFFICER,,MALE,SPANISH (DO NOT USE),apr2016,,,,,0,2
1053667,1034,WESTERN AVE,2459,SMALL RETAIL STORE,30apr2012 02:51:00,30apr2012 02:51:00,30apr2012,JORGE,MENDEZ JR,14333,010,,30jul2007,POLICE OFFICER,,,18A,FIREARM DISCHARGE WITH HITS / ON DUTY,PENDING INVESTIGATION,SUSTAINED,STRONG,DAVID,,,UNKNOWN,27,MALE,BLACK,apr2016,,,,,0,2
1053667,,,,,,,30apr2012,DANIEL,VAZQUEZ,11852,010,,16apr2010,POLICE OFFICER,,,18A,FIREARM DISCHARGE WITH HITS / ON DUTY,PENDING INVESTIGATIVE REVIEW,,LODDING,HOWARD,124,,DEP CHIEF,,MALE,WHITE,may2016,,Complainant,,,0,2
1053667,1034,WESTERN AVE,2459,SMALL RETAIL STORE,30apr2012 02:51:00,30apr2012 02:51:00,30apr2012,TERRENCE,PRATSCHER,4190,010,,19may2008,POLICE OFFICER,,,18A,FIREARM DISCHARGE WITH HITS / ON DUTY,PENDING INVESTIGATION,SUSTAINED,PANEK,TAMMY,010,,POLICE OFFICER,,FEMALE,WHITE,apr2016,,,,,0,2
1053667,,,,,,,30apr2012,MICHAEL,CURRY,6915,010,,01sep2010,POLICE OFFICER,,,18A,FIREARM DISCHARGE WITH HITS / ON DUTY,PENDING INVESTIGATIVE REVIEW,,CURRY,MICHAEL,010,,POLICE OFFICER,,MALE,WHITE,may2016,NOW ACCUSED MMEMBER,Inmate,,,0,2
1053667,,,,,,,30apr2012,ANTHONY,ROSEN,11430,010,,09mar2009,POLICE OFFICER,,,18A,FIREARM DISCHARGE WITH HITS / ON DUTY,PENDING INVESTIGATIVE REVIEW,,PRATSCHER,TERRENCE,010,,POLICE OFFICER,,MALE,WHITE,may2016,NOW ACCUSED MMEMBER,Inmate,,,0,2
1053667,,,,,,,30apr2012,MICHAEL,CURRY,6915,010,,01sep2010,POLICE OFFICER,,,18A,FIREARM DISCHARGE WITH HITS / ON DUTY,PENDING INVESTIGATIVE REVIEW,,VAZQUEZ,DANIEL,010,,POLICE OFFICER,,MALE,WHITE HISPANIC,may2016,NOW ACCUSED MMEMBER,Inmate,,,0,2
1053667,,,,,,,30apr2012,VIOLET,REY,3593,010,,27aug2007,POLICE OFFICER,,,18A,FIREARM DISCHARGE WITH HITS / ON DUTY,PENDING INVESTIGATIVE REVIEW,,PRATSCHER,TERRENCE,010,,POLICE OFFICER,,MALE,WHITE,may2016,,Inmate,,,0,2
1053667,,,,,,,30apr2012,ANTHONY,ROSEN,11430,010,,09mar2009,POLICE OFFICER,,,18A,FIREARM DISCHARGE WITH HITS / ON DUTY,PENDING INVESTIGATIVE REVIEW,,PAPIN,MICHAEL,010,,POLICE OFFICER,,MALE,WHITE,may2016,,Witness,,,0,2
1053667,,,,,,,30apr2012,DANIEL,VAZQUEZ,11852,010,,16apr2010,POLICE OFFICER,,,18A,FIREARM DISCHARGE WITH HITS / ON DUTY,PENDING INVESTIGATIVE REVIEW,,FIETKO,MICHAEL,010,,POLICE OFFICER,,MALE,WHITE,may2016,,Witness,,,0,2
1053667,,,,,,,30apr2012,TERRENCE,PRATSCHER,4190,010,,19may2008,POLICE OFFICER,,,18A,FIREARM DISCHARGE WITH HITS / ON DUTY,PENDING INVESTIGATIVE REVIEW,,STRONG,DAVID,,,UNKNOWN,27,MALE,BLACK,may2016,,Victim,,,0,2
1053667,1034,WESTERN AVE,2459,SMALL RETAIL STORE,30apr2012 02:51:00,30apr2012 02:51:00,30apr2012,MICHAEL,CURRY,6915,010,,01sep2010,POLICE OFFICER,,,18A,FIREARM DISCHARGE WITH HITS / ON DUTY,PENDING INVESTIGATION,SUSTAINED,ROSEN,ANTHONY,010,,POLICE OFFICER,,MALE,WHITE,apr2016,,,,,0,2
1053667,1034,WESTERN AVE,2459,SMALL RETAIL STORE,30apr2012 02:51:00,30apr2012 02:51:00,30apr2012,DANIEL,LOPEZ,3477,010,,25aug2003,POLICE OFFICER,,,18A,FIREARM DISCHARGE WITH HITS / ON DUTY,PENDING INVESTIGATION,UNFOUNDED,CURRY,MICHAEL,010,,POLICE OFFICER,,MALE,WHITE,apr2016,,,,,0,2
1053667,1034,WESTERN AVE,2459,SMALL RETAIL STORE,30apr2012 02:51:00,30apr2012 02:51:00,30apr2012,DANIEL,LOPEZ,3477,010,,25aug2003,POLICE OFFICER,,,18A,FIREARM DISCHARGE WITH HITS / ON DUTY,PENDING INVESTIGATION,UNFOUNDED,FIETKO,MICHAEL,010,,POLICE OFFICER,,MALE,WHITE,apr2016,,,,,0,2
1053667,1034,WESTERN AVE,2459,SMALL RETAIL STORE,30apr2012 02:51:00,30apr2012 02:51:00,30apr2012,DANIEL,VAZQUEZ,11852,010,,16apr2010,POLICE OFFICER,,,18A,FIREARM DISCHARGE WITH HITS / ON DUTY,PENDING INVESTIGATION,UNFOUNDED,GIVENS,JOHN,,,UNKNOWN,32,MALE,BLACK,apr2016,,,,,0,2
1053667,1034,WESTERN AVE,2459,SMALL RETAIL STORE,30apr2012 02:51:00,30apr2012 02:51:00,30apr2012,MANUEL,GONZALEZ JR.,11733,010,,09mar2009,POLICE OFFICER,,,18A,FIREARM DISCHARGE WITH HITS / ON DUTY,PENDING INVESTIGATION,UNFOUNDED,LODDING,HOWARD,124,,DEP CHIEF,,MALE,WHITE,apr2016,,,,,0,2
1053667,1034,WESTERN AVE,2459,SMALL RETAIL STORE,30apr2012 02:51:00,30apr2012 02:51:00,30apr2012,MICHAEL,CURRY,6915,010,,01sep2010,POLICE OFFICER,,,18A,FIREARM DISCHARGE WITH HITS / ON DUTY,PENDING INVESTIGATION,SUSTAINED,MENDEZ JR,JORGE,010,,POLICE OFFICER,,MALE,SPANISH (DO NOT USE),apr2016,,,,,0,2
1053667,1034,WESTERN AVE,2459,SMALL RETAIL STORE,30apr2012 02:51:00,30apr2012 02:51:00,30apr2012,MICHAEL,CURRY,6915,010,,01sep2010,POLICE OFFICER,,,18A,FIREARM DISCHARGE WITH HITS / ON DUTY,PENDING INVESTIGATION,SUSTAINED,DUDLEY,LELAND,,,UNKNOWN,34,MALE,BLACK,apr2016,,,,,0,2
1053667,,,,,,,30apr2012,TERRENCE,PRATSCHER,4190,010,,19may2008,POLICE OFFICER,,,18A,FIREARM DISCHARGE WITH HITS / ON DUTY,PENDING INVESTIGATIVE REVIEW,,PRATSCHER,TERRENCE,010,,POLICE OFFICER,,MALE,WHITE,may2016,,Inmate,,,0,2
1053667,,,,,,,30apr2012,JORGE,MENDEZ JR,14333,010,,30jul2007,POLICE OFFICER,,,18A,FIREARM DISCHARGE WITH HITS / ON DUTY,PENDING INVESTIGATIVE REVIEW,,MENDEZ JR,JORGE,010,,POLICE OFFICER,,MALE,SPANISH (DO NOT USE),may2016,,Inmate,,,0,2
1053667,,,,,,,30apr2012,DANIEL,VAZQUEZ,11852,010,,16apr2010,POLICE OFFICER,,,18A,FIREARM DISCHARGE WITH HITS / ON DUTY,PENDING INVESTIGATIVE REVIEW,,GIVENS,JOHN,,,UNKNOWN,34,MALE,BLACK,may2016,,Victim,,,0,2
1053667,,,,,,,30apr2012,MANUEL,GONZALEZ JR.,11733,010,,09mar2009,POLICE OFFICER,,,18A,FIREARM DISCHARGE WITH HITS / ON DUTY,PENDING INVESTIGATIVE REVIEW,,FIETKO,MICHAEL,010,,POLICE OFFICER,,MALE,WHITE,may2016,,Witness,,,0,2
1053667,,,,,,,30apr2012,TERRENCE,PRATSCHER,4190,010,,19may2008,POLICE OFFICER,,,18A,FIREARM DISCHARGE WITH HITS / ON DUTY,PENDING INVESTIGATIVE REVIEW,,GIVENS,JOHN,,,UNKNOWN,32,MALE,BLACK,may2016,,Victim,,,0,2
1053667,,,,,,,30apr2012,DANIEL,LOPEZ,3477,010,,25aug2003,POLICE OFFICER,,,18A,FIREARM DISCHARGE WITH HITS / ON DUTY,PENDING INVESTIGATIVE REVIEW,,MENDEZ JR,JORGE,010,,POLICE OFFICER,,MALE,SPANISH (DO NOT USE),may2016,,Inmate,,,0,2
1053667,,,,,,,30apr2012,DANIEL,VAZQUEZ,11852,010,,16apr2010,POLICE OFFICER,,,18A,FIREARM DISCHARGE WITH HITS / ON DUTY,PENDING INVESTIGATIVE REVIEW,,DUDLEY,LELAND,,,UNKNOWN,32,MALE,BLACK,may2016,,Victim,,,0,2
1053667,,,,,,,30apr2012,MICHAEL,CURRY,6915,010,,01sep2010,POLICE OFFICER,,,18A,FIREARM DISCHARGE WITH HITS / ON DUTY,PENDING INVESTIGATIVE REVIEW,,PRATSCHER,TERRENCE,010,,POLICE OFFICER,,MALE,WHITE,may2016,NOW ACCUSED MMEMBER,Inmate,,,0,2
1053667,1034,WESTERN AVE,2459,SMALL RETAIL STORE,30apr2012 02:51:00,30apr2012 02:51:00,30apr2012,ANTHONY,ROSEN,11430,010,,09mar2009,POLICE OFFICER,,,18A,FIREARM DISCHARGE WITH HITS / ON DUTY,PENDING INVESTIGATION,SUSTAINED,VAZQUEZ,DANIEL,010,,POLICE OFFICER,,MALE,WHITE HISPANIC,apr2016,,,,,0,2
1053667,,,,,,,30apr2012,MANUEL,GONZALEZ JR.,11733,010,,09mar2009,POLICE OFFICER,,,18A,FIREARM DISCHARGE WITH HITS / ON DUTY,PENDING INVESTIGATIVE REVIEW,,GONZALEZ JR.,MANUEL,010,,POLICE OFFICER,,MALE,SPANISH (DO NOT USE),may2016,,Inmate,,,0,2
1053667,,,,,,,30apr2012,MANUEL,GONZALEZ JR.,11733,010,,09mar2009,POLICE OFFICER,,,18A,FIREARM DISCHARGE WITH HITS / ON DUTY,PENDING INVESTIGATIVE REVIEW,,LOPEZ,DANIEL,010,,POLICE OFFICER,,MALE,SPANISH (DO NOT USE),may2016,NOW ACCUSED MMEMBER,Inmate,,,0,2
1053667,1034,WESTERN AVE,2459,SMALL RETAIL STORE,30apr2012 02:51:00,30apr2012 02:51:00,30apr2012,DANIEL,VAZQUEZ,11852,010,,16apr2010,POLICE OFFICER,,,18A,FIREARM DISCHARGE WITH HITS / ON DUTY,PENDING INVESTIGATION,UNFOUNDED,REY,VIOLET,010,,POLICE OFFICER,,FEMALE,SPANISH (DO NOT USE),apr2016,,,,,0,2
1053667,,,,,,,30apr2012,MANUEL,GONZALEZ JR.,11733,010,,09mar2009,POLICE OFFICER,,,18A,FIREARM DISCHARGE WITH HITS / ON DUTY,PENDING INVESTIGATIVE REVIEW,,ROSEN,ANTHONY,010,,POLICE OFFICER,,MALE,WHITE,may2016,,Inmate,,,0,2
1053667,,,,,,,30apr2012,MICHAEL,CURRY,6915,010,,01sep2010,POLICE OFFICER,,,18A,FIREARM DISCHARGE WITH HITS / ON DUTY,PENDING INVESTIGATIVE REVIEW,,LOPEZ,DANIEL,010,,POLICE OFFICER,,MALE,SPANISH (DO NOT USE),may2016,,Inmate,,,0,2
1053667,1034,WESTERN AVE,2459,SMALL RETAIL STORE,30apr2012 02:51:00,30apr2012 02:51:00,30apr2012,DANIEL,VAZQUEZ,11852,010,,16apr2010,POLICE OFFICER,,,18A,FIREARM DISCHARGE WITH HITS / ON DUTY,PENDING INVESTIGATION,UNFOUNDED,GIVENS,JOHN,,,UNKNOWN,34,MALE,BLACK,apr2016,,,,,0,2
1053667,1034,WESTERN AVE,2459,SMALL RETAIL STORE,30apr2012 02:51:00,30apr2012 02:51:00,30apr2012,JORGE,MENDEZ JR,14333,010,,30jul2007,POLICE OFFICER,,,18A,FIREARM DISCHARGE WITH HITS / ON DUTY,PENDING INVESTIGATION,SUSTAINED,GIVENS,JOHN,,,UNKNOWN,34,MALE,BLACK,apr2016,,,,,0,2
1053667,1034,WESTERN AVE,2459,SMALL RETAIL STORE,30apr2012 02:51:00,30apr2012 02:51:00,30apr2012,DANIEL,VAZQUEZ,11852,010,,16apr2010,POLICE OFFICER,,,18A,FIREARM DISCHARGE WITH HITS / ON DUTY,PENDING INVESTIGATION,UNFOUNDED,OHLSON,ANDREW,010,,POLICE OFFICER,,MALE,WHITE,apr2016,,,,,0,2
1053667,,,,,,,30apr2012,MICHAEL,CURRY,6915,010,,01sep2010,POLICE OFFICER,,,18A,FIREARM DISCHARGE WITH HITS / ON DUTY,PENDING INVESTIGATIVE REVIEW,,STRONG,DAVID,,,UNKNOWN,29,MALE,BLACK,may2016,,Victim,,,0,2
1053667,1034,WESTERN AVE,2459,SMALL RETAIL STORE,30apr2012 02:51:00,30apr2012 02:51:00,30apr2012,VIOLET,REY,3593,010,,27aug2007,POLICE OFFICER,,,18A,FIREARM DISCHARGE WITH HITS / ON DUTY,PENDING INVESTIGATION,SUSTAINED,LODDING,HOWARD,124,,DEP CHIEF,,MALE,WHITE,apr2016,,,,,0,2
1053667,,,,,,,30apr2012,MANUEL,GONZALEZ JR.,11733,010,,09mar2009,POLICE OFFICER,,,18A,FIREARM DISCHARGE WITH HITS / ON DUTY,PENDING INVESTIGATIVE REVIEW,,MENDEZ JR,JORGE,010,,POLICE OFFICER,,MALE,SPANISH (DO NOT USE),may2016,,Inmate,,,0,2
1053667,1034,WESTERN AVE,2459,SMALL RETAIL STORE,30apr2012 02:51:00,30apr2012 02:51:00,30apr2012,TERRENCE,PRATSCHER,4190,010,,19may2008,POLICE OFFICER,,,18A,FIREARM DISCHARGE WITH HITS / ON DUTY,PENDING INVESTIGATION,SUSTAINED,ROSEN,ANTHONY,010,,POLICE OFFICER,,MALE,WHITE,apr2016,,,,,0,2
1053667,,,,,,,30apr2012,DANIEL,LOPEZ,3477,010,,25aug2003,POLICE OFFICER,,,18A,FIREARM DISCHARGE WITH HITS / ON DUTY,PENDING INVESTIGATIVE REVIEW,,GONZALEZ JR.,MANUEL,010,,POLICE OFFICER,,MALE,SPANISH (DO NOT USE),may2016,,Inmate,,,0,2
1053667,1034,WESTERN AVE,2459,SMALL RETAIL STORE,30apr2012 02:51:00,30apr2012 02:51:00,30apr2012,ANTHONY,ROSEN,11430,010,,09mar2009,POLICE OFFICER,,,18A,FIREARM DISCHARGE WITH HITS / ON DUTY,PENDING INVESTIGATION,SUSTAINED,PANEK,TAMMY,010,,POLICE OFFICER,,FEMALE,WHITE,apr2016,,,,,0,2
1053667,,,,,,,30apr2012,ANTHONY,ROSEN,11430,010,,09mar2009,POLICE OFFICER,,,18A,FIREARM DISCHARGE WITH HITS / ON DUTY,PENDING INVESTIGATIVE REVIEW,,ROSEN,ANTHONY,010,,POLICE OFFICER,,MALE,WHITE,may2016,NOW ACCUSED MEMBER,Inmate,,,0,2
1053667,,,,,,,30apr2012,TERRENCE,PRATSCHER,4190,010,,19may2008,POLICE OFFICER,,,18A,FIREARM DISCHARGE WITH HITS / ON DUTY,PENDING INVESTIGATIVE REVIEW,,GONZALEZ JR.,MANUEL,010,,POLICE OFFICER,,MALE,SPANISH (DO NOT USE),may2016,,Inmate,,,0,2
1053667,,,,,,,30apr2012,MANUEL,GONZALEZ JR.,11733,010,,09mar2009,POLICE OFFICER,,,18A,FIREARM DISCHARGE WITH HITS / ON DUTY,PENDING INVESTIGATIVE REVIEW,,CURRY,MICHAEL,010,,POLICE OFFICER,,MALE,WHITE,may2016,NOW ACCUSED MMEMBER,Inmate,,,0,2
1053667,1034,WESTERN AVE,2459,SMALL RETAIL STORE,30apr2012 02:51:00,30apr2012 02:51:00,30apr2012,VIOLET,REY,3593,010,,27aug2007,POLICE OFFICER,,,18A,FIREARM DISCHARGE WITH HITS / ON DUTY,PENDING INVESTIGATION,SUSTAINED,LOPEZ,DANIEL,010,,POLICE OFFICER,,MALE,SPANISH (DO NOT USE),apr2016,,,,,0,2
1053667,,,,,,,30apr2012,ANTHONY,ROSEN,11430,010,,09mar2009,POLICE OFFICER,,,18A,FIREARM DISCHARGE WITH HITS / ON DUTY,PENDING INVESTIGATIVE REVIEW,,DUDLEY,LELAND,,,UNKNOWN,34,MALE,BLACK,may2016,,Victim,,,0,2
1053667,,,,,,,30apr2012,DANIEL,VAZQUEZ,11852,010,,16apr2010,POLICE OFFICER,,,18A,FIREARM DISCHARGE WITH HITS / ON DUTY,PENDING INVESTIGATIVE REVIEW,,GONZALEZ JR.,MANUEL,010,,POLICE OFFICER,,MALE,SPANISH (DO NOT USE),may2016,NOW ACCUSED MMEMBER,Inmate,,,0,2
1053667,,,,,,,30apr2012,VIOLET,REY,3593,010,,27aug2007,POLICE OFFICER,,,18A,FIREARM DISCHARGE WITH HITS / ON DUTY,PENDING INVESTIGATIVE REVIEW,,CURRY,MICHAEL,010,,POLICE OFFICER,,MALE,WHITE,may2016,,Inmate,,,0,2
1053667,,,,,,,30apr2012,DANIEL,VAZQUEZ,11852,010,,16apr2010,POLICE OFFICER,,,18A,FIREARM DISCHARGE WITH HITS / ON DUTY,PENDING INVESTIGATIVE REVIEW,,OHLSON,ANDREW,010,,POLICE OFFICER,,MALE,WHITE,may2016,,Witness,,,0,2
1053667,,,,,,,30apr2012,DANIEL,LOPEZ,3477,010,,25aug2003,POLICE OFFICER,,,18A,FIREARM DISCHARGE WITH HITS / ON DUTY,PENDING INVESTIGATIVE REVIEW,,PANEK,TAMMY,010,,POLICE OFFICER,,FEMALE,WHITE,may2016,,Witness,,,0,2
1053667,,,,,,,30apr2012,VIOLET,REY,3593,010,,27aug2007,POLICE OFFICER,,,18A,FIREARM DISCHARGE WITH HITS / ON DUTY,PENDING INVESTIGATIVE REVIEW,,OHLSON,ANDREW,010,,POLICE OFFICER,,MALE,WHITE,may2016,,Witness,,,0,2
1053667,,,,,,,30apr2012,MICHAEL,CURRY,6915,010,,01sep2010,POLICE OFFICER,,,18A,FIREARM DISCHARGE WITH HITS / ON DUTY,PENDING INVESTIGATIVE REVIEW,,GONZALEZ JR.,MANUEL,010,,POLICE OFFICER,,MALE,SPANISH (DO NOT USE),may2016,,Inmate,,,0,2
1053667,,,,,,,30apr2012,DANIEL,LOPEZ,3477,010,,25aug2003,POLICE OFFICER,,,18A,FIREARM DISCHARGE WITH HITS / ON DUTY,PENDING INVESTIGATIVE REVIEW,,OHLSON,ANDREW,010,,POLICE OFFICER,,MALE,WHITE,may2016,,Witness,,,0,2
1053667,1034,WESTERN AVE,2459,SMALL RETAIL STORE,30apr2012 02:51:00,30apr2012 02:51:00,30apr2012,DANIEL,VAZQUEZ,11852,010,,16apr2010,POLICE OFFICER,,,18A,FIREARM DISCHARGE WITH HITS / ON DUTY,PENDING INVESTIGATION,UNFOUNDED,PAPIN,MICHAEL,010,,POLICE OFFICER,,MALE,WHITE,apr2016,,,,,0,2
1053667,1034,WESTERN AVE,2459,SMALL RETAIL STORE,30apr2012,30apr2012,30apr2012,DANIEL,LOPEZ,3477,010,,25aug2003,POLICE OFFICER,,,18A,FIREARM DISCHARGE WITH HITS / ON DUTY,PENDING INVESTIGATIVE REVIEW,UNFOUNDED,,,,,,,,,may2016,,,,,0,2
1053667,1034,WESTERN AVE,2459,SMALL RETAIL STORE,30apr2012 02:51:00,30apr2012 02:51:00,30apr2012,MANUEL,GONZALEZ JR.,11733,010,,09mar2009,POLICE OFFICER,,,18A,FIREARM DISCHARGE WITH HITS / ON DUTY,PENDING INVESTIGATION,UNFOUNDED,PRATSCHER,TERRENCE,010,,POLICE OFFICER,,MALE,WHITE,apr2016,,,,,0,2
1053667,,,,,,,30apr2012,VIOLET,REY,3593,010,,27aug2007,POLICE OFFICER,,,18A,FIREARM DISCHARGE WITH HITS / ON DUTY,PENDING INVESTIGATIVE REVIEW,,STRONG,DAVID,,,UNKNOWN,29,MALE,BLACK,may2016,,Victim,,,0,2
1053667,,,,,,,30apr2012,MICHAEL,CURRY,6915,010,,01sep2010,POLICE OFFICER,,,18A,FIREARM DISCHARGE WITH HITS / ON DUTY,PENDING INVESTIGATIVE REVIEW,,PANEK,TAMMY,010,,POLICE OFFICER,,FEMALE,WHITE,may2016,,Witness,,,0,2
1053667,1034,WESTERN AVE,2459,SMALL RETAIL STORE,30apr2012 02:51:00,30apr2012 02:51:00,30apr2012,MANUEL,GONZALEZ JR.,11733,010,,09mar2009,POLICE OFFICER,,,18A,FIREARM DISCHARGE WITH HITS / ON DUTY,PENDING INVESTIGATION,UNFOUNDED,MENDEZ JR,JORGE,010,,POLICE OFFICER,,MALE,SPANISH (DO NOT USE),apr2016,,,,,0,2
1053667,,,,,,,30apr2012,DANIEL,LOPEZ,3477,010,,25aug2003,POLICE OFFICER,,,18A,FIREARM DISCHARGE WITH HITS / ON DUTY,PENDING INVESTIGATIVE REVIEW,,VAZQUEZ,DANIEL,010,,POLICE OFFICER,,MALE,WHITE HISPANIC,may2016,,Inmate,,,0,2
1053667,,,,,,,30apr2012,VIOLET,REY,3593,010,,27aug2007,POLICE OFFICER,,,18A,FIREARM DISCHARGE WITH HITS / ON DUTY,PENDING INVESTIGATIVE REVIEW,,PRATSCHER,TERRENCE,010,,POLICE OFFICER,,MALE,WHITE,may2016,NOW ACCUSED MMEMBER,Inmate,,,0,2
1053667,,,,,,,30apr2012,TERRENCE,PRATSCHER,4190,010,,19may2008,POLICE OFFICER,,,18A,FIREARM DISCHARGE WITH HITS / ON DUTY,PENDING INVESTIGATIVE REVIEW,,DUDLEY,LELAND,,,UNKNOWN,34,MALE,BLACK,may2016,,Victim,,,0,2
1053667,1034,WESTERN AVE,2459,SMALL RETAIL STORE,30apr2012 02:51:00,30apr2012 02:51:00,30apr2012,DANIEL,LOPEZ,3477,010,,25aug2003,POLICE OFFICER,,,18A,FIREARM DISCHARGE WITH HITS / ON DUTY,PENDING INVESTIGATION,UNFOUNDED,DUDLEY,LELAND,,,UNKNOWN,34,MALE,BLACK,apr2016,,,,,0,2
1053667,,,,,,,30apr2012,ANTHONY,ROSEN,11430,010,,09mar2009,POLICE OFFICER,,,18A,FIREARM DISCHARGE WITH HITS / ON DUTY,PENDING INVESTIGATIVE REVIEW,,GIVENS,JOHN,,,UNKNOWN,34,MALE,BLACK,may2016,,Victim,,,0,2
1053667,,,,,,,30apr2012,TERRENCE,PRATSCHER,4190,010,,19may2008,POLICE OFFICER,,,18A,FIREARM DISCHARGE WITH HITS / ON DUTY,PENDING INVESTIGATIVE REVIEW,,PAPIN,MICHAEL,010,,POLICE OFFICER,,MALE,WHITE,may2016,,Witness,,,0,2
1053667,1034,WESTERN AVE,2459,SMALL RETAIL STORE,30apr2012 02:51:00,30apr2012 02:51:00,30apr2012,ANTHONY,ROSEN,11430,010,,09mar2009,POLICE OFFICER,,,18A,FIREARM DISCHARGE WITH HITS / ON DUTY,PENDING INVESTIGATION,SUSTAINED,MENDEZ JR,JORGE,010,,POLICE OFFICER,,MALE,SPANISH (DO NOT USE),apr2016,,,,,0,2
1053667,1034,WESTERN AVE,2459,SMALL RETAIL STORE,30apr2012 02:51:00,30apr2012 02:51:00,30apr2012,MICHAEL,CURRY,6915,010,,01sep2010,POLICE OFFICER,,,18A,FIREARM DISCHARGE WITH HITS / ON DUTY,PENDING INVESTIGATION,SUSTAINED,PRATSCHER,TERRENCE,010,,POLICE OFFICER,,MALE,WHITE,apr2016,,,,,0,2
1053667,,,,,,,30apr2012,VIOLET,REY,3593,010,,27aug2007,POLICE OFFICER,,,18A,FIREARM DISCHARGE WITH HITS / ON DUTY,PENDING INVESTIGATIVE REVIEW,,DUDLEY,LELAND,,,UNKNOWN,32,MALE,BLACK,may2016,,Victim,,,0,2
1053667,,,,,,,30apr2012,MICHAEL,CURRY,6915,010,,01sep2010,POLICE OFFICER,,,18A,FIREARM DISCHARGE WITH HITS / ON DUTY,PENDING INVESTIGATIVE REVIEW,,REY,VIOLET,010,,POLICE OFFICER,,FEMALE,SPANISH (DO NOT USE),may2016,,Inmate,,,0,2
1053667,,,,,,,30apr2012,VIOLET,REY,3593,010,,27aug2007,POLICE OFFICER,,,18A,FIREARM DISCHARGE WITH HITS / ON DUTY,PENDING INVESTIGATIVE REVIEW,,VAZQUEZ,DANIEL,010,,POLICE OFFICER,,MALE,WHITE HISPANIC,may2016,,Inmate,,,0,2
1053667,1034,WESTERN AVE,2459,SMALL RETAIL STORE,30apr2012 02:51:00,30apr2012 02:51:00,30apr2012,JORGE,MENDEZ JR,14333,010,,30jul2007,POLICE OFFICER,,,18A,FIREARM DISCHARGE WITH HITS / ON DUTY,PENDING INVESTIGATION,SUSTAINED,ROSEN,ANTHONY,010,,POLICE OFFICER,,MALE,WHITE,apr2016,,,,,0,2
1053667,1034,WESTERN AVE,2459,SMALL RETAIL STORE,30apr2012 02:51:00,30apr2012 02:51:00,30apr2012,ANTHONY,ROSEN,11430,010,,09mar2009,POLICE OFFICER,,,18A,FIREARM DISCHARGE WITH HITS / ON DUTY,PENDING INVESTIGATION,SUSTAINED,PAPIN,MICHAEL,010,,POLICE OFFICER,,MALE,WHITE,apr2016,,,,,0,2
1053667,1034,WESTERN AVE,2459,SMALL RETAIL STORE,30apr2012 02:51:00,30apr2012 02:51:00,30apr2012,MICHAEL,CURRY,6915,010,,01sep2010,POLICE OFFICER,,,18A,FIREARM DISCHARGE WITH HITS / ON DUTY,PENDING INVESTIGATION,SUSTAINED,STRONG,DAVID,,,UNKNOWN,27,MALE,BLACK,apr2016,,,,,0,2
1053667,1034,WESTERN AVE,2459,SMALL RETAIL STORE,30apr2012 02:51:00,30apr2012 02:51:00,30apr2012,MANUEL,GONZALEZ JR.,11733,010,,09mar2009,POLICE OFFICER,,,18A,FIREARM DISCHARGE WITH HITS / ON DUTY,PENDING INVESTIGATION,UNFOUNDED,ROSEN,ANTHONY,010,,POLICE OFFICER,,MALE,WHITE,apr2016,,,,,0,2
1053667,,,,,,,30apr2012,MICHAEL,CURRY,6915,010,,01sep2010,POLICE OFFICER,,,18A,FIREARM DISCHARGE WITH HITS / ON DUTY,PENDING INVESTIGATIVE REVIEW,,MENDEZ JR,JORGE,010,,POLICE OFFICER,,MALE,SPANISH (DO NOT USE),may2016,NOW ACCUSED MMEMBER,Inmate,,,0,2
1053667,1034,WESTERN AVE,2459,SMALL RETAIL STORE,30apr2012 02:51:00,30apr2012 02:51:00,30apr2012,VIOLET,REY,3593,010,,27aug2007,POLICE OFFICER,,,18A,FIREARM DISCHARGE WITH HITS / ON DUTY,PENDING INVESTIGATION,SUSTAINED,VAZQUEZ,DANIEL,010,,POLICE OFFICER,,MALE,WHITE HISPANIC,apr2016,,,,,0,2
1053667,1034,WESTERN AVE,2459,SMALL RETAIL STORE,30apr2012 02:51:00,30apr2012 02:51:00,30apr2012,ANTHONY,ROSEN,11430,010,,09mar2009,POLICE OFFICER,,,18A,FIREARM DISCHARGE WITH HITS / ON DUTY,PENDING INVESTIGATION,SUSTAINED,LODDING,HOWARD,124,,DEP CHIEF,,MALE,WHITE,apr2016,,,,,0,2
1053667,,,,,,,30apr2012,MICHAEL,CURRY,6915,010,,01sep2010,POLICE OFFICER,,,18A,FIREARM DISCHARGE WITH HITS / ON DUTY,PENDING INVESTIGATIVE REVIEW,,ROSEN,ANTHONY,010,,POLICE OFFICER,,MALE,WHITE,may2016,NOW ACCUSED MEMBER,Inmate,,,0,2
1053667,1034,WESTERN AVE,2459,SMALL RETAIL STORE,30apr2012 02:51:00,30apr2012 02:51:00,30apr2012,DANIEL,LOPEZ,3477,010,,25aug2003,POLICE OFFICER,,,18A,FIREARM DISCHARGE WITH HITS / ON DUTY,PENDING INVESTIGATION,UNFOUNDED,DUDLEY,LELAND,,,UNKNOWN,32,MALE,BLACK,apr2016,,,,,0,2
1053667,1034,WESTERN AVE,2459,SMALL RETAIL STORE,30apr2012 02:51:00,30apr2012 02:51:00,30apr2012,DANIEL,VAZQUEZ,11852,010,,16apr2010,POLICE OFFICER,,,18A,FIREARM DISCHARGE WITH HITS / ON DUTY,PENDING INVESTIGATION,UNFOUNDED,ROSEN,ANTHONY,010,,POLICE OFFICER,,MALE,WHITE,apr2016,,,,,0,2
1053667,,,,,,,30apr2012,JORGE,MENDEZ JR,14333,010,,30jul2007,POLICE OFFICER,,,18A,FIREARM DISCHARGE WITH HITS / ON DUTY,PENDING INVESTIGATIVE REVIEW,,FIETKO,MICHAEL,010,,POLICE OFFICER,,MALE,WHITE,may2016,,Witness,,,0,2
1053667,,,,,,,30apr2012,TERRENCE,PRATSCHER,4190,010,,19may2008,POLICE OFFICER,,,18A,FIREARM DISCHARGE WITH HITS / ON DUTY,PENDING INVESTIGATIVE REVIEW,,DUDLEY,LELAND,,,UNKNOWN,32,MALE,BLACK,may2016,,Victim,,,0,2
1053667,1034,WESTERN AVE,2459,SMALL RETAIL STORE,30apr2012 02:51:00,30apr2012 02:51:00,30apr2012,VIOLET,REY,3593,010,,27aug2007,POLICE OFFICER,,,18A,FIREARM DISCHARGE WITH HITS / ON DUTY,PENDING INVESTIGATION,SUSTAINED,CURRY,MICHAEL,010,,POLICE OFFICER,,MALE,WHITE,apr2016,,,,,0,2
1053667,,,,,,,30apr2012,MANUEL,GONZALEZ JR.,11733,010,,09mar2009,POLICE OFFICER,,,18A,FIREARM DISCHARGE WITH HITS / ON DUTY,PENDING INVESTIGATIVE REVIEW,,PRATSCHER,TERRENCE,010,,POLICE OFFICER,,MALE,WHITE,may2016,NOW ACCUSED MMEMBER,Inmate,,,0,2
1053667,1034,WESTERN AVE,2459,SMALL RETAIL STORE,30apr2012 02:51:00,30apr2012 02:51:00,30apr2012,JORGE,MENDEZ JR,14333,010,,30jul2007,POLICE OFFICER,,,18A,FIREARM DISCHARGE WITH HITS / ON DUTY,PENDING INVESTIGATION,SUSTAINED,VAZQUEZ,DANIEL,010,,POLICE OFFICER,,MALE,WHITE HISPANIC,apr2016,,,,,0,2
1053667,,,,,,,30apr2012,ANTHONY,ROSEN,11430,010,,09mar2009,POLICE OFFICER,,,18A,FIREARM DISCHARGE WITH HITS / ON DUTY,PENDING INVESTIGATIVE REVIEW,,GIVENS,JOHN,,,UNKNOWN,32,MALE,BLACK,may2016,,Victim,,,0,2
1053667,1034,WESTERN AVE,2459,SMALL RETAIL STORE,30apr2012 02:51:00,30apr2012 02:51:00,30apr2012,VIOLET,REY,3593,010,,27aug2007,POLICE OFFICER,,,18A,FIREARM DISCHARGE WITH HITS / ON DUTY,PENDING INVESTIGATION,SUSTAINED,FIETKO,MICHAEL,010,,POLICE OFFICER,,MALE,WHITE,apr2016,,,,,0,2
1053667,,,,,,,30apr2012,VIOLET,REY,3593,010,,27aug2007,POLICE OFFICER,,,18A,FIREARM DISCHARGE WITH HITS / ON DUTY,PENDING INVESTIGATIVE REVIEW,,LOPEZ,DANIEL,010,,POLICE OFFICER,,MALE,SPANISH (DO NOT USE),may2016,NOW ACCUSED MMEMBER,Inmate,,,0,2
1053667,,,,,,,30apr2012,TERRENCE,PRATSCHER,4190,010,,19may2008,POLICE OFFICER,,,18A,FIREARM DISCHARGE WITH HITS / ON DUTY,PENDING INVESTIGATIVE REVIEW,,PRATSCHER,TERRENCE,010,,POLICE OFFICER,,MALE,WHITE,may2016,NOW ACCUSED MMEMBER,Inmate,,,0,2
1053667,,,,,,,30apr2012,ANTHONY,ROSEN,11430,010,,09mar2009,POLICE OFFICER,,,18A,FIREARM DISCHARGE WITH HITS / ON DUTY,PENDING INVESTIGATIVE REVIEW,,GONZALEZ JR.,MANUEL,010,,POLICE OFFICER,,MALE,SPANISH (DO NOT USE),may2016,NOW ACCUSED MMEMBER,Inmate,,,0,2
1053667,1034,WESTERN AVE,2459,SMALL RETAIL STORE,30apr2012 02:51:00,30apr2012 02:51:00,30apr2012,JORGE,MENDEZ JR,14333,010,,30jul2007,POLICE OFFICER,,,18A,FIREARM DISCHARGE WITH HITS / ON DUTY,PENDING INVESTIGATION,SUSTAINED,PANEK,TAMMY,010,,POLICE OFFICER,,FEMALE,WHITE,apr2016,,,,,0,2
1053667,1034,WESTERN AVE,2459,SMALL RETAIL STORE,30apr2012 02:51:00,30apr2012 02:51:00,30apr2012,MICHAEL,CURRY,6915,010,,01sep2010,POLICE OFFICER,,,18A,FIREARM DISCHARGE WITH HITS / ON DUTY,PENDING INVESTIGATION,SUSTAINED,LOPEZ,DANIEL,010,,POLICE OFFICER,,MALE,SPANISH (DO NOT USE),apr2016,,,,,0,2
1053667,,,,,,,30apr2012,ANTHONY,ROSEN,11430,010,,09mar2009,POLICE OFFICER,,,18A,FIREARM DISCHARGE WITH HITS / ON DUTY,PENDING INVESTIGATIVE REVIEW,,FIETKO,MICHAEL,010,,POLICE OFFICER,,MALE,WHITE,may2016,,Witness,,,0,2
1053667,,,,,,,30apr2012,MANUEL,GONZALEZ JR.,11733,010,,09mar2009,POLICE OFFICER,,,18A,FIREARM DISCHARGE WITH HITS / ON DUTY,PENDING INVESTIGATIVE REVIEW,,REY,VIOLET,010,,POLICE OFFICER,,FEMALE,SPANISH (DO NOT USE),may2016,NOW ACCUSED MMEMBER,Inmate,,,0,2
1053667,,,,,,,30apr2012,JORGE,MENDEZ JR,14333,010,,30jul2007,POLICE OFFICER,,,18A,FIREARM DISCHARGE WITH HITS / ON DUTY,PENDING INVESTIGATIVE REVIEW,,DUDLEY,LELAND,,,UNKNOWN,34,MALE,BLACK,may2016,,Victim,,,0,2
1053667,1034,WESTERN AVE,2459,SMALL RETAIL STORE,30apr2012 02:51:00,30apr2012 02:51:00,30apr2012,DANIEL,VAZQUEZ,11852,010,,16apr2010,POLICE OFFICER,,,18A,FIREARM DISCHARGE WITH HITS / ON DUTY,PENDING INVESTIGATION,UNFOUNDED,FIETKO,MICHAEL,010,,POLICE OFFICER,,MALE,WHITE,apr2016,,,,,0,2
1053667,,,,,,,30apr2012,JORGE,MENDEZ JR,14333,010,,30jul2007,POLICE OFFICER,,,18A,FIREARM DISCHARGE WITH HITS / ON DUTY,PENDING INVESTIGATIVE REVIEW,,VAZQUEZ,DANIEL,010,,POLICE OFFICER,,MALE,WHITE HISPANIC,may2016,,Inmate,,,0,2
1053667,1034,WESTERN AVE,2459,SMALL RETAIL STORE,30apr2012 02:51:00,30apr2012 02:51:00,30apr2012,TERRENCE,PRATSCHER,4190,010,,19may2008,POLICE OFFICER,,,18A,FIREARM DISCHARGE WITH HITS / ON DUTY,PENDING INVESTIGATION,SUSTAINED,STRONG,DAVID,,,UNKNOWN,27,MALE,BLACK,apr2016,,,,,0,2
1053667,,,,,,,30apr2012,JORGE,MENDEZ JR,14333,010,,30jul2007,POLICE OFFICER,,,18A,FIREARM DISCHARGE WITH HITS / ON DUTY,PENDING INVESTIGATIVE REVIEW,,PRATSCHER,TERRENCE,010,,POLICE OFFICER,,MALE,WHITE,may2016,,Inmate,,,0,2
1053667,1034,WESTERN AVE,2459,SMALL RETAIL STORE,30apr2012 02:51:00,30apr2012 02:51:00,30apr2012,MICHAEL,CURRY,6915,010,,01sep2010,POLICE OFFICER,,,18A,FIREARM DISCHARGE WITH HITS / ON DUTY,PENDING INVESTIGATION,SUSTAINED,PAPIN,MICHAEL,010,,POLICE OFFICER,,MALE,WHITE,apr2016,,,,,0,2
1053667,,,,,,,30apr2012,MANUEL,GONZALEZ JR.,11733,010,,09mar2009,POLICE OFFICER,,,18A,FIREARM DISCHARGE WITH HITS / ON DUTY,PENDING INVESTIGATIVE REVIEW,,LODDING,HOWARD,124,,DEP CHIEF,,MALE,WHITE,may2016,,Complainant,,,0,2
1053667,1034,WESTERN AVE,2459,SMALL RETAIL STORE,30apr2012 02:51:00,30apr2012 02:51:00,30apr2012,TERRENCE,PRATSCHER,4190,010,,19may2008,POLICE OFFICER,,,18A,FIREARM DISCHARGE WITH HITS / ON DUTY,PENDING INVESTIGATION,SUSTAINED,DUDLEY,LELAND,,,UNKNOWN,32,MALE,BLACK,apr2016,,,,,0,2
1053667,,,,,,,30apr2012,JORGE,MENDEZ JR,14333,010,,30jul2007,POLICE OFFICER,,,18A,FIREARM DISCHARGE WITH HITS / ON DUTY,PENDING INVESTIGATIVE REVIEW,,GONZALEZ JR.,MANUEL,010,,POLICE OFFICER,,MALE,SPANISH (DO NOT USE),may2016,,Inmate,,,0,2
1053667,1034,WESTERN AVE,2459,SMALL RETAIL STORE,30apr2012 02:51:00,30apr2012 02:51:00,30apr2012,VIOLET,REY,3593,010,,27aug2007,POLICE OFFICER,,,18A,FIREARM DISCHARGE WITH HITS / ON DUTY,PENDING INVESTIGATION,SUSTAINED,MENDEZ JR,JORGE,010,,POLICE OFFICER,,MALE,SPANISH (DO NOT USE),apr2016,,,,,0,2
1053667,,,,,,,30apr2012,DANIEL,LOPEZ,3477,010,,25aug2003,POLICE OFFICER,,,18A,FIREARM DISCHARGE WITH HITS / ON DUTY,PENDING INVESTIGATIVE REVIEW,,DUDLEY,LELAND,,,UNKNOWN,34,MALE,BLACK,may2016,,Victim,,,0,2
1053667,,,,,,,30apr2012,JORGE,MENDEZ JR,14333,010,,30jul2007,POLICE OFFICER,,,18A,FIREARM DISCHARGE WITH HITS / ON DUTY,PENDING INVESTIGATIVE REVIEW,,STRONG,DAVID,,,UNKNOWN,29,MALE,BLACK,may2016,,Victim,,,0,2
1053667,,,,,,,30apr2012,DANIEL,LOPEZ,3477,010,,25aug2003,POLICE OFFICER,,,18A,FIREARM DISCHARGE WITH HITS / ON DUTY,PENDING INVESTIGATIVE REVIEW,,GIVENS,JOHN,,,UNKNOWN,34,MALE,BLACK,may2016,,Victim,,,0,2
1053667,1034,WESTERN AVE,2459,SMALL RETAIL STORE,30apr2012 02:51:00,30apr2012 02:51:00,30apr2012,JORGE,MENDEZ JR,14333,010,,30jul2007,POLICE OFFICER,,,18A,FIREARM DISCHARGE WITH HITS / ON DUTY,PENDING INVESTIGATION,SUSTAINED,OHLSON,ANDREW,010,,POLICE OFFICER,,MALE,WHITE,apr2016,,,,,0,2
1053667,1034,WESTERN AVE,2459,SMALL RETAIL STORE,30apr2012 02:51:00,30apr2012 02:51:00,30apr2012,MANUEL,GONZALEZ JR.,11733,010,,09mar2009,POLICE OFFICER,,,18A,FIREARM DISCHARGE WITH HITS / ON DUTY,PENDING INVESTIGATION,UNFOUNDED,REY,VIOLET,010,,POLICE OFFICER,,FEMALE,SPANISH (DO NOT USE),apr2016,,,,,0,2
1053667,,,,,,,30apr2012,MICHAEL,CURRY,6915,010,,01sep2010,POLICE OFFICER,,,18A,FIREARM DISCHARGE WITH HITS / ON DUTY,PENDING INVESTIGATIVE REVIEW,,FIETKO,MICHAEL,010,,POLICE OFFICER,,MALE,WHITE,may2016,,Witness,,,0,2
1053667,,,,,,,30apr2012,ANTHONY,ROSEN,11430,010,,09mar2009,POLICE OFFICER,,,18A,FIREARM DISCHARGE WITH HITS / ON DUTY,PENDING INVESTIGATIVE REVIEW,,DUDLEY,LELAND,,,UNKNOWN,32,MALE,BLACK,may2016,,Victim,,,0,2
1053667,1034,WESTERN AVE,2459,SMALL RETAIL STORE,30apr2012 02:51:00,30apr2012 02:51:00,30apr2012,DANIEL,VAZQUEZ,11852,010,,16apr2010,POLICE OFFICER,,,18A,FIREARM DISCHARGE WITH HITS / ON DUTY,PENDING INVESTIGATION,UNFOUNDED,PANEK,TAMMY,010,,POLICE OFFICER,,FEMALE,WHITE,apr2016,,,,,0,2
1053667,,,,,,,30apr2012,DANIEL,VAZQUEZ,11852,010,,16apr2010,POLICE OFFICER,,,18A,FIREARM DISCHARGE WITH HITS / ON DUTY,PENDING INVESTIGATIVE REVIEW,,MENDEZ JR,JORGE,010,,POLICE OFFICER,,MALE,SPANISH (DO NOT USE),may2016,NOW ACCUSED MMEMBER,Inmate,,,0,2
1053667,,,,,,,30apr2012,VIOLET,REY,3593,010,,27aug2007,POLICE OFFICER,,,18A,FIREARM DISCHARGE WITH HITS / ON DUTY,PENDING INVESTIGATIVE REVIEW,,CURRY,MICHAEL,010,,POLICE OFFICER,,MALE,WHITE,may2016,NOW ACCUSED MMEMBER,Inmate,,,0,2
1053667,,,,,,,30apr2012,DANIEL,VAZQUEZ,11852,010,,16apr2010,POLICE OFFICER,,,18A,FIREARM DISCHARGE WITH HITS / ON DUTY,PENDING INVESTIGATIVE REVIEW,,MENDEZ JR,JORGE,010,,POLICE OFFICER,,MALE,SPANISH (DO NOT USE),may2016,,Inmate,,,0,2
1053667,,,,,,,30apr2012,JORGE,MENDEZ JR,14333,010,,30jul2007,POLICE OFFICER,,,18A,FIREARM DISCHARGE WITH HITS / ON DUTY,PENDING INVESTIGATIVE REVIEW,,LOPEZ,DANIEL,010,,POLICE OFFICER,,MALE,SPANISH (DO NOT USE),may2016,NOW ACCUSED MMEMBER,Inmate,,,0,2
1053667,,,,,,,30apr2012,MICHAEL,CURRY,6915,010,,01sep2010,POLICE OFFICER,,,18A,FIREARM DISCHARGE WITH HITS / ON DUTY,PENDING INVESTIGATIVE REVIEW,,STRONG,DAVID,,,UNKNOWN,27,MALE,BLACK,may2016,,Victim,,,0,2
1053667,,,,,,,30apr2012,VIOLET,REY,3593,010,,27aug2007,POLICE OFFICER,,,18A,FIREARM DISCHARGE WITH HITS / ON DUTY,PENDING INVESTIGATIVE REVIEW,,GIVENS,JOHN,,,UNKNOWN,34,MALE,BLACK,may2016,,Victim,,,0,2
1053667,1034,WESTERN AVE,2459,SMALL RETAIL STORE,30apr2012 02:51:00,30apr2012 02:51:00,30apr2012,MICHAEL,CURRY,6915,010,,01sep2010,POLICE OFFICER,,,18A,FIREARM DISCHARGE WITH HITS / ON DUTY,PENDING INVESTIGATION,SUSTAINED,GONZALEZ JR.,MANUEL,010,,POLICE OFFICER,,MALE,SPANISH (DO NOT USE),apr2016,,,,,0,2
1053667,,,,,,,30apr2012,DANIEL,VAZQUEZ,11852,010,,16apr2010,POLICE OFFICER,,,18A,FIREARM DISCHARGE WITH HITS / ON DUTY,PENDING INVESTIGATIVE REVIEW,,REY,VIOLET,010,,POLICE OFFICER,,FEMALE,SPANISH (DO NOT USE),may2016,,Inmate,,,0,2
1053667,,,,,,,30apr2012,TERRENCE,PRATSCHER,4190,010,,19may2008,POLICE OFFICER,,,18A,FIREARM DISCHARGE WITH HITS / ON DUTY,PENDING INVESTIGATIVE REVIEW,,MENDEZ JR,JORGE,010,,POLICE OFFICER,,MALE,SPANISH (DO NOT USE),may2016,,Inmate,,,0,2
1053667,,,,,,,30apr2012,MICHAEL,CURRY,6915,010,,01sep2010,POLICE OFFICER,,,18A,FIREARM DISCHARGE WITH HITS / ON DUTY,PENDING INVESTIGATIVE REVIEW,,ROSEN,ANTHONY,010,,POLICE OFFICER,,MALE,WHITE,may2016,,Inmate,,,0,2
1053667,,,,,,,30apr2012,ANTHONY,ROSEN,11430,010,,09mar2009,POLICE OFFICER,,,18A,FIREARM DISCHARGE WITH HITS / ON DUTY,PENDING INVESTIGATIVE REVIEW,,REY,VIOLET,010,,POLICE OFFICER,,FEMALE,SPANISH (DO NOT USE),may2016,,Inmate,,,0,2
1053667,1034,WESTERN AVE,2459,SMALL RETAIL STORE,30apr2012 02:51:00,30apr2012 02:51:00,30apr2012,ANTHONY,ROSEN,11430,010,,09mar2009,POLICE OFFICER,,,18A,FIREARM DISCHARGE WITH HITS / ON DUTY,PENDING INVESTIGATION,SUSTAINED,LOPEZ,DANIEL,010,,POLICE OFFICER,,MALE,SPANISH (DO NOT USE),apr2016,,,,,0,2
1053667,,,,,,,30apr2012,MANUEL,GONZALEZ JR.,11733,010,,09mar2009,POLICE OFFICER,,,18A,FIREARM DISCHARGE WITH HITS / ON DUTY,PENDING INVESTIGATIVE REVIEW,,GIVENS,JOHN,,,UNKNOWN,34,MALE,BLACK,may2016,,Victim,,,0,2
1053667,,,,,,,30apr2012,DANIEL,LOPEZ,3477,010,,25aug2003,POLICE OFFICER,,,18A,FIREARM DISCHARGE WITH HITS / ON DUTY,PENDING INVESTIGATIVE REVIEW,,FIETKO,MICHAEL,010,,POLICE OFFICER,,MALE,WHITE,may2016,,Witness,,,0,2
1053667,1034,WESTERN AVE,2459,SMALL RETAIL STORE,30apr2012 02:51:00,30apr2012 02:51:00,30apr2012,DANIEL,VAZQUEZ,11852,010,,16apr2010,POLICE OFFICER,,,18A,FIREARM DISCHARGE WITH HITS / ON DUTY,PENDING INVESTIGATION,UNFOUNDED,DUDLEY,LELAND,,,UNKNOWN,32,MALE,BLACK,apr2016,,,,,0,2
1053667,1034,WESTERN AVE,2459,SMALL RETAIL STORE,30apr2012 02:51:00,30apr2012 02:51:00,30apr2012,MANUEL,GONZALEZ JR.,11733,010,,09mar2009,POLICE OFFICER,,,18A,FIREARM DISCHARGE WITH HITS / ON DUTY,PENDING INVESTIGATION,UNFOUNDED,PAPIN,MICHAEL,010,,POLICE OFFICER,,MALE,WHITE,apr2016,,,,,0,2
1053667,1034,WESTERN AVE,2459,SMALL RETAIL STORE,30apr2012 02:51:00,30apr2012 02:51:00,30apr2012,DANIEL,LOPEZ,3477,010,,25aug2003,POLICE OFFICER,,,18A,FIREARM DISCHARGE WITH HITS / ON DUTY,PENDING INVESTIGATION,UNFOUNDED,GIVENS,JOHN,,,UNKNOWN,32,MALE,BLACK,apr2016,,,,,0,2
1053667,1034,WESTERN AVE,2459,SMALL RETAIL STORE,30apr2012 02:51:00,30apr2012 02:51:00,30apr2012,DANIEL,VAZQUEZ,11852,010,,16apr2010,POLICE OFFICER,,,18A,FIREARM DISCHARGE WITH HITS / ON DUTY,PENDING INVESTIGATION,UNFOUNDED,LODDING,HOWARD,124,,DEP CHIEF,,MALE,WHITE,apr2016,,,,,0,2
1053667,1034,WESTERN AVE,2459,SMALL RETAIL STORE,30apr2012 02:51:00,30apr2012 02:51:00,30apr2012,MICHAEL,CURRY,6915,010,,01sep2010,POLICE OFFICER,,,18A,FIREARM DISCHARGE WITH HITS / ON DUTY,PENDING INVESTIGATION,SUSTAINED,VAZQUEZ,DANIEL,010,,POLICE OFFICER,,MALE,WHITE HISPANIC,apr2016,,,,,0,2
1053667,1034,WESTERN AVE,2459,SMALL RETAIL STORE,30apr2012 02:51:00,30apr2012 02:51:00,30apr2012,MICHAEL,CURRY,6915,010,,01sep2010,POLICE OFFICER,,,18A,FIREARM DISCHARGE WITH HITS / ON DUTY,PENDING INVESTIGATION,SUSTAINED,REY,VIOLET,010,,POLICE OFFICER,,FEMALE,SPANISH (DO NOT USE),apr2016,,,,,0,2
1053667,1034,WESTERN AVE,2459,SMALL RETAIL STORE,30apr2012,30apr2012,30apr2012,TERRENCE,PRATSCHER,4190,010,,19may2008,POLICE OFFICER,,,18A,FIREARM DISCHARGE WITH HITS / ON DUTY,PENDING INVESTIGATIVE REVIEW,SUSTAINED,,,,,,,,,may2016,,,,,0,2
1053667,1034,WESTERN AVE,2459,SMALL RETAIL STORE,30apr2012 02:51:00,30apr2012 02:51:00,30apr2012,DANIEL,VAZQUEZ,11852,010,,16apr2010,POLICE OFFICER,,,18A,FIREARM DISCHARGE WITH HITS / ON DUTY,PENDING INVESTIGATION,UNFOUNDED,STRONG,DAVID,,,UNKNOWN,27,MALE,BLACK,apr2016,,,,,0,2
1053667,,,,,,,30apr2012,VIOLET,REY,3593,010,,27aug2007,POLICE OFFICER,,,18A,FIREARM DISCHARGE WITH HITS / ON DUTY,PENDING INVESTIGATIVE REVIEW,,PAPIN,MICHAEL,010,,POLICE OFFICER,,MALE,WHITE,may2016,,Witness,,,0,2
1053667,,,,,,,30apr2012,MICHAEL,CURRY,6915,010,,01sep2010,POLICE OFFICER,,,18A,FIREARM DISCHARGE WITH HITS / ON DUTY,PENDING INVESTIGATIVE REVIEW,,PRATSCHER,TERRENCE,010,,POLICE OFFICER,,MALE,WHITE,may2016,,Inmate,,,0,2
1053667,1034,WESTERN AVE,2459,SMALL RETAIL STORE,30apr2012 02:51:00,30apr2012 02:51:00,30apr2012,MICHAEL,CURRY,6915,010,,01sep2010,POLICE OFFICER,,,18A,FIREARM DISCHARGE WITH HITS / ON DUTY,PENDING INVESTIGATION,SUSTAINED,DUDLEY,LELAND,,,UNKNOWN,32,MALE,BLACK,apr2016,,,,,0,2
1053667,,,,,,,30apr2012,ANTHONY,ROSEN,11430,010,,09mar2009,POLICE OFFICER,,,18A,FIREARM DISCHARGE WITH HITS / ON DUTY,PENDING INVESTIGATIVE REVIEW,,OHLSON,ANDREW,010,,POLICE OFFICER,,MALE,WHITE,may2016,,Witness,,,0,2
1053667,,,,,,,30apr2012,JORGE,MENDEZ JR,14333,010,,30jul2007,POLICE OFFICER,,,18A,FIREARM DISCHARGE WITH HITS / ON DUTY,PENDING INVESTIGATIVE REVIEW,,GIVENS,JOHN,,,UNKNOWN,34,MALE,BLACK,may2016,,Victim,,,0,2
1053667,1034,WESTERN AVE,2459,SMALL RETAIL STORE,30apr2012 02:51:00,30apr2012 02:51:00,30apr2012,DANIEL,LOPEZ,3477,010,,25aug2003,POLICE OFFICER,,,18A,FIREARM DISCHARGE WITH HITS / ON DUTY,PENDING INVESTIGATION,UNFOUNDED,REY,VIOLET,010,,POLICE OFFICER,,FEMALE,SPANISH (DO NOT USE),apr2016,,,,,0,2
1053667,,,,,,,30apr2012,DANIEL,VAZQUEZ,11852,010,,16apr2010,POLICE OFFICER,,,18A,FIREARM DISCHARGE WITH HITS / ON DUTY,PENDING INVESTIGATIVE REVIEW,,ROSEN,ANTHONY,010,,POLICE OFFICER,,MALE,WHITE,may2016,NOW ACCUSED MEMBER,Inmate,,,0,2
1053667,,,,,,,30apr2012,MANUEL,GONZALEZ JR.,11733,010,,09mar2009,POLICE OFFICER,,,18A,FIREARM DISCHARGE WITH HITS / ON DUTY,PENDING INVESTIGATIVE REVIEW,,GIVENS,JOHN,,,UNKNOWN,32,MALE,BLACK,may2016,,Victim,,,0,2
1053667,1034,WESTERN AVE,2459,SMALL RETAIL STORE,30apr2012 02:51:00,30apr2012 02:51:00,30apr2012,ANTHONY,ROSEN,11430,010,,09mar2009,POLICE OFFICER,,,18A,FIREARM DISCHARGE WITH HITS / ON DUTY,PENDING INVESTIGATION,SUSTAINED,DUDLEY,LELAND,,,UNKNOWN,34,MALE,BLACK,apr2016,,,,,0,2
1053667,1034,WESTERN AVE,2459,SMALL RETAIL STORE,30apr2012 02:51:00,30apr2012 02:51:00,30apr2012,DANIEL,VAZQUEZ,11852,010,,16apr2010,POLICE OFFICER,,,18A,FIREARM DISCHARGE WITH HITS / ON DUTY,PENDING INVESTIGATION,UNFOUNDED,DUDLEY,LELAND,,,UNKNOWN,34,MALE,BLACK,apr2016,,,,,0,2
1053667,,,,,,,30apr2012,DANIEL,VAZQUEZ,11852,010,,16apr2010,POLICE OFFICER,,,18A,FIREARM DISCHARGE WITH HITS / ON DUTY,PENDING INVESTIGATIVE REVIEW,,GIVENS,JOHN,,,UNKNOWN,32,MALE,BLACK,may2016,,Victim,,,0,2
1053667,1034,WESTERN AVE,2459,SMALL RETAIL STORE,30apr2012 02:51:00,30apr2012 02:51:00,30apr2012,VIOLET,REY,3593,010,,27aug2007,POLICE OFFICER,,,18A,FIREARM DISCHARGE WITH HITS / ON DUTY,PENDING INVESTIGATION,SUSTAINED,STRONG,DAVID,,,UNKNOWN,27,MALE,BLACK,apr2016,,,,,0,2
1053667,,,,,,,30apr2012,DANIEL,LOPEZ,3477,010,,25aug2003,POLICE OFFICER,,,18A,FIREARM DISCHARGE WITH HITS / ON DUTY,PENDING INVESTIGATIVE REVIEW,,CURRY,MICHAEL,010,,POLICE OFFICER,,MALE,WHITE,may2016,,Inmate,,,0,2
1053667,,,,,,,30apr2012,DANIEL,LOPEZ,3477,010,,25aug2003,POLICE OFFICER,,,18A,FIREARM DISCHARGE WITH HITS / ON DUTY,PENDING INVESTIGATIVE REVIEW,,PRATSCHER,TERRENCE,010,,POLICE OFFICER,,MALE,WHITE,may2016,,Inmate,,,0,2
1053667,,,,,,,30apr2012,ANTHONY,ROSEN,11430,010,,09mar2009,POLICE OFFICER,,,18A,FIREARM DISCHARGE WITH HITS / ON DUTY,PENDING INVESTIGATIVE REVIEW,,MENDEZ JR,JORGE,010,,POLICE OFFICER,,MALE,SPANISH (DO NOT USE),may2016,NOW ACCUSED MMEMBER,Inmate,,,0,2
1053667,,,,,,,30apr2012,DANIEL,LOPEZ,3477,010,,25aug2003,POLICE OFFICER,,,18A,FIREARM DISCHARGE WITH HITS / ON DUTY,PENDING INVESTIGATIVE REVIEW,,LOPEZ,DANIEL,010,,POLICE OFFICER,,MALE,SPANISH (DO NOT USE),may2016,NOW ACCUSED MMEMBER,Inmate,,,0,2
1053667,1034,WESTERN AVE,2459,SMALL RETAIL STORE,30apr2012,30apr2012,30apr2012,ANTHONY,ROSEN,11430,010,,09mar2009,POLICE OFFICER,,,18A,FIREARM DISCHARGE WITH HITS / ON DUTY,PENDING INVESTIGATIVE REVIEW,SUSTAINED,,,,,,,,,may2016,,,,,0,2
1053667,,,,,,,30apr2012,MANUEL,GONZALEZ JR.,11733,010,,09mar2009,POLICE OFFICER,,,18A,FIREARM DISCHARGE WITH HITS / ON DUTY,PENDING INVESTIGATIVE REVIEW,,REY,VIOLET,010,,POLICE OFFICER,,FEMALE,SPANISH (DO NOT USE),may2016,,Inmate,,,0,2
1053667,1034,WESTERN AVE,2459,SMALL RETAIL STORE,30apr2012 02:51:00,30apr2012 02:51:00,30apr2012,DANIEL,LOPEZ,3477,010,,25aug2003,POLICE OFFICER,,,18A,FIREARM DISCHARGE WITH HITS / ON DUTY,PENDING INVESTIGATION,UNFOUNDED,VAZQUEZ,DANIEL,010,,POLICE OFFICER,,MALE,WHITE HISPANIC,apr2016,,,,,0,2
1053667,,,,,,,30apr2012,ANTHONY,ROSEN,11430,010,,09mar2009,POLICE OFFICER,,,18A,FIREARM DISCHARGE WITH HITS / ON DUTY,PENDING INVESTIGATIVE REVIEW,,VAZQUEZ,DANIEL,010,,POLICE OFFICER,,MALE,WHITE HISPANIC,may2016,,Inmate,,,0,2
1053667,,,,,,,30apr2012,JORGE,MENDEZ JR,14333,010,,30jul2007,POLICE OFFICER,,,18A,FIREARM DISCHARGE WITH HITS / ON DUTY,PENDING INVESTIGATIVE REVIEW,,MENDEZ JR,JORGE,010,,POLICE OFFICER,,MALE,SPANISH (DO NOT USE),may2016,NOW ACCUSED MMEMBER,Inmate,,,0,2
1053667,,,,,,,30apr2012,MICHAEL,CURRY,6915,010,,01sep2010,POLICE OFFICER,,,18A,FIREARM DISCHARGE WITH HITS / ON DUTY,PENDING INVESTIGATIVE REVIEW,,GONZALEZ JR.,MANUEL,010,,POLICE OFFICER,,MALE,SPANISH (DO NOT USE),may2016,NOW ACCUSED MMEMBER,Inmate,,,0,2
1053667,1034,WESTERN AVE,2459,SMALL RETAIL STORE,30apr2012 02:51:00,30apr2012 02:51:00,30apr2012,TERRENCE,PRATSCHER,4190,010,,19may2008,POLICE OFFICER,,,18A,FIREARM DISCHARGE WITH HITS / ON DUTY,PENDING INVESTIGATION,SUSTAINED,OHLSON,ANDREW,010,,POLICE OFFICER,,MALE,WHITE,apr2016,,,,,0,2
1053667,1034,WESTERN AVE,2459,SMALL RETAIL STORE,30apr2012 02:51:00,30apr2012 02:51:00,30apr2012,MICHAEL,CURRY,6915,010,,01sep2010,POLICE OFFICER,,,18A,FIREARM DISCHARGE WITH HITS / ON DUTY,PENDING INVESTIGATION,SUSTAINED,STRONG,DAVID,,,UNKNOWN,29,MALE,BLACK,apr2016,,,,,0,2
1053667,1034,WESTERN AVE,2459,SMALL RETAIL STORE,30apr2012 02:51:00,30apr2012 02:51:00,30apr2012,VIOLET,REY,3593,010,,27aug2007,POLICE OFFICER,,,18A,FIREARM DISCHARGE WITH HITS / ON DUTY,PENDING INVESTIGATION,SUSTAINED,STRONG,DAVID,,,UNKNOWN,29,MALE,BLACK,apr2016,,,,,0,2
1053667,,,,,,,30apr2012,MANUEL,GONZALEZ JR.,11733,010,,09mar2009,POLICE OFFICER,,,18A,FIREARM DISCHARGE WITH HITS / ON DUTY,PENDING INVESTIGATIVE REVIEW,,DUDLEY,LELAND,,,UNKNOWN,34,MALE,BLACK,may2016,,Victim,,,0,2
1053667,1034,WESTERN AVE,2459,SMALL RETAIL STORE,30apr2012,30apr2012,30apr2012,VIOLET,REY,3593,010,,27aug2007,POLICE OFFICER,,,18A,FIREARM DISCHARGE WITH HITS / ON DUTY,PENDING INVESTIGATIVE REVIEW,SUSTAINED,,,,,,,,,may2016,,,,,0,2
1053667,,,,,,,30apr2012,DANIEL,VAZQUEZ,11852,010,,16apr2010,POLICE OFFICER,,,18A,FIREARM DISCHARGE WITH HITS / ON DUTY,PENDING INVESTIGATIVE REVIEW,,REY,VIOLET,010,,POLICE OFFICER,,FEMALE,SPANISH (DO NOT USE),may2016,NOW ACCUSED MMEMBER,Inmate,,,0,2
1053667,1034,WESTERN AVE,2459,SMALL RETAIL STORE,30apr2012 02:51:00,30apr2012 02:51:00,30apr2012,ANTHONY,ROSEN,11430,010,,09mar2009,POLICE OFFICER,,,18A,FIREARM DISCHARGE WITH HITS / ON DUTY,PENDING INVESTIGATION,SUSTAINED,GIVENS,JOHN,,,UNKNOWN,32,MALE,BLACK,apr2016,,,,,0,2
1053667,,,,,,,30apr2012,JORGE,MENDEZ JR,14333,010,,30jul2007,POLICE OFFICER,,,18A,FIREARM DISCHARGE WITH HITS / ON DUTY,PENDING INVESTIGATIVE REVIEW,,PAPIN,MICHAEL,010,,POLICE OFFICER,,MALE,WHITE,may2016,,Witness,,,0,2
1053667,,,,,,,30apr2012,TERRENCE,PRATSCHER,4190,010,,19may2008,POLICE OFFICER,,,18A,FIREARM DISCHARGE WITH HITS / ON DUTY,PENDING INVESTIGATIVE REVIEW,,REY,VIOLET,010,,POLICE OFFICER,,FEMALE,SPANISH (DO NOT USE),may2016,,Inmate,,,0,2
1053667,,,,,,,30apr2012,MICHAEL,CURRY,6915,010,,01sep2010,POLICE OFFICER,,,18A,FIREARM DISCHARGE WITH HITS / ON DUTY,PENDING INVESTIGATIVE REVIEW,,DUDLEY,LELAND,,,UNKNOWN,32,MALE,BLACK,may2016,,Victim,,,0,2
1053667,,,,,,,30apr2012,DANIEL,VAZQUEZ,11852,010,,16apr2010,POLICE OFFICER,,,18A,FIREARM DISCHARGE WITH HITS / ON DUTY,PENDING INVESTIGATIVE REVIEW,,PAPIN,MICHAEL,010,,POLICE OFFICER,,MALE,WHITE,may2016,,Witness,,,0,2
1053667,,,,,,,30apr2012,JORGE,MENDEZ JR,14333,010,,30jul2007,POLICE OFFICER,,,18A,FIREARM DISCHARGE WITH HITS / ON DUTY,PENDING INVESTIGATIVE REVIEW,,DUDLEY,LELAND,,,UNKNOWN,32,MALE,BLACK,may2016,,Victim,,,0,2
1053667,,,,,,,30apr2012,DANIEL,LOPEZ,3477,010,,25aug2003,POLICE OFFICER,,,18A,FIREARM DISCHARGE WITH HITS / ON DUTY,PENDING INVESTIGATIVE REVIEW,,DUDLEY,LELAND,,,UNKNOWN,32,MALE,BLACK,may2016,,Victim,,,0,2
1053667,,,,,,,30apr2012,ANTHONY,ROSEN,11430,010,,09mar2009,POLICE OFFICER,,,18A,FIREARM DISCHARGE WITH HITS / ON DUTY,PENDING INVESTIGATIVE REVIEW,,LOPEZ,DANIEL,010,,POLICE OFFICER,,MALE,SPANISH (DO NOT USE),may2016,,Inmate,,,0,2
1053667,,,,,,,30apr2012,JORGE,MENDEZ JR,14333,010,,30jul2007,POLICE OFFICER,,,18A,FIREARM DISCHARGE WITH HITS / ON DUTY,PENDING INVESTIGATIVE REVIEW,,PRATSCHER,TERRENCE,010,,POLICE OFFICER,,MALE,WHITE,may2016,NOW ACCUSED MMEMBER,Inmate,,,0,2
1053667,,,,,,,30apr2012,VIOLET,REY,3593,010,,27aug2007,POLICE OFFICER,,,18A,FIREARM DISCHARGE WITH HITS / ON DUTY,PENDING INVESTIGATIVE REVIEW,,LOPEZ,DANIEL,010,,POLICE OFFICER,,MALE,SPANISH (DO NOT USE),may2016,,Inmate,,,0,2
1053667,,,,,,,30apr2012,TERRENCE,PRATSCHER,4190,010,,19may2008,POLICE OFFICER,,,18A,FIREARM DISCHARGE WITH HITS / ON DUTY,PENDING INVESTIGATIVE REVIEW,,OHLSON,ANDREW,010,,POLICE OFFICER,,MALE,WHITE,may2016,,Witness,,,0,2
1053667,,,,,,,30apr2012,TERRENCE,PRATSCHER,4190,010,,19may2008,POLICE OFFICER,,,18A,FIREARM DISCHARGE WITH HITS / ON DUTY,PENDING INVESTIGATIVE REVIEW,,REY,VIOLET,010,,POLICE OFFICER,,FEMALE,SPANISH (DO NOT USE),may2016,NOW ACCUSED MMEMBER,Inmate,,,0,2
1053667,,,,,,,30apr2012,DANIEL,LOPEZ,3477,010,,25aug2003,POLICE OFFICER,,,18A,FIREARM DISCHARGE WITH HITS / ON DUTY,PENDING INVESTIGATIVE REVIEW,,REY,VIOLET,010,,POLICE OFFICER,,FEMALE,SPANISH (DO NOT USE),may2016,NOW ACCUSED MMEMBER,Inmate,,,0,2
1053667,,,,,,,30apr2012,MICHAEL,CURRY,6915,010,,01sep2010,POLICE OFFICER,,,18A,FIREARM DISCHARGE WITH HITS / ON DUTY,PENDING INVESTIGATIVE REVIEW,,LOPEZ,DANIEL,010,,POLICE OFFICER,,MALE,SPANISH (DO NOT USE),may2016,NOW ACCUSED MMEMBER,Inmate,,,0,2
1053667,1034,WESTERN AVE,2459,SMALL RETAIL STORE,30apr2012,30apr2012,30apr2012,MANUEL,GONZALEZ JR.,11733,010,,09mar2009,POLICE OFFICER,,,18A,FIREARM DISCHARGE WITH HITS / ON DUTY,PENDING INVESTIGATIVE REVIEW,UNFOUNDED,,,,,,,,,may2016,,,,,0,2
1053667,1034,WESTERN AVE,2459,SMALL RETAIL STORE,30apr2012 02:51:00,30apr2012 02:51:00,30apr2012,DANIEL,LOPEZ,3477,010,,25aug2003,POLICE OFFICER,,,18A,FIREARM DISCHARGE WITH HITS / ON DUTY,PENDING INVESTIGATION,UNFOUNDED,LODDING,HOWARD,124,,DEP CHIEF,,MALE,WHITE,apr2016,,,,,0,2
1053667,1034,WESTERN AVE,2459,SMALL RETAIL STORE,30apr2012,30apr2012,30apr2012,MICHAEL,CURRY,6915,010,,01sep2010,POLICE OFFICER,,,18A,FIREARM DISCHARGE WITH HITS / ON DUTY,PENDING INVESTIGATIVE REVIEW,SUSTAINED,,,,,,,,,may2016,,,,,0,2
1053667,,,,,,,30apr2012,MANUEL,GONZALEZ JR.,11733,010,,09mar2009,POLICE OFFICER,,,18A,FIREARM DISCHARGE WITH HITS / ON DUTY,PENDING INVESTIGATIVE REVIEW,,VAZQUEZ,DANIEL,010,,POLICE OFFICER,,MALE,WHITE HISPANIC,may2016,,Inmate,,,0,2
1053667,1034,WESTERN AVE,2459,SMALL RETAIL STORE,30apr2012 02:51:00,30apr2012 02:51:00,30apr2012,VIOLET,REY,3593,010,,27aug2007,POLICE OFFICER,,,18A,FIREARM DISCHARGE WITH HITS / ON DUTY,PENDING INVESTIGATION,SUSTAINED,OHLSON,ANDREW,010,,POLICE OFFICER,,MALE,WHITE,apr2016,,,,,0,2
1053667,,,,,,,30apr2012,DANIEL,VAZQUEZ,11852,010,,16apr2010,POLICE OFFICER,,,18A,FIREARM DISCHARGE WITH HITS / ON DUTY,PENDING INVESTIGATIVE REVIEW,,VAZQUEZ,DANIEL,010,,POLICE OFFICER,,MALE,WHITE HISPANIC,may2016,,Inmate,,,0,2
1053667,,,,,,,30apr2012,VIOLET,REY,3593,010,,27aug2007,POLICE OFFICER,,,18A,FIREARM DISCHARGE WITH HITS / ON DUTY,PENDING INVESTIGATIVE REVIEW,,GIVENS,JOHN,,,UNKNOWN,32,MALE,BLACK,may2016,,Victim,,,0,2
1053667,,,,,,,30apr2012,MICHAEL,CURRY,6915,010,,01sep2010,POLICE OFFICER,,,18A,FIREARM DISCHARGE WITH HITS / ON DUTY,PENDING INVESTIGATIVE REVIEW,,DUDLEY,LELAND,,,UNKNOWN,34,MALE,BLACK,may2016,,Victim,,,0,2
1053667,1034,WESTERN AVE,2459,SMALL RETAIL STORE,30apr2012 02:51:00,30apr2012 02:51:00,30apr2012,TERRENCE,PRATSCHER,4190,010,,19may2008,POLICE OFFICER,,,18A,FIREARM DISCHARGE WITH HITS / ON DUTY,PENDING INVESTIGATION,SUSTAINED,VAZQUEZ,DANIEL,010,,POLICE OFFICER,,MALE,WHITE HISPANIC,apr2016,,,,,0,2
1053667,1034,WESTERN AVE,2459,SMALL RETAIL STORE,30apr2012 02:51:00,30apr2012 02:51:00,30apr2012,MANUEL,GONZALEZ JR.,11733,010,,09mar2009,POLICE OFFICER,,,18A,FIREARM DISCHARGE WITH HITS / ON DUTY,PENDING INVESTIGATION,UNFOUNDED,CURRY,MICHAEL,010,,POLICE OFFICER,,MALE,WHITE,apr2016,,,,,0,2
1053667,,,,,,,30apr2012,VIOLET,REY,3593,010,,27aug2007,POLICE OFFICER,,,18A,FIREARM DISCHARGE WITH HITS / ON DUTY,PENDING INVESTIGATIVE REVIEW,,ROSEN,ANTHONY,010,,POLICE OFFICER,,MALE,WHITE,may2016,NOW ACCUSED MEMBER,Inmate,,,0,2
1053667,1034,WESTERN AVE,2459,SMALL RETAIL STORE,30apr2012 02:51:00,30apr2012 02:51:00,30apr2012,VIOLET,REY,3593,010,,27aug2007,POLICE OFFICER,,,18A,FIREARM DISCHARGE WITH HITS / ON DUTY,PENDING INVESTIGATION,SUSTAINED,PANEK,TAMMY,010,,POLICE OFFICER,,FEMALE,WHITE,apr2016,,,,,0,2
1053667,1034,WESTERN AVE,2459,SMALL RETAIL STORE,30apr2012 02:51:00,30apr2012 02:51:00,30apr2012,ANTHONY,ROSEN,11430,010,,09mar2009,POLICE OFFICER,,,18A,FIREARM DISCHARGE WITH HITS / ON DUTY,PENDING INVESTIGATION,SUSTAINED,STRONG,DAVID,,,UNKNOWN,29,MALE,BLACK,apr2016,,,,,0,2
1053667,1034,WESTERN AVE,2459,SMALL RETAIL STORE,30apr2012 02:51:00,30apr2012 02:51:00,30apr2012,TERRENCE,PRATSCHER,4190,010,,19may2008,POLICE OFFICER,,,18A,FIREARM DISCHARGE WITH HITS / ON DUTY,PENDING INVESTIGATION,SUSTAINED,DUDLEY,LELAND,,,UNKNOWN,34,MALE,BLACK,apr2016,,,,,0,2
1053667,1034,WESTERN AVE,2459,SMALL RETAIL STORE,30apr2012 02:51:00,30apr2012 02:51:00,30apr2012,ANTHONY,ROSEN,11430,010,,09mar2009,POLICE OFFICER,,,18A,FIREARM DISCHARGE WITH HITS / ON DUTY,PENDING INVESTIGATION,SUSTAINED,REY,VIOLET,010,,POLICE OFFICER,,FEMALE,SPANISH (DO NOT USE),apr2016,,,,,0,2
1053667,1034,WESTERN AVE,2459,SMALL RETAIL STORE,30apr2012 02:51:00,30apr2012 02:51:00,30apr2012,TERRENCE,PRATSCHER,4190,010,,19may2008,POLICE OFFICER,,,18A,FIREARM DISCHARGE WITH HITS / ON DUTY,PENDING INVESTIGATION,SUSTAINED,CURRY,MICHAEL,010,,POLICE OFFICER,,MALE,WHITE,apr2016,,,,,0,2
1053667,,,,,,,30apr2012,DANIEL,LOPEZ,3477,010,,25aug2003,POLICE OFFICER,,,18A,FIREARM DISCHARGE WITH HITS / ON DUTY,PENDING INVESTIGATIVE REVIEW,,LOPEZ,DANIEL,010,,POLICE OFFICER,,MALE,SPANISH (DO NOT USE),may2016,,Inmate,,,0,2
1053667,1034,WESTERN AVE,2459,SMALL RETAIL STORE,30apr2012 02:51:00,30apr2012 02:51:00,30apr2012,DANIEL,VAZQUEZ,11852,010,,16apr2010,POLICE OFFICER,,,18A,FIREARM DISCHARGE WITH HITS / ON DUTY,PENDING INVESTIGATION,UNFOUNDED,PRATSCHER,TERRENCE,010,,POLICE OFFICER,,MALE,WHITE,apr2016,,,,,0,2
1053667,1034,WESTERN AVE,2459,SMALL RETAIL STORE,30apr2012 02:51:00,30apr2012 02:51:00,30apr2012,MANUEL,GONZALEZ JR.,11733,010,,09mar2009,POLICE OFFICER,,,18A,FIREARM DISCHARGE WITH HITS / ON DUTY,PENDING INVESTIGATION,UNFOUNDED,PANEK,TAMMY,010,,POLICE OFFICER,,FEMALE,WHITE,apr2016,,,,,0,2
1053667,1034,WESTERN AVE,2459,SMALL RETAIL STORE,30apr2012 02:51:00,30apr2012 02:51:00,30apr2012,DANIEL,VAZQUEZ,11852,010,,16apr2010,POLICE OFFICER,,,18A,FIREARM DISCHARGE WITH HITS / ON DUTY,PENDING INVESTIGATION,UNFOUNDED,STRONG,DAVID,,,UNKNOWN,29,MALE,BLACK,apr2016,,,,,0,2
1053667,,,,,,,30apr2012,TERRENCE,PRATSCHER,4190,010,,19may2008,POLICE OFFICER,,,18A,FIREARM DISCHARGE WITH HITS / ON DUTY,PENDING INVESTIGATIVE REVIEW,,STRONG,DAVID,,,UNKNOWN,29,MALE,BLACK,may2016,,Victim,,,0,2
1053667,1034,WESTERN AVE,2459,SMALL RETAIL STORE,30apr2012 02:51:00,30apr2012 02:51:00,30apr2012,ANTHONY,ROSEN,11430,010,,09mar2009,POLICE OFFICER,,,18A,FIREARM DISCHARGE WITH HITS / ON DUTY,PENDING INVESTIGATION,SUSTAINED,GIVENS,JOHN,,,UNKNOWN,34,MALE,BLACK,apr2016,,,,,0,2
1053667,1034,WESTERN AVE,2459,SMALL RETAIL STORE,30apr2012 02:51:00,30apr2012 02:51:00,30apr2012,DANIEL,LOPEZ,3477,010,,25aug2003,POLICE OFFICER,,,18A,FIREARM DISCHARGE WITH HITS / ON DUTY,PENDING INVESTIGATION,UNFOUNDED,OHLSON,ANDREW,010,,POLICE OFFICER,,MALE,WHITE,apr2016,,,,,0,2
1053667,,,,,,,30apr2012,DANIEL,LOPEZ,3477,010,,25aug2003,POLICE OFFICER,,,18A,FIREARM DISCHARGE WITH HITS / ON DUTY,PENDING INVESTIGATIVE REVIEW,,VAZQUEZ,DANIEL,010,,POLICE OFFICER,,MALE,WHITE HISPANIC,may2016,NOW ACCUSED MMEMBER,Inmate,,,0,2
1053667,1034,WESTERN AVE,2459,SMALL RETAIL STORE,30apr2012 02:51:00,30apr2012 02:51:00,30apr2012,TERRENCE,PRATSCHER,4190,010,,19may2008,POLICE OFFICER,,,18A,FIREARM DISCHARGE WITH HITS / ON DUTY,PENDING INVESTIGATION,SUSTAINED,LOPEZ,DANIEL,010,,POLICE OFFICER,,MALE,SPANISH (DO NOT USE),apr2016,,,,,0,2
1053667,,,,,,,30apr2012,VIOLET,REY,3593,010,,27aug2007,POLICE OFFICER,,,18A,FIREARM DISCHARGE WITH HITS / ON DUTY,PENDING INVESTIGATIVE REVIEW,,STRONG,DAVID,,,UNKNOWN,27,MALE,BLACK,may2016,,Victim,,,0,2
1053667,,,,,,,30apr2012,JORGE,MENDEZ JR,14333,010,,30jul2007,POLICE OFFICER,,,18A,FIREARM DISCHARGE WITH HITS / ON DUTY,PENDING INVESTIGATIVE REVIEW,,VAZQUEZ,DANIEL,010,,POLICE OFFICER,,MALE,WHITE HISPANIC,may2016,NOW ACCUSED MMEMBER,Inmate,,,0,2
1053667,,,,,,,30apr2012,ANTHONY,ROSEN,11430,010,,09mar2009,POLICE OFFICER,,,18A,FIREARM DISCHARGE WITH HITS / ON DUTY,PENDING INVESTIGATIVE REVIEW,,MENDEZ JR,JORGE,010,,POLICE OFFICER,,MALE,SPANISH (DO NOT USE),may2016,,Inmate,,,0,2
1053667,,,,,,,30apr2012,DANIEL,VAZQUEZ,11852,010,,16apr2010,POLICE OFFICER,,,18A,FIREARM DISCHARGE WITH HITS / ON DUTY,PENDING INVESTIGATIVE REVIEW,,DUDLEY,LELAND,,,UNKNOWN,34,MALE,BLACK,may2016,,Victim,,,0,2
1053667,1034,WESTERN AVE,2459,SMALL RETAIL STORE,30apr2012 02:51:00,30apr2012 02:51:00,30apr2012,MICHAEL,CURRY,6915,010,,01sep2010,POLICE OFFICER,,,18A,FIREARM DISCHARGE WITH HITS / ON DUTY,PENDING INVESTIGATION,SUSTAINED,FIETKO,MICHAEL,010,,POLICE OFFICER,,MALE,WHITE,apr2016,,,,,0,2
1053667,,,,,,,30apr2012,DANIEL,LOPEZ,3477,010,,25aug2003,POLICE OFFICER,,,18A,FIREARM DISCHARGE WITH HITS / ON DUTY,PENDING INVESTIGATIVE REVIEW,,LODDING,HOWARD,124,,DEP CHIEF,,MALE,WHITE,may2016,,Complainant,,,0,2
1053667,,,,,,,30apr2012,MANUEL,GONZALEZ JR.,11733,010,,09mar2009,POLICE OFFICER,,,18A,FIREARM DISCHARGE WITH HITS / ON DUTY,PENDING INVESTIGATIVE REVIEW,,PANEK,TAMMY,010,,POLICE OFFICER,,FEMALE,WHITE,may2016,,Witness,,,0,2
1053667,1034,WESTERN AVE,2459,SMALL RETAIL STORE,30apr2012 02:51:00,30apr2012 02:51:00,30apr2012,JORGE,MENDEZ JR,14333,010,,30jul2007,POLICE OFFICER,,,18A,FIREARM DISCHARGE WITH HITS / ON DUTY,PENDING INVESTIGATION,SUSTAINED,CURRY,MICHAEL,010,,POLICE OFFICER,,MALE,WHITE,apr2016,,,,,0,2
1053667,1034,WESTERN AVE,2459,SMALL RETAIL STORE,30apr2012 02:51:00,30apr2012 02:51:00,30apr2012,JORGE,MENDEZ JR,14333,010,,30jul2007,POLICE OFFICER,,,18A,FIREARM DISCHARGE WITH HITS / ON DUTY,PENDING INVESTIGATION,SUSTAINED,STRONG,DAVID,,,UNKNOWN,29,MALE,BLACK,apr2016,,,,,0,2
1053667,1034,WESTERN AVE,2459,SMALL RETAIL STORE,30apr2012 02:51:00,30apr2012 02:51:00,30apr2012,DANIEL,VAZQUEZ,11852,010,,16apr2010,POLICE OFFICER,,,18A,FIREARM DISCHARGE WITH HITS / ON DUTY,PENDING INVESTIGATION,UNFOUNDED,VAZQUEZ,DANIEL,010,,POLICE OFFICER,,MALE,WHITE HISPANIC,apr2016,,,,,0,2
1053667,1034,WESTERN AVE,2459,SMALL RETAIL STORE,30apr2012 02:51:00,30apr2012 02:51:00,30apr2012,VIOLET,REY,3593,010,,27aug2007,POLICE OFFICER,,,18A,FIREARM DISCHARGE WITH HITS / ON DUTY,PENDING INVESTIGATION,SUSTAINED,DUDLEY,LELAND,,,UNKNOWN,32,MALE,BLACK,apr2016,,,,,0,2
1053667,,,,,,,30apr2012,MANUEL,GONZALEZ JR.,11733,010,,09mar2009,POLICE OFFICER,,,18A,FIREARM DISCHARGE WITH HITS / ON DUTY,PENDING INVESTIGATIVE REVIEW,,GONZALEZ JR.,MANUEL,010,,POLICE OFFICER,,MALE,SPANISH (DO NOT USE),may2016,NOW ACCUSED MMEMBER,Inmate,,,0,2
1053667,,,,,,,30apr2012,MICHAEL,CURRY,6915,010,,01sep2010,POLICE OFFICER,,,18A,FIREARM DISCHARGE WITH HITS / ON DUTY,PENDING INVESTIGATIVE REVIEW,,VAZQUEZ,DANIEL,010,,POLICE OFFICER,,MALE,WHITE HISPANIC,may2016,,Inmate,,,0,2
1053667,1034,WESTERN AVE,2459,SMALL RETAIL STORE,30apr2012 02:51:00,30apr2012 02:51:00,30apr2012,TERRENCE,PRATSCHER,4190,010,,19may2008,POLICE OFFICER,,,18A,FIREARM DISCHARGE WITH HITS / ON DUTY,PENDING INVESTIGATION,SUSTAINED,STRONG,DAVID,,,UNKNOWN,29,MALE,BLACK,apr2016,,,,,0,2
1053667,,,,,,,30apr2012,DANIEL,LOPEZ,3477,010,,25aug2003,POLICE OFFICER,,,18A,FIREARM DISCHARGE WITH HITS / ON DUTY,PENDING INVESTIGATIVE REVIEW,,GONZALEZ JR.,MANUEL,010,,POLICE OFFICER,,MALE,SPANISH (DO NOT USE),may2016,NOW ACCUSED MMEMBER,Inmate,,,0,2
1053667,1034,WESTERN AVE,2459,SMALL RETAIL STORE,30apr2012 02:51:00,30apr2012 02:51:00,30apr2012,DANIEL,LOPEZ,3477,010,,25aug2003,POLICE OFFICER,,,18A,FIREARM DISCHARGE WITH HITS / ON DUTY,PENDING INVESTIGATION,UNFOUNDED,PANEK,TAMMY,010,,POLICE OFFICER,,FEMALE,WHITE,apr2016,,,,,0,2
1053667,1034,WESTERN AVE,2459,SMALL RETAIL STORE,30apr2012 02:51:00,30apr2012 02:51:00,30apr2012,MANUEL,GONZALEZ JR.,11733,010,,09mar2009,POLICE OFFICER,,,18A,FIREARM DISCHARGE WITH HITS / ON DUTY,PENDING INVESTIGATION,UNFOUNDED,STRONG,DAVID,,,UNKNOWN,27,MALE,BLACK,apr2016,,,,,0,2
1053667,1034,WESTERN AVE,2459,SMALL RETAIL STORE,30apr2012 02:51:00,30apr2012 02:51:00,30apr2012,MANUEL,GONZALEZ JR.,11733,010,,09mar2009,POLICE OFFICER,,,18A,FIREARM DISCHARGE WITH HITS / ON DUTY,PENDING INVESTIGATION,UNFOUNDED,GONZALEZ JR.,MANUEL,010,,POLICE OFFICER,,MALE,SPANISH (DO NOT USE),apr2016,,,,,0,2
1053667,,,,,,,30apr2012,ANTHONY,ROSEN,11430,010,,09mar2009,POLICE OFFICER,,,18A,FIREARM DISCHARGE WITH HITS / ON DUTY,PENDING INVESTIGATIVE REVIEW,,REY,VIOLET,010,,POLICE OFFICER,,FEMALE,SPANISH (DO NOT USE),may2016,NOW ACCUSED MMEMBER,Inmate,,,0,2
1053667,,,,,,,30apr2012,ANTHONY,ROSEN,11430,010,,09mar2009,POLICE OFFICER,,,18A,FIREARM DISCHARGE WITH HITS / ON DUTY,PENDING INVESTIGATIVE REVIEW,,STRONG,DAVID,,,UNKNOWN,29,MALE,BLACK,may2016,,Victim,,,0,2
1053667,,,,,,,30apr2012,MANUEL,GONZALEZ JR.,11733,010,,09mar2009,POLICE OFFICER,,,18A,FIREARM DISCHARGE WITH HITS / ON DUTY,PENDING INVESTIGATIVE REVIEW,,STRONG,DAVID,,,UNKNOWN,29,MALE,BLACK,may2016,,Victim,,,0,2
1053667,1034,WESTERN AVE,2459,SMALL RETAIL STORE,30apr2012 02:51:00,30apr2012 02:51:00,30apr2012,JORGE,MENDEZ JR,14333,010,,30jul2007,POLICE OFFICER,,,18A,FIREARM DISCHARGE WITH HITS / ON DUTY,PENDING INVESTIGATION,SUSTAINED,REY,VIOLET,010,,POLICE OFFICER,,FEMALE,SPANISH (DO NOT USE),apr2016,,,,,0,2
1053667,1034,WESTERN AVE,2459,SMALL RETAIL STORE,30apr2012 02:51:00,30apr2012 02:51:00,30apr2012,MICHAEL,CURRY,6915,010,,01sep2010,POLICE OFFICER,,,18A,FIREARM DISCHARGE WITH HITS / ON DUTY,PENDING INVESTIGATION,SUSTAINED,CURRY,MICHAEL,010,,POLICE OFFICER,,MALE,WHITE,apr2016,,,,,0,2
1053667,1034,WESTERN AVE,2459,SMALL RETAIL STORE,30apr2012,30apr2012,30apr2012,JORGE,MENDEZ JR,14333,010,,30jul2007,POLICE OFFICER,,,18A,FIREARM DISCHARGE WITH HITS / ON DUTY,PENDING INVESTIGATIVE REVIEW,SUSTAINED,,,,,,,,,may2016,,,,,0,2
1053667,,,,,,,30apr2012,DANIEL,LOPEZ,3477,010,,25aug2003,POLICE OFFICER,,,18A,FIREARM DISCHARGE WITH HITS / ON DUTY,PENDING INVESTIGATIVE REVIEW,,ROSEN,ANTHONY,010,,POLICE OFFICER,,MALE,WHITE,may2016,NOW ACCUSED MEMBER,Inmate,,,0,2
1053667,,,,,,,30apr2012,JORGE,MENDEZ JR,14333,010,,30jul2007,POLICE OFFICER,,,18A,FIREARM DISCHARGE WITH HITS / ON DUTY,PENDING INVESTIGATIVE REVIEW,,REY,VIOLET,010,,POLICE OFFICER,,FEMALE,SPANISH (DO NOT USE),may2016,,Inmate,,,0,2
1053667,1034,WESTERN AVE,2459,SMALL RETAIL STORE,30apr2012 02:51:00,30apr2012 02:51:00,30apr2012,VIOLET,REY,3593,010,,27aug2007,POLICE OFFICER,,,18A,FIREARM DISCHARGE WITH HITS / ON DUTY,PENDING INVESTIGATION,SUSTAINED,ROSEN,ANTHONY,010,,POLICE OFFICER,,MALE,WHITE,apr2016,,,,,0,2
1053667,,,,,,,30apr2012,ANTHONY,ROSEN,11430,010,,09mar2009,POLICE OFFICER,,,18A,FIREARM DISCHARGE WITH HITS / ON DUTY,PENDING INVESTIGATIVE REVIEW,,CURRY,MICHAEL,010,,POLICE OFFICER,,MALE,WHITE,may2016,NOW ACCUSED MMEMBER,Inmate,,,0,2
1053667,,,,,,,30apr2012,TERRENCE,PRATSCHER,4190,010,,19may2008,POLICE OFFICER,,,18A,FIREARM DISCHARGE WITH HITS / ON DUTY,PENDING INVESTIGATIVE REVIEW,,MENDEZ JR,JORGE,010,,POLICE OFFICER,,MALE,SPANISH (DO NOT USE),may2016,NOW ACCUSED MMEMBER,Inmate,,,0,2
1053667,,,,,,,30apr2012,DANIEL,LOPEZ,3477,010,,25aug2003,POLICE OFFICER,,,18A,FIREARM DISCHARGE WITH HITS / ON DUTY,PENDING INVESTIGATIVE REVIEW,,MENDEZ JR,JORGE,010,,POLICE OFFICER,,MALE,SPANISH (DO NOT USE),may2016,NOW ACCUSED MMEMBER,Inmate,,,0,2
1053667,,,,,,,30apr2012,ANTHONY,ROSEN,11430,010,,09mar2009,POLICE OFFICER,,,18A,FIREARM DISCHARGE WITH HITS / ON DUTY,PENDING INVESTIGATIVE REVIEW,,CURRY,MICHAEL,010,,POLICE OFFICER,,MALE,WHITE,may2016,,Inmate,,,0,2
1053667,1034,WESTERN AVE,2459,SMALL RETAIL STORE,30apr2012 02:51:00,30apr2012 02:51:00,30apr2012,TERRENCE,PRATSCHER,4190,010,,19may2008,POLICE OFFICER,,,18A,FIREARM DISCHARGE WITH HITS / ON DUTY,PENDING INVESTIGATION,SUSTAINED,LODDING,HOWARD,124,,DEP CHIEF,,MALE,WHITE,apr2016,,,,,0,2
1053667,,,,,,,30apr2012,MICHAEL,CURRY,6915,010,,01sep2010,POLICE OFFICER,,,18A,FIREARM DISCHARGE WITH HITS / ON DUTY,PENDING INVESTIGATIVE REVIEW,,CURRY,MICHAEL,010,,POLICE OFFICER,,MALE,WHITE,may2016,,Inmate,,,0,2
1053667,1034,WESTERN AVE,2459,SMALL RETAIL STORE,30apr2012 02:51:00,30apr2012 02:51:00,30apr2012,JORGE,MENDEZ JR,14333,010,,30jul2007,POLICE OFFICER,,,18A,FIREARM DISCHARGE WITH HITS / ON DUTY,PENDING INVESTIGATION,SUSTAINED,FIETKO,MICHAEL,010,,POLICE OFFICER,,MALE,WHITE,apr2016,,,,,0,2
1053667,1034,WESTERN AVE,2459,SMALL RETAIL STORE,30apr2012 02:51:00,30apr2012 02:51:00,30apr2012,DANIEL,VAZQUEZ,11852,010,,16apr2010,POLICE OFFICER,,,18A,FIREARM DISCHARGE WITH HITS / ON DUTY,PENDING INVESTIGATION,UNFOUNDED,CURRY,MICHAEL,010,,POLICE OFFICER,,MALE,WHITE,apr2016,,,,,0,2
1053667,1034,WESTERN AVE,2459,SMALL RETAIL STORE,30apr2012 02:51:00,30apr2012 02:51:00,30apr2012,MICHAEL,CURRY,6915,010,,01sep2010,POLICE OFFICER,,,18A,FIREARM DISCHARGE WITH HITS / ON DUTY,PENDING INVESTIGATION,SUSTAINED,PANEK,TAMMY,010,,POLICE OFFICER,,FEMALE,WHITE,apr2016,,,,,0,2
1053667,1034,WESTERN AVE,2459,SMALL RETAIL STORE,30apr2012 02:51:00,30apr2012 02:51:00,30apr2012,DANIEL,LOPEZ,3477,010,,25aug2003,POLICE OFFICER,,,18A,FIREARM DISCHARGE WITH HITS / ON DUTY,PENDING INVESTIGATION,UNFOUNDED,ROSEN,ANTHONY,010,,POLICE OFFICER,,MALE,WHITE,apr2016,,,,,0,2
1053667,,,,,,,30apr2012,ANTHONY,ROSEN,11430,010,,09mar2009,POLICE OFFICER,,,18A,FIREARM DISCHARGE WITH HITS / ON DUTY,PENDING INVESTIGATIVE REVIEW,,LODDING,HOWARD,124,,DEP CHIEF,,MALE,WHITE,may2016,,Complainant,,,0,2
1053667,1034,WESTERN AVE,2459,SMALL RETAIL STORE,30apr2012 02:51:00,30apr2012 02:51:00,30apr2012,JORGE,MENDEZ JR,14333,010,,30jul2007,POLICE OFFICER,,,18A,FIREARM DISCHARGE WITH HITS / ON DUTY,PENDING INVESTIGATION,SUSTAINED,PRATSCHER,TERRENCE,010,,POLICE OFFICER,,MALE,WHITE,apr2016,,,,,0,2
1053667,,,,,,,30apr2012,JORGE,MENDEZ JR,14333,010,,30jul2007,POLICE OFFICER,,,18A,FIREARM DISCHARGE WITH HITS / ON DUTY,PENDING INVESTIGATIVE REVIEW,,GIVENS,JOHN,,,UNKNOWN,32,MALE,BLACK,may2016,,Victim,,,0,2
1053667,,,,,,,30apr2012,ANTHONY,ROSEN,11430,010,,09mar2009,POLICE OFFICER,,,18A,FIREARM DISCHARGE WITH HITS / ON DUTY,PENDING INVESTIGATIVE REVIEW,,GONZALEZ JR.,MANUEL,010,,POLICE OFFICER,,MALE,SPANISH (DO NOT USE),may2016,,Inmate,,,0,2
1053667,,,,,,,30apr2012,DANIEL,LOPEZ,3477,010,,25aug2003,POLICE OFFICER,,,18A,FIREARM DISCHARGE WITH HITS / ON DUTY,PENDING INVESTIGATIVE REVIEW,,PAPIN,MICHAEL,010,,POLICE OFFICER,,MALE,WHITE,may2016,,Witness,,,0,2
1053667,1034,WESTERN AVE,2459,SMALL RETAIL STORE,30apr2012 02:51:00,30apr2012 02:51:00,30apr2012,VIOLET,REY,3593,010,,27aug2007,POLICE OFFICER,,,18A,FIREARM DISCHARGE WITH HITS / ON DUTY,PENDING INVESTIGATION,SUSTAINED,GONZALEZ JR.,MANUEL,010,,POLICE OFFICER,,MALE,SPANISH (DO NOT USE),apr2016,,,,,0,2
1053667,1034,WESTERN AVE,2459,SMALL RETAIL STORE,30apr2012 02:51:00,30apr2012 02:51:00,30apr2012,MANUEL,GONZALEZ JR.,11733,010,,09mar2009,POLICE OFFICER,,,18A,FIREARM DISCHARGE WITH HITS / ON DUTY,PENDING INVESTIGATION,UNFOUNDED,STRONG,DAVID,,,UNKNOWN,29,MALE,BLACK,apr2016,,,,,0,2
1053667,1034,WESTERN AVE,2459,SMALL RETAIL STORE,30apr2012 02:51:00,30apr2012 02:51:00,30apr2012,MANUEL,GONZALEZ JR.,11733,010,,09mar2009,POLICE OFFICER,,,18A,FIREARM DISCHARGE WITH HITS / ON DUTY,PENDING INVESTIGATION,UNFOUNDED,GIVENS,JOHN,,,UNKNOWN,34,MALE,BLACK,apr2016,,,,,0,2
1053667,,,,,,,30apr2012,VIOLET,REY,3593,010,,27aug2007,POLICE OFFICER,,,18A,FIREARM DISCHARGE WITH HITS / ON DUTY,PENDING INVESTIGATIVE REVIEW,,VAZQUEZ,DANIEL,010,,POLICE OFFICER,,MALE,WHITE HISPANIC,may2016,NOW ACCUSED MMEMBER,Inmate,,,0,2
1053667,1034,WESTERN AVE,2459,SMALL RETAIL STORE,30apr2012 02:51:00,30apr2012 02:51:00,30apr2012,VIOLET,REY,3593,010,,27aug2007,POLICE OFFICER,,,18A,FIREARM DISCHARGE WITH HITS / ON DUTY,PENDING INVESTIGATION,SUSTAINED,PAPIN,MICHAEL,010,,POLICE OFFICER,,MALE,WHITE,apr2016,,,,,0,2
1053667,1034,WESTERN AVE,2459,SMALL RETAIL STORE,30apr2012 02:51:00,30apr2012 02:51:00,30apr2012,VIOLET,REY,3593,010,,27aug2007,POLICE OFFICER,,,18A,FIREARM DISCHARGE WITH HITS / ON DUTY,PENDING INVESTIGATION,SUSTAINED,GIVENS,JOHN,,,UNKNOWN,32,MALE,BLACK,apr2016,,,,,0,2
1053667,,,,,,,30apr2012,TERRENCE,PRATSCHER,4190,010,,19may2008,POLICE OFFICER,,,18A,FIREARM DISCHARGE WITH HITS / ON DUTY,PENDING INVESTIGATIVE REVIEW,,GIVENS,JOHN,,,UNKNOWN,34,MALE,BLACK,may2016,,Victim,,,0,2
1053667,,,,,,,30apr2012,JORGE,MENDEZ JR,14333,010,,30jul2007,POLICE OFFICER,,,18A,FIREARM DISCHARGE WITH HITS / ON DUTY,PENDING INVESTIGATIVE REVIEW,,CURRY,MICHAEL,010,,POLICE OFFICER,,MALE,WHITE,may2016,NOW ACCUSED MMEMBER,Inmate,,,0,2
1053667,,,,,,,30apr2012,MICHAEL,CURRY,6915,010,,01sep2010,POLICE OFFICER,,,18A,FIREARM DISCHARGE WITH HITS / ON DUTY,PENDING INVESTIGATIVE REVIEW,,MENDEZ JR,JORGE,010,,POLICE OFFICER,,MALE,SPANISH (DO NOT USE),may2016,,Inmate,,,0,2
1053667,,,,,,,30apr2012,DANIEL,VAZQUEZ,11852,010,,16apr2010,POLICE OFFICER,,,18A,FIREARM DISCHARGE WITH HITS / ON DUTY,PENDING INVESTIGATIVE REVIEW,,PRATSCHER,TERRENCE,010,,POLICE OFFICER,,MALE,WHITE,may2016,,Inmate,,,0,2
1053667,,,,,,,30apr2012,MICHAEL,CURRY,6915,010,,01sep2010,POLICE OFFICER,,,18A,FIREARM DISCHARGE WITH HITS / ON DUTY,PENDING INVESTIGATIVE REVIEW,,LODDING,HOWARD,124,,DEP CHIEF,,MALE,WHITE,may2016,,Complainant,,,0,2
1053667,,,,,,,30apr2012,DANIEL,VAZQUEZ,11852,010,,16apr2010,POLICE OFFICER,,,18A,FIREARM DISCHARGE WITH HITS / ON DUTY,PENDING INVESTIGATIVE REVIEW,,ROSEN,ANTHONY,010,,POLICE OFFICER,,MALE,WHITE,may2016,,Inmate,,,0,2
1053667,1034,WESTERN AVE,2459,SMALL RETAIL STORE,30apr2012 02:51:00,30apr2012 02:51:00,30apr2012,ANTHONY,ROSEN,11430,010,,09mar2009,POLICE OFFICER,,,18A,FIREARM DISCHARGE WITH HITS / ON DUTY,PENDING INVESTIGATION,SUSTAINED,ROSEN,ANTHONY,010,,POLICE OFFICER,,MALE,WHITE,apr2016,,,,,0,2
1053667,,,,,,,30apr2012,TERRENCE,PRATSCHER,4190,010,,19may2008,POLICE OFFICER,,,18A,FIREARM DISCHARGE WITH HITS / ON DUTY,PENDING INVESTIGATIVE REVIEW,,ROSEN,ANTHONY,010,,POLICE OFFICER,,MALE,WHITE,may2016,NOW ACCUSED MEMBER,Inmate,,,0,2
1053667,,,,,,,30apr2012,DANIEL,VAZQUEZ,11852,010,,16apr2010,POLICE OFFICER,,,18A,FIREARM DISCHARGE WITH HITS / ON DUTY,PENDING INVESTIGATIVE REVIEW,,LOPEZ,DANIEL,010,,POLICE OFFICER,,MALE,SPANISH (DO NOT USE),may2016,NOW ACCUSED MMEMBER,Inmate,,,0,2
1053667,,,,,,,30apr2012,JORGE,MENDEZ JR,14333,010,,30jul2007,POLICE OFFICER,,,18A,FIREARM DISCHARGE WITH HITS / ON DUTY,PENDING INVESTIGATIVE REVIEW,,REY,VIOLET,010,,POLICE OFFICER,,FEMALE,SPANISH (DO NOT USE),may2016,NOW ACCUSED MMEMBER,Inmate,,,0,2
1053667,,,,,,,30apr2012,TERRENCE,PRATSCHER,4190,010,,19may2008,POLICE OFFICER,,,18A,FIREARM DISCHARGE WITH HITS / ON DUTY,PENDING INVESTIGATIVE REVIEW,,LOPEZ,DANIEL,010,,POLICE OFFICER,,MALE,SPANISH (DO NOT USE),may2016,,Inmate,,,0,2
1053667,1034,WESTERN AVE,2459,SMALL RETAIL STORE,30apr2012 02:51:00,30apr2012 02:51:00,30apr2012,JORGE,MENDEZ JR,14333,010,,30jul2007,POLICE OFFICER,,,18A,FIREARM DISCHARGE WITH HITS / ON DUTY,PENDING INVESTIGATION,SUSTAINED,PAPIN,MICHAEL,010,,POLICE OFFICER,,MALE,WHITE,apr2016,,,,,0,2
1053667,,,,,,,30apr2012,TERRENCE,PRATSCHER,4190,010,,19may2008,POLICE OFFICER,,,18A,FIREARM DISCHARGE WITH HITS / ON DUTY,PENDING INVESTIGATIVE REVIEW,,CURRY,MICHAEL,010,,POLICE OFFICER,,MALE,WHITE,may2016,NOW ACCUSED MMEMBER,Inmate,,,0,2
1053667,,,,,,,30apr2012,TERRENCE,PRATSCHER,4190,010,,19may2008,POLICE OFFICER,,,18A,FIREARM DISCHARGE WITH HITS / ON DUTY,PENDING INVESTIGATIVE REVIEW,,LODDING,HOWARD,124,,DEP CHIEF,,MALE,WHITE,may2016,,Complainant,,,0,2
1053667,,,,,,,30apr2012,DANIEL,VAZQUEZ,11852,010,,16apr2010,POLICE OFFICER,,,18A,FIREARM DISCHARGE WITH HITS / ON DUTY,PENDING INVESTIGATIVE REVIEW,,CURRY,MICHAEL,010,,POLICE OFFICER,,MALE,WHITE,may2016,NOW ACCUSED MMEMBER,Inmate,,,0,2
1053667,1034,WESTERN AVE,2459,SMALL RETAIL STORE,30apr2012 02:51:00,30apr2012 02:51:00,30apr2012,VIOLET,REY,3593,010,,27aug2007,POLICE OFFICER,,,18A,FIREARM DISCHARGE WITH HITS / ON DUTY,PENDING INVESTIGATION,SUSTAINED,PRATSCHER,TERRENCE,010,,POLICE OFFICER,,MALE,WHITE,apr2016,,,,,0,2
1053667,,,,,,,30apr2012,DANIEL,VAZQUEZ,11852,010,,16apr2010,POLICE OFFICER,,,18A,FIREARM DISCHARGE WITH HITS / ON DUTY,PENDING INVESTIGATIVE REVIEW,,STRONG,DAVID,,,UNKNOWN,27,MALE,BLACK,may2016,,Victim,,,0,2
1053667,1034,WESTERN AVE,2459,SMALL RETAIL STORE,30apr2012 02:51:00,30apr2012 02:51:00,30apr2012,VIOLET,REY,3593,010,,27aug2007,POLICE OFFICER,,,18A,FIREARM DISCHARGE WITH HITS / ON DUTY,PENDING INVESTIGATION,SUSTAINED,REY,VIOLET,010,,POLICE OFFICER,,FEMALE,SPANISH (DO NOT USE),apr2016,,,,,0,2
1053667,,,,,,,30apr2012,VIOLET,REY,3593,010,,27aug2007,POLICE OFFICER,,,18A,FIREARM DISCHARGE WITH HITS / ON DUTY,PENDING INVESTIGATIVE REVIEW,,MENDEZ JR,JORGE,010,,POLICE OFFICER,,MALE,SPANISH (DO NOT USE),may2016,,Inmate,,,0,2
1053667,1034,WESTERN AVE,2459,SMALL RETAIL STORE,30apr2012 02:51:00,30apr2012 02:51:00,30apr2012,MICHAEL,CURRY,6915,010,,01sep2010,POLICE OFFICER,,,18A,FIREARM DISCHARGE WITH HITS / ON DUTY,PENDING INVESTIGATION,SUSTAINED,GIVENS,JOHN,,,UNKNOWN,32,MALE,BLACK,apr2016,,,,,0,2
1053667,1034,WESTERN AVE,2459,SMALL RETAIL STORE,30apr2012 02:51:00,30apr2012 02:51:00,30apr2012,DANIEL,LOPEZ,3477,010,,25aug2003,POLICE OFFICER,,,18A,FIREARM DISCHARGE WITH HITS / ON DUTY,PENDING INVESTIGATION,UNFOUNDED,STRONG,DAVID,,,UNKNOWN,29,MALE,BLACK,apr2016,,,,,0,2
1053667,,,,,,,30apr2012,DANIEL,VAZQUEZ,11852,010,,16apr2010,POLICE OFFICER,,,18A,FIREARM DISCHARGE WITH HITS / ON DUTY,PENDING INVESTIGATIVE REVIEW,,VAZQUEZ,DANIEL,010,,POLICE OFFICER,,MALE,WHITE HISPANIC,may2016,NOW ACCUSED MMEMBER,Inmate,,,0,2
1053667,1034,WESTERN AVE,2459,SMALL RETAIL STORE,30apr2012 02:51:00,30apr2012 02:51:00,30apr2012,DANIEL,LOPEZ,3477,010,,25aug2003,POLICE OFFICER,,,18A,FIREARM DISCHARGE WITH HITS / ON DUTY,PENDING INVESTIGATION,UNFOUNDED,STRONG,DAVID,,,UNKNOWN,27,MALE,BLACK,apr2016,,,,,0,2
1053667,,,,,,,30apr2012,VIOLET,REY,3593,010,,27aug2007,POLICE OFFICER,,,18A,FIREARM DISCHARGE WITH HITS / ON DUTY,PENDING INVESTIGATIVE REVIEW,,REY,VIOLET,010,,POLICE OFFICER,,FEMALE,SPANISH (DO NOT USE),may2016,NOW ACCUSED MMEMBER,Inmate,,,0,2
1053667,1034,WESTERN AVE,2459,SMALL RETAIL STORE,30apr2012 02:51:00,30apr2012 02:51:00,30apr2012,MANUEL,GONZALEZ JR.,11733,010,,09mar2009,POLICE OFFICER,,,18A,FIREARM DISCHARGE WITH HITS / ON DUTY,PENDING INVESTIGATION,UNFOUNDED,DUDLEY,LELAND,,,UNKNOWN,34,MALE,BLACK,apr2016,,,,,0,2
1053667,,,,,,,30apr2012,TERRENCE,PRATSCHER,4190,010,,19may2008,POLICE OFFICER,,,18A,FIREARM DISCHARGE WITH HITS / ON DUTY,PENDING INVESTIGATIVE REVIEW,,CURRY,MICHAEL,010,,POLICE OFFICER,,MALE,WHITE,may2016,,Inmate,,,0,2
1053667,,,,,,,30apr2012,MANUEL,GONZALEZ JR.,11733,010,,09mar2009,POLICE OFFICER,,,18A,FIREARM DISCHARGE WITH HITS / ON DUTY,PENDING INVESTIGATIVE REVIEW,,ROSEN,ANTHONY,010,,POLICE OFFICER,,MALE,WHITE,may2016,NOW ACCUSED MEMBER,Inmate,,,0,2
1053667,1034,WESTERN AVE,2459,SMALL RETAIL STORE,30apr2012 02:51:00,30apr2012 02:51:00,30apr2012,DANIEL,VAZQUEZ,11852,010,,16apr2010,POLICE OFFICER,,,18A,FIREARM DISCHARGE WITH HITS / ON DUTY,PENDING INVESTIGATION,UNFOUNDED,MENDEZ JR,JORGE,010,,POLICE OFFICER,,MALE,SPANISH (DO NOT USE),apr2016,,,,,0,2
1053667,,,,,,,30apr2012,MANUEL,GONZALEZ JR.,11733,010,,09mar2009,POLICE OFFICER,,,18A,FIREARM DISCHARGE WITH HITS / ON DUTY,PENDING INVESTIGATIVE REVIEW,,MENDEZ JR,JORGE,010,,POLICE OFFICER,,MALE,SPANISH (DO NOT USE),may2016,NOW ACCUSED MMEMBER,Inmate,,,0,2
1053667,1034,WESTERN AVE,2459,SMALL RETAIL STORE,30apr2012 02:51:00,30apr2012 02:51:00,30apr2012,ANTHONY,ROSEN,11430,010,,09mar2009,POLICE OFFICER,,,18A,FIREARM DISCHARGE WITH HITS / ON DUTY,PENDING INVESTIGATION,SUSTAINED,PRATSCHER,TERRENCE,010,,POLICE OFFICER,,MALE,WHITE,apr2016,,,,,0,2
1053667,,,,,,,30apr2012,MANUEL,GONZALEZ JR.,11733,010,,09mar2009,POLICE OFFICER,,,18A,FIREARM DISCHARGE WITH HITS / ON DUTY,PENDING INVESTIGATIVE REVIEW,,PAPIN,MICHAEL,010,,POLICE OFFICER,,MALE,WHITE,may2016,,Witness,,,0,2
1053667,,,,,,,30apr2012,VIOLET,REY,3593,010,,27aug2007,POLICE OFFICER,,,18A,FIREARM DISCHARGE WITH HITS / ON DUTY,PENDING INVESTIGATIVE REVIEW,,DUDLEY,LELAND,,,UNKNOWN,34,MALE,BLACK,may2016,,Victim,,,0,2
1053667,,,,,,,30apr2012,VIOLET,REY,3593,010,,27aug2007,POLICE OFFICER,,,18A,FIREARM DISCHARGE WITH HITS / ON DUTY,PENDING INVESTIGATIVE REVIEW,,PANEK,TAMMY,010,,POLICE OFFICER,,FEMALE,WHITE,may2016,,Witness,,,0,2
1053667,1034,WESTERN AVE,2459,SMALL RETAIL STORE,30apr2012 02:51:00,30apr2012 02:51:00,30apr2012,DANIEL,LOPEZ,3477,010,,25aug2003,POLICE OFFICER,,,18A,FIREARM DISCHARGE WITH HITS / ON DUTY,PENDING INVESTIGATION,UNFOUNDED,GONZALEZ JR.,MANUEL,010,,POLICE OFFICER,,MALE,SPANISH (DO NOT USE),apr2016,,,,,0,2
1053667,,,,,,,30apr2012,MANUEL,GONZALEZ JR.,11733,010,,09mar2009,POLICE OFFICER,,,18A,FIREARM DISCHARGE WITH HITS / ON DUTY,PENDING INVESTIGATIVE REVIEW,,CURRY,MICHAEL,010,,POLICE OFFICER,,MALE,WHITE,may2016,,Inmate,,,0,2
1053667,,,,,,,30apr2012,DANIEL,VAZQUEZ,11852,010,,16apr2010,POLICE OFFICER,,,18A,FIREARM DISCHARGE WITH HITS / ON DUTY,PENDING INVESTIGATIVE REVIEW,,STRONG,DAVID,,,UNKNOWN,29,MALE,BLACK,may2016,,Victim,,,0,2
1053667,1034,WESTERN AVE,2459,SMALL RETAIL STORE,30apr2012 02:51:00,30apr2012 02:51:00,30apr2012,MICHAEL,CURRY,6915,010,,01sep2010,POLICE OFFICER,,,18A,FIREARM DISCHARGE WITH HITS / ON DUTY,PENDING INVESTIGATION,SUSTAINED,OHLSON,ANDREW,010,,POLICE OFFICER,,MALE,WHITE,apr2016,,,,,0,2
1053667,1034,WESTERN AVE,2459,SMALL RETAIL STORE,30apr2012 02:51:00,30apr2012 02:51:00,30apr2012,DANIEL,LOPEZ,3477,010,,25aug2003,POLICE OFFICER,,,18A,FIREARM DISCHARGE WITH HITS / ON DUTY,PENDING INVESTIGATION,UNFOUNDED,PAPIN,MICHAEL,010,,POLICE OFFICER,,MALE,WHITE,apr2016,,,,,0,2
1053667,1034,WESTERN AVE,2459,SMALL RETAIL STORE,30apr2012 02:51:00,30apr2012 02:51:00,30apr2012,ANTHONY,ROSEN,11430,010,,09mar2009,POLICE OFFICER,,,18A,FIREARM DISCHARGE WITH HITS / ON DUTY,PENDING INVESTIGATION,SUSTAINED,DUDLEY,LELAND,,,UNKNOWN,32,MALE,BLACK,apr2016,,,,,0,2
1053667,,,,,,,30apr2012,VIOLET,REY,3593,010,,27aug2007,POLICE OFFICER,,,18A,FIREARM DISCHARGE WITH HITS / ON DUTY,PENDING INVESTIGATIVE REVIEW,,LODDING,HOWARD,124,,DEP CHIEF,,MALE,WHITE,may2016,,Complainant,,,0,2
1053667,1034,WESTERN AVE,2459,SMALL RETAIL STORE,30apr2012 02:51:00,30apr2012 02:51:00,30apr2012,ANTHONY,ROSEN,11430,010,,09mar2009,POLICE OFFICER,,,18A,FIREARM DISCHARGE WITH HITS / ON DUTY,PENDING INVESTIGATION,SUSTAINED,FIETKO,MICHAEL,010,,POLICE OFFICER,,MALE,WHITE,apr2016,,,,,0,2
1053667,1034,WESTERN AVE,2459,SMALL RETAIL STORE,30apr2012 02:51:00,30apr2012 02:51:00,30apr2012,MANUEL,GONZALEZ JR.,11733,010,,09mar2009,POLICE OFFICER,,,18A,FIREARM DISCHARGE WITH HITS / ON DUTY,PENDING INVESTIGATION,UNFOUNDED,OHLSON,ANDREW,010,,POLICE OFFICER,,MALE,WHITE,apr2016,,,,,0,2
1053667,,,,,,,30apr2012,TERRENCE,PRATSCHER,4190,010,,19may2008,POLICE OFFICER,,,18A,FIREARM DISCHARGE WITH HITS / ON DUTY,PENDING INVESTIGATIVE REVIEW,,VAZQUEZ,DANIEL,010,,POLICE OFFICER,,MALE,WHITE HISPANIC,may2016,NOW ACCUSED MMEMBER,Inmate,,,0,2
1053667,,,,,,,30apr2012,DANIEL,LOPEZ,3477,010,,25aug2003,POLICE OFFICER,,,18A,FIREARM DISCHARGE WITH HITS / ON DUTY,PENDING INVESTIGATIVE REVIEW,,STRONG,DAVID,,,UNKNOWN,29,MALE,BLACK,may2016,,Victim,,,0,2
1053667,,,,,,,30apr2012,VIOLET,REY,3593,010,,27aug2007,POLICE OFFICER,,,18A,FIREARM DISCHARGE WITH HITS / ON DUTY,PENDING INVESTIGATIVE REVIEW,,GONZALEZ JR.,MANUEL,010,,POLICE OFFICER,,MALE,SPANISH (DO NOT USE),may2016,,Inmate,,,0,2
1053667,,,,,,,30apr2012,MICHAEL,CURRY,6915,010,,01sep2010,POLICE OFFICER,,,18A,FIREARM DISCHARGE WITH HITS / ON DUTY,PENDING INVESTIGATIVE REVIEW,,PAPIN,MICHAEL,010,,POLICE OFFICER,,MALE,WHITE,may2016,,Witness,,,0,2
1053667,,,,,,,30apr2012,ANTHONY,ROSEN,11430,010,,09mar2009,POLICE OFFICER,,,18A,FIREARM DISCHARGE WITH HITS / ON DUTY,PENDING INVESTIGATIVE REVIEW,,ROSEN,ANTHONY,010,,POLICE OFFICER,,MALE,WHITE,may2016,,Inmate,,,0,2
1053667,1034,WESTERN AVE,2459,SMALL RETAIL STORE,30apr2012 02:51:00,30apr2012 02:51:00,30apr2012,TERRENCE,PRATSCHER,4190,010,,19may2008,POLICE OFFICER,,,18A,FIREARM DISCHARGE WITH HITS / ON DUTY,PENDING INVESTIGATION,SUSTAINED,PRATSCHER,TERRENCE,010,,POLICE OFFICER,,MALE,WHITE,apr2016,,,,,0,2
1053667,1034,WESTERN AVE,2459,SMALL RETAIL STORE,30apr2012 02:51:00,30apr2012 02:51:00,30apr2012,TERRENCE,PRATSCHER,4190,010,,19may2008,POLICE OFFICER,,,18A,FIREARM DISCHARGE WITH HITS / ON DUTY,PENDING INVESTIGATION,SUSTAINED,GIVENS,JOHN,,,UNKNOWN,32,MALE,BLACK,apr2016,,,,,0,2
1053667,,,,,,,30apr2012,DANIEL,LOPEZ,3477,010,,25aug2003,POLICE OFFICER,,,18A,FIREARM DISCHARGE WITH HITS / ON DUTY,PENDING INVESTIGATIVE REVIEW,,STRONG,DAVID,,,UNKNOWN,27,MALE,BLACK,may2016,,Victim,,,0,2
1053667,,,,,,,30apr2012,MANUEL,GONZALEZ JR.,11733,010,,09mar2009,POLICE OFFICER,,,18A,FIREARM DISCHARGE WITH HITS / ON DUTY,PENDING INVESTIGATIVE REVIEW,,STRONG,DAVID,,,UNKNOWN,27,MALE,BLACK,may2016,,Victim,,,0,2
1053667,,,,,,,30apr2012,ANTHONY,ROSEN,11430,010,,09mar2009,POLICE OFFICER,,,18A,FIREARM DISCHARGE WITH HITS / ON DUTY,PENDING INVESTIGATIVE REVIEW,,PANEK,TAMMY,010,,POLICE OFFICER,,FEMALE,WHITE,may2016,,Witness,,,0,2
