COMPLAINT_NUMBER,BEAT,STREET,ADDRESS,LOCATION_CODE,INCIDENT_TIME_START,INCIDENT_TIME_END,NOTIFICATION_DATE,ACCSUEDOFFICER_FNAME,ACCUSEDOFFICER_LNAME,ACCUSED_STAR,ACCUSED_UNIT,ACCUSED_DETAIL,ACCUSED_APPOINTMENT_DATE,ACCUSED_POSITION,INITIAL_CATEGORY_CODE,INITIAL_CATEGORY,CURRENT_CATEGORY_CODE,CURRENT_CATEGORY,CURRENT_STATUS,FINDING_CODE,INVOLVED_OFFICER_LNAME,INVOLVED_OFFICER_FNAME,INVOLVED_OFFICER_UNIT,INVOLVED_OFFICER_DETAIL,INVOLVED_OFFICER_POSITION,INVOLVED_OFFICER_AGE,INVOLVED_OFFICER_SEX,INVOLVED_OFFICER_RACE,foia,INVOLVED_OFFICER_DESCRIPTION,INVOLVED_OFFICER_TYPE,start_code_2,start_code_1,rec,sum_rec
1062716,932,WOLCOTT AVE,5118,RESIDENCE,06jun2013 12:59:59,06jun2013 12:59:59,06jun2013,,DE LA TORRE,2699,009,,13dec1993,SERGEANT OF POLICE,S012,FIREARM USED AS AN IMPACT WEAPON,S012,FIREARM USED AS AN IMPACT WEAPON,CLOSED/FINAL,UNFOUNDED,EVANS,LYNETTE,,,UNKNOWN,47,FEMALE,BLACK,apr2016,,,S0,S,0,1
1062716,932,WOLCOTT AVE,5118,RESIDENCE,06jun2013 12:59:59,06jun2013 12:59:59,06jun2013,,MODZELEWSKI,13196,009,,29nov2004,POLICE OFFICER,S012,FIREARM USED AS AN IMPACT WEAPON,S012,FIREARM USED AS AN IMPACT WEAPON,CLOSED/FINAL,NOT SUSTAINED,EVANS,LYNETTE,,,UNKNOWN,48,FEMALE,BLACK,apr2016,,,S0,S,0,1
1062716,932,WOLCOTT AVE,5118,RESIDENCE,06jun2013 12:59:59,06jun2013 12:59:59,06jun2013,,MODZELEWSKI,13196,009,,29nov2004,POLICE OFFICER,S012,FIREARM USED AS AN IMPACT WEAPON,S012,FIREARM USED AS AN IMPACT WEAPON,CLOSED/FINAL,NOT SUSTAINED,EVANS,LYNETTE,,,UNKNOWN,47,FEMALE,BLACK,apr2016,,,S0,S,0,1
1062716,932,WOLCOTT AVE,5118,RESIDENCE,06jun2013 12:59:59,06jun2013 12:59:59,06jun2013,,KILLEN,6535,009,,13dec1999,POLICE OFFICER,S012,FIREARM USED AS AN IMPACT WEAPON,S012,FIREARM USED AS AN IMPACT WEAPON,CLOSED/FINAL,UNFOUNDED,EVANS,GREGORY,,,UNKNOWN,27,MALE,BLACK,apr2016,,,S0,S,0,1
1062716,932,WOLCOTT AVE,5118,RESIDENCE,06jun2013 12:59:59,06jun2013 12:59:59,06jun2013,,DE LA TORRE,2699,009,,13dec1993,SERGEANT OF POLICE,S012,FIREARM USED AS AN IMPACT WEAPON,S012,FIREARM USED AS AN IMPACT WEAPON,CLOSED/FINAL,UNFOUNDED,EVANS,GREGORY,,,UNKNOWN,27,MALE,BLACK,apr2016,,,S0,S,0,1
1062716,932,WOLCOTT AVE,5118,RESIDENCE,06jun2013 12:59:59,06jun2013 12:59:59,06jun2013,,,,,,,,S012,FIREARM USED AS AN IMPACT WEAPON,S012,FIREARM USED AS AN IMPACT WEAPON,CLOSED/FINAL,UNFOUNDED,EVANS,LYNETTE,,,UNKNOWN,47,FEMALE,BLACK,apr2016,,,S0,S,0,1
1062716,932,WOLCOTT AVE,5118,RESIDENCE,06jun2013 12:59:59,06jun2013 12:59:59,06jun2013,,KILLEN,6535,009,,13dec1999,POLICE OFFICER,S012,FIREARM USED AS AN IMPACT WEAPON,S012,FIREARM USED AS AN IMPACT WEAPON,CLOSED/FINAL,UNFOUNDED,EVANS,LYNETTE,,,UNKNOWN,48,FEMALE,BLACK,apr2016,,,S0,S,0,1
1062716,932,WOLCOTT AVE,5118,RESIDENCE,06jun2013 12:59:59,06jun2013 12:59:59,06jun2013,,,,,,,,S012,FIREARM USED AS AN IMPACT WEAPON,S012,FIREARM USED AS AN IMPACT WEAPON,CLOSED/FINAL,UNFOUNDED,EVANS,LYNETTE,,,UNKNOWN,48,FEMALE,BLACK,apr2016,,,S0,S,0,1
1062716,932,WOLCOTT AVE,5118,RESIDENCE,06jun2013 12:59:59,06jun2013 12:59:59,06jun2013,,MODZELEWSKI,13196,009,,29nov2004,POLICE OFFICER,S012,FIREARM USED AS AN IMPACT WEAPON,S012,FIREARM USED AS AN IMPACT WEAPON,CLOSED/FINAL,NOT SUSTAINED,EVANS,GREGORY,,,UNKNOWN,26,MALE,BLACK,apr2016,,,S0,S,0,1
1062716,932,WOLCOTT AVE,5118,RESIDENCE,06jun2013 12:59:59,06jun2013 12:59:59,06jun2013,,,,,,,,S012,FIREARM USED AS AN IMPACT WEAPON,S012,FIREARM USED AS AN IMPACT WEAPON,CLOSED/FINAL,UNFOUNDED,EVANS,GREGORY,,,UNKNOWN,27,MALE,BLACK,apr2016,,,S0,S,0,1
1062716,932,WOLCOTT AVE,5118,RESIDENCE,06jun2013 12:59:59,06jun2013 12:59:59,06jun2013,,MODZELEWSKI,13196,009,,29nov2004,POLICE OFFICER,S012,FIREARM USED AS AN IMPACT WEAPON,S012,FIREARM USED AS AN IMPACT WEAPON,CLOSED/FINAL,NOT SUSTAINED,EVANS,GREGORY,,,UNKNOWN,27,MALE,BLACK,apr2016,,,S0,S,0,1
1062716,932,WOLCOTT AVE,5118,RESIDENCE,06jun2013 12:59:59,06jun2013 12:59:59,06jun2013,,KILLEN,6535,009,,13dec1999,POLICE OFFICER,S012,FIREARM USED AS AN IMPACT WEAPON,S012,FIREARM USED AS AN IMPACT WEAPON,CLOSED/FINAL,UNFOUNDED,EVANS,LYNETTE,,,UNKNOWN,47,FEMALE,BLACK,apr2016,,,S0,S,0,1
1062716,932,WOLCOTT AVE,5118,RESIDENCE,06jun2013 12:59:59,06jun2013 12:59:59,06jun2013,,DE LA TORRE,2699,009,,13dec1993,SERGEANT OF POLICE,S012,FIREARM USED AS AN IMPACT WEAPON,S012,FIREARM USED AS AN IMPACT WEAPON,CLOSED/FINAL,UNFOUNDED,EVANS,GREGORY,,,UNKNOWN,26,MALE,BLACK,apr2016,,,S0,S,0,1
1062716,932,WOLCOTT AVE,5118,RESIDENCE,06jun2013 12:59:59,06jun2013 12:59:59,06jun2013,,,,,,,,S012,FIREARM USED AS AN IMPACT WEAPON,S012,FIREARM USED AS AN IMPACT WEAPON,CLOSED/FINAL,UNFOUNDED,EVANS,GREGORY,,,UNKNOWN,26,MALE,BLACK,apr2016,,,S0,S,0,1
1062716,932,WOLCOTT AVE,5118,RESIDENCE,06jun2013 12:59:59,06jun2013 12:59:59,06jun2013,,KILLEN,6535,009,,13dec1999,POLICE OFFICER,S012,FIREARM USED AS AN IMPACT WEAPON,S012,FIREARM USED AS AN IMPACT WEAPON,CLOSED/FINAL,UNFOUNDED,EVANS,GREGORY,,,UNKNOWN,26,MALE,BLACK,apr2016,,,S0,S,0,1
1062716,932,WOLCOTT AVE,5118,RESIDENCE,06jun2013 12:59:59,06jun2013 12:59:59,06jun2013,,DE LA TORRE,2699,009,,13dec1993,SERGEANT OF POLICE,S012,FIREARM USED AS AN IMPACT WEAPON,S012,FIREARM USED AS AN IMPACT WEAPON,CLOSED/FINAL,UNFOUNDED,EVANS,LYNETTE,,,UNKNOWN,48,FEMALE,BLACK,apr2016,,,S0,S,0,1
