COMPLAINT_NUMBER,BEAT,STREET,ADDRESS,LOCATION_CODE,INCIDENT_TIME_START,INCIDENT_TIME_END,NOTIFICATION_DATE,ACCSUEDOFFICER_FNAME,ACCUSEDOFFICER_LNAME,ACCUSED_STAR,ACCUSED_UNIT,ACCUSED_DETAIL,ACCUSED_APPOINTMENT_DATE,ACCUSED_POSITION,INITIAL_CATEGORY_CODE,INITIAL_CATEGORY,CURRENT_CATEGORY_CODE,CURRENT_CATEGORY,CURRENT_STATUS,FINDING_CODE,INVOLVED_OFFICER_LNAME,INVOLVED_OFFICER_FNAME,INVOLVED_OFFICER_UNIT,INVOLVED_OFFICER_DETAIL,INVOLVED_OFFICER_POSITION,INVOLVED_OFFICER_AGE,INVOLVED_OFFICER_SEX,INVOLVED_OFFICER_RACE,foia,INVOLVED_OFFICER_DESCRIPTION,INVOLVED_OFFICER_TYPE,start_code_2,start_code_1,rec,sum_rec
1057380,2424,WOLCOTT AVE,7414,"SCHOOL, PUBLIC, BUILDING",07sep2012 15:00:00,07sep2012 15:00:00,27sep2012,KENNETH,LIBERTY,4727,010,,03oct1994,POLICE OFFICER,05C,EXCESSIVE FORCE / OFF DUTY - INJURY,S083,MISCELLANEOUS,CLOSED/FINAL,UNFOUNDED,CARTHAN,PAUL,,,UNKNOWN,31,MALE,BLACK,apr2016,,,05,0,0,1
1057380,2424,WOLCOTT AVE,7414,"SCHOOL, PUBLIC, BUILDING",07sep2012 15:00:00,07sep2012 15:00:00,27sep2012,DAPHNE,HENRY,15985,024,,17feb1998,POLICE OFFICER,05C,EXCESSIVE FORCE / OFF DUTY - INJURY,S083,MISCELLANEOUS,CLOSED/FINAL,NOT SUSTAINED,CARTHAN,PAUL,,,UNKNOWN,31,MALE,BLACK,apr2016,,,05,0,0,1
1057380,2424,WOLCOTT AVE,7414,"SCHOOL, PUBLIC, BUILDING",07sep2012 15:00:00,07sep2012 15:00:00,27sep2012,KENNETH,LIBERTY,4727,010,,03oct1994,POLICE OFFICER,05C,EXCESSIVE FORCE / OFF DUTY - INJURY,S083,MISCELLANEOUS,CLOSED/FINAL,UNFOUNDED,RUSSELL,ANN,,,,34,FEMALE,WHITE,apr2016,,,05,0,0,1
1057380,2424,WOLCOTT AVE,7414,"SCHOOL, PUBLIC, BUILDING",07sep2012 15:00:00,07sep2012 15:00:00,27sep2012,KENNETH,LIBERTY,4727,010,,03oct1994,POLICE OFFICER,05C,EXCESSIVE FORCE / OFF DUTY - INJURY,S083,MISCELLANEOUS,CLOSED/FINAL,UNFOUNDED,CARTHAN,PAUL,,,UNKNOWN,30,MALE,BLACK,apr2016,,,05,0,0,1
1057380,2424,WOLCOTT AVE,7414,"SCHOOL, PUBLIC, BUILDING",07sep2012 15:00:00,07sep2012 15:00:00,27sep2012,DAPHNE,HENRY,15985,024,,17feb1998,POLICE OFFICER,05C,EXCESSIVE FORCE / OFF DUTY - INJURY,S083,MISCELLANEOUS,CLOSED/FINAL,NOT SUSTAINED,RUSSELL,ANN,,,,34,FEMALE,WHITE,apr2016,,,05,0,0,1
1057380,2424,WOLCOTT AVE,7414,"SCHOOL, PUBLIC, BUILDING",07sep2012 15:00:00,07sep2012 15:00:00,27sep2012,KENNETH,LIBERTY,4727,010,,03oct1994,POLICE OFFICER,05C,EXCESSIVE FORCE / OFF DUTY - INJURY,S083,MISCELLANEOUS,CLOSED/FINAL,UNFOUNDED,CUSTODIO,JOSE,,,,48,MALE,WHITE HISPANIC,apr2016,,,05,0,0,1
1057380,2424,WOLCOTT AVE,7414,"SCHOOL, PUBLIC, BUILDING",07sep2012 15:00:00,07sep2012 15:00:00,27sep2012,DAPHNE,HENRY,15985,024,,17feb1998,POLICE OFFICER,05C,EXCESSIVE FORCE / OFF DUTY - INJURY,S083,MISCELLANEOUS,CLOSED/FINAL,NOT SUSTAINED,CARTHAN,PAUL,,,UNKNOWN,30,MALE,BLACK,apr2016,,,05,0,1,1
1057380,2424,WOLCOTT AVE,7414,"SCHOOL, PUBLIC, BUILDING",07sep2012 15:00:00,07sep2012 15:00:00,27sep2012,DAPHNE,HENRY,15985,024,,17feb1998,POLICE OFFICER,05C,EXCESSIVE FORCE / OFF DUTY - INJURY,S083,MISCELLANEOUS,CLOSED/FINAL,NOT SUSTAINED,CUSTODIO,JOSE,,,,48,MALE,WHITE HISPANIC,apr2016,,,05,0,0,1
