COMPLAINT_NUMBER,BEAT,STREET,ADDRESS,LOCATION_CODE,INCIDENT_TIME_START,INCIDENT_TIME_END,NOTIFICATION_DATE,ACCSUEDOFFICER_FNAME,ACCUSEDOFFICER_LNAME,ACCUSED_STAR,ACCUSED_UNIT,ACCUSED_DETAIL,ACCUSED_APPOINTMENT_DATE,ACCUSED_POSITION,INITIAL_CATEGORY_CODE,INITIAL_CATEGORY,CURRENT_CATEGORY_CODE,CURRENT_CATEGORY,CURRENT_STATUS,FINDING_CODE,INVOLVED_OFFICER_LNAME,INVOLVED_OFFICER_FNAME,INVOLVED_OFFICER_UNIT,INVOLVED_OFFICER_DETAIL,INVOLVED_OFFICER_POSITION,INVOLVED_OFFICER_AGE,INVOLVED_OFFICER_SEX,INVOLVED_OFFICER_RACE,foia,INVOLVED_OFFICER_DESCRIPTION,INVOLVED_OFFICER_TYPE,start_code_2,start_code_1,rec,sum_rec
1058502,1822,KINGSBURY ST,1543,STREET,18nov2012 02:00:00,18nov2012 02:00:00,19nov2012,THOMAS,BAKER,14366,018,,27aug2007,POLICE OFFICER,05A,EXCESSIVE FORCE / ON DUTY - INJURY,04Z,MISCELLANEOUS,CLOSED/FINAL,EXONERATED,MURPHY,BARTHOLOM,018,,POLICE OFFICER,,MALE,WHITE,apr2016,,,05,0,0,1
1058502,1822,KINGSBURY ST,1543,STREET,18nov2012 02:00:00,18nov2012 02:00:00,19nov2012,THOMAS,BAKER,14366,018,,27aug2007,POLICE OFFICER,05A,EXCESSIVE FORCE / ON DUTY - INJURY,04Z,MISCELLANEOUS,CLOSED/FINAL,EXONERATED,CASE,DAVID,018,,LIEUTENANT OF POLICE,,MALE,WHITE,apr2016,,,05,0,0,1
1058502,1822,KINGSBURY ST,1543,STREET,18nov2012 02:00:00,18nov2012 02:00:00,19nov2012,RICHARD,MOTA,18285,018,,05jun1995,POLICE OFFICER,05A,EXCESSIVE FORCE / ON DUTY - INJURY,04Z,MISCELLANEOUS,CLOSED/FINAL,UNFOUNDED,MURPHY,BARTHOLOM,018,,POLICE OFFICER,,MALE,WHITE,apr2016,,,05,0,0,1
1058502,1822,KINGSBURY ST,1543,STREET,18nov2012 02:00:00,18nov2012 02:00:00,19nov2012,RICHARD,MOTA,18285,018,,05jun1995,POLICE OFFICER,05A,EXCESSIVE FORCE / ON DUTY - INJURY,04Z,MISCELLANEOUS,CLOSED/FINAL,UNFOUNDED,SANCHEZ,MARIO,,,UNKNOWN,26,MALE,WHITE HISPANIC,apr2016,,,05,0,0,1
1058502,1822,KINGSBURY ST,1543,STREET,18nov2012 02:00:00,18nov2012 02:00:00,19nov2012,,,,,,,,05A,EXCESSIVE FORCE / ON DUTY - INJURY,04Z,MISCELLANEOUS,CLOSED/FINAL,EXONERATED,CASE,DAVID,018,,LIEUTENANT OF POLICE,,MALE,WHITE,apr2016,,,05,0,1,1
1058502,1822,KINGSBURY ST,1543,STREET,18nov2012 02:00:00,18nov2012 02:00:00,19nov2012,THOMAS,BAKER,14366,018,,27aug2007,POLICE OFFICER,05A,EXCESSIVE FORCE / ON DUTY - INJURY,04Z,MISCELLANEOUS,CLOSED/FINAL,EXONERATED,SANCHEZ,MARIO,,,UNKNOWN,26,MALE,WHITE HISPANIC,apr2016,,,05,0,0,1
1058502,1822,KINGSBURY ST,1543,STREET,18nov2012 02:00:00,18nov2012 02:00:00,19nov2012,,,,,,,,05A,EXCESSIVE FORCE / ON DUTY - INJURY,04Z,MISCELLANEOUS,CLOSED/FINAL,EXONERATED,MURPHY,BARTHOLOM,018,,POLICE OFFICER,,MALE,WHITE,apr2016,,,05,0,0,1
1058502,1822,KINGSBURY ST,1543,STREET,18nov2012 02:00:00,18nov2012 02:00:00,19nov2012,,,,,,,,05A,EXCESSIVE FORCE / ON DUTY - INJURY,04Z,MISCELLANEOUS,CLOSED/FINAL,EXONERATED,SANCHEZ,MARIO,,,UNKNOWN,26,MALE,WHITE HISPANIC,apr2016,,,05,0,0,1
1058502,1822,KINGSBURY ST,1543,STREET,18nov2012 02:00:00,18nov2012 02:00:00,19nov2012,RICHARD,MOTA,18285,018,,05jun1995,POLICE OFFICER,05A,EXCESSIVE FORCE / ON DUTY - INJURY,04Z,MISCELLANEOUS,CLOSED/FINAL,UNFOUNDED,CASE,DAVID,018,,LIEUTENANT OF POLICE,,MALE,WHITE,apr2016,,,05,0,0,1
