COMPLAINT_NUMBER,BEAT,STREET,ADDRESS,LOCATION_CODE,INCIDENT_TIME_START,INCIDENT_TIME_END,NOTIFICATION_DATE,ACCSUEDOFFICER_FNAME,ACCUSEDOFFICER_LNAME,ACCUSED_STAR,ACCUSED_UNIT,ACCUSED_DETAIL,ACCUSED_APPOINTMENT_DATE,ACCUSED_POSITION,INITIAL_CATEGORY_CODE,INITIAL_CATEGORY,CURRENT_CATEGORY_CODE,CURRENT_CATEGORY,CURRENT_STATUS,FINDING_CODE,INVOLVED_OFFICER_LNAME,INVOLVED_OFFICER_FNAME,INVOLVED_OFFICER_UNIT,INVOLVED_OFFICER_DETAIL,INVOLVED_OFFICER_POSITION,INVOLVED_OFFICER_AGE,INVOLVED_OFFICER_SEX,INVOLVED_OFFICER_RACE,foia,INVOLVED_OFFICER_DESCRIPTION,INVOLVED_OFFICER_TYPE,start_code_2,start_code_1,rec,sum_rec
1054200,2532,CORTLAND ST,5454,STREET,22may2012 00:14:59,22may2012 00:30:00,22may2012,RANDELL,IVY,9853,016,,22nov1993,POLICE OFFICER,S117,PUSH/PULL/GRAB,S117,PUSH/PULL/GRAB,CLOSED/FINAL,NOT SUSTAINED,GOODWIN,ALBERT,,,,44,MALE,BLACK,apr2016,,,S1,S,0,1
1054200,2532,CORTLAND ST,5454,STREET,22may2012 00:14:59,22may2012 00:30:00,22may2012,RANDELL,IVY,9853,016,,22nov1993,POLICE OFFICER,S117,PUSH/PULL/GRAB,S117,PUSH/PULL/GRAB,CLOSED/FINAL,NOT SUSTAINED,SANDERS,TIM,,,UNKNOWN,43,MALE,BLACK,apr2016,,,S1,S,0,1
1054200,2532,CORTLAND ST,5454,STREET,22may2012 00:14:59,22may2012 00:30:00,22may2012,,,,,,,,S117,PUSH/PULL/GRAB,S117,PUSH/PULL/GRAB,CLOSED/FINAL,UNFOUNDED,GOODWIN,ALBERT,,,,44,MALE,BLACK,apr2016,,,S1,S,0,1
1054200,2532,CORTLAND ST,5454,STREET,22may2012 00:14:59,22may2012 00:30:00,22may2012,MARCIN,KAZARNOWICZ,9003,025,,29aug2005,POLICE OFFICER,S117,PUSH/PULL/GRAB,S117,PUSH/PULL/GRAB,CLOSED/FINAL,UNFOUNDED,GOODWIN,ALBERT,,,,44,MALE,BLACK,apr2016,,,S1,S,0,1
1054200,2532,CORTLAND ST,5454,STREET,22may2012 00:14:59,22may2012 00:30:00,22may2012,,,,,,,,S117,PUSH/PULL/GRAB,S117,PUSH/PULL/GRAB,CLOSED/FINAL,UNFOUNDED,SANDERS,TIM,,,UNKNOWN,43,MALE,BLACK,apr2016,,,S1,S,0,1
1054200,2532,CORTLAND ST,5454,STREET,22may2012 00:14:59,22may2012 00:30:00,22may2012,JEFFREY,MUEHLFELDER,9229,025,,31jul2006,POLICE OFFICER,S117,PUSH/PULL/GRAB,S117,PUSH/PULL/GRAB,CLOSED/FINAL,UNFOUNDED,SANDERS,TIM,,,UNKNOWN,43,MALE,BLACK,apr2016,,,S1,S,0,1
1054200,2532,CORTLAND ST,5454,STREET,22may2012 00:14:59,22may2012 00:30:00,22may2012,JEFFREY,MUEHLFELDER,9229,025,,31jul2006,POLICE OFFICER,S117,PUSH/PULL/GRAB,S117,PUSH/PULL/GRAB,CLOSED/FINAL,UNFOUNDED,GOODWIN,ALBERT,,,,44,MALE,BLACK,apr2016,,,S1,S,0,1
1054200,2532,CORTLAND ST,5454,STREET,22may2012 00:14:59,22may2012 00:30:00,22may2012,MARCIN,KAZARNOWICZ,9003,025,,29aug2005,POLICE OFFICER,S117,PUSH/PULL/GRAB,S117,PUSH/PULL/GRAB,CLOSED/FINAL,UNFOUNDED,SANDERS,TIM,,,UNKNOWN,43,MALE,BLACK,apr2016,,,S1,S,0,1
1054200,2532,CORTLAND ST,5454,STREET,22may2012 00:14:59,22may2012 00:30:00,22may2012,RANDELL,IVY,9853,016,,22nov1993,POLICE OFFICER,S117,PUSH/PULL/GRAB,S117,PUSH/PULL/GRAB,CLOSED/FINAL,NOT SUSTAINED,SANDERS,TIM,,,UNKNOWN,44,MALE,BLACK,apr2016,,,S1,S,0,1
1054200,2532,CORTLAND ST,5454,STREET,22may2012 00:14:59,22may2012 00:30:00,22may2012,MARCIN,KAZARNOWICZ,9003,025,,29aug2005,POLICE OFFICER,S117,PUSH/PULL/GRAB,S117,PUSH/PULL/GRAB,CLOSED/FINAL,UNFOUNDED,SANDERS,TIM,,,UNKNOWN,44,MALE,BLACK,apr2016,,,S1,S,0,1
1054200,2532,CORTLAND ST,5454,STREET,22may2012 00:14:59,22may2012 00:30:00,22may2012,,,,,,,,S117,PUSH/PULL/GRAB,S117,PUSH/PULL/GRAB,CLOSED/FINAL,UNFOUNDED,SANDERS,TIM,,,UNKNOWN,44,MALE,BLACK,apr2016,,,S1,S,0,1
1054200,2532,CORTLAND ST,5454,STREET,22may2012 00:14:59,22may2012 00:30:00,22may2012,JEFFREY,MUEHLFELDER,9229,025,,31jul2006,POLICE OFFICER,S117,PUSH/PULL/GRAB,S117,PUSH/PULL/GRAB,CLOSED/FINAL,UNFOUNDED,SANDERS,TIM,,,UNKNOWN,44,MALE,BLACK,apr2016,,,S1,S,0,1
