COMPLAINT_NUMBER,BEAT,STREET,ADDRESS,LOCATION_CODE,INCIDENT_TIME_START,INCIDENT_TIME_END,NOTIFICATION_DATE,ACCSUEDOFFICER_FNAME,ACCUSEDOFFICER_LNAME,ACCUSED_STAR,ACCUSED_UNIT,ACCUSED_DETAIL,ACCUSED_APPOINTMENT_DATE,ACCUSED_POSITION,INITIAL_CATEGORY_CODE,INITIAL_CATEGORY,CURRENT_CATEGORY_CODE,CURRENT_CATEGORY,CURRENT_STATUS,FINDING_CODE,INVOLVED_OFFICER_LNAME,INVOLVED_OFFICER_FNAME,INVOLVED_OFFICER_UNIT,INVOLVED_OFFICER_DETAIL,INVOLVED_OFFICER_POSITION,INVOLVED_OFFICER_AGE,INVOLVED_OFFICER_SEX,INVOLVED_OFFICER_RACE,foia,INVOLVED_OFFICER_DESCRIPTION,INVOLVED_OFFICER_TYPE,start_code_2,start_code_1,rec,sum_rec
1053310,1213,RACINE AVE,100,POLICE FACILITY/VEH PARKING LOT,13apr2012 00:00:00,13apr2012 00:00:00,13apr2012,ALEX,ERRUM,15413,012,111,22nov1993,POLICE OFFICER,S021,MISCELLANEOUS,S021,MISCELLANEOUS,CLOSED/FINAL,UNFOUNDED,SMITH,TRACY,,,UNKNOWN,43,FEMALE,BLACK,apr2016,,,S0,S,0,1
1053310,1213,RACINE AVE,100,POLICE FACILITY/VEH PARKING LOT,13apr2012 00:00:00,13apr2012 00:00:00,13apr2012,,,,,,,,S021,MISCELLANEOUS,S021,MISCELLANEOUS,CLOSED/FINAL,NOT SUSTAINED,THURMOND,HUGO,012,,POLICE OFFICER,,MALE,BLACK,apr2016,,,S0,S,0,1
1053310,1213,RACINE AVE,100,POLICE FACILITY/VEH PARKING LOT,13apr2012 00:00:00,13apr2012 00:00:00,13apr2012,HUGO,THURMOND,15939,012,,25jun2001,POLICE OFFICER,S021,MISCELLANEOUS,S021,MISCELLANEOUS,CLOSED/FINAL,NOT SUSTAINED,,,,,UNKNOWN,,MALE,BLACK,apr2016,,,S0,S,0,1
1053310,1213,RACINE AVE,100,POLICE FACILITY/VEH PARKING LOT,13apr2012 00:00:00,13apr2012 00:00:00,13apr2012,,,,,,,,S021,MISCELLANEOUS,S021,MISCELLANEOUS,CLOSED/FINAL,NOT SUSTAINED,(LNU),JESSE,,,UNKNOWN,,MALE,BLACK,apr2016,,,S0,S,0,1
1053310,1213,RACINE AVE,100,POLICE FACILITY/VEH PARKING LOT,13apr2012 00:00:00,13apr2012 00:00:00,13apr2012,ALEX,ERRUM,15413,012,111,22nov1993,POLICE OFFICER,S021,MISCELLANEOUS,S021,MISCELLANEOUS,CLOSED/FINAL,UNFOUNDED,SMITH,ULYSS,,,UNKNOWN,61,MALE,BLACK,apr2016,,,S0,S,0,1
1053310,1213,RACINE AVE,100,POLICE FACILITY/VEH PARKING LOT,13apr2012 00:00:00,13apr2012 00:00:00,13apr2012,,,,,,,,S021,MISCELLANEOUS,S021,MISCELLANEOUS,CLOSED/FINAL,NOT SUSTAINED,SMITH,ULYSS,,,UNKNOWN,61,MALE,BLACK,apr2016,,,S0,S,0,1
1053310,1213,RACINE AVE,100,POLICE FACILITY/VEH PARKING LOT,13apr2012 00:00:00,13apr2012 00:00:00,13apr2012,HUGO,THURMOND,15939,012,,25jun2001,POLICE OFFICER,S021,MISCELLANEOUS,S021,MISCELLANEOUS,CLOSED/FINAL,NOT SUSTAINED,SMITH,TRACY,,,UNKNOWN,43,FEMALE,BLACK,apr2016,,,S0,S,0,1
1053310,1213,RACINE AVE,100,POLICE FACILITY/VEH PARKING LOT,13apr2012 00:00:00,13apr2012 00:00:00,13apr2012,,,,,,,,S021,MISCELLANEOUS,S021,MISCELLANEOUS,CLOSED/FINAL,NOT SUSTAINED,,,,,UNKNOWN,,MALE,BLACK,apr2016,,,S0,S,0,1
1053310,1213,RACINE AVE,100,POLICE FACILITY/VEH PARKING LOT,13apr2012 00:00:00,13apr2012 00:00:00,13apr2012,,,,,,,,S021,MISCELLANEOUS,S021,MISCELLANEOUS,CLOSED/FINAL,NOT SUSTAINED,SMITH,TRACY,,,UNKNOWN,12,FEMALE,BLACK,apr2016,,,S0,S,0,1
1053310,1213,RACINE AVE,100,POLICE FACILITY/VEH PARKING LOT,13apr2012 00:00:00,13apr2012 00:00:00,13apr2012,ALEX,ERRUM,15413,012,111,22nov1993,POLICE OFFICER,S021,MISCELLANEOUS,S021,MISCELLANEOUS,CLOSED/FINAL,UNFOUNDED,SMITH,ULYSS,,,UNKNOWN,64,MALE,BLACK,apr2016,,,S0,S,0,1
1053310,1213,RACINE AVE,100,POLICE FACILITY/VEH PARKING LOT,13apr2012 00:00:00,13apr2012 00:00:00,13apr2012,HUGO,THURMOND,15939,012,,25jun2001,POLICE OFFICER,S021,MISCELLANEOUS,S021,MISCELLANEOUS,CLOSED/FINAL,NOT SUSTAINED,SMITH,TRACY,,,UNKNOWN,12,FEMALE,BLACK,apr2016,,,S0,S,0,1
1053310,1213,RACINE AVE,100,POLICE FACILITY/VEH PARKING LOT,13apr2012 00:00:00,13apr2012 00:00:00,13apr2012,,,,,,,,S021,MISCELLANEOUS,S021,MISCELLANEOUS,CLOSED/FINAL,NOT SUSTAINED,HENRY,TRACY,,,UNKNOWN,15,FEMALE,BLACK,apr2016,,,S0,S,1,1
1053310,1213,RACINE AVE,100,POLICE FACILITY/VEH PARKING LOT,13apr2012 00:00:00,13apr2012 00:00:00,13apr2012,HUGO,THURMOND,15939,012,,25jun2001,POLICE OFFICER,S021,MISCELLANEOUS,S021,MISCELLANEOUS,CLOSED/FINAL,NOT SUSTAINED,THURMOND,HUGO,012,,POLICE OFFICER,,MALE,BLACK,apr2016,,,S0,S,0,1
1053310,1213,RACINE AVE,100,POLICE FACILITY/VEH PARKING LOT,13apr2012 00:00:00,13apr2012 00:00:00,13apr2012,,,,,,,,S021,MISCELLANEOUS,S021,MISCELLANEOUS,CLOSED/FINAL,NOT SUSTAINED,SMITH,TRACY,,,UNKNOWN,41,FEMALE,BLACK,apr2016,,,S0,S,0,1
1053310,1213,RACINE AVE,100,POLICE FACILITY/VEH PARKING LOT,13apr2012 00:00:00,13apr2012 00:00:00,13apr2012,,,,,,,,S021,MISCELLANEOUS,S021,MISCELLANEOUS,CLOSED/FINAL,NOT SUSTAINED,SMITH,TRACY,,,UNKNOWN,43,FEMALE,BLACK,apr2016,,,S0,S,0,1
1053310,1213,RACINE AVE,100,POLICE FACILITY/VEH PARKING LOT,13apr2012 00:00:00,13apr2012 00:00:00,13apr2012,ALEX,ERRUM,15413,012,111,22nov1993,POLICE OFFICER,S021,MISCELLANEOUS,S021,MISCELLANEOUS,CLOSED/FINAL,UNFOUNDED,SMITH,TRACY,,,UNKNOWN,12,FEMALE,BLACK,apr2016,,,S0,S,0,1
1053310,1213,RACINE AVE,100,POLICE FACILITY/VEH PARKING LOT,13apr2012 00:00:00,13apr2012 00:00:00,13apr2012,ALEX,ERRUM,15413,012,111,22nov1993,POLICE OFFICER,S021,MISCELLANEOUS,S021,MISCELLANEOUS,CLOSED/FINAL,UNFOUNDED,,,,,UNKNOWN,,MALE,BLACK,apr2016,,,S0,S,0,1
1053310,1213,RACINE AVE,100,POLICE FACILITY/VEH PARKING LOT,13apr2012 00:00:00,13apr2012 00:00:00,13apr2012,HUGO,THURMOND,15939,012,,25jun2001,POLICE OFFICER,S021,MISCELLANEOUS,S021,MISCELLANEOUS,CLOSED/FINAL,NOT SUSTAINED,SMITH,ULYSS,,,UNKNOWN,64,MALE,BLACK,apr2016,,,S0,S,0,1
1053310,1213,RACINE AVE,100,POLICE FACILITY/VEH PARKING LOT,13apr2012 00:00:00,13apr2012 00:00:00,13apr2012,HUGO,THURMOND,15939,012,,25jun2001,POLICE OFFICER,S021,MISCELLANEOUS,S021,MISCELLANEOUS,CLOSED/FINAL,NOT SUSTAINED,SMITH,TRACY,,,UNKNOWN,41,FEMALE,BLACK,apr2016,,,S0,S,0,1
1053310,1213,RACINE AVE,100,POLICE FACILITY/VEH PARKING LOT,13apr2012 00:00:00,13apr2012 00:00:00,13apr2012,ALEX,ERRUM,15413,012,111,22nov1993,POLICE OFFICER,S021,MISCELLANEOUS,S021,MISCELLANEOUS,CLOSED/FINAL,UNFOUNDED,THURMOND,HUGO,012,,POLICE OFFICER,,MALE,BLACK,apr2016,,,S0,S,0,1
1053310,1213,RACINE AVE,100,POLICE FACILITY/VEH PARKING LOT,13apr2012 00:00:00,13apr2012 00:00:00,13apr2012,,,,,,,,S021,MISCELLANEOUS,S021,MISCELLANEOUS,CLOSED/FINAL,NOT SUSTAINED,SMITH,ULYSS,,,UNKNOWN,64,MALE,BLACK,apr2016,,,S0,S,0,1
1053310,1213,RACINE AVE,100,POLICE FACILITY/VEH PARKING LOT,13apr2012 00:00:00,13apr2012 00:00:00,13apr2012,HUGO,THURMOND,15939,012,,25jun2001,POLICE OFFICER,S021,MISCELLANEOUS,S021,MISCELLANEOUS,CLOSED/FINAL,NOT SUSTAINED,SMITH,ULYSS,,,UNKNOWN,61,MALE,BLACK,apr2016,,,S0,S,0,1
1053310,1213,RACINE AVE,100,POLICE FACILITY/VEH PARKING LOT,13apr2012 00:00:00,13apr2012 00:00:00,13apr2012,ALEX,ERRUM,15413,012,111,22nov1993,POLICE OFFICER,S021,MISCELLANEOUS,S021,MISCELLANEOUS,CLOSED/FINAL,UNFOUNDED,,,,,,,,,apr2016,,,S0,S,0,1
1053310,1213,RACINE AVE,100,POLICE FACILITY/VEH PARKING LOT,13apr2012 00:00:00,13apr2012 00:00:00,13apr2012,HUGO,THURMOND,15939,012,,25jun2001,POLICE OFFICER,S021,MISCELLANEOUS,S021,MISCELLANEOUS,CLOSED/FINAL,NOT SUSTAINED,HENRY,TRACY,,,UNKNOWN,15,FEMALE,BLACK,apr2016,,,S0,S,0,1
1053310,1213,RACINE AVE,100,POLICE FACILITY/VEH PARKING LOT,13apr2012 00:00:00,13apr2012 00:00:00,13apr2012,ALEX,ERRUM,15413,012,111,22nov1993,POLICE OFFICER,S021,MISCELLANEOUS,S021,MISCELLANEOUS,CLOSED/FINAL,UNFOUNDED,(LNU),JESSE,,,UNKNOWN,,MALE,BLACK,apr2016,,,S0,S,0,1
1053310,1213,RACINE AVE,100,POLICE FACILITY/VEH PARKING LOT,13apr2012 00:00:00,13apr2012 00:00:00,13apr2012,ALEX,ERRUM,15413,012,111,22nov1993,POLICE OFFICER,S021,MISCELLANEOUS,S021,MISCELLANEOUS,CLOSED/FINAL,UNFOUNDED,SMITH,TRACY,,,UNKNOWN,41,FEMALE,BLACK,apr2016,,,S0,S,0,1
1053310,1213,RACINE AVE,100,POLICE FACILITY/VEH PARKING LOT,13apr2012 00:00:00,13apr2012 00:00:00,13apr2012,,,,,,,,S021,MISCELLANEOUS,S021,MISCELLANEOUS,CLOSED/FINAL,NOT SUSTAINED,,,,,,,,,apr2016,,,S0,S,0,1
1053310,1213,RACINE AVE,100,POLICE FACILITY/VEH PARKING LOT,13apr2012 00:00:00,13apr2012 00:00:00,13apr2012,HUGO,THURMOND,15939,012,,25jun2001,POLICE OFFICER,S021,MISCELLANEOUS,S021,MISCELLANEOUS,CLOSED/FINAL,NOT SUSTAINED,,,,,,,,,apr2016,,,S0,S,0,1
1053310,1213,RACINE AVE,100,POLICE FACILITY/VEH PARKING LOT,13apr2012 00:00:00,13apr2012 00:00:00,13apr2012,ALEX,ERRUM,15413,012,111,22nov1993,POLICE OFFICER,S021,MISCELLANEOUS,S021,MISCELLANEOUS,CLOSED/FINAL,UNFOUNDED,HENRY,TRACY,,,UNKNOWN,15,FEMALE,BLACK,apr2016,,,S0,S,0,1
1053310,1213,RACINE AVE,100,POLICE FACILITY/VEH PARKING LOT,13apr2012 00:00:00,13apr2012 00:00:00,13apr2012,HUGO,THURMOND,15939,012,,25jun2001,POLICE OFFICER,S021,MISCELLANEOUS,S021,MISCELLANEOUS,CLOSED/FINAL,NOT SUSTAINED,(LNU),JESSE,,,UNKNOWN,,MALE,BLACK,apr2016,,,S0,S,0,1
