COMPLAINT_NUMBER,BEAT,STREET,ADDRESS,LOCATION_CODE,INCIDENT_TIME_START,INCIDENT_TIME_END,NOTIFICATION_DATE,ACCSUEDOFFICER_FNAME,ACCUSEDOFFICER_LNAME,ACCUSED_STAR,ACCUSED_UNIT,ACCUSED_DETAIL,ACCUSED_APPOINTMENT_DATE,ACCUSED_POSITION,INITIAL_CATEGORY_CODE,INITIAL_CATEGORY,CURRENT_CATEGORY_CODE,CURRENT_CATEGORY,CURRENT_STATUS,FINDING_CODE,INVOLVED_OFFICER_LNAME,INVOLVED_OFFICER_FNAME,INVOLVED_OFFICER_UNIT,INVOLVED_OFFICER_DETAIL,INVOLVED_OFFICER_POSITION,INVOLVED_OFFICER_AGE,INVOLVED_OFFICER_SEX,INVOLVED_OFFICER_RACE,foia,INVOLVED_OFFICER_DESCRIPTION,INVOLVED_OFFICER_TYPE,start_code_2,start_code_1,rec,sum_rec
1053630,633,COTTAGE GROVE AVE,9204,SIDEWALK,18feb2012 14:00:00,18feb2012 14:00:00,27apr2012,,,,,,,,S117,PUSH/PULL/GRAB,05M,UNNECESSARY PHYSICAL CONTACT / ON DUTY - NO INJURY,CLOSED/FINAL,UNFOUNDED,BEDELL,BELINDA,,,UNKNOWN,31,FEMALE,BLACK,apr2016,,,S1,S,0,1
1053630,633,COTTAGE GROVE AVE,9204,SIDEWALK,18feb2012 14:00:00,18feb2012 14:00:00,27apr2012,,,,,,,,S117,PUSH/PULL/GRAB,05M,UNNECESSARY PHYSICAL CONTACT / ON DUTY - NO INJURY,CLOSED/FINAL,UNFOUNDED,BEDELL,BELINDA,,,UNKNOWN,30,FEMALE,BLACK,apr2016,,,S1,S,0,1
1053630,633,COTTAGE GROVE AVE,9204,SIDEWALK,18feb2012 14:00:00,18feb2012 14:00:00,27apr2012,JOEY,BUCKLEY,4821,006,,22may1991,PO/FIELD TRNING OFF,S117,PUSH/PULL/GRAB,05M,UNNECESSARY PHYSICAL CONTACT / ON DUTY - NO INJURY,CLOSED/FINAL,NOT SUSTAINED,BEDELL,BELINDA,,,UNKNOWN,30,FEMALE,BLACK,apr2016,,,S1,S,0,1
1053630,633,COTTAGE GROVE AVE,9204,SIDEWALK,18feb2012 14:00:00,18feb2012 14:00:00,27apr2012,,,,,,,,S117,PUSH/PULL/GRAB,05M,UNNECESSARY PHYSICAL CONTACT / ON DUTY - NO INJURY,CLOSED/FINAL,UNFOUNDED,LOVELESS,ANTOINETT,006,,POLICE OFFICER,,FEMALE,BLACK,apr2016,,,S1,S,0,1
1053630,633,COTTAGE GROVE AVE,9204,SIDEWALK,18feb2012 14:00:00,18feb2012 14:00:00,27apr2012,JOEY,BUCKLEY,4821,006,,22may1991,PO/FIELD TRNING OFF,S117,PUSH/PULL/GRAB,05M,UNNECESSARY PHYSICAL CONTACT / ON DUTY - NO INJURY,CLOSED/FINAL,NOT SUSTAINED,LOVELESS,ANTOINETT,006,,POLICE OFFICER,,FEMALE,BLACK,apr2016,,,S1,S,0,1
1053630,633,COTTAGE GROVE AVE,9204,SIDEWALK,18feb2012 14:00:00,18feb2012 14:00:00,27apr2012,JOEY,BUCKLEY,4821,006,,22may1991,PO/FIELD TRNING OFF,S117,PUSH/PULL/GRAB,05M,UNNECESSARY PHYSICAL CONTACT / ON DUTY - NO INJURY,CLOSED/FINAL,NOT SUSTAINED,BEDELL,BELINDA,,,UNKNOWN,31,FEMALE,BLACK,apr2016,,,S1,S,0,1
1053630,633,COTTAGE GROVE AVE,9204,SIDEWALK,18feb2012 14:00:00,18feb2012 14:00:00,27apr2012,,,,,,,,S117,PUSH/PULL/GRAB,05M,UNNECESSARY PHYSICAL CONTACT / ON DUTY - NO INJURY,CLOSED/FINAL,UNFOUNDED,COFFEY,FRED,006,,PO/FIELD TRNING OFF,,MALE,BLACK,apr2016,,,S1,S,0,1
1053630,633,COTTAGE GROVE AVE,9204,SIDEWALK,18feb2012 14:00:00,18feb2012 14:00:00,27apr2012,JOEY,BUCKLEY,4821,006,,22may1991,PO/FIELD TRNING OFF,S117,PUSH/PULL/GRAB,05M,UNNECESSARY PHYSICAL CONTACT / ON DUTY - NO INJURY,CLOSED/FINAL,NOT SUSTAINED,COFFEY,FRED,006,,PO/FIELD TRNING OFF,,MALE,BLACK,apr2016,,,S1,S,0,1
