COMPLAINT_NUMBER,BEAT,STREET,ADDRESS,LOCATION_CODE,INCIDENT_TIME_START,INCIDENT_TIME_END,NOTIFICATION_DATE,ACCSUEDOFFICER_FNAME,ACCUSEDOFFICER_LNAME,ACCUSED_STAR,ACCUSED_UNIT,ACCUSED_DETAIL,ACCUSED_APPOINTMENT_DATE,ACCUSED_POSITION,INITIAL_CATEGORY_CODE,INITIAL_CATEGORY,CURRENT_CATEGORY_CODE,CURRENT_CATEGORY,CURRENT_STATUS,FINDING_CODE,INVOLVED_OFFICER_LNAME,INVOLVED_OFFICER_FNAME,INVOLVED_OFFICER_UNIT,INVOLVED_OFFICER_DETAIL,INVOLVED_OFFICER_POSITION,INVOLVED_OFFICER_AGE,INVOLVED_OFFICER_SEX,INVOLVED_OFFICER_RACE,foia,INVOLVED_OFFICER_DESCRIPTION,INVOLVED_OFFICER_TYPE,start_code_2,start_code_1,rec,sum_rec
1054372,632,ST LAWRENCE AVE,8408,STREET,29may2012 14:29:59,29may2012 14:29:59,30may2012,,,,,,,,05Z,MISCELLANEOUS,05Z,MISCELLANEOUS,CLOSED/FINAL,EXONERATED,LESTER,JOHN ,,,UNKNOWN,4,MALE,BLACK,apr2016,,,05,0,0,1
1054372,632,ST LAWRENCE AVE,8408,STREET,29may2012 14:29:59,29may2012 14:29:59,30may2012,,,,,,,,05Z,MISCELLANEOUS,05Z,MISCELLANEOUS,CLOSED/FINAL,EXONERATED,REMIED,L'TANYA ,,,UNKNOWN,44,FEMALE,BLACK,apr2016,,,05,0,0,1
1054372,632,ST LAWRENCE AVE,8408,STREET,29may2012 14:29:59,29may2012 14:29:59,30may2012,,,,,,,,05Z,MISCELLANEOUS,05Z,MISCELLANEOUS,CLOSED/FINAL,EXONERATED,REMIED-LESTER,CLARICE ,,,UNKNOWN,31,FEMALE,BLACK,apr2016,,,05,0,0,1
1054372,632,ST LAWRENCE AVE,8408,STREET,29may2012 14:29:59,29may2012 14:29:59,30may2012,ABDULLAH,BEYAH,5229,006,,25sep2006,POLICE OFFICER,05Z,MISCELLANEOUS,05Z,MISCELLANEOUS,CLOSED/FINAL,EXONERATED,LESTER,JOHN ,,,UNKNOWN,3,MALE,BLACK,apr2016,,,05,0,0,1
1054372,632,ST LAWRENCE AVE,8408,STREET,29may2012 14:29:59,29may2012 14:29:59,30may2012,ABDULLAH,BEYAH,5229,006,,25sep2006,POLICE OFFICER,05Z,MISCELLANEOUS,05Z,MISCELLANEOUS,CLOSED/FINAL,EXONERATED,REMIED-LESTER,CLARICE ,,,UNKNOWN,31,FEMALE,BLACK,apr2016,,,05,0,0,1
1054372,632,ST LAWRENCE AVE,8408,STREET,29may2012 14:29:59,29may2012 14:29:59,30may2012,,,,,,,,05Z,MISCELLANEOUS,05Z,MISCELLANEOUS,CLOSED/FINAL,EXONERATED,LESTER,JOHN ,,,UNKNOWN,3,MALE,BLACK,apr2016,,,05,0,1,1
1054372,632,ST LAWRENCE AVE,8408,STREET,29may2012 14:29:59,29may2012 14:29:59,30may2012,,,,,,,,05Z,MISCELLANEOUS,05Z,MISCELLANEOUS,CLOSED/FINAL,EXONERATED,REMIED,L'TANYA ,,,UNKNOWN,42,FEMALE,BLACK,apr2016,,,05,0,0,1
1054372,632,ST LAWRENCE AVE,8408,STREET,29may2012 14:29:59,29may2012 14:29:59,30may2012,ABDULLAH,BEYAH,5229,006,,25sep2006,POLICE OFFICER,05Z,MISCELLANEOUS,05Z,MISCELLANEOUS,CLOSED/FINAL,EXONERATED,REMIED,L'TANYA ,,,UNKNOWN,44,FEMALE,BLACK,apr2016,,,05,0,0,1
1054372,632,ST LAWRENCE AVE,8408,STREET,29may2012 14:29:59,29may2012 14:29:59,30may2012,ABDULLAH,BEYAH,5229,006,,25sep2006,POLICE OFFICER,05Z,MISCELLANEOUS,05Z,MISCELLANEOUS,CLOSED/FINAL,EXONERATED,LESTER,JOHN ,,,UNKNOWN,4,MALE,BLACK,apr2016,,,05,0,0,1
1054372,632,ST LAWRENCE AVE,8408,STREET,29may2012 14:29:59,29may2012 14:29:59,30may2012,,,,,,,,05Z,MISCELLANEOUS,05Z,MISCELLANEOUS,CLOSED/FINAL,EXONERATED,REMIED-LESTER,CLARICE ,,,UNKNOWN,30,FEMALE,BLACK,apr2016,,,05,0,0,1
1054372,632,ST LAWRENCE AVE,8408,STREET,29may2012 14:29:59,29may2012 14:29:59,30may2012,ABDULLAH,BEYAH,5229,006,,25sep2006,POLICE OFFICER,05Z,MISCELLANEOUS,05Z,MISCELLANEOUS,CLOSED/FINAL,EXONERATED,REMIED,L'TANYA ,,,UNKNOWN,42,FEMALE,BLACK,apr2016,,,05,0,0,1
1054372,632,ST LAWRENCE AVE,8408,STREET,29may2012 14:29:59,29may2012 14:29:59,30may2012,ABDULLAH,BEYAH,5229,006,,25sep2006,POLICE OFFICER,05Z,MISCELLANEOUS,05Z,MISCELLANEOUS,CLOSED/FINAL,EXONERATED,REMIED-LESTER,CLARICE ,,,UNKNOWN,30,FEMALE,BLACK,apr2016,,,05,0,0,1
