COMPLAINT_NUMBER,BEAT,STREET,ADDRESS,LOCATION_CODE,INCIDENT_TIME_START,INCIDENT_TIME_END,NOTIFICATION_DATE,ACCSUEDOFFICER_FNAME,ACCUSEDOFFICER_LNAME,ACCUSED_STAR,ACCUSED_UNIT,ACCUSED_DETAIL,ACCUSED_APPOINTMENT_DATE,ACCUSED_POSITION,INITIAL_CATEGORY_CODE,INITIAL_CATEGORY,CURRENT_CATEGORY_CODE,CURRENT_CATEGORY,CURRENT_STATUS,FINDING_CODE,INVOLVED_OFFICER_LNAME,INVOLVED_OFFICER_FNAME,INVOLVED_OFFICER_UNIT,INVOLVED_OFFICER_DETAIL,INVOLVED_OFFICER_POSITION,INVOLVED_OFFICER_AGE,INVOLVED_OFFICER_SEX,INVOLVED_OFFICER_RACE,foia,INVOLVED_OFFICER_DESCRIPTION,INVOLVED_OFFICER_TYPE,start_code_2,start_code_1,rec,sum_rec
1053673,225,WENTWORTH AVE,5101,POLICE FACILITY/VEH PARKING LOT,23apr2012 14:00:00,23apr2012 15:00:00,30apr2012,ABSALOM,BOYD,,010,,16dec2011,DETENTION AIDE,S002,OPEN HAND STRIKE (SLAP),05A,EXCESSIVE FORCE / ON DUTY - INJURY,CLOSED/FINAL,UNFOUNDED,MOSLEY,MARVIN,,,UNKNOWN,54,MALE,BLACK,apr2016,,,S0,S,0,1
1053673,225,WENTWORTH AVE,5101,POLICE FACILITY/VEH PARKING LOT,23apr2012 14:00:00,23apr2012 15:00:00,30apr2012,DORIAN,SMITH,19042,002,,06feb1995,POLICE OFFICER,S002,OPEN HAND STRIKE (SLAP),05A,EXCESSIVE FORCE / ON DUTY - INJURY,CLOSED/FINAL,EXONERATED,MOSLEY,MARVIN,,,UNKNOWN,54,MALE,BLACK,apr2016,,,S0,S,0,1
1053673,225,WENTWORTH AVE,5101,POLICE FACILITY/VEH PARKING LOT,23apr2012 14:00:00,23apr2012 15:00:00,30apr2012,ROBERT,GONZALEZ,12152,002,,14dec1998,POLICE OFFICER,S002,OPEN HAND STRIKE (SLAP),05A,EXCESSIVE FORCE / ON DUTY - INJURY,CLOSED/FINAL,EXONERATED,MOSLEY,MARVIN,,,UNKNOWN,54,MALE,BLACK,apr2016,,,S0,S,0,1
1053673,225,WENTWORTH AVE,5101,POLICE FACILITY/VEH PARKING LOT,23apr2012 14:00:00,23apr2012 15:00:00,30apr2012,CAROLYN,YOUNG,5186,002,,24sep2007,POLICE OFFICER,S002,OPEN HAND STRIKE (SLAP),05A,EXCESSIVE FORCE / ON DUTY - INJURY,CLOSED/FINAL,UNFOUNDED,MOSLEY,MARVIN,,,UNKNOWN,54,MALE,BLACK,apr2016,,,S0,S,0,1
1053673,225,WENTWORTH AVE,5101,POLICE FACILITY/VEH PARKING LOT,23apr2012 14:00:00,23apr2012 15:00:00,30apr2012,ROBERT,GONZALEZ,12152,002,,14dec1998,POLICE OFFICER,S002,OPEN HAND STRIKE (SLAP),05A,EXCESSIVE FORCE / ON DUTY - INJURY,CLOSED/FINAL,EXONERATED,ASHE,PATRICK,008,,DETENTION AIDE,,MALE,WHITE,apr2016,,,S0,S,0,1
1053673,225,WENTWORTH AVE,5101,POLICE FACILITY/VEH PARKING LOT,23apr2012 14:00:00,23apr2012 15:00:00,30apr2012,ALVIN,JONES,19462,002,,18mar1996,POLICE OFFICER,S002,OPEN HAND STRIKE (SLAP),05A,EXCESSIVE FORCE / ON DUTY - INJURY,CLOSED/FINAL,UNFOUNDED,ASHE,PATRICK,008,,DETENTION AIDE,,MALE,WHITE,apr2016,,,S0,S,0,1
1053673,225,WENTWORTH AVE,5101,POLICE FACILITY/VEH PARKING LOT,23apr2012 14:00:00,23apr2012 15:00:00,30apr2012,ALVIN,JONES,19462,002,,18mar1996,POLICE OFFICER,S002,OPEN HAND STRIKE (SLAP),05A,EXCESSIVE FORCE / ON DUTY - INJURY,CLOSED/FINAL,UNFOUNDED,VAZQUEZ,DAVE,020,,DETENTION AIDE,,MALE,SPANISH (DO NOT USE),apr2016,,,S0,S,0,1
1053673,225,WENTWORTH AVE,5101,POLICE FACILITY/VEH PARKING LOT,23apr2012 14:00:00,23apr2012 15:00:00,30apr2012,CAROLYN,YOUNG,5186,002,,24sep2007,POLICE OFFICER,S002,OPEN HAND STRIKE (SLAP),05A,EXCESSIVE FORCE / ON DUTY - INJURY,CLOSED/FINAL,NOT SUSTAINED,MOSLEY,MARVIN,,,UNKNOWN,54,MALE,BLACK,apr2016,,,S0,S,0,1
1053673,225,WENTWORTH AVE,5101,POLICE FACILITY/VEH PARKING LOT,23apr2012 14:00:00,23apr2012 15:00:00,30apr2012,DORIAN,SMITH,19042,002,,06feb1995,POLICE OFFICER,S002,OPEN HAND STRIKE (SLAP),05A,EXCESSIVE FORCE / ON DUTY - INJURY,CLOSED/FINAL,EXONERATED,ASHE,PATRICK,008,,DETENTION AIDE,,MALE,WHITE,apr2016,,,S0,S,0,1
1053673,225,WENTWORTH AVE,5101,POLICE FACILITY/VEH PARKING LOT,23apr2012 14:00:00,23apr2012 15:00:00,30apr2012,ROBERT,GONZALEZ,12152,002,,14dec1998,POLICE OFFICER,S002,OPEN HAND STRIKE (SLAP),05A,EXCESSIVE FORCE / ON DUTY - INJURY,CLOSED/FINAL,EXONERATED,VAZQUEZ,DAVE,020,,DETENTION AIDE,,MALE,SPANISH (DO NOT USE),apr2016,,,S0,S,0,1
1053673,225,WENTWORTH AVE,5101,POLICE FACILITY/VEH PARKING LOT,23apr2012 14:00:00,23apr2012 15:00:00,30apr2012,ALVIN,JONES,19462,002,,18mar1996,POLICE OFFICER,S002,OPEN HAND STRIKE (SLAP),05A,EXCESSIVE FORCE / ON DUTY - INJURY,CLOSED/FINAL,UNFOUNDED,MOSLEY,MARVIN,,,UNKNOWN,54,MALE,BLACK,apr2016,,,S0,S,0,1
1053673,225,WENTWORTH AVE,5101,POLICE FACILITY/VEH PARKING LOT,23apr2012 14:00:00,23apr2012 15:00:00,30apr2012,DORIAN,SMITH,19042,002,,06feb1995,POLICE OFFICER,S002,OPEN HAND STRIKE (SLAP),05A,EXCESSIVE FORCE / ON DUTY - INJURY,CLOSED/FINAL,EXONERATED,BOLTON,BRIAN,002,,POLICE OFFICER,,MALE,WHITE,apr2016,,,S0,S,0,1
1053673,225,WENTWORTH AVE,5101,POLICE FACILITY/VEH PARKING LOT,23apr2012 14:00:00,23apr2012 15:00:00,30apr2012,ABSALOM,BOYD,,010,,16dec2011,DETENTION AIDE,S002,OPEN HAND STRIKE (SLAP),05A,EXCESSIVE FORCE / ON DUTY - INJURY,CLOSED/FINAL,EXONERATED,VAZQUEZ,DAVE,020,,DETENTION AIDE,,MALE,SPANISH (DO NOT USE),apr2016,,,S0,S,0,1
1053673,225,WENTWORTH AVE,5101,POLICE FACILITY/VEH PARKING LOT,23apr2012 14:00:00,23apr2012 15:00:00,30apr2012,CAROLYN,YOUNG,5186,002,,24sep2007,POLICE OFFICER,S002,OPEN HAND STRIKE (SLAP),05A,EXCESSIVE FORCE / ON DUTY - INJURY,CLOSED/FINAL,NOT SUSTAINED,ASHE,PATRICK,008,,DETENTION AIDE,,MALE,WHITE,apr2016,,,S0,S,0,1
1053673,225,WENTWORTH AVE,5101,POLICE FACILITY/VEH PARKING LOT,23apr2012 14:00:00,23apr2012 15:00:00,30apr2012,ROBERT,GONZALEZ,12152,002,,14dec1998,POLICE OFFICER,S002,OPEN HAND STRIKE (SLAP),05A,EXCESSIVE FORCE / ON DUTY - INJURY,CLOSED/FINAL,EXONERATED,BOLTON,BRIAN,002,,POLICE OFFICER,,MALE,WHITE,apr2016,,,S0,S,0,1
1053673,225,WENTWORTH AVE,5101,POLICE FACILITY/VEH PARKING LOT,23apr2012 14:00:00,23apr2012 15:00:00,30apr2012,ABSALOM,BOYD,,010,,16dec2011,DETENTION AIDE,S002,OPEN HAND STRIKE (SLAP),05A,EXCESSIVE FORCE / ON DUTY - INJURY,CLOSED/FINAL,EXONERATED,ASHE,PATRICK,008,,DETENTION AIDE,,MALE,WHITE,apr2016,,,S0,S,1,1
1053673,225,WENTWORTH AVE,5101,POLICE FACILITY/VEH PARKING LOT,23apr2012 14:00:00,23apr2012 15:00:00,30apr2012,ABSALOM,BOYD,,010,,16dec2011,DETENTION AIDE,S002,OPEN HAND STRIKE (SLAP),05A,EXCESSIVE FORCE / ON DUTY - INJURY,CLOSED/FINAL,EXONERATED,MOSLEY,MARVIN,,,UNKNOWN,54,MALE,BLACK,apr2016,,,S0,S,0,1
1053673,225,WENTWORTH AVE,5101,POLICE FACILITY/VEH PARKING LOT,23apr2012 14:00:00,23apr2012 15:00:00,30apr2012,ROBERT,GONZALEZ,12152,002,,14dec1998,POLICE OFFICER,S002,OPEN HAND STRIKE (SLAP),05A,EXCESSIVE FORCE / ON DUTY - INJURY,CLOSED/FINAL,NOT SUSTAINED,MOSLEY,MARVIN,,,UNKNOWN,54,MALE,BLACK,apr2016,,,S0,S,0,1
1053673,225,WENTWORTH AVE,5101,POLICE FACILITY/VEH PARKING LOT,23apr2012 14:00:00,23apr2012 15:00:00,30apr2012,ABSALOM,BOYD,,010,,16dec2011,DETENTION AIDE,S002,OPEN HAND STRIKE (SLAP),05A,EXCESSIVE FORCE / ON DUTY - INJURY,CLOSED/FINAL,UNFOUNDED,ASHE,PATRICK,008,,DETENTION AIDE,,MALE,WHITE,apr2016,,,S0,S,0,1
1053673,225,WENTWORTH AVE,5101,POLICE FACILITY/VEH PARKING LOT,23apr2012 14:00:00,23apr2012 15:00:00,30apr2012,CAROLYN,YOUNG,5186,002,,24sep2007,POLICE OFFICER,S002,OPEN HAND STRIKE (SLAP),05A,EXCESSIVE FORCE / ON DUTY - INJURY,CLOSED/FINAL,UNFOUNDED,ASHE,PATRICK,008,,DETENTION AIDE,,MALE,WHITE,apr2016,,,S0,S,0,1
1053673,225,WENTWORTH AVE,5101,POLICE FACILITY/VEH PARKING LOT,23apr2012 14:00:00,23apr2012 15:00:00,30apr2012,ABSALOM,BOYD,,010,,16dec2011,DETENTION AIDE,S002,OPEN HAND STRIKE (SLAP),05A,EXCESSIVE FORCE / ON DUTY - INJURY,CLOSED/FINAL,UNFOUNDED,BOLTON,BRIAN,002,,POLICE OFFICER,,MALE,WHITE,apr2016,,,S0,S,0,1
1053673,225,WENTWORTH AVE,5101,POLICE FACILITY/VEH PARKING LOT,23apr2012 14:00:00,23apr2012 15:00:00,30apr2012,ALVIN,JONES,19462,002,,18mar1996,POLICE OFFICER,S002,OPEN HAND STRIKE (SLAP),05A,EXCESSIVE FORCE / ON DUTY - INJURY,CLOSED/FINAL,UNFOUNDED,BOLTON,BRIAN,002,,POLICE OFFICER,,MALE,WHITE,apr2016,,,S0,S,0,1
1053673,225,WENTWORTH AVE,5101,POLICE FACILITY/VEH PARKING LOT,23apr2012 14:00:00,23apr2012 15:00:00,30apr2012,DORIAN,SMITH,19042,002,,06feb1995,POLICE OFFICER,S002,OPEN HAND STRIKE (SLAP),05A,EXCESSIVE FORCE / ON DUTY - INJURY,CLOSED/FINAL,UNFOUNDED,BOLTON,BRIAN,002,,POLICE OFFICER,,MALE,WHITE,apr2016,,,S0,S,0,1
1053673,225,WENTWORTH AVE,5101,POLICE FACILITY/VEH PARKING LOT,23apr2012 14:00:00,23apr2012 15:00:00,30apr2012,ROBERT,GONZALEZ,12152,002,,14dec1998,POLICE OFFICER,S002,OPEN HAND STRIKE (SLAP),05A,EXCESSIVE FORCE / ON DUTY - INJURY,CLOSED/FINAL,NOT SUSTAINED,VAZQUEZ,DAVE,020,,DETENTION AIDE,,MALE,SPANISH (DO NOT USE),apr2016,,,S0,S,0,1
1053673,225,WENTWORTH AVE,5101,POLICE FACILITY/VEH PARKING LOT,23apr2012 14:00:00,23apr2012 15:00:00,30apr2012,CAROLYN,YOUNG,5186,002,,24sep2007,POLICE OFFICER,S002,OPEN HAND STRIKE (SLAP),05A,EXCESSIVE FORCE / ON DUTY - INJURY,CLOSED/FINAL,UNFOUNDED,VAZQUEZ,DAVE,020,,DETENTION AIDE,,MALE,SPANISH (DO NOT USE),apr2016,,,S0,S,0,1
1053673,225,WENTWORTH AVE,5101,POLICE FACILITY/VEH PARKING LOT,23apr2012 14:00:00,23apr2012 15:00:00,30apr2012,ALVIN,JONES,19462,002,,18mar1996,POLICE OFFICER,S002,OPEN HAND STRIKE (SLAP),05A,EXCESSIVE FORCE / ON DUTY - INJURY,CLOSED/FINAL,NOT SUSTAINED,BOLTON,BRIAN,002,,POLICE OFFICER,,MALE,WHITE,apr2016,,,S0,S,0,1
1053673,225,WENTWORTH AVE,5101,POLICE FACILITY/VEH PARKING LOT,23apr2012 14:00:00,23apr2012 15:00:00,30apr2012,ROBERT,GONZALEZ,12152,002,,14dec1998,POLICE OFFICER,S002,OPEN HAND STRIKE (SLAP),05A,EXCESSIVE FORCE / ON DUTY - INJURY,CLOSED/FINAL,NOT SUSTAINED,BOLTON,BRIAN,002,,POLICE OFFICER,,MALE,WHITE,apr2016,,,S0,S,0,1
1053673,225,WENTWORTH AVE,5101,POLICE FACILITY/VEH PARKING LOT,23apr2012 14:00:00,23apr2012 15:00:00,30apr2012,ABSALOM,BOYD,,010,,16dec2011,DETENTION AIDE,S002,OPEN HAND STRIKE (SLAP),05A,EXCESSIVE FORCE / ON DUTY - INJURY,CLOSED/FINAL,UNFOUNDED,VAZQUEZ,DAVE,020,,DETENTION AIDE,,MALE,SPANISH (DO NOT USE),apr2016,,,S0,S,0,1
1053673,225,WENTWORTH AVE,5101,POLICE FACILITY/VEH PARKING LOT,23apr2012 14:00:00,23apr2012 15:00:00,30apr2012,CAROLYN,YOUNG,5186,002,,24sep2007,POLICE OFFICER,S002,OPEN HAND STRIKE (SLAP),05A,EXCESSIVE FORCE / ON DUTY - INJURY,CLOSED/FINAL,UNFOUNDED,BOLTON,BRIAN,002,,POLICE OFFICER,,MALE,WHITE,apr2016,,,S0,S,0,1
1053673,225,WENTWORTH AVE,5101,POLICE FACILITY/VEH PARKING LOT,23apr2012 14:00:00,23apr2012 15:00:00,30apr2012,ABSALOM,BOYD,,010,,16dec2011,DETENTION AIDE,S002,OPEN HAND STRIKE (SLAP),05A,EXCESSIVE FORCE / ON DUTY - INJURY,CLOSED/FINAL,EXONERATED,BOLTON,BRIAN,002,,POLICE OFFICER,,MALE,WHITE,apr2016,,,S0,S,0,1
1053673,225,WENTWORTH AVE,5101,POLICE FACILITY/VEH PARKING LOT,23apr2012 14:00:00,23apr2012 15:00:00,30apr2012,CAROLYN,YOUNG,5186,002,,24sep2007,POLICE OFFICER,S002,OPEN HAND STRIKE (SLAP),05A,EXCESSIVE FORCE / ON DUTY - INJURY,CLOSED/FINAL,NOT SUSTAINED,VAZQUEZ,DAVE,020,,DETENTION AIDE,,MALE,SPANISH (DO NOT USE),apr2016,,,S0,S,0,1
1053673,225,WENTWORTH AVE,5101,POLICE FACILITY/VEH PARKING LOT,23apr2012 14:00:00,23apr2012 15:00:00,30apr2012,ALVIN,JONES,19462,002,,18mar1996,POLICE OFFICER,S002,OPEN HAND STRIKE (SLAP),05A,EXCESSIVE FORCE / ON DUTY - INJURY,CLOSED/FINAL,NOT SUSTAINED,ASHE,PATRICK,008,,DETENTION AIDE,,MALE,WHITE,apr2016,,,S0,S,0,1
1053673,225,WENTWORTH AVE,5101,POLICE FACILITY/VEH PARKING LOT,23apr2012 14:00:00,23apr2012 15:00:00,30apr2012,DORIAN,SMITH,19042,002,,06feb1995,POLICE OFFICER,S002,OPEN HAND STRIKE (SLAP),05A,EXCESSIVE FORCE / ON DUTY - INJURY,CLOSED/FINAL,UNFOUNDED,MOSLEY,MARVIN,,,UNKNOWN,54,MALE,BLACK,apr2016,,,S0,S,0,1
1053673,225,WENTWORTH AVE,5101,POLICE FACILITY/VEH PARKING LOT,23apr2012 14:00:00,23apr2012 15:00:00,30apr2012,ALVIN,JONES,19462,002,,18mar1996,POLICE OFFICER,S002,OPEN HAND STRIKE (SLAP),05A,EXCESSIVE FORCE / ON DUTY - INJURY,CLOSED/FINAL,NOT SUSTAINED,MOSLEY,MARVIN,,,UNKNOWN,54,MALE,BLACK,apr2016,,,S0,S,0,1
1053673,225,WENTWORTH AVE,5101,POLICE FACILITY/VEH PARKING LOT,23apr2012 14:00:00,23apr2012 15:00:00,30apr2012,DORIAN,SMITH,19042,002,,06feb1995,POLICE OFFICER,S002,OPEN HAND STRIKE (SLAP),05A,EXCESSIVE FORCE / ON DUTY - INJURY,CLOSED/FINAL,EXONERATED,VAZQUEZ,DAVE,020,,DETENTION AIDE,,MALE,SPANISH (DO NOT USE),apr2016,,,S0,S,0,1
1053673,225,WENTWORTH AVE,5101,POLICE FACILITY/VEH PARKING LOT,23apr2012 14:00:00,23apr2012 15:00:00,30apr2012,DORIAN,SMITH,19042,002,,06feb1995,POLICE OFFICER,S002,OPEN HAND STRIKE (SLAP),05A,EXCESSIVE FORCE / ON DUTY - INJURY,CLOSED/FINAL,UNFOUNDED,ASHE,PATRICK,008,,DETENTION AIDE,,MALE,WHITE,apr2016,,,S0,S,0,1
1053673,225,WENTWORTH AVE,5101,POLICE FACILITY/VEH PARKING LOT,23apr2012 14:00:00,23apr2012 15:00:00,30apr2012,ALVIN,JONES,19462,002,,18mar1996,POLICE OFFICER,S002,OPEN HAND STRIKE (SLAP),05A,EXCESSIVE FORCE / ON DUTY - INJURY,CLOSED/FINAL,NOT SUSTAINED,VAZQUEZ,DAVE,020,,DETENTION AIDE,,MALE,SPANISH (DO NOT USE),apr2016,,,S0,S,0,1
1053673,225,WENTWORTH AVE,5101,POLICE FACILITY/VEH PARKING LOT,23apr2012 14:00:00,23apr2012 15:00:00,30apr2012,DORIAN,SMITH,19042,002,,06feb1995,POLICE OFFICER,S002,OPEN HAND STRIKE (SLAP),05A,EXCESSIVE FORCE / ON DUTY - INJURY,CLOSED/FINAL,UNFOUNDED,VAZQUEZ,DAVE,020,,DETENTION AIDE,,MALE,SPANISH (DO NOT USE),apr2016,,,S0,S,0,1
1053673,225,WENTWORTH AVE,5101,POLICE FACILITY/VEH PARKING LOT,23apr2012 14:00:00,23apr2012 15:00:00,30apr2012,ROBERT,GONZALEZ,12152,002,,14dec1998,POLICE OFFICER,S002,OPEN HAND STRIKE (SLAP),05A,EXCESSIVE FORCE / ON DUTY - INJURY,CLOSED/FINAL,NOT SUSTAINED,ASHE,PATRICK,008,,DETENTION AIDE,,MALE,WHITE,apr2016,,,S0,S,0,1
1053673,225,WENTWORTH AVE,5101,POLICE FACILITY/VEH PARKING LOT,23apr2012 14:00:00,23apr2012 15:00:00,30apr2012,CAROLYN,YOUNG,5186,002,,24sep2007,POLICE OFFICER,S002,OPEN HAND STRIKE (SLAP),05A,EXCESSIVE FORCE / ON DUTY - INJURY,CLOSED/FINAL,NOT SUSTAINED,BOLTON,BRIAN,002,,POLICE OFFICER,,MALE,WHITE,apr2016,,,S0,S,0,1
