COMPLAINT_NUMBER,BEAT,STREET,ADDRESS,LOCATION_CODE,INCIDENT_TIME_START,INCIDENT_TIME_END,NOTIFICATION_DATE,ACCSUEDOFFICER_FNAME,ACCUSEDOFFICER_LNAME,ACCUSED_STAR,ACCUSED_UNIT,ACCUSED_DETAIL,ACCUSED_APPOINTMENT_DATE,ACCUSED_POSITION,INITIAL_CATEGORY_CODE,INITIAL_CATEGORY,CURRENT_CATEGORY_CODE,CURRENT_CATEGORY,CURRENT_STATUS,FINDING_CODE,INVOLVED_OFFICER_LNAME,INVOLVED_OFFICER_FNAME,INVOLVED_OFFICER_UNIT,INVOLVED_OFFICER_DETAIL,INVOLVED_OFFICER_POSITION,INVOLVED_OFFICER_AGE,INVOLVED_OFFICER_SEX,INVOLVED_OFFICER_RACE,foia,INVOLVED_OFFICER_DESCRIPTION,INVOLVED_OFFICER_TYPE,start_code_2,start_code_1,rec,sum_rec
1053788,231,DR MARTIN LUTHER KING JR DR,5300,STREET,03may2012 21:00:00,03may2012 23:00:00,04may2012,JOHN,SMITH,12101,003,,30sep2002,POLICE OFFICER,S008,TAKE DOWN (THROWN TO GROUND),05A,EXCESSIVE FORCE / ON DUTY - INJURY,CLOSED/FINAL,EXONERATED,,,,,UNKNOWN,,FEMALE,BLACK,apr2016,,,S0,S,0,1
1053788,231,DR MARTIN LUTHER KING JR DR,5300,STREET,03may2012 21:00:00,03may2012 23:00:00,04may2012,JOHN,SMITH,12101,003,,30sep2002,POLICE OFFICER,S008,TAKE DOWN (THROWN TO GROUND),05A,EXCESSIVE FORCE / ON DUTY - INJURY,CLOSED/FINAL,EXONERATED,IRVING,DELISHA,,,UNKNOWN,34,FEMALE,BLACK,apr2016,,,S0,S,0,1
1053788,231,DR MARTIN LUTHER KING JR DR,5300,STREET,03may2012 21:00:00,03may2012 23:00:00,04may2012,,,,,,,,S008,TAKE DOWN (THROWN TO GROUND),05A,EXCESSIVE FORCE / ON DUTY - INJURY,CLOSED/FINAL,UNFOUNDED,,,,,UNKNOWN,,FEMALE,BLACK,apr2016,,,S0,S,0,1
1053788,231,DR MARTIN LUTHER KING JR DR,5300,STREET,03may2012 21:00:00,03may2012 23:00:00,04may2012,,,,,,,,S008,TAKE DOWN (THROWN TO GROUND),05A,EXCESSIVE FORCE / ON DUTY - INJURY,CLOSED/FINAL,UNFOUNDED,IRVING,DELISHA,,,UNKNOWN,34,FEMALE,BLACK,apr2016,,,S0,S,0,1
1053788,231,DR MARTIN LUTHER KING JR DR,5300,STREET,03may2012 21:00:00,03may2012 23:00:00,04may2012,JOHN,SMITH,12101,003,,30sep2002,POLICE OFFICER,S008,TAKE DOWN (THROWN TO GROUND),05A,EXCESSIVE FORCE / ON DUTY - INJURY,CLOSED/FINAL,EXONERATED,IRVING,DELISHA,,,UNKNOWN,33,FEMALE,BLACK,apr2016,,,S0,S,0,1
1053788,231,DR MARTIN LUTHER KING JR DR,5300,STREET,03may2012 21:00:00,03may2012 23:00:00,04may2012,,,,,,,,S008,TAKE DOWN (THROWN TO GROUND),05A,EXCESSIVE FORCE / ON DUTY - INJURY,CLOSED/FINAL,UNFOUNDED,WILLIAMS,CHAQUON,,,UNKNOWN,9,MALE,BLACK,apr2016,,,S0,S,0,1
1053788,231,DR MARTIN LUTHER KING JR DR,5300,STREET,03may2012 21:00:00,03may2012 23:00:00,04may2012,,,,,,,,S008,TAKE DOWN (THROWN TO GROUND),05A,EXCESSIVE FORCE / ON DUTY - INJURY,CLOSED/FINAL,UNFOUNDED,IRVING,DELISHA,,,UNKNOWN,33,FEMALE,BLACK,apr2016,,,S0,S,0,1
1053788,231,DR MARTIN LUTHER KING JR DR,5300,STREET,03may2012 21:00:00,03may2012 23:00:00,04may2012,,,,,,,,S008,TAKE DOWN (THROWN TO GROUND),05A,EXCESSIVE FORCE / ON DUTY - INJURY,CLOSED/FINAL,UNFOUNDED,WILLIAMS,CHAQUON,,,UNKNOWN,10,MALE,BLACK,apr2016,,,S0,S,0,1
1053788,231,DR MARTIN LUTHER KING JR DR,5300,STREET,03may2012 21:00:00,03may2012 23:00:00,04may2012,JOHN,SMITH,12101,003,,30sep2002,POLICE OFFICER,S008,TAKE DOWN (THROWN TO GROUND),05A,EXCESSIVE FORCE / ON DUTY - INJURY,CLOSED/FINAL,EXONERATED,WILLIAMS,CHAQUON,,,UNKNOWN,10,MALE,BLACK,apr2016,,,S0,S,0,1
1053788,231,DR MARTIN LUTHER KING JR DR,5300,STREET,03may2012 21:00:00,03may2012 23:00:00,04may2012,JOHN,SMITH,12101,003,,30sep2002,POLICE OFFICER,S008,TAKE DOWN (THROWN TO GROUND),05A,EXCESSIVE FORCE / ON DUTY - INJURY,CLOSED/FINAL,EXONERATED,WILLIAMS,CHAQUON,,,UNKNOWN,9,MALE,BLACK,apr2016,,,S0,S,0,1
