COMPLAINT_NUMBER,BEAT,STREET,ADDRESS,LOCATION_CODE,INCIDENT_TIME_START,INCIDENT_TIME_END,NOTIFICATION_DATE,ACCSUEDOFFICER_FNAME,ACCUSEDOFFICER_LNAME,ACCUSED_STAR,ACCUSED_UNIT,ACCUSED_DETAIL,ACCUSED_APPOINTMENT_DATE,ACCUSED_POSITION,INITIAL_CATEGORY_CODE,INITIAL_CATEGORY,CURRENT_CATEGORY_CODE,CURRENT_CATEGORY,CURRENT_STATUS,FINDING_CODE,INVOLVED_OFFICER_LNAME,INVOLVED_OFFICER_FNAME,INVOLVED_OFFICER_UNIT,INVOLVED_OFFICER_DETAIL,INVOLVED_OFFICER_POSITION,INVOLVED_OFFICER_AGE,INVOLVED_OFFICER_SEX,INVOLVED_OFFICER_RACE,foia,INVOLVED_OFFICER_DESCRIPTION,INVOLVED_OFFICER_TYPE,start_code_2,start_code_1,rec,sum_rec
1059843,832,OAKLEY AVE,6627,STREET,28jan2013 19:25:00,28jan2013 20:25:00,30jan2013,,BOWIE,6000,003,211,02dec2002,POLICE OFFICER,,,S117,PUSH/PULL/GRAB,CLOSED/FINAL,NOT SUSTAINED,GLOVER,LESLIE,,,UNKNOWN,46,FEMALE,BLACK,apr2016,,,,,0,1
1059843,832,OAKLEY AVE,6627,STREET,28jan2013 19:25:00,28jan2013 20:25:00,30jan2013,,BOWIE,6000,003,211,02dec2002,POLICE OFFICER,,,S117,PUSH/PULL/GRAB,CLOSED/FINAL,NOT SUSTAINED,GLOVER,LESLIE,,,UNKNOWN,44,FEMALE,BLACK,apr2016,,,,,0,1
1059843,832,OAKLEY AVE,6627,STREET,28jan2013 19:25:00,28jan2013 20:25:00,30jan2013,,BOWIE,6000,003,211,02dec2002,POLICE OFFICER,,,S117,PUSH/PULL/GRAB,CLOSED/FINAL,NOT SUSTAINED,GLOVER,RAYMOND,,,UNKNOWN,,MALE,BLACK,apr2016,,,,,0,1
1059843,832,OAKLEY AVE,6627,STREET,28jan2013 19:25:00,28jan2013 20:25:00,30jan2013,,DOWLING,4651,004,211,31jul2006,POLICE OFFICER,,,S117,PUSH/PULL/GRAB,CLOSED/FINAL,UNFOUNDED,GLOVER,RAYMOND,,,UNKNOWN,,MALE,BLACK,apr2016,,,,,0,1
1059843,832,OAKLEY AVE,6627,STREET,28jan2013 19:25:00,28jan2013 20:25:00,30jan2013,,DOWLING,4651,004,211,31jul2006,POLICE OFFICER,,,S117,PUSH/PULL/GRAB,CLOSED/FINAL,UNFOUNDED,WARREN,DANIEL,011,,PO/FIELD TRNING OFF,,MALE,WHITE,apr2016,,,,,0,1
1059843,832,OAKLEY AVE,6627,STREET,28jan2013 19:25:00,28jan2013 20:25:00,30jan2013,,BOWIE,6000,003,211,02dec2002,POLICE OFFICER,,,S117,PUSH/PULL/GRAB,CLOSED/FINAL,NOT SUSTAINED,CARR,DARRELL,,,UNKNOWN,,MALE,BLACK,apr2016,,,,,0,1
1059843,832,OAKLEY AVE,6627,STREET,28jan2013 19:25:00,28jan2013 20:25:00,30jan2013,,,,,,,,,,S117,PUSH/PULL/GRAB,CLOSED/FINAL,UNFOUNDED,CARR,DARRELL,,,UNKNOWN,,MALE,BLACK,apr2016,,,,,0,1
1059843,832,OAKLEY AVE,6627,STREET,28jan2013 19:25:00,28jan2013 20:25:00,30jan2013,,DOWLING,4651,004,211,31jul2006,POLICE OFFICER,,,S117,PUSH/PULL/GRAB,CLOSED/FINAL,UNFOUNDED,GLOVER,LESLIE,,,UNKNOWN,44,FEMALE,BLACK,apr2016,,,,,0,1
1059843,832,OAKLEY AVE,6627,STREET,28jan2013 19:25:00,28jan2013 20:25:00,30jan2013,,BOWIE,6000,003,211,02dec2002,POLICE OFFICER,,,S117,PUSH/PULL/GRAB,CLOSED/FINAL,NOT SUSTAINED,WARREN,DANIEL,011,,PO/FIELD TRNING OFF,,MALE,WHITE,apr2016,,,,,0,1
1059843,832,OAKLEY AVE,6627,STREET,28jan2013 19:25:00,28jan2013 20:25:00,30jan2013,,DOWLING,4651,004,211,31jul2006,POLICE OFFICER,,,S117,PUSH/PULL/GRAB,CLOSED/FINAL,UNFOUNDED,GLOVER,LESLIE,,,UNKNOWN,46,FEMALE,BLACK,apr2016,,,,,0,1
1059843,832,OAKLEY AVE,6627,STREET,28jan2013 19:25:00,28jan2013 20:25:00,30jan2013,,,,,,,,,,S117,PUSH/PULL/GRAB,CLOSED/FINAL,UNFOUNDED,WARREN,DANIEL,011,,PO/FIELD TRNING OFF,,MALE,WHITE,apr2016,,,,,0,1
1059843,832,OAKLEY AVE,6627,STREET,28jan2013 19:25:00,28jan2013 20:25:00,30jan2013,,DOWLING,4651,004,211,31jul2006,POLICE OFFICER,,,S117,PUSH/PULL/GRAB,CLOSED/FINAL,UNFOUNDED,GLOVER,MARIE,,,UNKNOWN,,FEMALE,BLACK,apr2016,,,,,0,1
1059843,832,OAKLEY AVE,6627,STREET,28jan2013 19:25:00,28jan2013 20:25:00,30jan2013,,DOWLING,4651,004,211,31jul2006,POLICE OFFICER,,,S117,PUSH/PULL/GRAB,CLOSED/FINAL,UNFOUNDED,CARR,DARRELL,,,UNKNOWN,,MALE,BLACK,apr2016,,,,,0,1
1059843,832,OAKLEY AVE,6627,STREET,28jan2013 19:25:00,28jan2013 20:25:00,30jan2013,,,,,,,,,,S117,PUSH/PULL/GRAB,CLOSED/FINAL,UNFOUNDED,GLOVER,RAYMOND,,,UNKNOWN,,MALE,BLACK,apr2016,,,,,0,1
1059843,832,OAKLEY AVE,6627,STREET,28jan2013 19:25:00,28jan2013 20:25:00,30jan2013,,,,,,,,,,S117,PUSH/PULL/GRAB,CLOSED/FINAL,UNFOUNDED,GLOVER,MARIE,,,UNKNOWN,,FEMALE,BLACK,apr2016,,,,,0,1
1059843,832,OAKLEY AVE,6627,STREET,28jan2013 19:25:00,28jan2013 20:25:00,30jan2013,,,,,,,,,,S117,PUSH/PULL/GRAB,CLOSED/FINAL,UNFOUNDED,GLOVER,LESLIE,,,UNKNOWN,46,FEMALE,BLACK,apr2016,,,,,0,1
1059843,832,OAKLEY AVE,6627,STREET,28jan2013 19:25:00,28jan2013 20:25:00,30jan2013,,BOWIE,6000,003,211,02dec2002,POLICE OFFICER,,,S117,PUSH/PULL/GRAB,CLOSED/FINAL,NOT SUSTAINED,GLOVER,MARIE,,,UNKNOWN,,FEMALE,BLACK,apr2016,,,,,0,1
1059843,832,OAKLEY AVE,6627,STREET,28jan2013 19:25:00,28jan2013 20:25:00,30jan2013,,,,,,,,,,S117,PUSH/PULL/GRAB,CLOSED/FINAL,UNFOUNDED,GLOVER,LESLIE,,,UNKNOWN,44,FEMALE,BLACK,apr2016,,,,,0,1
