COMPLAINT_NUMBER,BEAT,STREET,ADDRESS,LOCATION_CODE,INCIDENT_TIME_START,INCIDENT_TIME_END,NOTIFICATION_DATE,ACCSUEDOFFICER_FNAME,ACCUSEDOFFICER_LNAME,ACCUSED_STAR,ACCUSED_UNIT,ACCUSED_DETAIL,ACCUSED_APPOINTMENT_DATE,ACCUSED_POSITION,INITIAL_CATEGORY_CODE,INITIAL_CATEGORY,CURRENT_CATEGORY_CODE,CURRENT_CATEGORY,CURRENT_STATUS,FINDING_CODE,INVOLVED_OFFICER_LNAME,INVOLVED_OFFICER_FNAME,INVOLVED_OFFICER_UNIT,INVOLVED_OFFICER_DETAIL,INVOLVED_OFFICER_POSITION,INVOLVED_OFFICER_AGE,INVOLVED_OFFICER_SEX,INVOLVED_OFFICER_RACE,foia,INVOLVED_OFFICER_DESCRIPTION,INVOLVED_OFFICER_TYPE,start_code_2,start_code_1,rec,sum_rec
1054432,431,HOXIE AVE,9600,STREET,01jun2012 00:00:00,01jun2012 00:00:00,01jun2012,,,,,,,,05A,EXCESSIVE FORCE / ON DUTY - INJURY,S008,TAKE DOWN (THROWN TO GROUND),CLOSED/FINAL,EXONERATED,BICKETT,ERIC,004,,POLICE OFFICER,,MALE,WHITE,apr2016,,,05,0,1,1
1054432,431,HOXIE AVE,9600,STREET,01jun2012 00:00:00,01jun2012 00:00:00,01jun2012,,,,,,,,05A,EXCESSIVE FORCE / ON DUTY - INJURY,S008,TAKE DOWN (THROWN TO GROUND),CLOSED/FINAL,EXONERATED,ROBINSON,JANIE,,,UNKNOWN,70,FEMALE,BLACK,apr2016,,,05,0,0,1
1054432,431,HOXIE AVE,9600,STREET,01jun2012 00:00:00,01jun2012 00:00:00,01jun2012,JEFFREY,FRAHM,5904,004,,24sep2007,POLICE OFFICER,05A,EXCESSIVE FORCE / ON DUTY - INJURY,S008,TAKE DOWN (THROWN TO GROUND),CLOSED/FINAL,EXONERATED,ROBINSON,JANIE,,,UNKNOWN,67,FEMALE,BLACK,apr2016,,,05,0,0,1
1054432,431,HOXIE AVE,9600,STREET,01jun2012 00:00:00,01jun2012 00:00:00,01jun2012,,,,,,,,05A,EXCESSIVE FORCE / ON DUTY - INJURY,S008,TAKE DOWN (THROWN TO GROUND),CLOSED/FINAL,EXONERATED,ROBINSON,MARK,,,UNKNOWN,,MALE,BLACK,apr2016,,,05,0,0,1
1054432,431,HOXIE AVE,9600,STREET,01jun2012 00:00:00,01jun2012 00:00:00,01jun2012,JEFFREY,FRAHM,5904,004,,24sep2007,POLICE OFFICER,05A,EXCESSIVE FORCE / ON DUTY - INJURY,S008,TAKE DOWN (THROWN TO GROUND),CLOSED/FINAL,EXONERATED,ROBINSON,JANIE,,,UNKNOWN,70,FEMALE,BLACK,apr2016,,,05,0,0,1
1054432,431,HOXIE AVE,9600,STREET,01jun2012 00:00:00,01jun2012 00:00:00,01jun2012,,,,,,,,05A,EXCESSIVE FORCE / ON DUTY - INJURY,S008,TAKE DOWN (THROWN TO GROUND),CLOSED/FINAL,EXONERATED,ROBINSON,JANIE,,,UNKNOWN,67,FEMALE,BLACK,apr2016,,,05,0,0,1
1054432,431,HOXIE AVE,9600,STREET,01jun2012 00:00:00,01jun2012 00:00:00,01jun2012,JEFFREY,FRAHM,5904,004,,24sep2007,POLICE OFFICER,05A,EXCESSIVE FORCE / ON DUTY - INJURY,S008,TAKE DOWN (THROWN TO GROUND),CLOSED/FINAL,EXONERATED,BICKETT,ERIC,004,,POLICE OFFICER,,MALE,WHITE,apr2016,,,05,0,0,1
1054432,431,HOXIE AVE,9600,STREET,01jun2012 00:00:00,01jun2012 00:00:00,01jun2012,JEFFREY,FRAHM,5904,004,,24sep2007,POLICE OFFICER,05A,EXCESSIVE FORCE / ON DUTY - INJURY,S008,TAKE DOWN (THROWN TO GROUND),CLOSED/FINAL,EXONERATED,ROBINSON,MARK,,,UNKNOWN,,MALE,BLACK,apr2016,,,05,0,0,1
