COMPLAINT_NUMBER,BEAT,STREET,ADDRESS,LOCATION_CODE,INCIDENT_TIME_START,INCIDENT_TIME_END,NOTIFICATION_DATE,ACCSUEDOFFICER_FNAME,ACCUSEDOFFICER_LNAME,ACCUSED_STAR,ACCUSED_UNIT,ACCUSED_DETAIL,ACCUSED_APPOINTMENT_DATE,ACCUSED_POSITION,INITIAL_CATEGORY_CODE,INITIAL_CATEGORY,CURRENT_CATEGORY_CODE,CURRENT_CATEGORY,CURRENT_STATUS,FINDING_CODE,INVOLVED_OFFICER_LNAME,INVOLVED_OFFICER_FNAME,INVOLVED_OFFICER_UNIT,INVOLVED_OFFICER_DETAIL,INVOLVED_OFFICER_POSITION,INVOLVED_OFFICER_AGE,INVOLVED_OFFICER_SEX,INVOLVED_OFFICER_RACE,foia,INVOLVED_OFFICER_DESCRIPTION,INVOLVED_OFFICER_TYPE,start_code_2,start_code_1,rec,sum_rec
1053800,622,83RD ST,250,OTHER,05may2012 17:25:00,05may2012 17:25:00,05may2012,VICTOR,ANDERSON,11743,701,,02jan1991,POLICE OFFICER,05Q,UNNECESSARY DISPLAY OF WEAPON / OFF DUTY,05Q,UNNECESSARY DISPLAY OF WEAPON / OFF DUTY,CLOSED/FINAL,NOT SUSTAINED,MUELLER,JACKLYN,006,,POLICE OFFICER,,FEMALE,WHITE,apr2016,,,05,0,0,1
1053800,622,83RD ST,250,OTHER,05may2012 17:25:00,05may2012 17:25:00,05may2012,VICTOR,ANDERSON,11743,701,,02jan1991,POLICE OFFICER,05Q,UNNECESSARY DISPLAY OF WEAPON / OFF DUTY,05Q,UNNECESSARY DISPLAY OF WEAPON / OFF DUTY,CLOSED/FINAL,NOT SUSTAINED,MOORE,JARRELLE,006,,CROSSING GUARD,,FEMALE,BLACK,apr2016,,,05,0,0,1
1053800,622,83RD ST,250,OTHER,05may2012 17:25:00,05may2012 17:25:00,05may2012,VICTOR,ANDERSON,11743,701,,02jan1991,POLICE OFFICER,05Q,UNNECESSARY DISPLAY OF WEAPON / OFF DUTY,05Q,UNNECESSARY DISPLAY OF WEAPON / OFF DUTY,CLOSED/FINAL,NOT SUSTAINED,BIBS-MOORE,ALEXANDER,,,UNKNOWN,,MALE,BLACK,apr2016,,,05,0,0,1
1053800,622,83RD ST,250,OTHER,05may2012 17:25:00,05may2012 17:25:00,05may2012,VICTOR,ANDERSON,11743,701,,02jan1991,POLICE OFFICER,05Q,UNNECESSARY DISPLAY OF WEAPON / OFF DUTY,05Q,UNNECESSARY DISPLAY OF WEAPON / OFF DUTY,CLOSED/FINAL,NOT SUSTAINED,KACZYNSKI,JASON,006,,SERGEANT OF POLICE,,MALE,WHITE,apr2016,,,05,0,1,1
1053800,622,83RD ST,250,OTHER,05may2012 17:25:00,05may2012 17:25:00,05may2012,VICTOR,ANDERSON,11743,701,,02jan1991,POLICE OFFICER,05Q,UNNECESSARY DISPLAY OF WEAPON / OFF DUTY,05Q,UNNECESSARY DISPLAY OF WEAPON / OFF DUTY,CLOSED/FINAL,NOT SUSTAINED,LOPEZ,JOSE,006,,POLICE OFFICER,,MALE,SPANISH (DO NOT USE),apr2016,,,05,0,0,1
