COMPLAINT_NUMBER,BEAT,STREET,ADDRESS,LOCATION_CODE,INCIDENT_TIME_START,INCIDENT_TIME_END,NOTIFICATION_DATE,ACCSUEDOFFICER_FNAME,ACCUSEDOFFICER_LNAME,ACCUSED_STAR,ACCUSED_UNIT,ACCUSED_DETAIL,ACCUSED_APPOINTMENT_DATE,ACCUSED_POSITION,INITIAL_CATEGORY_CODE,INITIAL_CATEGORY,CURRENT_CATEGORY_CODE,CURRENT_CATEGORY,CURRENT_STATUS,FINDING_CODE,INVOLVED_OFFICER_LNAME,INVOLVED_OFFICER_FNAME,INVOLVED_OFFICER_UNIT,INVOLVED_OFFICER_DETAIL,INVOLVED_OFFICER_POSITION,INVOLVED_OFFICER_AGE,INVOLVED_OFFICER_SEX,INVOLVED_OFFICER_RACE,foia,INVOLVED_OFFICER_DESCRIPTION,INVOLVED_OFFICER_TYPE,start_code_2,start_code_1,rec,sum_rec
1058745,1115,MADISON ST,4238,SIDEWALK,15nov2012 19:20:00,15nov2012 19:20:00,30nov2012,JOHN,FRANO,11772,015,213,14aug2000,POLICE OFFICER,S042,MISCELLANEOUS,05B,EXCESSIVE FORCE / ON DUTY - NO INJURY,CLOSED/FINAL,NOT SUSTAINED,WHEELER,DORA,,,UNKNOWN,71,FEMALE,BLACK,apr2016,,,S0,S,0,1
1058745,1115,MADISON ST,4238,SIDEWALK,15nov2012 19:20:00,15nov2012 19:20:00,30nov2012,MARVIN,BONNSTETTER,15963,025,213,27jan2003,POLICE OFFICER,S042,MISCELLANEOUS,05B,EXCESSIVE FORCE / ON DUTY - NO INJURY,CLOSED/FINAL,SUSTAINED,WHEELER,ROGER,,,UNKNOWN,31,MALE,BLACK,apr2016,,,S0,S,0,1
1058745,1115,MADISON ST,4238,SIDEWALK,15nov2012 19:20:00,15nov2012 19:20:00,30nov2012,,,,,,,,S042,MISCELLANEOUS,05B,EXCESSIVE FORCE / ON DUTY - NO INJURY,CLOSED/FINAL,SUSTAINED,WHEELER,ROGER,,,UNKNOWN,31,MALE,BLACK,apr2016,,,S0,S,0,1
1058745,1115,MADISON ST,4238,SIDEWALK,15nov2012 19:20:00,15nov2012 19:20:00,30nov2012,JOHN,FRANO,11772,015,213,14aug2000,POLICE OFFICER,S042,MISCELLANEOUS,05B,EXCESSIVE FORCE / ON DUTY - NO INJURY,CLOSED/FINAL,NOT SUSTAINED,WHEELER,ROGER,,,UNKNOWN,33,MALE,BLACK,apr2016,,,S0,S,0,1
1058745,1115,MADISON ST,4238,SIDEWALK,15nov2012 19:20:00,15nov2012 19:20:00,30nov2012,MARVIN,BONNSTETTER,15963,025,213,27jan2003,POLICE OFFICER,S042,MISCELLANEOUS,05B,EXCESSIVE FORCE / ON DUTY - NO INJURY,CLOSED/FINAL,SUSTAINED,WHEELER,DORA,,,UNKNOWN,71,FEMALE,BLACK,apr2016,,,S0,S,0,1
1058745,1115,MADISON ST,4238,SIDEWALK,15nov2012 19:20:00,15nov2012 19:20:00,30nov2012,JOHN,FRANO,11772,015,213,14aug2000,POLICE OFFICER,S042,MISCELLANEOUS,05B,EXCESSIVE FORCE / ON DUTY - NO INJURY,CLOSED/FINAL,NOT SUSTAINED,WHEELER,DORA,,,UNKNOWN,73,FEMALE,BLACK,apr2016,,,S0,S,0,1
1058745,1115,MADISON ST,4238,SIDEWALK,15nov2012 19:20:00,15nov2012 19:20:00,30nov2012,,,,,,,,S042,MISCELLANEOUS,05B,EXCESSIVE FORCE / ON DUTY - NO INJURY,CLOSED/FINAL,SUSTAINED,WHEELER,DORA,,,UNKNOWN,73,FEMALE,BLACK,apr2016,,,S0,S,0,1
1058745,1115,MADISON ST,4238,SIDEWALK,15nov2012 19:20:00,15nov2012 19:20:00,30nov2012,,,,,,,,S042,MISCELLANEOUS,05B,EXCESSIVE FORCE / ON DUTY - NO INJURY,CLOSED/FINAL,SUSTAINED,WHEELER,DORA,,,UNKNOWN,71,FEMALE,BLACK,apr2016,,,S0,S,0,1
1058745,1115,MADISON ST,4238,SIDEWALK,15nov2012 19:20:00,15nov2012 19:20:00,30nov2012,,,,,,,,S042,MISCELLANEOUS,05B,EXCESSIVE FORCE / ON DUTY - NO INJURY,CLOSED/FINAL,SUSTAINED,WHEELER,ROGER,,,UNKNOWN,33,MALE,BLACK,apr2016,,,S0,S,0,1
1058745,1115,MADISON ST,4238,SIDEWALK,15nov2012 19:20:00,15nov2012 19:20:00,30nov2012,MARVIN,BONNSTETTER,15963,025,213,27jan2003,POLICE OFFICER,S042,MISCELLANEOUS,05B,EXCESSIVE FORCE / ON DUTY - NO INJURY,CLOSED/FINAL,SUSTAINED,WHEELER,DORA,,,UNKNOWN,73,FEMALE,BLACK,apr2016,,,S0,S,0,1
1058745,1115,MADISON ST,4238,SIDEWALK,15nov2012 19:20:00,15nov2012 19:20:00,30nov2012,JOHN,FRANO,11772,015,213,14aug2000,POLICE OFFICER,S042,MISCELLANEOUS,05B,EXCESSIVE FORCE / ON DUTY - NO INJURY,CLOSED/FINAL,NOT SUSTAINED,WHEELER,ROGER,,,UNKNOWN,31,MALE,BLACK,apr2016,,,S0,S,0,1
1058745,1115,MADISON ST,4238,SIDEWALK,15nov2012 19:20:00,15nov2012 19:20:00,30nov2012,MARVIN,BONNSTETTER,15963,025,213,27jan2003,POLICE OFFICER,S042,MISCELLANEOUS,05B,EXCESSIVE FORCE / ON DUTY - NO INJURY,CLOSED/FINAL,SUSTAINED,WHEELER,ROGER,,,UNKNOWN,33,MALE,BLACK,apr2016,,,S0,S,0,1
