COMPLAINT_NUMBER,BEAT,STREET,ADDRESS,LOCATION_CODE,INCIDENT_TIME_START,INCIDENT_TIME_END,NOTIFICATION_DATE,ACCSUEDOFFICER_FNAME,ACCUSEDOFFICER_LNAME,ACCUSED_STAR,ACCUSED_UNIT,ACCUSED_DETAIL,ACCUSED_APPOINTMENT_DATE,ACCUSED_POSITION,INITIAL_CATEGORY_CODE,INITIAL_CATEGORY,CURRENT_CATEGORY_CODE,CURRENT_CATEGORY,CURRENT_STATUS,FINDING_CODE,INVOLVED_OFFICER_LNAME,INVOLVED_OFFICER_FNAME,INVOLVED_OFFICER_UNIT,INVOLVED_OFFICER_DETAIL,INVOLVED_OFFICER_POSITION,INVOLVED_OFFICER_AGE,INVOLVED_OFFICER_SEX,INVOLVED_OFFICER_RACE,foia,INVOLVED_OFFICER_DESCRIPTION,INVOLVED_OFFICER_TYPE,start_code_2,start_code_1,rec,sum_rec
1062370,333,JEFFERY BLVD,7300,CONVENIENCE STORE,21may2013 08:00:00,21may2013 08:00:00,21may2013,,,,,,,,05A,EXCESSIVE FORCE / ON DUTY - INJURY,05Z,MISCELLANEOUS,CLOSED/FINAL,NOT SUSTAINED,WEAVER,ROSEMARY,,,UNKNOWN,54,FEMALE,BLACK,apr2016,,,05,0,0,1
1062370,333,JEFFERY BLVD,7300,CONVENIENCE STORE,21may2013 08:00:00,21may2013 08:00:00,21may2013,,,,,,,,05A,EXCESSIVE FORCE / ON DUTY - INJURY,05Z,MISCELLANEOUS,CLOSED/FINAL,NOT SUSTAINED,PARKER,ANGELA,003,,POLICE OFFICER,,FEMALE,BLACK,apr2016,,,05,0,0,1
1062370,333,JEFFERY BLVD,7300,CONVENIENCE STORE,21may2013 08:00:00,21may2013 08:00:00,21may2013,,,,,,,,05A,EXCESSIVE FORCE / ON DUTY - INJURY,05Z,MISCELLANEOUS,CLOSED/FINAL,EXONERATED,GIBBS,DA-JOHN,,,UNKNOWN,17,MALE,BLACK,apr2016,,,05,0,0,1
1062370,333,JEFFERY BLVD,7300,CONVENIENCE STORE,21may2013 08:00:00,21may2013 08:00:00,21may2013,,PARKS,1313,003,,29jun1992,SERGEANT OF POLICE,05A,EXCESSIVE FORCE / ON DUTY - INJURY,05Z,MISCELLANEOUS,CLOSED/FINAL,NOT SUSTAINED,CARR,MELVIN,,,UNKNOWN,17,MALE,BLACK,apr2016,,,05,0,0,1
1062370,333,JEFFERY BLVD,7300,CONVENIENCE STORE,21may2013 08:00:00,21may2013 08:00:00,21may2013,,PARKS,1313,003,,29jun1992,SERGEANT OF POLICE,05A,EXCESSIVE FORCE / ON DUTY - INJURY,05Z,MISCELLANEOUS,CLOSED/FINAL,NOT SUSTAINED,CARR,MELVIN,,,UNKNOWN,16,MALE,BLACK,apr2016,,,05,0,0,1
1062370,333,JEFFERY BLVD,7300,CONVENIENCE STORE,21may2013 08:00:00,21may2013 08:00:00,21may2013,,MAJOR,16685,003,,31mar1986,POLICE OFFICER,05A,EXCESSIVE FORCE / ON DUTY - INJURY,05Z,MISCELLANEOUS,CLOSED/FINAL,NOT SUSTAINED,CARR,MELVIN,,,UNKNOWN,17,MALE,BLACK,apr2016,,,05,0,0,1
1062370,333,JEFFERY BLVD,7300,CONVENIENCE STORE,21may2013 08:00:00,21may2013 08:00:00,21may2013,,MAJOR,16685,003,,31mar1986,POLICE OFFICER,05A,EXCESSIVE FORCE / ON DUTY - INJURY,05Z,MISCELLANEOUS,CLOSED/FINAL,UNFOUNDED,PARKER,ANGELA,003,,POLICE OFFICER,,FEMALE,BLACK,apr2016,,,05,0,0,1
1062370,333,JEFFERY BLVD,7300,CONVENIENCE STORE,21may2013 08:00:00,21may2013 08:00:00,21may2013,,,,,,,,05A,EXCESSIVE FORCE / ON DUTY - INJURY,05Z,MISCELLANEOUS,CLOSED/FINAL,NOT SUSTAINED,GIBBS,DA-JOHN,,,UNKNOWN,18,MALE,BLACK,apr2016,,,05,0,0,1
1062370,333,JEFFERY BLVD,7300,CONVENIENCE STORE,21may2013 08:00:00,21may2013 08:00:00,21may2013,,,,,,,,05A,EXCESSIVE FORCE / ON DUTY - INJURY,05Z,MISCELLANEOUS,CLOSED/FINAL,EXONERATED,GIBBS,DA-JOHN,,,UNKNOWN,18,MALE,BLACK,apr2016,,,05,0,0,1
1062370,333,JEFFERY BLVD,7300,CONVENIENCE STORE,21may2013 08:00:00,21may2013 08:00:00,21may2013,,PARKS,1313,003,,29jun1992,SERGEANT OF POLICE,05A,EXCESSIVE FORCE / ON DUTY - INJURY,05Z,MISCELLANEOUS,CLOSED/FINAL,UNFOUNDED,WEAVER,ROSEMARY,,,UNKNOWN,54,FEMALE,BLACK,apr2016,,,05,0,0,1
1062370,333,JEFFERY BLVD,7300,CONVENIENCE STORE,21may2013 08:00:00,21may2013 08:00:00,21may2013,,,,,,,,05A,EXCESSIVE FORCE / ON DUTY - INJURY,05Z,MISCELLANEOUS,CLOSED/FINAL,EXONERATED,WEAVER,ROSEMARY,,,UNKNOWN,54,FEMALE,BLACK,apr2016,,,05,0,0,1
1062370,333,JEFFERY BLVD,7300,CONVENIENCE STORE,21may2013 08:00:00,21may2013 08:00:00,21may2013,,PARKS,1313,003,,29jun1992,SERGEANT OF POLICE,05A,EXCESSIVE FORCE / ON DUTY - INJURY,05Z,MISCELLANEOUS,CLOSED/FINAL,NOT SUSTAINED,GIBBS,DA-JOHN,,,UNKNOWN,17,MALE,BLACK,apr2016,,,05,0,0,1
1062370,333,JEFFERY BLVD,7300,CONVENIENCE STORE,21may2013 08:00:00,21may2013 08:00:00,21may2013,,PARKS,1313,003,,29jun1992,SERGEANT OF POLICE,05A,EXCESSIVE FORCE / ON DUTY - INJURY,05Z,MISCELLANEOUS,CLOSED/FINAL,UNFOUNDED,GIBBS,DA-JOHN,,,UNKNOWN,18,MALE,BLACK,apr2016,,,05,0,0,1
1062370,333,JEFFERY BLVD,7300,CONVENIENCE STORE,21may2013 08:00:00,21may2013 08:00:00,21may2013,,MAJOR,16685,003,,31mar1986,POLICE OFFICER,05A,EXCESSIVE FORCE / ON DUTY - INJURY,05Z,MISCELLANEOUS,CLOSED/FINAL,UNFOUNDED,GIBBS,DA-JOHN,,,UNKNOWN,18,MALE,BLACK,apr2016,,,05,0,0,1
1062370,333,JEFFERY BLVD,7300,CONVENIENCE STORE,21may2013 08:00:00,21may2013 08:00:00,21may2013,,MAJOR,16685,003,,31mar1986,POLICE OFFICER,05A,EXCESSIVE FORCE / ON DUTY - INJURY,05Z,MISCELLANEOUS,CLOSED/FINAL,NOT SUSTAINED,WEAVER,ROSEMARY,,,UNKNOWN,54,FEMALE,BLACK,apr2016,,,05,0,0,1
1062370,333,JEFFERY BLVD,7300,CONVENIENCE STORE,21may2013 08:00:00,21may2013 08:00:00,21may2013,,MAJOR,16685,003,,31mar1986,POLICE OFFICER,05A,EXCESSIVE FORCE / ON DUTY - INJURY,05Z,MISCELLANEOUS,CLOSED/FINAL,UNFOUNDED,CARR,MELVIN,,,UNKNOWN,17,MALE,BLACK,apr2016,,,05,0,0,1
1062370,333,JEFFERY BLVD,7300,CONVENIENCE STORE,21may2013 08:00:00,21may2013 08:00:00,21may2013,,,,,,,,05A,EXCESSIVE FORCE / ON DUTY - INJURY,05Z,MISCELLANEOUS,CLOSED/FINAL,EXONERATED,PARKER,ANGELA,003,,POLICE OFFICER,,FEMALE,BLACK,apr2016,,,05,0,0,1
1062370,333,JEFFERY BLVD,7300,CONVENIENCE STORE,21may2013 08:00:00,21may2013 08:00:00,21may2013,,PARKS,1313,003,,29jun1992,SERGEANT OF POLICE,05A,EXCESSIVE FORCE / ON DUTY - INJURY,05Z,MISCELLANEOUS,CLOSED/FINAL,NOT SUSTAINED,WEAVER,ROSEMARY,,,UNKNOWN,54,FEMALE,BLACK,apr2016,,,05,0,0,1
1062370,333,JEFFERY BLVD,7300,CONVENIENCE STORE,21may2013 08:00:00,21may2013 08:00:00,21may2013,,MAJOR,16685,003,,31mar1986,POLICE OFFICER,05A,EXCESSIVE FORCE / ON DUTY - INJURY,05Z,MISCELLANEOUS,CLOSED/FINAL,UNFOUNDED,GIBBS,DA-JOHN,,,UNKNOWN,17,MALE,BLACK,apr2016,,,05,0,0,1
1062370,333,JEFFERY BLVD,7300,CONVENIENCE STORE,21may2013 08:00:00,21may2013 08:00:00,21may2013,,,,,,,,05A,EXCESSIVE FORCE / ON DUTY - INJURY,05Z,MISCELLANEOUS,CLOSED/FINAL,NOT SUSTAINED,GIBBS,DA-JOHN,,,UNKNOWN,17,MALE,BLACK,apr2016,,,05,0,0,1
1062370,333,JEFFERY BLVD,7300,CONVENIENCE STORE,21may2013 08:00:00,21may2013 08:00:00,21may2013,,PARKS,1313,003,,29jun1992,SERGEANT OF POLICE,05A,EXCESSIVE FORCE / ON DUTY - INJURY,05Z,MISCELLANEOUS,CLOSED/FINAL,NOT SUSTAINED,GIBBS,DA-JOHN,,,UNKNOWN,18,MALE,BLACK,apr2016,,,05,0,0,1
1062370,333,JEFFERY BLVD,7300,CONVENIENCE STORE,21may2013 08:00:00,21may2013 08:00:00,21may2013,,PARKS,1313,003,,29jun1992,SERGEANT OF POLICE,05A,EXCESSIVE FORCE / ON DUTY - INJURY,05Z,MISCELLANEOUS,CLOSED/FINAL,UNFOUNDED,PARKER,ANGELA,003,,POLICE OFFICER,,FEMALE,BLACK,apr2016,,,05,0,0,1
1062370,333,JEFFERY BLVD,7300,CONVENIENCE STORE,21may2013 08:00:00,21may2013 08:00:00,21may2013,,,,,,,,05A,EXCESSIVE FORCE / ON DUTY - INJURY,05Z,MISCELLANEOUS,CLOSED/FINAL,NOT SUSTAINED,CARR,MELVIN,,,UNKNOWN,16,MALE,BLACK,apr2016,,,05,0,0,1
1062370,333,JEFFERY BLVD,7300,CONVENIENCE STORE,21may2013 08:00:00,21may2013 08:00:00,21may2013,,PARKS,1313,003,,29jun1992,SERGEANT OF POLICE,05A,EXCESSIVE FORCE / ON DUTY - INJURY,05Z,MISCELLANEOUS,CLOSED/FINAL,UNFOUNDED,GIBBS,DA-JOHN,,,UNKNOWN,17,MALE,BLACK,apr2016,,,05,0,0,1
1062370,333,JEFFERY BLVD,7300,CONVENIENCE STORE,21may2013 08:00:00,21may2013 08:00:00,21may2013,,,,,,,,05A,EXCESSIVE FORCE / ON DUTY - INJURY,05Z,MISCELLANEOUS,CLOSED/FINAL,EXONERATED,CARR,MELVIN,,,UNKNOWN,16,MALE,BLACK,apr2016,,,05,0,1,1
1062370,333,JEFFERY BLVD,7300,CONVENIENCE STORE,21may2013 08:00:00,21may2013 08:00:00,21may2013,,MAJOR,16685,003,,31mar1986,POLICE OFFICER,05A,EXCESSIVE FORCE / ON DUTY - INJURY,05Z,MISCELLANEOUS,CLOSED/FINAL,NOT SUSTAINED,PARKER,ANGELA,003,,POLICE OFFICER,,FEMALE,BLACK,apr2016,,,05,0,0,1
1062370,333,JEFFERY BLVD,7300,CONVENIENCE STORE,21may2013 08:00:00,21may2013 08:00:00,21may2013,,,,,,,,05A,EXCESSIVE FORCE / ON DUTY - INJURY,05Z,MISCELLANEOUS,CLOSED/FINAL,NOT SUSTAINED,CARR,MELVIN,,,UNKNOWN,17,MALE,BLACK,apr2016,,,05,0,0,1
1062370,333,JEFFERY BLVD,7300,CONVENIENCE STORE,21may2013 08:00:00,21may2013 08:00:00,21may2013,,MAJOR,16685,003,,31mar1986,POLICE OFFICER,05A,EXCESSIVE FORCE / ON DUTY - INJURY,05Z,MISCELLANEOUS,CLOSED/FINAL,NOT SUSTAINED,GIBBS,DA-JOHN,,,UNKNOWN,18,MALE,BLACK,apr2016,,,05,0,0,1
1062370,333,JEFFERY BLVD,7300,CONVENIENCE STORE,21may2013 08:00:00,21may2013 08:00:00,21may2013,,PARKS,1313,003,,29jun1992,SERGEANT OF POLICE,05A,EXCESSIVE FORCE / ON DUTY - INJURY,05Z,MISCELLANEOUS,CLOSED/FINAL,UNFOUNDED,CARR,MELVIN,,,UNKNOWN,17,MALE,BLACK,apr2016,,,05,0,0,1
1062370,333,JEFFERY BLVD,7300,CONVENIENCE STORE,21may2013 08:00:00,21may2013 08:00:00,21may2013,,PARKS,1313,003,,29jun1992,SERGEANT OF POLICE,05A,EXCESSIVE FORCE / ON DUTY - INJURY,05Z,MISCELLANEOUS,CLOSED/FINAL,NOT SUSTAINED,PARKER,ANGELA,003,,POLICE OFFICER,,FEMALE,BLACK,apr2016,,,05,0,0,1
1062370,333,JEFFERY BLVD,7300,CONVENIENCE STORE,21may2013 08:00:00,21may2013 08:00:00,21may2013,,PARKS,1313,003,,29jun1992,SERGEANT OF POLICE,05A,EXCESSIVE FORCE / ON DUTY - INJURY,05Z,MISCELLANEOUS,CLOSED/FINAL,UNFOUNDED,CARR,MELVIN,,,UNKNOWN,16,MALE,BLACK,apr2016,,,05,0,0,1
1062370,333,JEFFERY BLVD,7300,CONVENIENCE STORE,21may2013 08:00:00,21may2013 08:00:00,21may2013,,MAJOR,16685,003,,31mar1986,POLICE OFFICER,05A,EXCESSIVE FORCE / ON DUTY - INJURY,05Z,MISCELLANEOUS,CLOSED/FINAL,NOT SUSTAINED,CARR,MELVIN,,,UNKNOWN,16,MALE,BLACK,apr2016,,,05,0,0,1
1062370,333,JEFFERY BLVD,7300,CONVENIENCE STORE,21may2013 08:00:00,21may2013 08:00:00,21may2013,,MAJOR,16685,003,,31mar1986,POLICE OFFICER,05A,EXCESSIVE FORCE / ON DUTY - INJURY,05Z,MISCELLANEOUS,CLOSED/FINAL,UNFOUNDED,CARR,MELVIN,,,UNKNOWN,16,MALE,BLACK,apr2016,,,05,0,0,1
1062370,333,JEFFERY BLVD,7300,CONVENIENCE STORE,21may2013 08:00:00,21may2013 08:00:00,21may2013,,MAJOR,16685,003,,31mar1986,POLICE OFFICER,05A,EXCESSIVE FORCE / ON DUTY - INJURY,05Z,MISCELLANEOUS,CLOSED/FINAL,NOT SUSTAINED,GIBBS,DA-JOHN,,,UNKNOWN,17,MALE,BLACK,apr2016,,,05,0,0,1
1062370,333,JEFFERY BLVD,7300,CONVENIENCE STORE,21may2013 08:00:00,21may2013 08:00:00,21may2013,,MAJOR,16685,003,,31mar1986,POLICE OFFICER,05A,EXCESSIVE FORCE / ON DUTY - INJURY,05Z,MISCELLANEOUS,CLOSED/FINAL,UNFOUNDED,WEAVER,ROSEMARY,,,UNKNOWN,54,FEMALE,BLACK,apr2016,,,05,0,0,1
1062370,333,JEFFERY BLVD,7300,CONVENIENCE STORE,21may2013 08:00:00,21may2013 08:00:00,21may2013,,,,,,,,05A,EXCESSIVE FORCE / ON DUTY - INJURY,05Z,MISCELLANEOUS,CLOSED/FINAL,EXONERATED,CARR,MELVIN,,,UNKNOWN,17,MALE,BLACK,apr2016,,,05,0,0,1
