COMPLAINT_NUMBER,BEAT,STREET,ADDRESS,LOCATION_CODE,INCIDENT_TIME_START,INCIDENT_TIME_END,NOTIFICATION_DATE,ACCSUEDOFFICER_FNAME,ACCUSEDOFFICER_LNAME,ACCUSED_STAR,ACCUSED_UNIT,ACCUSED_DETAIL,ACCUSED_APPOINTMENT_DATE,ACCUSED_POSITION,INITIAL_CATEGORY_CODE,INITIAL_CATEGORY,CURRENT_CATEGORY_CODE,CURRENT_CATEGORY,CURRENT_STATUS,FINDING_CODE,INVOLVED_OFFICER_LNAME,INVOLVED_OFFICER_FNAME,INVOLVED_OFFICER_UNIT,INVOLVED_OFFICER_DETAIL,INVOLVED_OFFICER_POSITION,INVOLVED_OFFICER_AGE,INVOLVED_OFFICER_SEX,INVOLVED_OFFICER_RACE,foia,INVOLVED_OFFICER_DESCRIPTION,INVOLVED_OFFICER_TYPE,start_code_2,start_code_1,rec,sum_rec
1062614,815,TRIPP AVE,4806,RESIDENCE,02jun2013 03:06:00,02jun2013 03:06:00,02jun2013,,MCHUGH,1293,008,,12jul1999,SERGEANT OF POLICE,S109,INJURY,05K,DOMESTIC ALTERCATION - PHYSICAL ABUSE,CLOSED/FINAL,UNFOUNDED,SEBASTIAN,DAPHNE,008,,POLICE OFFICER,,FEMALE,WHITE,apr2016,,,S1,S,0,1
1062614,815,TRIPP AVE,4806,RESIDENCE,02jun2013 03:06:00,02jun2013 03:06:00,02jun2013,,NOVALEZ,18415,018,,27sep2004,POLICE OFFICER,S109,INJURY,05K,DOMESTIC ALTERCATION - PHYSICAL ABUSE,CLOSED/FINAL,UNFOUNDED,NOVALEZ,ANDREA ,,,UNKNOWN,,FEMALE,WHITE HISPANIC,apr2016,,,S1,S,0,1
1062614,815,TRIPP AVE,4806,RESIDENCE,02jun2013 03:06:00,02jun2013 03:06:00,02jun2013,,NOVALEZ,18415,018,,27sep2004,POLICE OFFICER,S109,INJURY,05K,DOMESTIC ALTERCATION - PHYSICAL ABUSE,CLOSED/FINAL,UNFOUNDED,BRADY,TERENCE,008,,POLICE OFFICER,,MALE,WHITE,apr2016,,,S1,S,0,1
1062614,815,TRIPP AVE,4806,RESIDENCE,02jun2013 03:06:00,02jun2013 03:06:00,02jun2013,,NOVALEZ,18415,018,,27sep2004,POLICE OFFICER,S109,INJURY,05K,DOMESTIC ALTERCATION - PHYSICAL ABUSE,CLOSED/FINAL,UNFOUNDED,WALANO,MICHAEL,008,,POLICE OFFICER,,MALE,WHITE,apr2016,,,S1,S,0,1
1062614,815,TRIPP AVE,4806,RESIDENCE,02jun2013 03:06:00,02jun2013 03:06:00,02jun2013,,MCHUGH,1293,008,,12jul1999,SERGEANT OF POLICE,S109,INJURY,05K,DOMESTIC ALTERCATION - PHYSICAL ABUSE,CLOSED/FINAL,UNFOUNDED,RICHARDSON,DAWN,008,,POLICE OFFICER,,FEMALE,WHITE,apr2016,,,S1,S,0,1
1062614,815,TRIPP AVE,4806,RESIDENCE,02jun2013 03:06:00,02jun2013 03:06:00,02jun2013,,MCHUGH,1293,008,,12jul1999,SERGEANT OF POLICE,S109,INJURY,05K,DOMESTIC ALTERCATION - PHYSICAL ABUSE,CLOSED/FINAL,UNFOUNDED,MCELLIGOTT,JOSEPH,008,,POLICE OFFICER,,MALE,WHITE,apr2016,,,S1,S,0,1
1062614,815,TRIPP AVE,4806,RESIDENCE,02jun2013 03:06:00,02jun2013 03:06:00,02jun2013,,MCHUGH,1293,008,,12jul1999,SERGEANT OF POLICE,S109,INJURY,05K,DOMESTIC ALTERCATION - PHYSICAL ABUSE,CLOSED/FINAL,UNFOUNDED,WALANO,MICHAEL,008,,POLICE OFFICER,,MALE,WHITE,apr2016,,,S1,S,0,1
1062614,815,TRIPP AVE,4806,RESIDENCE,02jun2013 03:06:00,02jun2013 03:06:00,02jun2013,,NOVALEZ,18415,018,,27sep2004,POLICE OFFICER,S109,INJURY,05K,DOMESTIC ALTERCATION - PHYSICAL ABUSE,CLOSED/FINAL,UNFOUNDED,FOSTER,ANDREA,,,,41,MALE,WHITE,apr2016,,,S1,S,0,1
1062614,815,TRIPP AVE,4806,RESIDENCE,02jun2013 03:06:00,02jun2013 03:06:00,02jun2013,,NOVALEZ,18415,018,,27sep2004,POLICE OFFICER,S109,INJURY,05K,DOMESTIC ALTERCATION - PHYSICAL ABUSE,CLOSED/FINAL,UNFOUNDED,SEBASTIAN,DAPHNE,008,,POLICE OFFICER,,FEMALE,WHITE,apr2016,,,S1,S,0,1
1062614,815,TRIPP AVE,4806,RESIDENCE,02jun2013 03:06:00,02jun2013 03:06:00,02jun2013,,MCHUGH,1293,008,,12jul1999,SERGEANT OF POLICE,S109,INJURY,05K,DOMESTIC ALTERCATION - PHYSICAL ABUSE,CLOSED/FINAL,UNFOUNDED,BRADY,TERENCE,008,,POLICE OFFICER,,MALE,WHITE,apr2016,,,S1,S,0,1
1062614,815,TRIPP AVE,4806,RESIDENCE,02jun2013 03:06:00,02jun2013 03:06:00,02jun2013,,MCHUGH,1293,008,,12jul1999,SERGEANT OF POLICE,S109,INJURY,05K,DOMESTIC ALTERCATION - PHYSICAL ABUSE,CLOSED/FINAL,UNFOUNDED,FOSTER,RUSSELL,,,,41,MALE,WHITE,apr2016,,,S1,S,0,1
1062614,815,TRIPP AVE,4806,RESIDENCE,02jun2013 03:06:00,02jun2013 03:06:00,02jun2013,,NOVALEZ,18415,018,,27sep2004,POLICE OFFICER,S109,INJURY,05K,DOMESTIC ALTERCATION - PHYSICAL ABUSE,CLOSED/FINAL,UNFOUNDED,RICHARDSON,DAWN,008,,POLICE OFFICER,,FEMALE,WHITE,apr2016,,,S1,S,0,1
1062614,815,TRIPP AVE,4806,RESIDENCE,02jun2013 03:06:00,02jun2013 03:06:00,02jun2013,,MCHUGH,1293,008,,12jul1999,SERGEANT OF POLICE,S109,INJURY,05K,DOMESTIC ALTERCATION - PHYSICAL ABUSE,CLOSED/FINAL,UNFOUNDED,FOSTER,ANDREA,,,,41,MALE,WHITE,apr2016,,,S1,S,0,1
1062614,815,TRIPP AVE,4806,RESIDENCE,02jun2013 03:06:00,02jun2013 03:06:00,02jun2013,,NOVALEZ,18415,018,,27sep2004,POLICE OFFICER,S109,INJURY,05K,DOMESTIC ALTERCATION - PHYSICAL ABUSE,CLOSED/FINAL,UNFOUNDED,FOSTER,RUSSELL,,,,41,MALE,WHITE,apr2016,,,S1,S,0,1
1062614,815,TRIPP AVE,4806,RESIDENCE,02jun2013 03:06:00,02jun2013 03:06:00,02jun2013,,MCHUGH,1293,008,,12jul1999,SERGEANT OF POLICE,S109,INJURY,05K,DOMESTIC ALTERCATION - PHYSICAL ABUSE,CLOSED/FINAL,UNFOUNDED,NOVALEZ,ANDREA ,,,UNKNOWN,,FEMALE,WHITE HISPANIC,apr2016,,,S1,S,0,1
1062614,815,TRIPP AVE,4806,RESIDENCE,02jun2013 03:06:00,02jun2013 03:06:00,02jun2013,,NOVALEZ,18415,018,,27sep2004,POLICE OFFICER,S109,INJURY,05K,DOMESTIC ALTERCATION - PHYSICAL ABUSE,CLOSED/FINAL,UNFOUNDED,MCELLIGOTT,JOSEPH,008,,POLICE OFFICER,,MALE,WHITE,apr2016,,,S1,S,0,1
