COMPLAINT_NUMBER,BEAT,STREET,ADDRESS,LOCATION_CODE,INCIDENT_TIME_START,INCIDENT_TIME_END,NOTIFICATION_DATE,ACCSUEDOFFICER_FNAME,ACCUSEDOFFICER_LNAME,ACCUSED_STAR,ACCUSED_UNIT,ACCUSED_DETAIL,ACCUSED_APPOINTMENT_DATE,ACCUSED_POSITION,INITIAL_CATEGORY_CODE,INITIAL_CATEGORY,CURRENT_CATEGORY_CODE,CURRENT_CATEGORY,CURRENT_STATUS,FINDING_CODE,INVOLVED_OFFICER_LNAME,INVOLVED_OFFICER_FNAME,INVOLVED_OFFICER_UNIT,INVOLVED_OFFICER_DETAIL,INVOLVED_OFFICER_POSITION,INVOLVED_OFFICER_AGE,INVOLVED_OFFICER_SEX,INVOLVED_OFFICER_RACE,foia,INVOLVED_OFFICER_DESCRIPTION,INVOLVED_OFFICER_TYPE,start_code_2,start_code_1,rec,sum_rec
1056079,311,61ST ST,209,STREET,24apr2010 22:17:00,24apr2010 22:17:00,04aug2012,FRANCISCO,GONZALEZ,16782,004,,02dec2002,POLICE OFFICER,12B,PROPERLY DIRECT SUBORDINATE,10Z,MISCELLANEOUS,CLOSED/FINAL,UNFOUNDED,BELCHER,JESSE,004,,POLICE OFFICER,,MALE,WHITE,apr2016,,,12,1,0,1
1056079,311,61ST ST,209,STREET,24apr2010 22:17:00,24apr2010 22:17:00,04aug2012,JAMES,CASCONE,1202,007,,31may1994,SERGEANT OF POLICE,12B,PROPERLY DIRECT SUBORDINATE,10Z,MISCELLANEOUS,CLOSED/FINAL,SUSTAINED,BELCHER,JESSE,004,,POLICE OFFICER,,MALE,WHITE,apr2016,,,12,1,0,1
1056079,311,61ST ST,209,STREET,24apr2010 22:17:00,24apr2010 22:17:00,04aug2012,FRANCISCO,GONZALEZ,16782,004,,02dec2002,POLICE OFFICER,12B,PROPERLY DIRECT SUBORDINATE,10Z,MISCELLANEOUS,CLOSED/FINAL,UNFOUNDED,ROUSSELL,JAMES,153,024,COMMANDER,,MALE,WHITE,apr2016,,,12,1,0,1
1056079,311,61ST ST,209,STREET,24apr2010 22:17:00,24apr2010 22:17:00,04aug2012,FRANCISCO,GONZALEZ,16782,004,,02dec2002,POLICE OFFICER,12B,PROPERLY DIRECT SUBORDINATE,10Z,MISCELLANEOUS,CLOSED/FINAL,EXONERATED,HAYES,SHANNON,113,,INVESTIGATOR 2 IPRA,,FEMALE,WHITE,apr2016,,,12,1,0,1
1056079,311,61ST ST,209,STREET,24apr2010 22:17:00,24apr2010 22:17:00,04aug2012,FRANCISCO,GONZALEZ,16782,004,,02dec2002,POLICE OFFICER,12B,PROPERLY DIRECT SUBORDINATE,10Z,MISCELLANEOUS,CLOSED/FINAL,EXONERATED,ROUSSELL,JAMES,153,024,COMMANDER,,MALE,WHITE,apr2016,,,12,1,0,1
1056079,311,61ST ST,209,STREET,24apr2010 22:17:00,24apr2010 22:17:00,04aug2012,JAMES,CASCONE,1202,007,,31may1994,SERGEANT OF POLICE,12B,PROPERLY DIRECT SUBORDINATE,10Z,MISCELLANEOUS,CLOSED/FINAL,UNFOUNDED,LOPEZ,NELSON,004,,POLICE OFFICER,,MALE,SPANISH (DO NOT USE),apr2016,,,12,1,0,1
1056079,311,61ST ST,209,STREET,24apr2010 22:17:00,24apr2010 22:17:00,04aug2012,JAMES,CASCONE,1202,007,,31may1994,SERGEANT OF POLICE,12B,PROPERLY DIRECT SUBORDINATE,10Z,MISCELLANEOUS,CLOSED/FINAL,UNFOUNDED,JACKSON,IZAEL,,,UNKNOWN,21,MALE,BLACK,apr2016,,,12,1,0,1
1056079,311,61ST ST,209,STREET,24apr2010 22:17:00,24apr2010 22:17:00,04aug2012,JAMES,CASCONE,1202,007,,31may1994,SERGEANT OF POLICE,12B,PROPERLY DIRECT SUBORDINATE,10Z,MISCELLANEOUS,CLOSED/FINAL,SUSTAINED,HAYES,SHANNON,113,,INVESTIGATOR 2 IPRA,,FEMALE,WHITE,apr2016,,,12,1,0,1
1056079,311,61ST ST,209,STREET,24apr2010 22:17:00,24apr2010 22:17:00,04aug2012,FRANCISCO,GONZALEZ,16782,004,,02dec2002,POLICE OFFICER,12B,PROPERLY DIRECT SUBORDINATE,10Z,MISCELLANEOUS,CLOSED/FINAL,UNFOUNDED,JACKSON,IZAEL,,,UNKNOWN,21,MALE,BLACK,apr2016,,,12,1,0,1
1056079,311,61ST ST,209,STREET,24apr2010 22:17:00,24apr2010 22:17:00,04aug2012,FRANCISCO,GONZALEZ,16782,004,,02dec2002,POLICE OFFICER,12B,PROPERLY DIRECT SUBORDINATE,10Z,MISCELLANEOUS,CLOSED/FINAL,UNFOUNDED,LOPEZ,NELSON,004,,POLICE OFFICER,,MALE,SPANISH (DO NOT USE),apr2016,,,12,1,0,1
1056079,311,61ST ST,209,STREET,24apr2010 22:17:00,24apr2010 22:17:00,04aug2012,JAMES,CASCONE,1202,007,,31may1994,SERGEANT OF POLICE,12B,PROPERLY DIRECT SUBORDINATE,10Z,MISCELLANEOUS,CLOSED/FINAL,SUSTAINED,JACKSON,IZAEL,,,UNKNOWN,21,MALE,BLACK,apr2016,,,12,1,0,1
1056079,311,61ST ST,209,STREET,24apr2010 22:17:00,24apr2010 22:17:00,04aug2012,FRANCISCO,GONZALEZ,16782,004,,02dec2002,POLICE OFFICER,12B,PROPERLY DIRECT SUBORDINATE,10Z,MISCELLANEOUS,CLOSED/FINAL,EXONERATED,LOPEZ,NELSON,004,,POLICE OFFICER,,MALE,SPANISH (DO NOT USE),apr2016,,,12,1,0,1
1056079,311,61ST ST,209,STREET,24apr2010 22:17:00,24apr2010 22:17:00,04aug2012,JAMES,CASCONE,1202,007,,31may1994,SERGEANT OF POLICE,12B,PROPERLY DIRECT SUBORDINATE,10Z,MISCELLANEOUS,CLOSED/FINAL,SUSTAINED,LOPEZ,NELSON,004,,POLICE OFFICER,,MALE,SPANISH (DO NOT USE),apr2016,,,12,1,0,1
1056079,311,61ST ST,209,STREET,24apr2010 22:17:00,24apr2010 22:17:00,04aug2012,JAMES,CASCONE,1202,007,,31may1994,SERGEANT OF POLICE,12B,PROPERLY DIRECT SUBORDINATE,10Z,MISCELLANEOUS,CLOSED/FINAL,UNFOUNDED,HAYES,SHANNON,113,,INVESTIGATOR 2 IPRA,,FEMALE,WHITE,apr2016,,,12,1,0,1
1056079,311,61ST ST,209,STREET,24apr2010 22:17:00,24apr2010 22:17:00,04aug2012,FRANCISCO,GONZALEZ,16782,004,,02dec2002,POLICE OFFICER,12B,PROPERLY DIRECT SUBORDINATE,10Z,MISCELLANEOUS,CLOSED/FINAL,UNFOUNDED,HAYES,SHANNON,113,,INVESTIGATOR 2 IPRA,,FEMALE,WHITE,apr2016,,,12,1,0,1
1056079,311,61ST ST,209,STREET,24apr2010 22:17:00,24apr2010 22:17:00,04aug2012,JAMES,CASCONE,1202,007,,31may1994,SERGEANT OF POLICE,12B,PROPERLY DIRECT SUBORDINATE,10Z,MISCELLANEOUS,CLOSED/FINAL,UNFOUNDED,BELCHER,JESSE,004,,POLICE OFFICER,,MALE,WHITE,apr2016,,,12,1,0,1
1056079,311,61ST ST,209,STREET,24apr2010 22:17:00,24apr2010 22:17:00,04aug2012,FRANCISCO,GONZALEZ,16782,004,,02dec2002,POLICE OFFICER,12B,PROPERLY DIRECT SUBORDINATE,10Z,MISCELLANEOUS,CLOSED/FINAL,EXONERATED,JACKSON,IZAEL,,,UNKNOWN,21,MALE,BLACK,apr2016,,,12,1,0,1
1056079,311,61ST ST,209,STREET,24apr2010 22:17:00,24apr2010 22:17:00,04aug2012,FRANCISCO,GONZALEZ,16782,004,,02dec2002,POLICE OFFICER,12B,PROPERLY DIRECT SUBORDINATE,10Z,MISCELLANEOUS,CLOSED/FINAL,EXONERATED,BELCHER,JESSE,004,,POLICE OFFICER,,MALE,WHITE,apr2016,,,12,1,1,1
1056079,311,61ST ST,209,STREET,24apr2010 22:17:00,24apr2010 22:17:00,04aug2012,JAMES,CASCONE,1202,007,,31may1994,SERGEANT OF POLICE,12B,PROPERLY DIRECT SUBORDINATE,10Z,MISCELLANEOUS,CLOSED/FINAL,SUSTAINED,ROUSSELL,JAMES,153,024,COMMANDER,,MALE,WHITE,apr2016,,,12,1,0,1
1056079,311,61ST ST,209,STREET,24apr2010 22:17:00,24apr2010 22:17:00,04aug2012,JAMES,CASCONE,1202,007,,31may1994,SERGEANT OF POLICE,12B,PROPERLY DIRECT SUBORDINATE,10Z,MISCELLANEOUS,CLOSED/FINAL,UNFOUNDED,ROUSSELL,JAMES,153,024,COMMANDER,,MALE,WHITE,apr2016,,,12,1,0,1
