COMPLAINT_NUMBER,BEAT,STREET,ADDRESS,LOCATION_CODE,INCIDENT_TIME_START,INCIDENT_TIME_END,NOTIFICATION_DATE,ACCSUEDOFFICER_FNAME,ACCUSEDOFFICER_LNAME,ACCUSED_STAR,ACCUSED_UNIT,ACCUSED_DETAIL,ACCUSED_APPOINTMENT_DATE,ACCUSED_POSITION,INITIAL_CATEGORY_CODE,INITIAL_CATEGORY,CURRENT_CATEGORY_CODE,CURRENT_CATEGORY,CURRENT_STATUS,FINDING_CODE,INVOLVED_OFFICER_LNAME,INVOLVED_OFFICER_FNAME,INVOLVED_OFFICER_UNIT,INVOLVED_OFFICER_DETAIL,INVOLVED_OFFICER_POSITION,INVOLVED_OFFICER_AGE,INVOLVED_OFFICER_SEX,INVOLVED_OFFICER_RACE,foia,INVOLVED_OFFICER_DESCRIPTION,INVOLVED_OFFICER_TYPE,start_code_2,start_code_1,rec,sum_rec
1062793,114,COLUMBUS DR,300,PARK PROPERTY,09jun2013 15:30:00,09jun2013 15:30:00,11jun2013,,BRANDT,20772,610,,26mar1990,PO AS DETECTIVE,05A,EXCESSIVE FORCE / ON DUTY - INJURY,S021,MISCELLANEOUS,CLOSED/FINAL,EXONERATED,STANLEY,TODD,001,,POLICE OFFICER,,MALE,WHITE,apr2016,,,05,0,0,1
1062793,114,COLUMBUS DR,300,PARK PROPERTY,09jun2013 15:30:00,09jun2013 15:30:00,11jun2013,,BRANDT,20772,610,,26mar1990,PO AS DETECTIVE,05A,EXCESSIVE FORCE / ON DUTY - INJURY,S021,MISCELLANEOUS,CLOSED/FINAL,EXONERATED,FERNANDEZ,BLANCA,001,,POLICE OFFICER,,FEMALE,SPANISH (DO NOT USE),apr2016,,,05,0,0,1
1062793,114,COLUMBUS DR,300,PARK PROPERTY,09jun2013 15:30:00,09jun2013 15:30:00,11jun2013,,,,,,,,05A,EXCESSIVE FORCE / ON DUTY - INJURY,S021,MISCELLANEOUS,CLOSED/FINAL,NOT SUSTAINED,KAMIDE,ANDREW,,,UNKNOWN,23,MALE,WHITE,apr2016,,,05,0,0,1
1062793,114,COLUMBUS DR,300,PARK PROPERTY,09jun2013 15:30:00,09jun2013 15:30:00,11jun2013,,,,,,,,05A,EXCESSIVE FORCE / ON DUTY - INJURY,S021,MISCELLANEOUS,CLOSED/FINAL,NOT SUSTAINED,MALCOM,BILL,,,,,MALE,,apr2016,,,05,0,0,1
1062793,114,COLUMBUS DR,300,PARK PROPERTY,09jun2013 15:30:00,09jun2013 15:30:00,11jun2013,,BRANDT,20772,610,,26mar1990,PO AS DETECTIVE,05A,EXCESSIVE FORCE / ON DUTY - INJURY,S021,MISCELLANEOUS,CLOSED/FINAL,EXONERATED,MALCOM,BILL,,,,,MALE,,apr2016,,,05,0,0,1
1062793,114,COLUMBUS DR,300,PARK PROPERTY,09jun2013 15:30:00,09jun2013 15:30:00,11jun2013,,BRANDT,20772,610,,26mar1990,PO AS DETECTIVE,05A,EXCESSIVE FORCE / ON DUTY - INJURY,S021,MISCELLANEOUS,CLOSED/FINAL,EXONERATED,HARAN,RAYMOND,001,,POLICE OFFICER,,MALE,WHITE,apr2016,,,05,0,0,1
1062793,114,COLUMBUS DR,300,PARK PROPERTY,09jun2013 15:30:00,09jun2013 15:30:00,11jun2013,,,,,,,,05A,EXCESSIVE FORCE / ON DUTY - INJURY,S021,MISCELLANEOUS,CLOSED/FINAL,NOT SUSTAINED,ANDERSON,COREY,001,,POLICE OFFICER,,MALE,BLACK,apr2016,,,05,0,0,1
1062793,114,COLUMBUS DR,300,PARK PROPERTY,09jun2013 15:30:00,09jun2013 15:30:00,11jun2013,,,,,,,,05A,EXCESSIVE FORCE / ON DUTY - INJURY,S021,MISCELLANEOUS,CLOSED/FINAL,NOT SUSTAINED,ERRUM,ALEX,012,,POLICE OFFICER,,MALE,SPANISH (DO NOT USE),apr2016,,,05,0,0,1
1062793,114,COLUMBUS DR,300,PARK PROPERTY,09jun2013 15:30:00,09jun2013 15:30:00,11jun2013,,,,,,,,05A,EXCESSIVE FORCE / ON DUTY - INJURY,S021,MISCELLANEOUS,CLOSED/FINAL,NOT SUSTAINED,HARAN,RAYMOND,001,,POLICE OFFICER,,MALE,WHITE,apr2016,,,05,0,0,1
1062793,114,COLUMBUS DR,300,PARK PROPERTY,09jun2013 15:30:00,09jun2013 15:30:00,11jun2013,,,,,,,,05A,EXCESSIVE FORCE / ON DUTY - INJURY,S021,MISCELLANEOUS,CLOSED/FINAL,NOT SUSTAINED,MARZIC,MARINA,,,,,FEMALE,,apr2016,,,05,0,0,1
1062793,114,COLUMBUS DR,300,PARK PROPERTY,09jun2013 15:30:00,09jun2013 15:30:00,11jun2013,,BRANDT,20772,610,,26mar1990,PO AS DETECTIVE,05A,EXCESSIVE FORCE / ON DUTY - INJURY,S021,MISCELLANEOUS,CLOSED/FINAL,EXONERATED,CARAGHER,TOM,,,,,MALE,,apr2016,,,05,0,0,1
1062793,114,COLUMBUS DR,300,PARK PROPERTY,09jun2013 15:30:00,09jun2013 15:30:00,11jun2013,,,,,,,,05A,EXCESSIVE FORCE / ON DUTY - INJURY,S021,MISCELLANEOUS,CLOSED/FINAL,NOT SUSTAINED,HAMPTON,TRACY,001,,POLICE OFFICER,,MALE,BLACK,apr2016,,,05,0,0,1
1062793,114,COLUMBUS DR,300,PARK PROPERTY,09jun2013 15:30:00,09jun2013 15:30:00,11jun2013,,BRANDT,20772,610,,26mar1990,PO AS DETECTIVE,05A,EXCESSIVE FORCE / ON DUTY - INJURY,S021,MISCELLANEOUS,CLOSED/FINAL,EXONERATED,ERRUM,ALEX,012,,POLICE OFFICER,,MALE,SPANISH (DO NOT USE),apr2016,,,05,0,0,1
1062793,114,COLUMBUS DR,300,PARK PROPERTY,09jun2013 15:30:00,09jun2013 15:30:00,11jun2013,,BRANDT,20772,610,,26mar1990,PO AS DETECTIVE,05A,EXCESSIVE FORCE / ON DUTY - INJURY,S021,MISCELLANEOUS,CLOSED/FINAL,EXONERATED,HAMPTON,TRACY,001,,POLICE OFFICER,,MALE,BLACK,apr2016,,,05,0,0,1
1062793,114,COLUMBUS DR,300,PARK PROPERTY,09jun2013 15:30:00,09jun2013 15:30:00,11jun2013,,,,,,,,05A,EXCESSIVE FORCE / ON DUTY - INJURY,S021,MISCELLANEOUS,CLOSED/FINAL,NOT SUSTAINED,STANLEY,TODD,001,,POLICE OFFICER,,MALE,WHITE,apr2016,,,05,0,0,1
1062793,114,COLUMBUS DR,300,PARK PROPERTY,09jun2013 15:30:00,09jun2013 15:30:00,11jun2013,,,,,,,,05A,EXCESSIVE FORCE / ON DUTY - INJURY,S021,MISCELLANEOUS,CLOSED/FINAL,NOT SUSTAINED,CARAGHER,TOM,,,,,MALE,,apr2016,,,05,0,0,1
1062793,114,COLUMBUS DR,300,PARK PROPERTY,09jun2013 15:30:00,09jun2013 15:30:00,11jun2013,,,,,,,,05A,EXCESSIVE FORCE / ON DUTY - INJURY,S021,MISCELLANEOUS,CLOSED/FINAL,NOT SUSTAINED,FERNANDEZ,BLANCA,001,,POLICE OFFICER,,FEMALE,SPANISH (DO NOT USE),apr2016,,,05,0,0,1
1062793,114,COLUMBUS DR,300,PARK PROPERTY,09jun2013 15:30:00,09jun2013 15:30:00,11jun2013,,,,,,,,05A,EXCESSIVE FORCE / ON DUTY - INJURY,S021,MISCELLANEOUS,CLOSED/FINAL,NOT SUSTAINED,BRYAN,EDWARD,022,,POLICE OFFICER,,MALE,BLACK,apr2016,,,05,0,0,1
1062793,114,COLUMBUS DR,300,PARK PROPERTY,09jun2013 15:30:00,09jun2013 15:30:00,11jun2013,,BRANDT,20772,610,,26mar1990,PO AS DETECTIVE,05A,EXCESSIVE FORCE / ON DUTY - INJURY,S021,MISCELLANEOUS,CLOSED/FINAL,EXONERATED,KAMIDE,ANDREW,,,UNKNOWN,23,MALE,WHITE,apr2016,,,05,0,0,1
1062793,114,COLUMBUS DR,300,PARK PROPERTY,09jun2013 15:30:00,09jun2013 15:30:00,11jun2013,,BRANDT,20772,610,,26mar1990,PO AS DETECTIVE,05A,EXCESSIVE FORCE / ON DUTY - INJURY,S021,MISCELLANEOUS,CLOSED/FINAL,EXONERATED,BRYAN,EDWARD,022,,POLICE OFFICER,,MALE,BLACK,apr2016,,,05,0,0,1
1062793,114,COLUMBUS DR,300,PARK PROPERTY,09jun2013 15:30:00,09jun2013 15:30:00,11jun2013,,BRANDT,20772,610,,26mar1990,PO AS DETECTIVE,05A,EXCESSIVE FORCE / ON DUTY - INJURY,S021,MISCELLANEOUS,CLOSED/FINAL,EXONERATED,KAMIDE,ANDREW,,,UNKNOWN,24,MALE,WHITE,apr2016,,,05,0,0,1
1062793,114,COLUMBUS DR,300,PARK PROPERTY,09jun2013 15:30:00,09jun2013 15:30:00,11jun2013,,BRANDT,20772,610,,26mar1990,PO AS DETECTIVE,05A,EXCESSIVE FORCE / ON DUTY - INJURY,S021,MISCELLANEOUS,CLOSED/FINAL,EXONERATED,MARZIC,MARINA,,,,,FEMALE,,apr2016,,,05,0,0,1
1062793,114,COLUMBUS DR,300,PARK PROPERTY,09jun2013 15:30:00,09jun2013 15:30:00,11jun2013,,BRANDT,20772,610,,26mar1990,PO AS DETECTIVE,05A,EXCESSIVE FORCE / ON DUTY - INJURY,S021,MISCELLANEOUS,CLOSED/FINAL,EXONERATED,ANDERSON,COREY,001,,POLICE OFFICER,,MALE,BLACK,apr2016,,,05,0,0,1
1062793,114,COLUMBUS DR,300,PARK PROPERTY,09jun2013 15:30:00,09jun2013 15:30:00,11jun2013,,,,,,,,05A,EXCESSIVE FORCE / ON DUTY - INJURY,S021,MISCELLANEOUS,CLOSED/FINAL,NOT SUSTAINED,KAMIDE,ANDREW,,,UNKNOWN,24,MALE,WHITE,apr2016,,,05,0,0,1
