COMPLAINT_NUMBER,BEAT,STREET,ADDRESS,LOCATION_CODE,INCIDENT_TIME_START,INCIDENT_TIME_END,NOTIFICATION_DATE,ACCSUEDOFFICER_FNAME,ACCUSEDOFFICER_LNAME,ACCUSED_STAR,ACCUSED_UNIT,ACCUSED_DETAIL,ACCUSED_APPOINTMENT_DATE,ACCUSED_POSITION,INITIAL_CATEGORY_CODE,INITIAL_CATEGORY,CURRENT_CATEGORY_CODE,CURRENT_CATEGORY,CURRENT_STATUS,FINDING_CODE,INVOLVED_OFFICER_LNAME,INVOLVED_OFFICER_FNAME,INVOLVED_OFFICER_UNIT,INVOLVED_OFFICER_DETAIL,INVOLVED_OFFICER_POSITION,INVOLVED_OFFICER_AGE,INVOLVED_OFFICER_SEX,INVOLVED_OFFICER_RACE,foia,INVOLVED_OFFICER_DESCRIPTION,INVOLVED_OFFICER_TYPE,start_code_2,start_code_1,rec,sum_rec
1061558,531,111TH ST,727,POLICE FACILITY/VEH PARKING LOT,16apr2013 14:00:00,16apr2013 14:00:00,17apr2013,,SAMPSON,4157,005,,25feb2002,POLICE OFFICER,S125,MISCELLANEOUS,05A,EXCESSIVE FORCE / ON DUTY - INJURY,CLOSED/FINAL,EXONERATED,JOHNSON,TINA,005,,POLICE OFFICER,,FEMALE,BLACK,apr2016,,,S1,S,0,1
1061558,531,111TH ST,727,POLICE FACILITY/VEH PARKING LOT,16apr2013 14:00:00,16apr2013 14:00:00,17apr2013,,,,,,,,S125,MISCELLANEOUS,05A,EXCESSIVE FORCE / ON DUTY - INJURY,CLOSED/FINAL,UNFOUNDED,JOHNSON,TINA,005,,POLICE OFFICER,,FEMALE,BLACK,apr2016,,,S1,S,0,1
1061558,531,111TH ST,727,POLICE FACILITY/VEH PARKING LOT,16apr2013 14:00:00,16apr2013 14:00:00,17apr2013,,,,,,,,S125,MISCELLANEOUS,05A,EXCESSIVE FORCE / ON DUTY - INJURY,CLOSED/FINAL,UNFOUNDED,LEE,RAMONA,005,,POLICE OFFICER,,FEMALE,BLACK,apr2016,,,S1,S,0,1
1061558,531,111TH ST,727,POLICE FACILITY/VEH PARKING LOT,16apr2013 14:00:00,16apr2013 14:00:00,17apr2013,,,,,,,,S125,MISCELLANEOUS,05A,EXCESSIVE FORCE / ON DUTY - INJURY,CLOSED/FINAL,UNFOUNDED,METCALF,MARY,,,UNKNOWN,55,FEMALE,BLACK,apr2016,,,S1,S,0,1
1061558,531,111TH ST,727,POLICE FACILITY/VEH PARKING LOT,16apr2013 14:00:00,16apr2013 14:00:00,17apr2013,,SAMPSON,4157,005,,25feb2002,POLICE OFFICER,S125,MISCELLANEOUS,05A,EXCESSIVE FORCE / ON DUTY - INJURY,CLOSED/FINAL,UNFOUNDED,JOHNSON,TINA,005,,POLICE OFFICER,,FEMALE,BLACK,apr2016,,,S1,S,0,1
1061558,531,111TH ST,727,POLICE FACILITY/VEH PARKING LOT,16apr2013 14:00:00,16apr2013 14:00:00,17apr2013,,SAMPSON,4157,005,,25feb2002,POLICE OFFICER,S125,MISCELLANEOUS,05A,EXCESSIVE FORCE / ON DUTY - INJURY,CLOSED/FINAL,EXONERATED,METCALF,MARY,,,UNKNOWN,55,FEMALE,BLACK,apr2016,,,S1,S,0,1
1061558,531,111TH ST,727,POLICE FACILITY/VEH PARKING LOT,16apr2013 14:00:00,16apr2013 14:00:00,17apr2013,,,,,,,,S125,MISCELLANEOUS,05A,EXCESSIVE FORCE / ON DUTY - INJURY,CLOSED/FINAL,EXONERATED,METCALF,MARY,,,UNKNOWN,55,FEMALE,BLACK,apr2016,,,S1,S,0,1
1061558,531,111TH ST,727,POLICE FACILITY/VEH PARKING LOT,16apr2013 14:00:00,16apr2013 14:00:00,17apr2013,,SAMPSON,4157,005,,25feb2002,POLICE OFFICER,S125,MISCELLANEOUS,05A,EXCESSIVE FORCE / ON DUTY - INJURY,CLOSED/FINAL,UNFOUNDED,LEE,RAMONA,005,,POLICE OFFICER,,FEMALE,BLACK,apr2016,,,S1,S,0,1
1061558,531,111TH ST,727,POLICE FACILITY/VEH PARKING LOT,16apr2013 14:00:00,16apr2013 14:00:00,17apr2013,,,,,,,,S125,MISCELLANEOUS,05A,EXCESSIVE FORCE / ON DUTY - INJURY,CLOSED/FINAL,UNFOUNDED,METCALF,MARY,,,UNKNOWN,54,FEMALE,BLACK,apr2016,,,S1,S,0,1
1061558,531,111TH ST,727,POLICE FACILITY/VEH PARKING LOT,16apr2013 14:00:00,16apr2013 14:00:00,17apr2013,,SAMPSON,4157,005,,25feb2002,POLICE OFFICER,S125,MISCELLANEOUS,05A,EXCESSIVE FORCE / ON DUTY - INJURY,CLOSED/FINAL,EXONERATED,METCALF,MARY,,,UNKNOWN,54,FEMALE,BLACK,apr2016,,,S1,S,0,1
1061558,531,111TH ST,727,POLICE FACILITY/VEH PARKING LOT,16apr2013 14:00:00,16apr2013 14:00:00,17apr2013,,,,,,,,S125,MISCELLANEOUS,05A,EXCESSIVE FORCE / ON DUTY - INJURY,CLOSED/FINAL,EXONERATED,JOHNSON,TINA,005,,POLICE OFFICER,,FEMALE,BLACK,apr2016,,,S1,S,1,1
1061558,531,111TH ST,727,POLICE FACILITY/VEH PARKING LOT,16apr2013 14:00:00,16apr2013 14:00:00,17apr2013,,,,,,,,S125,MISCELLANEOUS,05A,EXCESSIVE FORCE / ON DUTY - INJURY,CLOSED/FINAL,EXONERATED,METCALF,MARY,,,UNKNOWN,54,FEMALE,BLACK,apr2016,,,S1,S,0,1
1061558,531,111TH ST,727,POLICE FACILITY/VEH PARKING LOT,16apr2013 14:00:00,16apr2013 14:00:00,17apr2013,,,,,,,,S125,MISCELLANEOUS,05A,EXCESSIVE FORCE / ON DUTY - INJURY,CLOSED/FINAL,EXONERATED,LEE,RAMONA,005,,POLICE OFFICER,,FEMALE,BLACK,apr2016,,,S1,S,0,1
1061558,531,111TH ST,727,POLICE FACILITY/VEH PARKING LOT,16apr2013 14:00:00,16apr2013 14:00:00,17apr2013,,SAMPSON,4157,005,,25feb2002,POLICE OFFICER,S125,MISCELLANEOUS,05A,EXCESSIVE FORCE / ON DUTY - INJURY,CLOSED/FINAL,EXONERATED,LEE,RAMONA,005,,POLICE OFFICER,,FEMALE,BLACK,apr2016,,,S1,S,0,1
1061558,531,111TH ST,727,POLICE FACILITY/VEH PARKING LOT,16apr2013 14:00:00,16apr2013 14:00:00,17apr2013,,SAMPSON,4157,005,,25feb2002,POLICE OFFICER,S125,MISCELLANEOUS,05A,EXCESSIVE FORCE / ON DUTY - INJURY,CLOSED/FINAL,UNFOUNDED,METCALF,MARY,,,UNKNOWN,54,FEMALE,BLACK,apr2016,,,S1,S,0,1
1061558,531,111TH ST,727,POLICE FACILITY/VEH PARKING LOT,16apr2013 14:00:00,16apr2013 14:00:00,17apr2013,,SAMPSON,4157,005,,25feb2002,POLICE OFFICER,S125,MISCELLANEOUS,05A,EXCESSIVE FORCE / ON DUTY - INJURY,CLOSED/FINAL,UNFOUNDED,METCALF,MARY,,,UNKNOWN,55,FEMALE,BLACK,apr2016,,,S1,S,0,1
