COMPLAINT_NUMBER,BEAT,STREET,ADDRESS,LOCATION_CODE,INCIDENT_TIME_START,INCIDENT_TIME_END,NOTIFICATION_DATE,ACCSUEDOFFICER_FNAME,ACCUSEDOFFICER_LNAME,ACCUSED_STAR,ACCUSED_UNIT,ACCUSED_DETAIL,ACCUSED_APPOINTMENT_DATE,ACCUSED_POSITION,INITIAL_CATEGORY_CODE,INITIAL_CATEGORY,CURRENT_CATEGORY_CODE,CURRENT_CATEGORY,CURRENT_STATUS,FINDING_CODE,INVOLVED_OFFICER_LNAME,INVOLVED_OFFICER_FNAME,INVOLVED_OFFICER_UNIT,INVOLVED_OFFICER_DETAIL,INVOLVED_OFFICER_POSITION,INVOLVED_OFFICER_AGE,INVOLVED_OFFICER_SEX,INVOLVED_OFFICER_RACE,foia,INVOLVED_OFFICER_DESCRIPTION,INVOLVED_OFFICER_TYPE,start_code_2,start_code_1,rec,sum_rec
1053676,533,CORLISS AVE,13200,CHA PARKING LOT/GROUNDS,30apr2012 10:44:00,30apr2012 10:44:00,30apr2012,ROBERTA,STEELE,1239,005,,07dec1992,SERGEANT OF POLICE,05A,EXCESSIVE FORCE / ON DUTY - INJURY,S014,TASER (PROBE DISCHARGE),CLOSED/FINAL,NOT SUSTAINED,WILLIAMS,SHANTI,,,UNKNOWN,33,FEMALE,BLACK,apr2016,,,05,0,0,1
1053676,533,CORLISS AVE,13200,CHA PARKING LOT/GROUNDS,30apr2012 10:44:00,30apr2012 10:44:00,30apr2012,MICHAEL,DUCK,18769,005,,05jun1995,POLICE OFFICER,05A,EXCESSIVE FORCE / ON DUTY - INJURY,S014,TASER (PROBE DISCHARGE),CLOSED/FINAL,UNFOUNDED,WILLIAMS,SHANTI,,,UNKNOWN,33,FEMALE,BLACK,apr2016,,,05,0,0,1
1053676,533,CORLISS AVE,13200,CHA PARKING LOT/GROUNDS,30apr2012 10:44:00,30apr2012 10:44:00,30apr2012,CORDY,FOUCH JR,19814,005,,05aug1996,POLICE OFFICER,05A,EXCESSIVE FORCE / ON DUTY - INJURY,S014,TASER (PROBE DISCHARGE),CLOSED/FINAL,UNFOUNDED,WILLIAMS,SHANTI,,,UNKNOWN,33,FEMALE,BLACK,apr2016,,,05,0,0,1
1053676,533,CORLISS AVE,13200,CHA PARKING LOT/GROUNDS,30apr2012 10:44:00,30apr2012 10:44:00,30apr2012,MICHAEL,DUCK,18769,005,,05jun1995,POLICE OFFICER,05A,EXCESSIVE FORCE / ON DUTY - INJURY,S014,TASER (PROBE DISCHARGE),CLOSED/FINAL,NOT SUSTAINED,WILLIAMS,SHANTI,,,UNKNOWN,33,FEMALE,BLACK,apr2016,,,05,0,0,1
1053676,533,CORLISS AVE,13200,CHA PARKING LOT/GROUNDS,30apr2012 10:44:00,30apr2012 10:44:00,30apr2012,ROBERTA,STEELE,1239,005,,07dec1992,SERGEANT OF POLICE,05A,EXCESSIVE FORCE / ON DUTY - INJURY,S014,TASER (PROBE DISCHARGE),CLOSED/FINAL,UNFOUNDED,WILLIAMS,SHANTI,,,UNKNOWN,32,FEMALE,BLACK,apr2016,,,05,0,0,1
1053676,533,CORLISS AVE,13200,CHA PARKING LOT/GROUNDS,30apr2012 10:44:00,30apr2012 10:44:00,30apr2012,ROBERTA,STEELE,1239,005,,07dec1992,SERGEANT OF POLICE,05A,EXCESSIVE FORCE / ON DUTY - INJURY,S014,TASER (PROBE DISCHARGE),CLOSED/FINAL,NOT SUSTAINED,WILLIAMS,SHANTI,,,UNKNOWN,32,FEMALE,BLACK,apr2016,,,05,0,0,1
1053676,533,CORLISS AVE,13200,CHA PARKING LOT/GROUNDS,30apr2012 10:44:00,30apr2012 10:44:00,30apr2012,CORDY,FOUCH JR,19814,005,,05aug1996,POLICE OFFICER,05A,EXCESSIVE FORCE / ON DUTY - INJURY,S014,TASER (PROBE DISCHARGE),CLOSED/FINAL,UNFOUNDED,WILLIAMS,DAIREON,,,UNKNOWN,16,MALE,BLACK,apr2016,,,05,0,0,1
1053676,533,CORLISS AVE,13200,CHA PARKING LOT/GROUNDS,30apr2012 10:44:00,30apr2012 10:44:00,30apr2012,CORDY,FOUCH JR,19814,005,,05aug1996,POLICE OFFICER,05A,EXCESSIVE FORCE / ON DUTY - INJURY,S014,TASER (PROBE DISCHARGE),CLOSED/FINAL,UNFOUNDED,WILLIAMS,SHANTI,,,UNKNOWN,32,FEMALE,BLACK,apr2016,,,05,0,0,1
1053676,533,CORLISS AVE,13200,CHA PARKING LOT/GROUNDS,30apr2012 10:44:00,30apr2012 10:44:00,30apr2012,PHYLLIS,CLINKSCALES,12691,005,,22may1991,POLICE OFFICER,05A,EXCESSIVE FORCE / ON DUTY - INJURY,S014,TASER (PROBE DISCHARGE),CLOSED/FINAL,EXONERATED,WILLIAMS,DAIREON,,,UNKNOWN,16,MALE,BLACK,apr2016,,,05,0,0,1
1053676,533,CORLISS AVE,13200,CHA PARKING LOT/GROUNDS,30apr2012 10:44:00,30apr2012 10:44:00,30apr2012,BELINDA,FOSTER,18946,005,,05jun1995,POLICE OFFICER,05A,EXCESSIVE FORCE / ON DUTY - INJURY,S014,TASER (PROBE DISCHARGE),CLOSED/FINAL,NOT SUSTAINED,WILLIAMS,SHANTI,,,UNKNOWN,32,FEMALE,BLACK,apr2016,,,05,0,0,1
1053676,533,CORLISS AVE,13200,CHA PARKING LOT/GROUNDS,30apr2012 10:44:00,30apr2012 10:44:00,30apr2012,MICHAEL,DUCK,18769,005,,05jun1995,POLICE OFFICER,05A,EXCESSIVE FORCE / ON DUTY - INJURY,S014,TASER (PROBE DISCHARGE),CLOSED/FINAL,UNFOUNDED,WILLIAMS,SHANTI,,,UNKNOWN,32,FEMALE,BLACK,apr2016,,,05,0,0,1
1053676,533,CORLISS AVE,13200,CHA PARKING LOT/GROUNDS,30apr2012 10:44:00,30apr2012 10:44:00,30apr2012,BELINDA,FOSTER,18946,005,,05jun1995,POLICE OFFICER,05A,EXCESSIVE FORCE / ON DUTY - INJURY,S014,TASER (PROBE DISCHARGE),CLOSED/FINAL,EXONERATED,WILLIAMS,SHANTI,,,UNKNOWN,33,FEMALE,BLACK,apr2016,,,05,0,0,1
1053676,533,CORLISS AVE,13200,CHA PARKING LOT/GROUNDS,30apr2012 10:44:00,30apr2012 10:44:00,30apr2012,PHYLLIS,CLINKSCALES,12691,005,,22may1991,POLICE OFFICER,05A,EXCESSIVE FORCE / ON DUTY - INJURY,S014,TASER (PROBE DISCHARGE),CLOSED/FINAL,EXONERATED,WILLIAMS,SHANTI,,,UNKNOWN,33,FEMALE,BLACK,apr2016,,,05,0,0,1
1053676,533,CORLISS AVE,13200,CHA PARKING LOT/GROUNDS,30apr2012 10:44:00,30apr2012 10:44:00,30apr2012,,,,,,,,05A,EXCESSIVE FORCE / ON DUTY - INJURY,S014,TASER (PROBE DISCHARGE),CLOSED/FINAL,EXONERATED,WILLIAMS,SHANTI,,,UNKNOWN,32,FEMALE,BLACK,apr2016,,,05,0,0,1
1053676,533,CORLISS AVE,13200,CHA PARKING LOT/GROUNDS,30apr2012 10:44:00,30apr2012 10:44:00,30apr2012,MICHAEL,DUCK,18769,005,,05jun1995,POLICE OFFICER,05A,EXCESSIVE FORCE / ON DUTY - INJURY,S014,TASER (PROBE DISCHARGE),CLOSED/FINAL,NOT SUSTAINED,WILLIAMS,SHANTI,,,UNKNOWN,32,FEMALE,BLACK,apr2016,,,05,0,0,1
1053676,533,CORLISS AVE,13200,CHA PARKING LOT/GROUNDS,30apr2012 10:44:00,30apr2012 10:44:00,30apr2012,BELINDA,FOSTER,18946,005,,05jun1995,POLICE OFFICER,05A,EXCESSIVE FORCE / ON DUTY - INJURY,S014,TASER (PROBE DISCHARGE),CLOSED/FINAL,EXONERATED,WILLIAMS,DAIREON,,,UNKNOWN,16,MALE,BLACK,apr2016,,,05,0,0,1
1053676,533,CORLISS AVE,13200,CHA PARKING LOT/GROUNDS,30apr2012 10:44:00,30apr2012 10:44:00,30apr2012,CORDY,FOUCH JR,19814,005,,05aug1996,POLICE OFFICER,05A,EXCESSIVE FORCE / ON DUTY - INJURY,S014,TASER (PROBE DISCHARGE),CLOSED/FINAL,EXONERATED,WILLIAMS,DAIREON,,,UNKNOWN,16,MALE,BLACK,apr2016,,,05,0,0,1
1053676,533,CORLISS AVE,13200,CHA PARKING LOT/GROUNDS,30apr2012 10:44:00,30apr2012 10:44:00,30apr2012,ROBERTA,STEELE,1239,005,,07dec1992,SERGEANT OF POLICE,05A,EXCESSIVE FORCE / ON DUTY - INJURY,S014,TASER (PROBE DISCHARGE),CLOSED/FINAL,UNFOUNDED,WILLIAMS,SHANTI,,,UNKNOWN,33,FEMALE,BLACK,apr2016,,,05,0,0,1
1053676,533,CORLISS AVE,13200,CHA PARKING LOT/GROUNDS,30apr2012 10:44:00,30apr2012 10:44:00,30apr2012,CORDY,FOUCH JR,19814,005,,05aug1996,POLICE OFFICER,05A,EXCESSIVE FORCE / ON DUTY - INJURY,S014,TASER (PROBE DISCHARGE),CLOSED/FINAL,EXONERATED,WILLIAMS,SHANTI,,,UNKNOWN,33,FEMALE,BLACK,apr2016,,,05,0,0,1
1053676,533,CORLISS AVE,13200,CHA PARKING LOT/GROUNDS,30apr2012 10:44:00,30apr2012 10:44:00,30apr2012,PHYLLIS,CLINKSCALES,12691,005,,22may1991,POLICE OFFICER,05A,EXCESSIVE FORCE / ON DUTY - INJURY,S014,TASER (PROBE DISCHARGE),CLOSED/FINAL,EXONERATED,WILLIAMS,SHANTI,,,UNKNOWN,32,FEMALE,BLACK,apr2016,,,05,0,0,1
1053676,533,CORLISS AVE,13200,CHA PARKING LOT/GROUNDS,30apr2012 10:44:00,30apr2012 10:44:00,30apr2012,PHYLLIS,CLINKSCALES,12691,005,,22may1991,POLICE OFFICER,05A,EXCESSIVE FORCE / ON DUTY - INJURY,S014,TASER (PROBE DISCHARGE),CLOSED/FINAL,NOT SUSTAINED,WILLIAMS,DAIREON,,,UNKNOWN,16,MALE,BLACK,apr2016,,,05,0,0,1
1053676,533,CORLISS AVE,13200,CHA PARKING LOT/GROUNDS,30apr2012 10:44:00,30apr2012 10:44:00,30apr2012,,,,,,,,05A,EXCESSIVE FORCE / ON DUTY - INJURY,S014,TASER (PROBE DISCHARGE),CLOSED/FINAL,NOT SUSTAINED,WILLIAMS,SHANTI,,,UNKNOWN,33,FEMALE,BLACK,apr2016,,,05,0,0,1
1053676,533,CORLISS AVE,13200,CHA PARKING LOT/GROUNDS,30apr2012 10:44:00,30apr2012 10:44:00,30apr2012,CORDY,FOUCH JR,19814,005,,05aug1996,POLICE OFFICER,05A,EXCESSIVE FORCE / ON DUTY - INJURY,S014,TASER (PROBE DISCHARGE),CLOSED/FINAL,EXONERATED,WILLIAMS,SHANTI,,,UNKNOWN,32,FEMALE,BLACK,apr2016,,,05,0,0,1
1053676,533,CORLISS AVE,13200,CHA PARKING LOT/GROUNDS,30apr2012 10:44:00,30apr2012 10:44:00,30apr2012,ROBERTA,STEELE,1239,005,,07dec1992,SERGEANT OF POLICE,05A,EXCESSIVE FORCE / ON DUTY - INJURY,S014,TASER (PROBE DISCHARGE),CLOSED/FINAL,UNFOUNDED,WILLIAMS,DAIREON,,,UNKNOWN,16,MALE,BLACK,apr2016,,,05,0,0,1
1053676,533,CORLISS AVE,13200,CHA PARKING LOT/GROUNDS,30apr2012 10:44:00,30apr2012 10:44:00,30apr2012,,,,,,,,05A,EXCESSIVE FORCE / ON DUTY - INJURY,S014,TASER (PROBE DISCHARGE),CLOSED/FINAL,NOT SUSTAINED,WILLIAMS,SHANTI,,,UNKNOWN,32,FEMALE,BLACK,apr2016,,,05,0,0,1
1053676,533,CORLISS AVE,13200,CHA PARKING LOT/GROUNDS,30apr2012 10:44:00,30apr2012 10:44:00,30apr2012,PHYLLIS,CLINKSCALES,12691,005,,22may1991,POLICE OFFICER,05A,EXCESSIVE FORCE / ON DUTY - INJURY,S014,TASER (PROBE DISCHARGE),CLOSED/FINAL,NOT SUSTAINED,WILLIAMS,SHANTI,,,UNKNOWN,33,FEMALE,BLACK,apr2016,,,05,0,0,1
1053676,533,CORLISS AVE,13200,CHA PARKING LOT/GROUNDS,30apr2012 10:44:00,30apr2012 10:44:00,30apr2012,,,,,,,,05A,EXCESSIVE FORCE / ON DUTY - INJURY,S014,TASER (PROBE DISCHARGE),CLOSED/FINAL,NOT SUSTAINED,WILLIAMS,DAIREON,,,UNKNOWN,16,MALE,BLACK,apr2016,,,05,0,0,1
1053676,533,CORLISS AVE,13200,CHA PARKING LOT/GROUNDS,30apr2012 10:44:00,30apr2012 10:44:00,30apr2012,PHYLLIS,CLINKSCALES,12691,005,,22may1991,POLICE OFFICER,05A,EXCESSIVE FORCE / ON DUTY - INJURY,S014,TASER (PROBE DISCHARGE),CLOSED/FINAL,NOT SUSTAINED,WILLIAMS,SHANTI,,,UNKNOWN,32,FEMALE,BLACK,apr2016,,,05,0,0,1
1053676,533,CORLISS AVE,13200,CHA PARKING LOT/GROUNDS,30apr2012 10:44:00,30apr2012 10:44:00,30apr2012,,,,,,,,05A,EXCESSIVE FORCE / ON DUTY - INJURY,S014,TASER (PROBE DISCHARGE),CLOSED/FINAL,EXONERATED,WILLIAMS,SHANTI,,,UNKNOWN,33,FEMALE,BLACK,apr2016,,,05,0,0,1
1053676,533,CORLISS AVE,13200,CHA PARKING LOT/GROUNDS,30apr2012 10:44:00,30apr2012 10:44:00,30apr2012,MICHAEL,DUCK,18769,005,,05jun1995,POLICE OFFICER,05A,EXCESSIVE FORCE / ON DUTY - INJURY,S014,TASER (PROBE DISCHARGE),CLOSED/FINAL,UNFOUNDED,WILLIAMS,DAIREON,,,UNKNOWN,16,MALE,BLACK,apr2016,,,05,0,0,1
1053676,533,CORLISS AVE,13200,CHA PARKING LOT/GROUNDS,30apr2012 10:44:00,30apr2012 10:44:00,30apr2012,BELINDA,FOSTER,18946,005,,05jun1995,POLICE OFFICER,05A,EXCESSIVE FORCE / ON DUTY - INJURY,S014,TASER (PROBE DISCHARGE),CLOSED/FINAL,EXONERATED,WILLIAMS,SHANTI,,,UNKNOWN,32,FEMALE,BLACK,apr2016,,,05,0,0,1
1053676,533,CORLISS AVE,13200,CHA PARKING LOT/GROUNDS,30apr2012 10:44:00,30apr2012 10:44:00,30apr2012,MICHAEL,DUCK,18769,005,,05jun1995,POLICE OFFICER,05A,EXCESSIVE FORCE / ON DUTY - INJURY,S014,TASER (PROBE DISCHARGE),CLOSED/FINAL,NOT SUSTAINED,WILLIAMS,DAIREON,,,UNKNOWN,16,MALE,BLACK,apr2016,,,05,0,0,1
1053676,533,CORLISS AVE,13200,CHA PARKING LOT/GROUNDS,30apr2012 10:44:00,30apr2012 10:44:00,30apr2012,,,,,,,,05A,EXCESSIVE FORCE / ON DUTY - INJURY,S014,TASER (PROBE DISCHARGE),CLOSED/FINAL,EXONERATED,WILLIAMS,DAIREON,,,UNKNOWN,16,MALE,BLACK,apr2016,,,05,0,1,1
1053676,533,CORLISS AVE,13200,CHA PARKING LOT/GROUNDS,30apr2012 10:44:00,30apr2012 10:44:00,30apr2012,ROBERTA,STEELE,1239,005,,07dec1992,SERGEANT OF POLICE,05A,EXCESSIVE FORCE / ON DUTY - INJURY,S014,TASER (PROBE DISCHARGE),CLOSED/FINAL,NOT SUSTAINED,WILLIAMS,DAIREON,,,UNKNOWN,16,MALE,BLACK,apr2016,,,05,0,0,1
1053676,533,CORLISS AVE,13200,CHA PARKING LOT/GROUNDS,30apr2012 10:44:00,30apr2012 10:44:00,30apr2012,BELINDA,FOSTER,18946,005,,05jun1995,POLICE OFFICER,05A,EXCESSIVE FORCE / ON DUTY - INJURY,S014,TASER (PROBE DISCHARGE),CLOSED/FINAL,NOT SUSTAINED,WILLIAMS,DAIREON,,,UNKNOWN,16,MALE,BLACK,apr2016,,,05,0,0,1
1053676,533,CORLISS AVE,13200,CHA PARKING LOT/GROUNDS,30apr2012 10:44:00,30apr2012 10:44:00,30apr2012,BELINDA,FOSTER,18946,005,,05jun1995,POLICE OFFICER,05A,EXCESSIVE FORCE / ON DUTY - INJURY,S014,TASER (PROBE DISCHARGE),CLOSED/FINAL,NOT SUSTAINED,WILLIAMS,SHANTI,,,UNKNOWN,33,FEMALE,BLACK,apr2016,,,05,0,0,1
