COMPLAINT_NUMBER,BEAT,STREET,ADDRESS,LOCATION_CODE,INCIDENT_TIME_START,INCIDENT_TIME_END,NOTIFICATION_DATE,ACCSUEDOFFICER_FNAME,ACCUSEDOFFICER_LNAME,ACCUSED_STAR,ACCUSED_UNIT,ACCUSED_DETAIL,ACCUSED_APPOINTMENT_DATE,ACCUSED_POSITION,INITIAL_CATEGORY_CODE,INITIAL_CATEGORY,CURRENT_CATEGORY_CODE,CURRENT_CATEGORY,CURRENT_STATUS,FINDING_CODE,INVOLVED_OFFICER_LNAME,INVOLVED_OFFICER_FNAME,INVOLVED_OFFICER_UNIT,INVOLVED_OFFICER_DETAIL,INVOLVED_OFFICER_POSITION,INVOLVED_OFFICER_AGE,INVOLVED_OFFICER_SEX,INVOLVED_OFFICER_RACE,foia,INVOLVED_OFFICER_DESCRIPTION,INVOLVED_OFFICER_TYPE,start_code_2,start_code_1,rec,sum_rec
1060204,2531,CENTRAL AVE,1724,STREET,17feb2013 03:59:59,17feb2013 05:00:00,17feb2013,,,,,,,,S022,CLOSED HAND STRIKE (PUNCH),05M,UNNECESSARY PHYSICAL CONTACT / ON DUTY - NO INJURY,CLOSED/FINAL,NOT SUSTAINED,,,,,,,,,apr2016,,,S0,S,0,1
1060204,2531,CENTRAL AVE,1724,STREET,17feb2013 03:59:59,17feb2013 05:00:00,17feb2013,,KEENAN,8392,025,,10may1999,POLICE OFFICER,S022,CLOSED HAND STRIKE (PUNCH),05M,UNNECESSARY PHYSICAL CONTACT / ON DUTY - NO INJURY,CLOSED/FINAL,NOT SUSTAINED,OHLINGER,PATRICK,025,,POLICE OFFICER,,MALE,WHITE,apr2016,,,S0,S,0,1
1060204,2531,CENTRAL AVE,1724,STREET,17feb2013 03:59:59,17feb2013 05:00:00,17feb2013,,KEENAN,8392,025,,10may1999,POLICE OFFICER,S022,CLOSED HAND STRIKE (PUNCH),05M,UNNECESSARY PHYSICAL CONTACT / ON DUTY - NO INJURY,CLOSED/FINAL,NOT SUSTAINED,HENDRIX,LAKISHA,,,UNKNOWN,39,FEMALE,BLACK,apr2016,,,S0,S,0,1
1060204,2531,CENTRAL AVE,1724,STREET,17feb2013 03:59:59,17feb2013 05:00:00,17feb2013,,SCHULER,1969,025,,18nov1991,SERGEANT OF POLICE,S022,CLOSED HAND STRIKE (PUNCH),05M,UNNECESSARY PHYSICAL CONTACT / ON DUTY - NO INJURY,CLOSED/FINAL,NOT SUSTAINED,ANGELOPOULOS,JOHN,025,,POLICE OFFICER,,MALE,WHITE,apr2016,,,S0,S,0,1
1060204,2531,CENTRAL AVE,1724,STREET,17feb2013 03:59:59,17feb2013 05:00:00,17feb2013,,SCHULER,1969,025,,18nov1991,SERGEANT OF POLICE,S022,CLOSED HAND STRIKE (PUNCH),05M,UNNECESSARY PHYSICAL CONTACT / ON DUTY - NO INJURY,CLOSED/FINAL,NOT SUSTAINED,HENDRIX,LARRY,,,UNKNOWN,38,MALE,BLACK,apr2016,,,S0,S,0,1
1060204,2531,CENTRAL AVE,1724,STREET,17feb2013 03:59:59,17feb2013 05:00:00,17feb2013,,KEENAN,8392,025,,10may1999,POLICE OFFICER,S022,CLOSED HAND STRIKE (PUNCH),05M,UNNECESSARY PHYSICAL CONTACT / ON DUTY - NO INJURY,CLOSED/FINAL,NOT SUSTAINED,ANGELOPOULOS,JOHN,025,,POLICE OFFICER,,MALE,WHITE,apr2016,,,S0,S,0,1
1060204,2531,CENTRAL AVE,1724,STREET,17feb2013 03:59:59,17feb2013 05:00:00,17feb2013,,,,,,,,S022,CLOSED HAND STRIKE (PUNCH),05M,UNNECESSARY PHYSICAL CONTACT / ON DUTY - NO INJURY,CLOSED/FINAL,NOT SUSTAINED,ANGELOPOULOS,JOHN,025,,POLICE OFFICER,,MALE,WHITE,apr2016,,,S0,S,1,1
1060204,2531,CENTRAL AVE,1724,STREET,17feb2013 03:59:59,17feb2013 05:00:00,17feb2013,,SCHULER,1969,025,,18nov1991,SERGEANT OF POLICE,S022,CLOSED HAND STRIKE (PUNCH),05M,UNNECESSARY PHYSICAL CONTACT / ON DUTY - NO INJURY,CLOSED/FINAL,NOT SUSTAINED,OHLINGER,PATRICK,025,,POLICE OFFICER,,MALE,WHITE,apr2016,,,S0,S,0,1
1060204,2531,CENTRAL AVE,1724,STREET,17feb2013 03:59:59,17feb2013 05:00:00,17feb2013,,SCHULER,1969,025,,18nov1991,SERGEANT OF POLICE,S022,CLOSED HAND STRIKE (PUNCH),05M,UNNECESSARY PHYSICAL CONTACT / ON DUTY - NO INJURY,CLOSED/FINAL,NOT SUSTAINED,HENDRIX,LAKISHA,,,UNKNOWN,39,FEMALE,BLACK,apr2016,,,S0,S,0,1
1060204,2531,CENTRAL AVE,1724,STREET,17feb2013 03:59:59,17feb2013 05:00:00,17feb2013,,,,,,,,S022,CLOSED HAND STRIKE (PUNCH),05M,UNNECESSARY PHYSICAL CONTACT / ON DUTY - NO INJURY,CLOSED/FINAL,NOT SUSTAINED,OHLINGER,PATRICK,025,,POLICE OFFICER,,MALE,WHITE,apr2016,,,S0,S,0,1
1060204,2531,CENTRAL AVE,1724,STREET,17feb2013 03:59:59,17feb2013 05:00:00,17feb2013,,KEENAN,8392,025,,10may1999,POLICE OFFICER,S022,CLOSED HAND STRIKE (PUNCH),05M,UNNECESSARY PHYSICAL CONTACT / ON DUTY - NO INJURY,CLOSED/FINAL,NOT SUSTAINED,HENDRIX,LARRY,,,UNKNOWN,38,MALE,BLACK,apr2016,,,S0,S,0,1
1060204,2531,CENTRAL AVE,1724,STREET,17feb2013 03:59:59,17feb2013 05:00:00,17feb2013,,,,,,,,S022,CLOSED HAND STRIKE (PUNCH),05M,UNNECESSARY PHYSICAL CONTACT / ON DUTY - NO INJURY,CLOSED/FINAL,NOT SUSTAINED,HENDRIX,LARRY,,,UNKNOWN,38,MALE,BLACK,apr2016,,,S0,S,0,1
1060204,2531,CENTRAL AVE,1724,STREET,17feb2013 03:59:59,17feb2013 05:00:00,17feb2013,,KEENAN,8392,025,,10may1999,POLICE OFFICER,S022,CLOSED HAND STRIKE (PUNCH),05M,UNNECESSARY PHYSICAL CONTACT / ON DUTY - NO INJURY,CLOSED/FINAL,NOT SUSTAINED,,,,,,,,,apr2016,,,S0,S,0,1
1060204,2531,CENTRAL AVE,1724,STREET,17feb2013 03:59:59,17feb2013 05:00:00,17feb2013,,,,,,,,S022,CLOSED HAND STRIKE (PUNCH),05M,UNNECESSARY PHYSICAL CONTACT / ON DUTY - NO INJURY,CLOSED/FINAL,NOT SUSTAINED,HENDRIX,LAKISHA,,,UNKNOWN,39,FEMALE,BLACK,apr2016,,,S0,S,0,1
1060204,2531,CENTRAL AVE,1724,STREET,17feb2013 03:59:59,17feb2013 05:00:00,17feb2013,,SCHULER,1969,025,,18nov1991,SERGEANT OF POLICE,S022,CLOSED HAND STRIKE (PUNCH),05M,UNNECESSARY PHYSICAL CONTACT / ON DUTY - NO INJURY,CLOSED/FINAL,NOT SUSTAINED,,,,,,,,,apr2016,,,S0,S,0,1
