COMPLAINT_NUMBER,BEAT,STREET,ADDRESS,LOCATION_CODE,INCIDENT_TIME_START,INCIDENT_TIME_END,NOTIFICATION_DATE,ACCSUEDOFFICER_FNAME,ACCUSEDOFFICER_LNAME,ACCUSED_STAR,ACCUSED_UNIT,ACCUSED_DETAIL,ACCUSED_APPOINTMENT_DATE,ACCUSED_POSITION,INITIAL_CATEGORY_CODE,INITIAL_CATEGORY,CURRENT_CATEGORY_CODE,CURRENT_CATEGORY,CURRENT_STATUS,FINDING_CODE,INVOLVED_OFFICER_LNAME,INVOLVED_OFFICER_FNAME,INVOLVED_OFFICER_UNIT,INVOLVED_OFFICER_DETAIL,INVOLVED_OFFICER_POSITION,INVOLVED_OFFICER_AGE,INVOLVED_OFFICER_SEX,INVOLVED_OFFICER_RACE,foia,INVOLVED_OFFICER_DESCRIPTION,INVOLVED_OFFICER_TYPE,start_code_2,start_code_1,rec,sum_rec
1058817,934,MAY ST,5200,STREET,03dec2012 21:01:59,03dec2012 21:01:59,05dec2012,,,,,,,,05B,EXCESSIVE FORCE / ON DUTY - NO INJURY,05Z,MISCELLANEOUS,CLOSED/FINAL,NOT SUSTAINED,COLEMAN,PATRICIA,,,UNKNOWN,38,FEMALE,BLACK,apr2016,,,05,0,1,1
1058817,934,MAY ST,5200,STREET,03dec2012 21:01:59,03dec2012 21:01:59,05dec2012,ANDREW,KEMPS,16145,009,,26apr2004,POLICE OFFICER,05B,EXCESSIVE FORCE / ON DUTY - NO INJURY,05Z,MISCELLANEOUS,CLOSED/FINAL,NOT SUSTAINED,EAGLE,OTHA,,,UNKNOWN,17,MALE,BLACK,apr2016,,,05,0,0,1
1058817,934,MAY ST,5200,STREET,03dec2012 21:01:59,03dec2012 21:01:59,05dec2012,,,,,,,,05B,EXCESSIVE FORCE / ON DUTY - NO INJURY,05Z,MISCELLANEOUS,CLOSED/FINAL,NOT SUSTAINED,EAGLE,OTHA,,,UNKNOWN,16,MALE,BLACK,apr2016,,,05,0,0,1
1058817,934,MAY ST,5200,STREET,03dec2012 21:01:59,03dec2012 21:01:59,05dec2012,BRIAN,CAHILL,19478,009,,29nov2004,POLICE OFFICER,05B,EXCESSIVE FORCE / ON DUTY - NO INJURY,05Z,MISCELLANEOUS,CLOSED/FINAL,NOT SUSTAINED,EAGLE,OTHA,,,UNKNOWN,16,MALE,BLACK,apr2016,,,05,0,0,1
1058817,934,MAY ST,5200,STREET,03dec2012 21:01:59,03dec2012 21:01:59,05dec2012,,,,,,,,05B,EXCESSIVE FORCE / ON DUTY - NO INJURY,05Z,MISCELLANEOUS,CLOSED/FINAL,NOT SUSTAINED,EAGLE,OTHA,,,UNKNOWN,17,MALE,BLACK,apr2016,,,05,0,0,1
1058817,934,MAY ST,5200,STREET,03dec2012 21:01:59,03dec2012 21:01:59,05dec2012,BRIAN,CAHILL,19478,009,,29nov2004,POLICE OFFICER,05B,EXCESSIVE FORCE / ON DUTY - NO INJURY,05Z,MISCELLANEOUS,CLOSED/FINAL,NOT SUSTAINED,EAGLE,OTHA,,,UNKNOWN,17,MALE,BLACK,apr2016,,,05,0,0,1
1058817,934,MAY ST,5200,STREET,03dec2012 21:01:59,03dec2012 21:01:59,05dec2012,BRIAN,CAHILL,19478,009,,29nov2004,POLICE OFFICER,05B,EXCESSIVE FORCE / ON DUTY - NO INJURY,05Z,MISCELLANEOUS,CLOSED/FINAL,NOT SUSTAINED,COLEMAN,PATRICIA,,,UNKNOWN,38,FEMALE,BLACK,apr2016,,,05,0,0,1
1058817,934,MAY ST,5200,STREET,03dec2012 21:01:59,03dec2012 21:01:59,05dec2012,ANDREW,KEMPS,16145,009,,26apr2004,POLICE OFFICER,05B,EXCESSIVE FORCE / ON DUTY - NO INJURY,05Z,MISCELLANEOUS,CLOSED/FINAL,NOT SUSTAINED,COLEMAN,PATRICIA,,,UNKNOWN,38,FEMALE,BLACK,apr2016,,,05,0,0,1
1058817,934,MAY ST,5200,STREET,03dec2012 21:01:59,03dec2012 21:01:59,05dec2012,ANDREW,KEMPS,16145,009,,26apr2004,POLICE OFFICER,05B,EXCESSIVE FORCE / ON DUTY - NO INJURY,05Z,MISCELLANEOUS,CLOSED/FINAL,NOT SUSTAINED,EAGLE,OTHA,,,UNKNOWN,16,MALE,BLACK,apr2016,,,05,0,0,1
