COMPLAINT_NUMBER,BEAT,STREET,ADDRESS,LOCATION_CODE,INCIDENT_TIME_START,INCIDENT_TIME_END,NOTIFICATION_DATE,ACCSUEDOFFICER_FNAME,ACCUSEDOFFICER_LNAME,ACCUSED_STAR,ACCUSED_UNIT,ACCUSED_DETAIL,ACCUSED_APPOINTMENT_DATE,ACCUSED_POSITION,INITIAL_CATEGORY_CODE,INITIAL_CATEGORY,CURRENT_CATEGORY_CODE,CURRENT_CATEGORY,CURRENT_STATUS,FINDING_CODE,INVOLVED_OFFICER_LNAME,INVOLVED_OFFICER_FNAME,INVOLVED_OFFICER_UNIT,INVOLVED_OFFICER_DETAIL,INVOLVED_OFFICER_POSITION,INVOLVED_OFFICER_AGE,INVOLVED_OFFICER_SEX,INVOLVED_OFFICER_RACE,foia,INVOLVED_OFFICER_DESCRIPTION,INVOLVED_OFFICER_TYPE,start_code_2,start_code_1,rec,sum_rec
1056935,312,DR MARTIN LUTHER KING JR DR,6403,STREET,09sep2012 23:00:00,09sep2012 23:00:00,10sep2012,,,,,,,,05B,EXCESSIVE FORCE / ON DUTY - NO INJURY,05P,UNNECESSARY DISPLAY OF WEAPON / ON DUTY,CLOSED/FINAL,UNFOUNDED,BROWN,QUINTINE,,,UNKNOWN,22,MALE,BLACK,apr2016,,,05,0,0,1
1056935,312,DR MARTIN LUTHER KING JR DR,6403,STREET,09sep2012 23:00:00,09sep2012 23:00:00,10sep2012,BRANDON,TERNAND,7808,003,,04jun2007,POLICE OFFICER,05B,EXCESSIVE FORCE / ON DUTY - NO INJURY,05P,UNNECESSARY DISPLAY OF WEAPON / ON DUTY,CLOSED/FINAL,UNFOUNDED,BROWN,QUINTINE,,,UNKNOWN,23,MALE,BLACK,apr2016,,,05,0,0,1
1056935,312,DR MARTIN LUTHER KING JR DR,6403,STREET,09sep2012 23:00:00,09sep2012 23:00:00,10sep2012,,,,,,,,05B,EXCESSIVE FORCE / ON DUTY - NO INJURY,05P,UNNECESSARY DISPLAY OF WEAPON / ON DUTY,CLOSED/FINAL,UNFOUNDED,BROWN,QUINTINE,,,UNKNOWN,23,MALE,BLACK,apr2016,,,05,0,0,1
1056935,312,DR MARTIN LUTHER KING JR DR,6403,STREET,09sep2012 23:00:00,09sep2012 23:00:00,10sep2012,BRANDON,TERNAND,7808,003,,04jun2007,POLICE OFFICER,05B,EXCESSIVE FORCE / ON DUTY - NO INJURY,05P,UNNECESSARY DISPLAY OF WEAPON / ON DUTY,CLOSED/FINAL,UNFOUNDED,BROWN,QUINTINE,,,UNKNOWN,22,MALE,BLACK,apr2016,,,05,0,0,1
1056935,312,DR MARTIN LUTHER KING JR DR,6403,STREET,09sep2012 23:00:00,09sep2012 23:00:00,10sep2012,VICTOR,RAZO,16254,003,,09jul2007,POLICE OFFICER,05B,EXCESSIVE FORCE / ON DUTY - NO INJURY,05P,UNNECESSARY DISPLAY OF WEAPON / ON DUTY,CLOSED/FINAL,UNFOUNDED,BROWN,QUINTINE,,,UNKNOWN,23,MALE,BLACK,apr2016,,,05,0,0,1
1056935,312,DR MARTIN LUTHER KING JR DR,6403,STREET,09sep2012 23:00:00,09sep2012 23:00:00,10sep2012,VICTOR,RAZO,16254,003,,09jul2007,POLICE OFFICER,05B,EXCESSIVE FORCE / ON DUTY - NO INJURY,05P,UNNECESSARY DISPLAY OF WEAPON / ON DUTY,CLOSED/FINAL,UNFOUNDED,BROWN,QUINTINE,,,UNKNOWN,22,MALE,BLACK,apr2016,,,05,0,0,1
