COMPLAINT_NUMBER,BEAT,STREET,ADDRESS,LOCATION_CODE,INCIDENT_TIME_START,INCIDENT_TIME_END,NOTIFICATION_DATE,ACCSUEDOFFICER_FNAME,ACCUSEDOFFICER_LNAME,ACCUSED_STAR,ACCUSED_UNIT,ACCUSED_DETAIL,ACCUSED_APPOINTMENT_DATE,ACCUSED_POSITION,INITIAL_CATEGORY_CODE,INITIAL_CATEGORY,CURRENT_CATEGORY_CODE,CURRENT_CATEGORY,CURRENT_STATUS,FINDING_CODE,INVOLVED_OFFICER_LNAME,INVOLVED_OFFICER_FNAME,INVOLVED_OFFICER_UNIT,INVOLVED_OFFICER_DETAIL,INVOLVED_OFFICER_POSITION,INVOLVED_OFFICER_AGE,INVOLVED_OFFICER_SEX,INVOLVED_OFFICER_RACE,foia,INVOLVED_OFFICER_DESCRIPTION,INVOLVED_OFFICER_TYPE,start_code_2,start_code_1,rec,sum_rec
1056686,2534,NORTH AVE,4055,STREET,27jul2012 20:29:59,27jul2012 20:29:59,29aug2012,ROY,VISOR JR,11359,145,,13apr1987,POLICE OFFICER,05A,EXCESSIVE FORCE / ON DUTY - INJURY,05Z,MISCELLANEOUS,CLOSED/FINAL,NOT SUSTAINED,WEBER,JULIET,,,UNKNOWN,,FEMALE,UNKNOWN,apr2016,,,05,0,0,1
1056686,2534,NORTH AVE,4055,STREET,27jul2012 20:29:59,27jul2012 20:29:59,29aug2012,ROY,VISOR JR,11359,145,,13apr1987,POLICE OFFICER,05A,EXCESSIVE FORCE / ON DUTY - INJURY,05Z,MISCELLANEOUS,CLOSED/FINAL,UNFOUNDED,WEBER,JULIET,,,UNKNOWN,,FEMALE,UNKNOWN,apr2016,,,05,0,0,1
1056686,2534,NORTH AVE,4055,STREET,27jul2012 20:29:59,27jul2012 20:29:59,29aug2012,,,,,,,,05A,EXCESSIVE FORCE / ON DUTY - INJURY,05Z,MISCELLANEOUS,CLOSED/FINAL,NOT SUSTAINED,WEBER,JULIET,,,UNKNOWN,,FEMALE,UNKNOWN,apr2016,,,05,0,0,1
1056686,2534,NORTH AVE,4055,STREET,27jul2012 20:29:59,27jul2012 20:29:59,29aug2012,,,,,,,,05A,EXCESSIVE FORCE / ON DUTY - INJURY,05Z,MISCELLANEOUS,CLOSED/FINAL,ADDITIONAL INVESTIGATION REQUESTED,WEBER,JULIET,,,UNKNOWN,,FEMALE,UNKNOWN,apr2016,,,05,0,1,1
