COMPLAINT_NUMBER,BEAT,STREET,ADDRESS,LOCATION_CODE,INCIDENT_TIME_START,INCIDENT_TIME_END,NOTIFICATION_DATE,ACCSUEDOFFICER_FNAME,ACCUSEDOFFICER_LNAME,ACCUSED_STAR,ACCUSED_UNIT,ACCUSED_DETAIL,ACCUSED_APPOINTMENT_DATE,ACCUSED_POSITION,INITIAL_CATEGORY_CODE,INITIAL_CATEGORY,CURRENT_CATEGORY_CODE,CURRENT_CATEGORY,CURRENT_STATUS,FINDING_CODE,INVOLVED_OFFICER_LNAME,INVOLVED_OFFICER_FNAME,INVOLVED_OFFICER_UNIT,INVOLVED_OFFICER_DETAIL,INVOLVED_OFFICER_POSITION,INVOLVED_OFFICER_AGE,INVOLVED_OFFICER_SEX,INVOLVED_OFFICER_RACE,foia,INVOLVED_OFFICER_DESCRIPTION,INVOLVED_OFFICER_TYPE,start_code_2,start_code_1,rec,sum_rec
1058194,531,FORRESTVILLE AVE,11311,"SCHOOL, PUBLIC, GROUNDS",17oct2012 13:50:00,17oct2012 13:54:59,05nov2012,,,,,,,,S126,MISCELLANEOUS,05B,EXCESSIVE FORCE / ON DUTY - NO INJURY,CLOSED/FINAL,NOT SUSTAINED,FRANKLIN,KHALILAH,,,UNKNOWN,35,FEMALE,BLACK,apr2016,,,S1,S,0,1
1058194,531,FORRESTVILLE AVE,11311,"SCHOOL, PUBLIC, GROUNDS",17oct2012 13:50:00,17oct2012 13:54:59,05nov2012,,,,,,,,S126,MISCELLANEOUS,05B,EXCESSIVE FORCE / ON DUTY - NO INJURY,CLOSED/FINAL,EXONERATED,PUSZKIEWICZ,ERIC,005,,POLICE OFFICER,,MALE,WHITE,apr2016,,,S1,S,0,1
1058194,531,FORRESTVILLE AVE,11311,"SCHOOL, PUBLIC, GROUNDS",17oct2012 13:50:00,17oct2012 13:54:59,05nov2012,,,,,,,,S126,MISCELLANEOUS,05B,EXCESSIVE FORCE / ON DUTY - NO INJURY,CLOSED/FINAL,SUSTAINED,FRANKLIN,KHALILAH,,,UNKNOWN,34,FEMALE,BLACK,apr2016,,,S1,S,0,1
1058194,531,FORRESTVILLE AVE,11311,"SCHOOL, PUBLIC, GROUNDS",17oct2012 13:50:00,17oct2012 13:54:59,05nov2012,ALEXUS,LOGAN,6585,002,,13apr1998,POLICE OFFICER,S126,MISCELLANEOUS,05B,EXCESSIVE FORCE / ON DUTY - NO INJURY,CLOSED/FINAL,EXONERATED,FRANKLIN,KHALILAH,,,UNKNOWN,34,FEMALE,BLACK,apr2016,,,S1,S,0,1
1058194,531,FORRESTVILLE AVE,11311,"SCHOOL, PUBLIC, GROUNDS",17oct2012 13:50:00,17oct2012 13:54:59,05nov2012,JAMES,TURNEY,17812,022,,05sep1995,POLICE OFFICER,S126,MISCELLANEOUS,05B,EXCESSIVE FORCE / ON DUTY - NO INJURY,CLOSED/FINAL,EXONERATED,FRANKLIN,KHALILAH,,,UNKNOWN,34,FEMALE,BLACK,apr2016,,,S1,S,0,1
1058194,531,FORRESTVILLE AVE,11311,"SCHOOL, PUBLIC, GROUNDS",17oct2012 13:50:00,17oct2012 13:54:59,05nov2012,JAMES,TURNEY,17812,022,,05sep1995,POLICE OFFICER,S126,MISCELLANEOUS,05B,EXCESSIVE FORCE / ON DUTY - NO INJURY,CLOSED/FINAL,UNFOUNDED,FRANKLIN,KHALILAH,,,UNKNOWN,35,FEMALE,BLACK,apr2016,,,S1,S,0,1
1058194,531,FORRESTVILLE AVE,11311,"SCHOOL, PUBLIC, GROUNDS",17oct2012 13:50:00,17oct2012 13:54:59,05nov2012,ALEXUS,LOGAN,6585,002,,13apr1998,POLICE OFFICER,S126,MISCELLANEOUS,05B,EXCESSIVE FORCE / ON DUTY - NO INJURY,CLOSED/FINAL,UNFOUNDED,FRANKLIN,KHALILAH,,,UNKNOWN,35,FEMALE,BLACK,apr2016,,,S1,S,0,1
1058194,531,FORRESTVILLE AVE,11311,"SCHOOL, PUBLIC, GROUNDS",17oct2012 13:50:00,17oct2012 13:54:59,05nov2012,ALEXUS,LOGAN,6585,002,,13apr1998,POLICE OFFICER,S126,MISCELLANEOUS,05B,EXCESSIVE FORCE / ON DUTY - NO INJURY,CLOSED/FINAL,NOT SUSTAINED,PUSZKIEWICZ,ERIC,005,,POLICE OFFICER,,MALE,WHITE,apr2016,,,S1,S,0,1
1058194,531,FORRESTVILLE AVE,11311,"SCHOOL, PUBLIC, GROUNDS",17oct2012 13:50:00,17oct2012 13:54:59,05nov2012,,,,,,,,S126,MISCELLANEOUS,05B,EXCESSIVE FORCE / ON DUTY - NO INJURY,CLOSED/FINAL,NOT SUSTAINED,FRANKLIN,KHALILAH,,,UNKNOWN,34,FEMALE,BLACK,apr2016,,,S1,S,0,1
1058194,531,FORRESTVILLE AVE,11311,"SCHOOL, PUBLIC, GROUNDS",17oct2012 13:50:00,17oct2012 13:54:59,05nov2012,ALEXUS,LOGAN,6585,002,,13apr1998,POLICE OFFICER,S126,MISCELLANEOUS,05B,EXCESSIVE FORCE / ON DUTY - NO INJURY,CLOSED/FINAL,EXONERATED,PUSZKIEWICZ,ERIC,005,,POLICE OFFICER,,MALE,WHITE,apr2016,,,S1,S,0,1
1058194,531,FORRESTVILLE AVE,11311,"SCHOOL, PUBLIC, GROUNDS",17oct2012 13:50:00,17oct2012 13:54:59,05nov2012,ALEXUS,LOGAN,6585,002,,13apr1998,POLICE OFFICER,S126,MISCELLANEOUS,05B,EXCESSIVE FORCE / ON DUTY - NO INJURY,CLOSED/FINAL,NOT SUSTAINED,FRANKLIN,KHALILAH,,,UNKNOWN,34,FEMALE,BLACK,apr2016,,,S1,S,0,1
1058194,531,FORRESTVILLE AVE,11311,"SCHOOL, PUBLIC, GROUNDS",17oct2012 13:50:00,17oct2012 13:54:59,05nov2012,ALEXUS,LOGAN,6585,002,,13apr1998,POLICE OFFICER,S126,MISCELLANEOUS,05B,EXCESSIVE FORCE / ON DUTY - NO INJURY,CLOSED/FINAL,NOT SUSTAINED,FRANKLIN,KHALILAH,,,UNKNOWN,35,FEMALE,BLACK,apr2016,,,S1,S,0,1
1058194,531,FORRESTVILLE AVE,11311,"SCHOOL, PUBLIC, GROUNDS",17oct2012 13:50:00,17oct2012 13:54:59,05nov2012,JAMES,TURNEY,17812,022,,05sep1995,POLICE OFFICER,S126,MISCELLANEOUS,05B,EXCESSIVE FORCE / ON DUTY - NO INJURY,CLOSED/FINAL,NOT SUSTAINED,FRANKLIN,KHALILAH,,,UNKNOWN,34,FEMALE,BLACK,apr2016,,,S1,S,0,1
1058194,531,FORRESTVILLE AVE,11311,"SCHOOL, PUBLIC, GROUNDS",17oct2012 13:50:00,17oct2012 13:54:59,05nov2012,JAMES,TURNEY,17812,022,,05sep1995,POLICE OFFICER,S126,MISCELLANEOUS,05B,EXCESSIVE FORCE / ON DUTY - NO INJURY,CLOSED/FINAL,NOT SUSTAINED,FRANKLIN,KHALILAH,,,UNKNOWN,35,FEMALE,BLACK,apr2016,,,S1,S,0,1
1058194,531,FORRESTVILLE AVE,11311,"SCHOOL, PUBLIC, GROUNDS",17oct2012 13:50:00,17oct2012 13:54:59,05nov2012,JAMES,TURNEY,17812,022,,05sep1995,POLICE OFFICER,S126,MISCELLANEOUS,05B,EXCESSIVE FORCE / ON DUTY - NO INJURY,CLOSED/FINAL,EXONERATED,FRANKLIN,KHALILAH,,,UNKNOWN,35,FEMALE,BLACK,apr2016,,,S1,S,0,1
1058194,531,FORRESTVILLE AVE,11311,"SCHOOL, PUBLIC, GROUNDS",17oct2012 13:50:00,17oct2012 13:54:59,05nov2012,JAMES,TURNEY,17812,022,,05sep1995,POLICE OFFICER,S126,MISCELLANEOUS,05B,EXCESSIVE FORCE / ON DUTY - NO INJURY,CLOSED/FINAL,UNFOUNDED,FRANKLIN,KHALILAH,,,UNKNOWN,34,FEMALE,BLACK,apr2016,,,S1,S,0,1
1058194,531,FORRESTVILLE AVE,11311,"SCHOOL, PUBLIC, GROUNDS",17oct2012 13:50:00,17oct2012 13:54:59,05nov2012,JAMES,TURNEY,17812,022,,05sep1995,POLICE OFFICER,S126,MISCELLANEOUS,05B,EXCESSIVE FORCE / ON DUTY - NO INJURY,CLOSED/FINAL,NOT SUSTAINED,PUSZKIEWICZ,ERIC,005,,POLICE OFFICER,,MALE,WHITE,apr2016,,,S1,S,0,1
1058194,531,FORRESTVILLE AVE,11311,"SCHOOL, PUBLIC, GROUNDS",17oct2012 13:50:00,17oct2012 13:54:59,05nov2012,ALEXUS,LOGAN,6585,002,,13apr1998,POLICE OFFICER,S126,MISCELLANEOUS,05B,EXCESSIVE FORCE / ON DUTY - NO INJURY,CLOSED/FINAL,UNFOUNDED,PUSZKIEWICZ,ERIC,005,,POLICE OFFICER,,MALE,WHITE,apr2016,,,S1,S,0,1
1058194,531,FORRESTVILLE AVE,11311,"SCHOOL, PUBLIC, GROUNDS",17oct2012 13:50:00,17oct2012 13:54:59,05nov2012,,,,,,,,S126,MISCELLANEOUS,05B,EXCESSIVE FORCE / ON DUTY - NO INJURY,CLOSED/FINAL,EXONERATED,FRANKLIN,KHALILAH,,,UNKNOWN,35,FEMALE,BLACK,apr2016,,,S1,S,0,1
1058194,531,FORRESTVILLE AVE,11311,"SCHOOL, PUBLIC, GROUNDS",17oct2012 13:50:00,17oct2012 13:54:59,05nov2012,ALEXUS,LOGAN,6585,002,,13apr1998,POLICE OFFICER,S126,MISCELLANEOUS,05B,EXCESSIVE FORCE / ON DUTY - NO INJURY,CLOSED/FINAL,EXONERATED,FRANKLIN,KHALILAH,,,UNKNOWN,35,FEMALE,BLACK,apr2016,,,S1,S,0,1
1058194,531,FORRESTVILLE AVE,11311,"SCHOOL, PUBLIC, GROUNDS",17oct2012 13:50:00,17oct2012 13:54:59,05nov2012,JAMES,TURNEY,17812,022,,05sep1995,POLICE OFFICER,S126,MISCELLANEOUS,05B,EXCESSIVE FORCE / ON DUTY - NO INJURY,CLOSED/FINAL,EXONERATED,PUSZKIEWICZ,ERIC,005,,POLICE OFFICER,,MALE,WHITE,apr2016,,,S1,S,0,1
1058194,531,FORRESTVILLE AVE,11311,"SCHOOL, PUBLIC, GROUNDS",17oct2012 13:50:00,17oct2012 13:54:59,05nov2012,JAMES,TURNEY,17812,022,,05sep1995,POLICE OFFICER,S126,MISCELLANEOUS,05B,EXCESSIVE FORCE / ON DUTY - NO INJURY,CLOSED/FINAL,UNFOUNDED,PUSZKIEWICZ,ERIC,005,,POLICE OFFICER,,MALE,WHITE,apr2016,,,S1,S,0,1
1058194,531,FORRESTVILLE AVE,11311,"SCHOOL, PUBLIC, GROUNDS",17oct2012 13:50:00,17oct2012 13:54:59,05nov2012,ALEXUS,LOGAN,6585,002,,13apr1998,POLICE OFFICER,S126,MISCELLANEOUS,05B,EXCESSIVE FORCE / ON DUTY - NO INJURY,CLOSED/FINAL,UNFOUNDED,FRANKLIN,KHALILAH,,,UNKNOWN,34,FEMALE,BLACK,apr2016,,,S1,S,0,1
1058194,531,FORRESTVILLE AVE,11311,"SCHOOL, PUBLIC, GROUNDS",17oct2012 13:50:00,17oct2012 13:54:59,05nov2012,,,,,,,,S126,MISCELLANEOUS,05B,EXCESSIVE FORCE / ON DUTY - NO INJURY,CLOSED/FINAL,SUSTAINED,FRANKLIN,KHALILAH,,,UNKNOWN,35,FEMALE,BLACK,apr2016,,,S1,S,0,1
1058194,531,FORRESTVILLE AVE,11311,"SCHOOL, PUBLIC, GROUNDS",17oct2012 13:50:00,17oct2012 13:54:59,05nov2012,,,,,,,,S126,MISCELLANEOUS,05B,EXCESSIVE FORCE / ON DUTY - NO INJURY,CLOSED/FINAL,SUSTAINED,PUSZKIEWICZ,ERIC,005,,POLICE OFFICER,,MALE,WHITE,apr2016,,,S1,S,0,1
1058194,531,FORRESTVILLE AVE,11311,"SCHOOL, PUBLIC, GROUNDS",17oct2012 13:50:00,17oct2012 13:54:59,05nov2012,,,,,,,,S126,MISCELLANEOUS,05B,EXCESSIVE FORCE / ON DUTY - NO INJURY,CLOSED/FINAL,NOT SUSTAINED,PUSZKIEWICZ,ERIC,005,,POLICE OFFICER,,MALE,WHITE,apr2016,,,S1,S,0,1
1058194,531,FORRESTVILLE AVE,11311,"SCHOOL, PUBLIC, GROUNDS",17oct2012 13:50:00,17oct2012 13:54:59,05nov2012,,,,,,,,S126,MISCELLANEOUS,05B,EXCESSIVE FORCE / ON DUTY - NO INJURY,CLOSED/FINAL,EXONERATED,FRANKLIN,KHALILAH,,,UNKNOWN,34,FEMALE,BLACK,apr2016,,,S1,S,1,1
