COMPLAINT_NUMBER,BEAT,STREET,ADDRESS,LOCATION_CODE,INCIDENT_TIME_START,INCIDENT_TIME_END,NOTIFICATION_DATE,ACCSUEDOFFICER_FNAME,ACCUSEDOFFICER_LNAME,ACCUSED_STAR,ACCUSED_UNIT,ACCUSED_DETAIL,ACCUSED_APPOINTMENT_DATE,ACCUSED_POSITION,INITIAL_CATEGORY_CODE,INITIAL_CATEGORY,CURRENT_CATEGORY_CODE,CURRENT_CATEGORY,CURRENT_STATUS,FINDING_CODE,INVOLVED_OFFICER_LNAME,INVOLVED_OFFICER_FNAME,INVOLVED_OFFICER_UNIT,INVOLVED_OFFICER_DETAIL,INVOLVED_OFFICER_POSITION,INVOLVED_OFFICER_AGE,INVOLVED_OFFICER_SEX,INVOLVED_OFFICER_RACE,foia,INVOLVED_OFFICER_DESCRIPTION,INVOLVED_OFFICER_TYPE,start_code_2,start_code_1,rec,sum_rec
1057491,834,83RD PL,3253,RESIDENCE,30sep2012 18:59:59,30sep2012 21:00:00,02oct2012,NICHELLE,HARRIS,10822,008,,27oct2003,POLICE OFFICER,05A,EXCESSIVE FORCE / ON DUTY - INJURY,05Z,MISCELLANEOUS,CLOSED/FINAL,EXONERATED,PENDLETON,FRENSHETTA,,,UNKNOWN,25,FEMALE,BLACK,apr2016,,,05,0,0,1
1057491,834,83RD PL,3253,RESIDENCE,30sep2012 18:59:59,30sep2012 21:00:00,02oct2012,SHERECE,HOLLAND,17385,008,,23oct1995,POLICE OFFICER,05A,EXCESSIVE FORCE / ON DUTY - INJURY,05Z,MISCELLANEOUS,CLOSED/FINAL,NOT SUSTAINED,GIBSON,JACQUELIN,124,,POLICE OFFICER,,FEMALE,BLACK,apr2016,,,05,0,0,1
1057491,834,83RD PL,3253,RESIDENCE,30sep2012 18:59:59,30sep2012 21:00:00,02oct2012,SHERECE,HOLLAND,17385,008,,23oct1995,POLICE OFFICER,05A,EXCESSIVE FORCE / ON DUTY - INJURY,05Z,MISCELLANEOUS,CLOSED/FINAL,NOT SUSTAINED,PENDLETON,FRENSHETTA,,,UNKNOWN,25,FEMALE,BLACK,apr2016,,,05,0,0,1
1057491,834,83RD PL,3253,RESIDENCE,30sep2012 18:59:59,30sep2012 21:00:00,02oct2012,NICHELLE,HARRIS,10822,008,,27oct2003,POLICE OFFICER,05A,EXCESSIVE FORCE / ON DUTY - INJURY,05Z,MISCELLANEOUS,CLOSED/FINAL,NOT SUSTAINED,GIBSON,JACQUELIN,124,,POLICE OFFICER,,FEMALE,BLACK,apr2016,,,05,0,0,1
1057491,834,83RD PL,3253,RESIDENCE,30sep2012 18:59:59,30sep2012 21:00:00,02oct2012,,,,,,,,05A,EXCESSIVE FORCE / ON DUTY - INJURY,05Z,MISCELLANEOUS,CLOSED/FINAL,UNFOUNDED,BANK,DAVID,,,UNKNOWN,,MALE,BLACK,apr2016,,,05,0,0,1
1057491,834,83RD PL,3253,RESIDENCE,30sep2012 18:59:59,30sep2012 21:00:00,02oct2012,SHERECE,HOLLAND,17385,008,,23oct1995,POLICE OFFICER,05A,EXCESSIVE FORCE / ON DUTY - INJURY,05Z,MISCELLANEOUS,CLOSED/FINAL,UNFOUNDED,GIBSON,JACQUELIN,124,,POLICE OFFICER,,FEMALE,BLACK,apr2016,,,05,0,0,1
1057491,834,83RD PL,3253,RESIDENCE,30sep2012 18:59:59,30sep2012 21:00:00,02oct2012,,,,,,,,05A,EXCESSIVE FORCE / ON DUTY - INJURY,05Z,MISCELLANEOUS,CLOSED/FINAL,UNFOUNDED,PENDLETON,FRENSHETTA,,,UNKNOWN,25,FEMALE,BLACK,apr2016,,,05,0,0,1
1057491,834,83RD PL,3253,RESIDENCE,30sep2012 18:59:59,30sep2012 21:00:00,02oct2012,SHERECE,HOLLAND,17385,008,,23oct1995,POLICE OFFICER,05A,EXCESSIVE FORCE / ON DUTY - INJURY,05Z,MISCELLANEOUS,CLOSED/FINAL,UNFOUNDED,PENDLETON,FRENSHETTA,,,UNKNOWN,25,FEMALE,BLACK,apr2016,,,05,0,0,1
1057491,834,83RD PL,3253,RESIDENCE,30sep2012 18:59:59,30sep2012 21:00:00,02oct2012,,,,,,,,05A,EXCESSIVE FORCE / ON DUTY - INJURY,05Z,MISCELLANEOUS,CLOSED/FINAL,EXONERATED,PENDLETON,FRENSHETTA,,,UNKNOWN,25,FEMALE,BLACK,apr2016,,,05,0,0,1
1057491,834,83RD PL,3253,RESIDENCE,30sep2012 18:59:59,30sep2012 21:00:00,02oct2012,,,,,,,,05A,EXCESSIVE FORCE / ON DUTY - INJURY,05Z,MISCELLANEOUS,CLOSED/FINAL,UNFOUNDED,GIBSON,JACQUELIN,124,,POLICE OFFICER,,FEMALE,BLACK,apr2016,,,05,0,0,1
1057491,834,83RD PL,3253,RESIDENCE,30sep2012 18:59:59,30sep2012 21:00:00,02oct2012,SHERECE,HOLLAND,17385,008,,23oct1995,POLICE OFFICER,05A,EXCESSIVE FORCE / ON DUTY - INJURY,05Z,MISCELLANEOUS,CLOSED/FINAL,NOT SUSTAINED,BANK,DAVID,,,UNKNOWN,,MALE,BLACK,apr2016,,,05,0,0,1
1057491,834,83RD PL,3253,RESIDENCE,30sep2012 18:59:59,30sep2012 21:00:00,02oct2012,NICHELLE,HARRIS,10822,008,,27oct2003,POLICE OFFICER,05A,EXCESSIVE FORCE / ON DUTY - INJURY,05Z,MISCELLANEOUS,CLOSED/FINAL,EXONERATED,GIBSON,JACQUELIN,124,,POLICE OFFICER,,FEMALE,BLACK,apr2016,,,05,0,0,1
1057491,834,83RD PL,3253,RESIDENCE,30sep2012 18:59:59,30sep2012 21:00:00,02oct2012,SHERECE,HOLLAND,17385,008,,23oct1995,POLICE OFFICER,05A,EXCESSIVE FORCE / ON DUTY - INJURY,05Z,MISCELLANEOUS,CLOSED/FINAL,UNFOUNDED,BANK,DAVID,,,UNKNOWN,,MALE,BLACK,apr2016,,,05,0,0,1
1057491,834,83RD PL,3253,RESIDENCE,30sep2012 18:59:59,30sep2012 21:00:00,02oct2012,,,,,,,,05A,EXCESSIVE FORCE / ON DUTY - INJURY,05Z,MISCELLANEOUS,CLOSED/FINAL,EXONERATED,GIBSON,JACQUELIN,124,,POLICE OFFICER,,FEMALE,BLACK,apr2016,,,05,0,0,1
1057491,834,83RD PL,3253,RESIDENCE,30sep2012 18:59:59,30sep2012 21:00:00,02oct2012,NICHELLE,HARRIS,10822,008,,27oct2003,POLICE OFFICER,05A,EXCESSIVE FORCE / ON DUTY - INJURY,05Z,MISCELLANEOUS,CLOSED/FINAL,NOT SUSTAINED,PENDLETON,FRENSHETTA,,,UNKNOWN,25,FEMALE,BLACK,apr2016,,,05,0,0,1
1057491,834,83RD PL,3253,RESIDENCE,30sep2012 18:59:59,30sep2012 21:00:00,02oct2012,,,,,,,,05A,EXCESSIVE FORCE / ON DUTY - INJURY,05Z,MISCELLANEOUS,CLOSED/FINAL,EXONERATED,BANK,DAVID,,,UNKNOWN,,MALE,BLACK,apr2016,,,05,0,1,1
1057491,834,83RD PL,3253,RESIDENCE,30sep2012 18:59:59,30sep2012 21:00:00,02oct2012,NICHELLE,HARRIS,10822,008,,27oct2003,POLICE OFFICER,05A,EXCESSIVE FORCE / ON DUTY - INJURY,05Z,MISCELLANEOUS,CLOSED/FINAL,NOT SUSTAINED,BANK,DAVID,,,UNKNOWN,,MALE,BLACK,apr2016,,,05,0,0,1
1057491,834,83RD PL,3253,RESIDENCE,30sep2012 18:59:59,30sep2012 21:00:00,02oct2012,NICHELLE,HARRIS,10822,008,,27oct2003,POLICE OFFICER,05A,EXCESSIVE FORCE / ON DUTY - INJURY,05Z,MISCELLANEOUS,CLOSED/FINAL,EXONERATED,BANK,DAVID,,,UNKNOWN,,MALE,BLACK,apr2016,,,05,0,0,1
