COMPLAINT_NUMBER,BEAT,STREET,ADDRESS,LOCATION_CODE,INCIDENT_TIME_START,INCIDENT_TIME_END,NOTIFICATION_DATE,ACCSUEDOFFICER_FNAME,ACCUSEDOFFICER_LNAME,ACCUSED_STAR,ACCUSED_UNIT,ACCUSED_DETAIL,ACCUSED_APPOINTMENT_DATE,ACCUSED_POSITION,INITIAL_CATEGORY_CODE,INITIAL_CATEGORY,CURRENT_CATEGORY_CODE,CURRENT_CATEGORY,CURRENT_STATUS,FINDING_CODE,INVOLVED_OFFICER_LNAME,INVOLVED_OFFICER_FNAME,INVOLVED_OFFICER_UNIT,INVOLVED_OFFICER_DETAIL,INVOLVED_OFFICER_POSITION,INVOLVED_OFFICER_AGE,INVOLVED_OFFICER_SEX,INVOLVED_OFFICER_RACE,foia,INVOLVED_OFFICER_DESCRIPTION,INVOLVED_OFFICER_TYPE,start_code_2,start_code_1,rec,sum_rec
1059102,2514,DIVERSEY AVE,5354,STREET,13dec2012 20:45:00,13dec2012 20:45:00,18dec2012,JOHN,FOLINO JR,915,025,,08mar1999,SERGEANT OF POLICE,S121,HANDCUFF TOO TIGHT,05B,EXCESSIVE FORCE / ON DUTY - NO INJURY,CLOSED/FINAL,UNFOUNDED,RODRIGUEZ,FRANCISCO,,,UNKNOWN,,MALE,BLACK HISPANIC,apr2016,,,S1,S,0,1
1059102,2514,DIVERSEY AVE,5354,STREET,13dec2012 20:45:00,13dec2012 20:45:00,18dec2012,CHRISTOPH,SALADINO,16094,025,,25aug2003,POLICE OFFICER,S121,HANDCUFF TOO TIGHT,05B,EXCESSIVE FORCE / ON DUTY - NO INJURY,CLOSED/FINAL,NOT SUSTAINED,RODRIGUEZ,FRANCISCO,,,UNKNOWN,,MALE,BLACK HISPANIC,apr2016,,,S1,S,0,1
1059102,2514,DIVERSEY AVE,5354,STREET,13dec2012 20:45:00,13dec2012 20:45:00,18dec2012,CASEY,NOLAN,18519,025,,24feb2003,POLICE OFFICER,S121,HANDCUFF TOO TIGHT,05B,EXCESSIVE FORCE / ON DUTY - NO INJURY,CLOSED/FINAL,UNFOUNDED,RODRIGUEZ,FRANCISCO,,,UNKNOWN,,MALE,BLACK HISPANIC,apr2016,,,S1,S,0,1
1059102,2514,DIVERSEY AVE,5354,STREET,13dec2012 20:45:00,13dec2012 20:45:00,18dec2012,CHRISTOPH,SALADINO,16094,025,,25aug2003,POLICE OFFICER,S121,HANDCUFF TOO TIGHT,05B,EXCESSIVE FORCE / ON DUTY - NO INJURY,CLOSED/FINAL,NOT SUSTAINED,SALADINO,CHRISTOPH,025,,POLICE OFFICER,,MALE,SPANISH (DO NOT USE),apr2016,,,S1,S,0,1
1059102,2514,DIVERSEY AVE,5354,STREET,13dec2012 20:45:00,13dec2012 20:45:00,18dec2012,JOHN,FOLINO JR,915,025,,08mar1999,SERGEANT OF POLICE,S121,HANDCUFF TOO TIGHT,05B,EXCESSIVE FORCE / ON DUTY - NO INJURY,CLOSED/FINAL,UNFOUNDED,NOLAN,CASEY,025,,POLICE OFFICER,,MALE,WHITE,apr2016,,,S1,S,0,1
1059102,2514,DIVERSEY AVE,5354,STREET,13dec2012 20:45:00,13dec2012 20:45:00,18dec2012,CASEY,NOLAN,18519,025,,24feb2003,POLICE OFFICER,S121,HANDCUFF TOO TIGHT,05B,EXCESSIVE FORCE / ON DUTY - NO INJURY,CLOSED/FINAL,UNFOUNDED,SALADINO,CHRISTOPH,025,,POLICE OFFICER,,MALE,SPANISH (DO NOT USE),apr2016,,,S1,S,0,1
1059102,2514,DIVERSEY AVE,5354,STREET,13dec2012 20:45:00,13dec2012 20:45:00,18dec2012,JOHN,FOLINO JR,915,025,,08mar1999,SERGEANT OF POLICE,S121,HANDCUFF TOO TIGHT,05B,EXCESSIVE FORCE / ON DUTY - NO INJURY,CLOSED/FINAL,UNFOUNDED,SALADINO,CHRISTOPH,025,,POLICE OFFICER,,MALE,SPANISH (DO NOT USE),apr2016,,,S1,S,0,1
1059102,2514,DIVERSEY AVE,5354,STREET,13dec2012 20:45:00,13dec2012 20:45:00,18dec2012,,,,,,,,S121,HANDCUFF TOO TIGHT,05B,EXCESSIVE FORCE / ON DUTY - NO INJURY,CLOSED/FINAL,UNFOUNDED,NOLAN,CASEY,025,,POLICE OFFICER,,MALE,WHITE,apr2016,,,S1,S,0,1
1059102,2514,DIVERSEY AVE,5354,STREET,13dec2012 20:45:00,13dec2012 20:45:00,18dec2012,,,,,,,,S121,HANDCUFF TOO TIGHT,05B,EXCESSIVE FORCE / ON DUTY - NO INJURY,CLOSED/FINAL,UNFOUNDED,RODRIGUEZ,FRANCISCO,,,UNKNOWN,,MALE,BLACK HISPANIC,apr2016,,,S1,S,0,1
1059102,2514,DIVERSEY AVE,5354,STREET,13dec2012 20:45:00,13dec2012 20:45:00,18dec2012,CHRISTOPH,SALADINO,16094,025,,25aug2003,POLICE OFFICER,S121,HANDCUFF TOO TIGHT,05B,EXCESSIVE FORCE / ON DUTY - NO INJURY,CLOSED/FINAL,NOT SUSTAINED,NOLAN,CASEY,025,,POLICE OFFICER,,MALE,WHITE,apr2016,,,S1,S,0,1
1059102,2514,DIVERSEY AVE,5354,STREET,13dec2012 20:45:00,13dec2012 20:45:00,18dec2012,CASEY,NOLAN,18519,025,,24feb2003,POLICE OFFICER,S121,HANDCUFF TOO TIGHT,05B,EXCESSIVE FORCE / ON DUTY - NO INJURY,CLOSED/FINAL,UNFOUNDED,NOLAN,CASEY,025,,POLICE OFFICER,,MALE,WHITE,apr2016,,,S1,S,0,1
1059102,2514,DIVERSEY AVE,5354,STREET,13dec2012 20:45:00,13dec2012 20:45:00,18dec2012,,,,,,,,S121,HANDCUFF TOO TIGHT,05B,EXCESSIVE FORCE / ON DUTY - NO INJURY,CLOSED/FINAL,UNFOUNDED,SALADINO,CHRISTOPH,025,,POLICE OFFICER,,MALE,SPANISH (DO NOT USE),apr2016,,,S1,S,0,1
