COMPLAINT_NUMBER,BEAT,STREET,ADDRESS,LOCATION_CODE,INCIDENT_TIME_START,INCIDENT_TIME_END,NOTIFICATION_DATE,ACCSUEDOFFICER_FNAME,ACCUSEDOFFICER_LNAME,ACCUSED_STAR,ACCUSED_UNIT,ACCUSED_DETAIL,ACCUSED_APPOINTMENT_DATE,ACCUSED_POSITION,INITIAL_CATEGORY_CODE,INITIAL_CATEGORY,CURRENT_CATEGORY_CODE,CURRENT_CATEGORY,CURRENT_STATUS,FINDING_CODE,INVOLVED_OFFICER_LNAME,INVOLVED_OFFICER_FNAME,INVOLVED_OFFICER_UNIT,INVOLVED_OFFICER_DETAIL,INVOLVED_OFFICER_POSITION,INVOLVED_OFFICER_AGE,INVOLVED_OFFICER_SEX,INVOLVED_OFFICER_RACE,foia,INVOLVED_OFFICER_DESCRIPTION,INVOLVED_OFFICER_TYPE,start_code_2,start_code_1,rec,sum_rec
1054072,834,KEDZIE AVE,8300,STREET,16may2012 23:29:59,16may2012 23:29:59,17may2012,STEVEN,SAUTKUS,10609,008,,21jun1999,POLICE OFFICER,05M,UNNECESSARY PHYSICAL CONTACT / ON DUTY - NO INJURY,05M,UNNECESSARY PHYSICAL CONTACT / ON DUTY - NO INJURY,CLOSED/FINAL,NOT SUSTAINED,EDWARDS,YVONNE,,,UNKNOWN,55,FEMALE,BLACK,apr2016,,,05,0,0,1
1054072,834,KEDZIE AVE,8300,STREET,16may2012 23:29:59,16may2012 23:29:59,17may2012,DEBI,MEDINA,21613,610,,13oct1986,PO AS DETECTIVE,05M,UNNECESSARY PHYSICAL CONTACT / ON DUTY - NO INJURY,05M,UNNECESSARY PHYSICAL CONTACT / ON DUTY - NO INJURY,CLOSED/FINAL,NOT SUSTAINED,EDWARDS,YVONNE,,,UNKNOWN,57,FEMALE,BLACK,apr2016,,,05,0,0,1
1054072,834,KEDZIE AVE,8300,STREET,16may2012 23:29:59,16may2012 23:29:59,17may2012,DEBI,MEDINA,21613,610,,13oct1986,PO AS DETECTIVE,05M,UNNECESSARY PHYSICAL CONTACT / ON DUTY - NO INJURY,05M,UNNECESSARY PHYSICAL CONTACT / ON DUTY - NO INJURY,CLOSED/FINAL,NOT SUSTAINED,EDWARDS,YVONNE,,,UNKNOWN,55,FEMALE,BLACK,apr2016,,,05,0,0,1
1054072,834,KEDZIE AVE,8300,STREET,16may2012 23:29:59,16may2012 23:29:59,17may2012,STEVEN,SAUTKUS,10609,008,,21jun1999,POLICE OFFICER,05M,UNNECESSARY PHYSICAL CONTACT / ON DUTY - NO INJURY,05M,UNNECESSARY PHYSICAL CONTACT / ON DUTY - NO INJURY,CLOSED/FINAL,NOT SUSTAINED,EDWARDS,YVONNE,,,UNKNOWN,57,FEMALE,BLACK,apr2016,,,05,0,0,1
