COMPLAINT_NUMBER,BEAT,STREET,ADDRESS,LOCATION_CODE,INCIDENT_TIME_START,INCIDENT_TIME_END,NOTIFICATION_DATE,ACCSUEDOFFICER_FNAME,ACCUSEDOFFICER_LNAME,ACCUSED_STAR,ACCUSED_UNIT,ACCUSED_DETAIL,ACCUSED_APPOINTMENT_DATE,ACCUSED_POSITION,INITIAL_CATEGORY_CODE,INITIAL_CATEGORY,CURRENT_CATEGORY_CODE,CURRENT_CATEGORY,CURRENT_STATUS,FINDING_CODE,INVOLVED_OFFICER_LNAME,INVOLVED_OFFICER_FNAME,INVOLVED_OFFICER_UNIT,INVOLVED_OFFICER_DETAIL,INVOLVED_OFFICER_POSITION,INVOLVED_OFFICER_AGE,INVOLVED_OFFICER_SEX,INVOLVED_OFFICER_RACE,foia,INVOLVED_OFFICER_DESCRIPTION,INVOLVED_OFFICER_TYPE,start_code_2,start_code_1,rec,sum_rec
1059339,524,PEORIA ST,11800,STREET,04jan2013 20:00:00,04jan2013 20:00:00,04jan2013,,ALI,8411,005,,27nov2006,POLICE OFFICER,S117,PUSH/PULL/GRAB,05B,EXCESSIVE FORCE / ON DUTY - NO INJURY,CLOSED/FINAL,UNFOUNDED,TIMMS,ANTWAN,,,UNKNOWN,30,MALE,BLACK,apr2016,,,S1,S,0,1
1059339,524,PEORIA ST,11800,STREET,04jan2013 20:00:00,04jan2013 20:00:00,04jan2013,,ALI,8411,005,,27nov2006,POLICE OFFICER,S117,PUSH/PULL/GRAB,05B,EXCESSIVE FORCE / ON DUTY - NO INJURY,CLOSED/FINAL,EXONERATED,TIMMS,ANTWAN,,,UNKNOWN,30,MALE,BLACK,apr2016,,,S1,S,0,1
1059339,524,PEORIA ST,11800,STREET,04jan2013 20:00:00,04jan2013 20:00:00,04jan2013,,COLLINS,13010,005,,18dec2006,POLICE OFFICER,S117,PUSH/PULL/GRAB,05B,EXCESSIVE FORCE / ON DUTY - NO INJURY,CLOSED/FINAL,NOT SUSTAINED,TIMMS,ANTWAN,,,UNKNOWN,31,MALE,BLACK,apr2016,,,S1,S,0,1
1059339,524,PEORIA ST,11800,STREET,04jan2013 20:00:00,04jan2013 20:00:00,04jan2013,,ALI,8411,005,,27nov2006,POLICE OFFICER,S117,PUSH/PULL/GRAB,05B,EXCESSIVE FORCE / ON DUTY - NO INJURY,CLOSED/FINAL,UNFOUNDED,CARPENTER,MALCOLM,,,,33,MALE,BLACK,apr2016,,,S1,S,0,1
1059339,524,PEORIA ST,11800,STREET,04jan2013 20:00:00,04jan2013 20:00:00,04jan2013,,ALI,8411,005,,27nov2006,POLICE OFFICER,S117,PUSH/PULL/GRAB,05B,EXCESSIVE FORCE / ON DUTY - NO INJURY,CLOSED/FINAL,EXONERATED,CASCONE,JAMES,005,,SERGEANT OF POLICE,,MALE,WHITE,apr2016,,,S1,S,0,1
1059339,524,PEORIA ST,11800,STREET,04jan2013 20:00:00,04jan2013 20:00:00,04jan2013,,ALI,8411,005,,27nov2006,POLICE OFFICER,S117,PUSH/PULL/GRAB,05B,EXCESSIVE FORCE / ON DUTY - NO INJURY,CLOSED/FINAL,EXONERATED,,,,,,,,,apr2016,,,S1,S,0,1
1059339,524,PEORIA ST,11800,STREET,04jan2013 20:00:00,04jan2013 20:00:00,04jan2013,,ALI,8411,005,,27nov2006,POLICE OFFICER,S117,PUSH/PULL/GRAB,05B,EXCESSIVE FORCE / ON DUTY - NO INJURY,CLOSED/FINAL,UNFOUNDED,HERMAN,VINCENT,005,,POLICE OFFICER,,MALE,WHITE,apr2016,,,S1,S,0,1
1059339,524,PEORIA ST,11800,STREET,04jan2013 20:00:00,04jan2013 20:00:00,04jan2013,,COLLINS,13010,005,,18dec2006,POLICE OFFICER,S117,PUSH/PULL/GRAB,05B,EXCESSIVE FORCE / ON DUTY - NO INJURY,CLOSED/FINAL,UNFOUNDED,HERMAN,VINCENT,005,,POLICE OFFICER,,MALE,WHITE,apr2016,,,S1,S,0,1
1059339,524,PEORIA ST,11800,STREET,04jan2013 20:00:00,04jan2013 20:00:00,04jan2013,,COLLINS,13010,005,,18dec2006,POLICE OFFICER,S117,PUSH/PULL/GRAB,05B,EXCESSIVE FORCE / ON DUTY - NO INJURY,CLOSED/FINAL,UNFOUNDED,,,,,,,,,apr2016,,,S1,S,0,1
1059339,524,PEORIA ST,11800,STREET,04jan2013 20:00:00,04jan2013 20:00:00,04jan2013,,ALI,8411,005,,27nov2006,POLICE OFFICER,S117,PUSH/PULL/GRAB,05B,EXCESSIVE FORCE / ON DUTY - NO INJURY,CLOSED/FINAL,UNFOUNDED,CASCONE,JAMES,005,,SERGEANT OF POLICE,,MALE,WHITE,apr2016,,,S1,S,0,1
1059339,524,PEORIA ST,11800,STREET,04jan2013 20:00:00,04jan2013 20:00:00,04jan2013,,ALI,8411,005,,27nov2006,POLICE OFFICER,S117,PUSH/PULL/GRAB,05B,EXCESSIVE FORCE / ON DUTY - NO INJURY,CLOSED/FINAL,EXONERATED,HERMAN,VINCENT,005,,POLICE OFFICER,,MALE,WHITE,apr2016,,,S1,S,0,1
1059339,524,PEORIA ST,11800,STREET,04jan2013 20:00:00,04jan2013 20:00:00,04jan2013,,COLLINS,13010,005,,18dec2006,POLICE OFFICER,S117,PUSH/PULL/GRAB,05B,EXCESSIVE FORCE / ON DUTY - NO INJURY,CLOSED/FINAL,NOT SUSTAINED,CARPENTER,MALCOLM,,,,33,MALE,BLACK,apr2016,,,S1,S,0,1
1059339,524,PEORIA ST,11800,STREET,04jan2013 20:00:00,04jan2013 20:00:00,04jan2013,,ALI,8411,005,,27nov2006,POLICE OFFICER,S117,PUSH/PULL/GRAB,05B,EXCESSIVE FORCE / ON DUTY - NO INJURY,CLOSED/FINAL,UNFOUNDED,,,,,,,,,apr2016,,,S1,S,0,1
1059339,524,PEORIA ST,11800,STREET,04jan2013 20:00:00,04jan2013 20:00:00,04jan2013,,COLLINS,13010,005,,18dec2006,POLICE OFFICER,S117,PUSH/PULL/GRAB,05B,EXCESSIVE FORCE / ON DUTY - NO INJURY,CLOSED/FINAL,NOT SUSTAINED,HERMAN,VINCENT,005,,POLICE OFFICER,,MALE,WHITE,apr2016,,,S1,S,0,1
1059339,524,PEORIA ST,11800,STREET,04jan2013 20:00:00,04jan2013 20:00:00,04jan2013,,COLLINS,13010,005,,18dec2006,POLICE OFFICER,S117,PUSH/PULL/GRAB,05B,EXCESSIVE FORCE / ON DUTY - NO INJURY,CLOSED/FINAL,NOT SUSTAINED,CASCONE,JAMES,005,,SERGEANT OF POLICE,,MALE,WHITE,apr2016,,,S1,S,0,1
1059339,524,PEORIA ST,11800,STREET,04jan2013 20:00:00,04jan2013 20:00:00,04jan2013,,COLLINS,13010,005,,18dec2006,POLICE OFFICER,S117,PUSH/PULL/GRAB,05B,EXCESSIVE FORCE / ON DUTY - NO INJURY,CLOSED/FINAL,UNFOUNDED,CASCONE,JAMES,005,,SERGEANT OF POLICE,,MALE,WHITE,apr2016,,,S1,S,0,1
1059339,524,PEORIA ST,11800,STREET,04jan2013 20:00:00,04jan2013 20:00:00,04jan2013,,COLLINS,13010,005,,18dec2006,POLICE OFFICER,S117,PUSH/PULL/GRAB,05B,EXCESSIVE FORCE / ON DUTY - NO INJURY,CLOSED/FINAL,NOT SUSTAINED,,,,,,,,,apr2016,,,S1,S,0,1
1059339,524,PEORIA ST,11800,STREET,04jan2013 20:00:00,04jan2013 20:00:00,04jan2013,,COLLINS,13010,005,,18dec2006,POLICE OFFICER,S117,PUSH/PULL/GRAB,05B,EXCESSIVE FORCE / ON DUTY - NO INJURY,CLOSED/FINAL,UNFOUNDED,TIMMS,ANTWAN,,,UNKNOWN,30,MALE,BLACK,apr2016,,,S1,S,0,1
1059339,524,PEORIA ST,11800,STREET,04jan2013 20:00:00,04jan2013 20:00:00,04jan2013,,COLLINS,13010,005,,18dec2006,POLICE OFFICER,S117,PUSH/PULL/GRAB,05B,EXCESSIVE FORCE / ON DUTY - NO INJURY,CLOSED/FINAL,UNFOUNDED,CARPENTER,MALCOLM,,,,33,MALE,BLACK,apr2016,,,S1,S,0,1
1059339,524,PEORIA ST,11800,STREET,04jan2013 20:00:00,04jan2013 20:00:00,04jan2013,,COLLINS,13010,005,,18dec2006,POLICE OFFICER,S117,PUSH/PULL/GRAB,05B,EXCESSIVE FORCE / ON DUTY - NO INJURY,CLOSED/FINAL,UNFOUNDED,TIMMS,ANTWAN,,,UNKNOWN,31,MALE,BLACK,apr2016,,,S1,S,0,1
1059339,524,PEORIA ST,11800,STREET,04jan2013 20:00:00,04jan2013 20:00:00,04jan2013,,ALI,8411,005,,27nov2006,POLICE OFFICER,S117,PUSH/PULL/GRAB,05B,EXCESSIVE FORCE / ON DUTY - NO INJURY,CLOSED/FINAL,UNFOUNDED,TIMMS,ANTWAN,,,UNKNOWN,31,MALE,BLACK,apr2016,,,S1,S,0,1
1059339,524,PEORIA ST,11800,STREET,04jan2013 20:00:00,04jan2013 20:00:00,04jan2013,,COLLINS,13010,005,,18dec2006,POLICE OFFICER,S117,PUSH/PULL/GRAB,05B,EXCESSIVE FORCE / ON DUTY - NO INJURY,CLOSED/FINAL,NOT SUSTAINED,TIMMS,ANTWAN,,,UNKNOWN,30,MALE,BLACK,apr2016,,,S1,S,0,1
1059339,524,PEORIA ST,11800,STREET,04jan2013 20:00:00,04jan2013 20:00:00,04jan2013,,ALI,8411,005,,27nov2006,POLICE OFFICER,S117,PUSH/PULL/GRAB,05B,EXCESSIVE FORCE / ON DUTY - NO INJURY,CLOSED/FINAL,EXONERATED,CARPENTER,MALCOLM,,,,33,MALE,BLACK,apr2016,,,S1,S,1,1
1059339,524,PEORIA ST,11800,STREET,04jan2013 20:00:00,04jan2013 20:00:00,04jan2013,,ALI,8411,005,,27nov2006,POLICE OFFICER,S117,PUSH/PULL/GRAB,05B,EXCESSIVE FORCE / ON DUTY - NO INJURY,CLOSED/FINAL,EXONERATED,TIMMS,ANTWAN,,,UNKNOWN,31,MALE,BLACK,apr2016,,,S1,S,0,1
