COMPLAINT_NUMBER,BEAT,STREET,ADDRESS,LOCATION_CODE,INCIDENT_TIME_START,INCIDENT_TIME_END,NOTIFICATION_DATE,ACCSUEDOFFICER_FNAME,ACCUSEDOFFICER_LNAME,ACCUSED_STAR,ACCUSED_UNIT,ACCUSED_DETAIL,ACCUSED_APPOINTMENT_DATE,ACCUSED_POSITION,INITIAL_CATEGORY_CODE,INITIAL_CATEGORY,CURRENT_CATEGORY_CODE,CURRENT_CATEGORY,CURRENT_STATUS,FINDING_CODE,INVOLVED_OFFICER_LNAME,INVOLVED_OFFICER_FNAME,INVOLVED_OFFICER_UNIT,INVOLVED_OFFICER_DETAIL,INVOLVED_OFFICER_POSITION,INVOLVED_OFFICER_AGE,INVOLVED_OFFICER_SEX,INVOLVED_OFFICER_RACE,foia,INVOLVED_OFFICER_DESCRIPTION,INVOLVED_OFFICER_TYPE,start_code_2,start_code_1,rec,sum_rec
1054643,324,74TH ST,1522,APARTMENT,30may2012 00:00:00,30may2012 00:30:00,10jun2012,,,,,,,,05A,EXCESSIVE FORCE / ON DUTY - INJURY,S009,DRAGGED,CLOSED/FINAL,NOT SUSTAINED,SCHNIER,BRIAN,189,,SERGEANT OF POLICE,,MALE,WHITE,apr2016,,,05,0,0,1
1054643,324,74TH ST,1522,APARTMENT,30may2012 00:00:00,30may2012 00:30:00,10jun2012,,,,,,,,05A,EXCESSIVE FORCE / ON DUTY - INJURY,S009,DRAGGED,CLOSED/FINAL,NOT SUSTAINED,SMALL,MELVIN,,,UNKNOWN,55,MALE,BLACK,apr2016,,,05,0,0,1
1054643,324,74TH ST,1522,APARTMENT,30may2012 00:00:00,30may2012 00:30:00,10jun2012,,,,,,,,05A,EXCESSIVE FORCE / ON DUTY - INJURY,S009,DRAGGED,CLOSED/FINAL,NOT SUSTAINED,KERR,LAWRENCE,312,,POLICE OFFICER,,MALE,WHITE,apr2016,,,05,0,0,1
1054643,324,74TH ST,1522,APARTMENT,30may2012 00:00:00,30may2012 00:30:00,10jun2012,,,,,,,,05A,EXCESSIVE FORCE / ON DUTY - INJURY,S009,DRAGGED,CLOSED/FINAL,NOT SUSTAINED,O CONNOR,DANIEL,121,,SERGEANT OF POLICE,,MALE,WHITE,apr2016,,,05,0,0,1
1054643,324,74TH ST,1522,APARTMENT,30may2012 00:00:00,30may2012 00:30:00,10jun2012,,,,,,,,05A,EXCESSIVE FORCE / ON DUTY - INJURY,S009,DRAGGED,CLOSED/FINAL,NOT SUSTAINED,ALONSO,JAVIER,312,,POLICE OFFICER,,MALE,SPANISH (DO NOT USE),apr2016,,,05,0,0,1
1054643,324,74TH ST,1522,APARTMENT,30may2012 00:00:00,30may2012 00:30:00,10jun2012,,,,,,,,05A,EXCESSIVE FORCE / ON DUTY - INJURY,S009,DRAGGED,CLOSED/FINAL,NOT SUSTAINED,SMALL,MELVIN,,,UNKNOWN,54,MALE,BLACK,apr2016,,,05,0,0,1
1054643,324,74TH ST,1522,APARTMENT,30may2012 00:00:00,30may2012 00:30:00,10jun2012,,,,,,,,05A,EXCESSIVE FORCE / ON DUTY - INJURY,S009,DRAGGED,CLOSED/FINAL,NOT SUSTAINED,PORTER,ALEXANDER,,,UNKNOWN,24,MALE,BLACK,apr2016,,,05,0,0,1
1054643,324,74TH ST,1522,APARTMENT,30may2012 00:00:00,30may2012 00:30:00,10jun2012,,,,,,,,05A,EXCESSIVE FORCE / ON DUTY - INJURY,S009,DRAGGED,CLOSED/FINAL,NOT SUSTAINED,PORTER,ALEXANDER,,,UNKNOWN,23,MALE,BLACK,apr2016,,,05,0,0,1
