COMPLAINT_NUMBER,BEAT,STREET,ADDRESS,LOCATION_CODE,INCIDENT_TIME_START,INCIDENT_TIME_END,NOTIFICATION_DATE,ACCSUEDOFFICER_FNAME,ACCUSEDOFFICER_LNAME,ACCUSED_STAR,ACCUSED_UNIT,ACCUSED_DETAIL,ACCUSED_APPOINTMENT_DATE,ACCUSED_POSITION,INITIAL_CATEGORY_CODE,INITIAL_CATEGORY,CURRENT_CATEGORY_CODE,CURRENT_CATEGORY,CURRENT_STATUS,FINDING_CODE,INVOLVED_OFFICER_LNAME,INVOLVED_OFFICER_FNAME,INVOLVED_OFFICER_UNIT,INVOLVED_OFFICER_DETAIL,INVOLVED_OFFICER_POSITION,INVOLVED_OFFICER_AGE,INVOLVED_OFFICER_SEX,INVOLVED_OFFICER_RACE,foia,INVOLVED_OFFICER_DESCRIPTION,INVOLVED_OFFICER_TYPE,start_code_2,start_code_1,rec,sum_rec
1054935,433,BRANDON AVE,13423,SIDEWALK,20jun2012 23:13:59,20jun2012 23:13:59,21jun2012,KIRSTEN,LUND,7208,004,,05dec2005,POLICE OFFICER,S022,CLOSED HAND STRIKE (PUNCH),05B,EXCESSIVE FORCE / ON DUTY - NO INJURY,CLOSED/FINAL,UNFOUNDED,MC DEVITT,MICHAEL,004,,POLICE OFFICER,,MALE,WHITE,apr2016,,,S0,S,0,1
1054935,433,BRANDON AVE,13423,SIDEWALK,20jun2012 23:13:59,20jun2012 23:13:59,21jun2012,KIRSTEN,LUND,7208,004,,05dec2005,POLICE OFFICER,S022,CLOSED HAND STRIKE (PUNCH),05B,EXCESSIVE FORCE / ON DUTY - NO INJURY,CLOSED/FINAL,UNFOUNDED,SALGADO,SALVADOR,004,,POLICE OFFICER,,MALE,SPANISH (DO NOT USE),apr2016,,,S0,S,0,1
1054935,433,BRANDON AVE,13423,SIDEWALK,20jun2012 23:13:59,20jun2012 23:13:59,21jun2012,DANIEL,CASTILLO,12726,004,,31oct2005,POLICE OFFICER,S022,CLOSED HAND STRIKE (PUNCH),05B,EXCESSIVE FORCE / ON DUTY - NO INJURY,CLOSED/FINAL,NOT SUSTAINED,TREACY,JOSEPH,004,,POLICE OFFICER,,MALE,WHITE,apr2016,,,S0,S,0,1
1054935,433,BRANDON AVE,13423,SIDEWALK,20jun2012 23:13:59,20jun2012 23:13:59,21jun2012,KIRSTEN,LUND,7208,004,,05dec2005,POLICE OFFICER,S022,CLOSED HAND STRIKE (PUNCH),05B,EXCESSIVE FORCE / ON DUTY - NO INJURY,CLOSED/FINAL,UNFOUNDED,HALTEK,STEVEN,004,,POLICE OFFICER,,MALE,WHITE,apr2016,,,S0,S,0,1
1054935,433,BRANDON AVE,13423,SIDEWALK,20jun2012 23:13:59,20jun2012 23:13:59,21jun2012,KIRSTEN,LUND,7208,004,,05dec2005,POLICE OFFICER,S022,CLOSED HAND STRIKE (PUNCH),05B,EXCESSIVE FORCE / ON DUTY - NO INJURY,CLOSED/FINAL,UNFOUNDED,CARROLL,STEVEN,004,,POLICE OFFICER,,MALE,WHITE,apr2016,,,S0,S,0,1
1054935,433,BRANDON AVE,13423,SIDEWALK,20jun2012 23:13:59,20jun2012 23:13:59,21jun2012,DANIEL,CASTILLO,12726,004,,31oct2005,POLICE OFFICER,S022,CLOSED HAND STRIKE (PUNCH),05B,EXCESSIVE FORCE / ON DUTY - NO INJURY,CLOSED/FINAL,NOT SUSTAINED,SALGADO,SALVADOR,004,,POLICE OFFICER,,MALE,SPANISH (DO NOT USE),apr2016,,,S0,S,0,1
1054935,433,BRANDON AVE,13423,SIDEWALK,20jun2012 23:13:59,20jun2012 23:13:59,21jun2012,KIRSTEN,LUND,7208,004,,05dec2005,POLICE OFFICER,S022,CLOSED HAND STRIKE (PUNCH),05B,EXCESSIVE FORCE / ON DUTY - NO INJURY,CLOSED/FINAL,UNFOUNDED,HIGGINS,MICHAEL,004,,POLICE OFFICER,,MALE,WHITE,apr2016,,,S0,S,0,1
1054935,433,BRANDON AVE,13423,SIDEWALK,20jun2012 23:13:59,20jun2012 23:13:59,21jun2012,MOHAMMAD,DARABAIH,5667,004,,30apr2007,POLICE OFFICER,S022,CLOSED HAND STRIKE (PUNCH),05B,EXCESSIVE FORCE / ON DUTY - NO INJURY,CLOSED/FINAL,UNFOUNDED,HALTEK,STEVEN,004,,POLICE OFFICER,,MALE,WHITE,apr2016,,,S0,S,0,1
1054935,433,BRANDON AVE,13423,SIDEWALK,20jun2012 23:13:59,20jun2012 23:13:59,21jun2012,,,,,,,,S022,CLOSED HAND STRIKE (PUNCH),05B,EXCESSIVE FORCE / ON DUTY - NO INJURY,CLOSED/FINAL,NOT SUSTAINED,WILLIAMS,LONNELL,004,,POLICE OFFICER,,MALE,BLACK,apr2016,,,S0,S,0,1
1054935,433,BRANDON AVE,13423,SIDEWALK,20jun2012 23:13:59,20jun2012 23:13:59,21jun2012,,,,,,,,S022,CLOSED HAND STRIKE (PUNCH),05B,EXCESSIVE FORCE / ON DUTY - NO INJURY,CLOSED/FINAL,NOT SUSTAINED,JUAREZ,MAYRA,,,UNKNOWN,25,FEMALE,WHITE HISPANIC,apr2016,,,S0,S,0,1
1054935,433,BRANDON AVE,13423,SIDEWALK,20jun2012 23:13:59,20jun2012 23:13:59,21jun2012,DANIEL,CASTILLO,12726,004,,31oct2005,POLICE OFFICER,S022,CLOSED HAND STRIKE (PUNCH),05B,EXCESSIVE FORCE / ON DUTY - NO INJURY,CLOSED/FINAL,NOT SUSTAINED,MURPHY,MICHAEL,004,,POLICE OFFICER,,MALE,WHITE,apr2016,,,S0,S,0,1
1054935,433,BRANDON AVE,13423,SIDEWALK,20jun2012 23:13:59,20jun2012 23:13:59,21jun2012,KIRSTEN,LUND,7208,004,,05dec2005,POLICE OFFICER,S022,CLOSED HAND STRIKE (PUNCH),05B,EXCESSIVE FORCE / ON DUTY - NO INJURY,CLOSED/FINAL,UNFOUNDED,WILLIAMS,LONNELL,004,,POLICE OFFICER,,MALE,BLACK,apr2016,,,S0,S,0,1
1054935,433,BRANDON AVE,13423,SIDEWALK,20jun2012 23:13:59,20jun2012 23:13:59,21jun2012,MOHAMMAD,DARABAIH,5667,004,,30apr2007,POLICE OFFICER,S022,CLOSED HAND STRIKE (PUNCH),05B,EXCESSIVE FORCE / ON DUTY - NO INJURY,CLOSED/FINAL,UNFOUNDED,CARROLL,STEVEN,004,,POLICE OFFICER,,MALE,WHITE,apr2016,,,S0,S,0,1
1054935,433,BRANDON AVE,13423,SIDEWALK,20jun2012 23:13:59,20jun2012 23:13:59,21jun2012,KIRSTEN,LUND,7208,004,,05dec2005,POLICE OFFICER,S022,CLOSED HAND STRIKE (PUNCH),05B,EXCESSIVE FORCE / ON DUTY - NO INJURY,CLOSED/FINAL,UNFOUNDED,DELATORRE,JUAN,,,,25,MALE,WHITE HISPANIC,apr2016,,,S0,S,0,1
1054935,433,BRANDON AVE,13423,SIDEWALK,20jun2012 23:13:59,20jun2012 23:13:59,21jun2012,MOHAMMAD,DARABAIH,5667,004,,30apr2007,POLICE OFFICER,S022,CLOSED HAND STRIKE (PUNCH),05B,EXCESSIVE FORCE / ON DUTY - NO INJURY,CLOSED/FINAL,UNFOUNDED,FULLER,MICHAEL,004,,POLICE OFFICER,,MALE,SPANISH (DO NOT USE),apr2016,,,S0,S,0,1
1054935,433,BRANDON AVE,13423,SIDEWALK,20jun2012 23:13:59,20jun2012 23:13:59,21jun2012,MOHAMMAD,DARABAIH,5667,004,,30apr2007,POLICE OFFICER,S022,CLOSED HAND STRIKE (PUNCH),05B,EXCESSIVE FORCE / ON DUTY - NO INJURY,CLOSED/FINAL,UNFOUNDED,JUAREZ,MAYRA,,,UNKNOWN,23,FEMALE,WHITE HISPANIC,apr2016,,,S0,S,0,1
1054935,433,BRANDON AVE,13423,SIDEWALK,20jun2012 23:13:59,20jun2012 23:13:59,21jun2012,DANIEL,CASTILLO,12726,004,,31oct2005,POLICE OFFICER,S022,CLOSED HAND STRIKE (PUNCH),05B,EXCESSIVE FORCE / ON DUTY - NO INJURY,CLOSED/FINAL,NOT SUSTAINED,DELATORRE,JUAN,,,,25,MALE,WHITE HISPANIC,apr2016,,,S0,S,0,1
1054935,433,BRANDON AVE,13423,SIDEWALK,20jun2012 23:13:59,20jun2012 23:13:59,21jun2012,,,,,,,,S022,CLOSED HAND STRIKE (PUNCH),05B,EXCESSIVE FORCE / ON DUTY - NO INJURY,CLOSED/FINAL,NOT SUSTAINED,PRUGER,ROCCO,004,212,POLICE OFFICER,,MALE,WHITE,apr2016,,,S0,S,0,1
1054935,433,BRANDON AVE,13423,SIDEWALK,20jun2012 23:13:59,20jun2012 23:13:59,21jun2012,,,,,,,,S022,CLOSED HAND STRIKE (PUNCH),05B,EXCESSIVE FORCE / ON DUTY - NO INJURY,CLOSED/FINAL,NOT SUSTAINED,BROWN,AKISHE,004,,POLICE OFFICER,,FEMALE,BLACK,apr2016,,,S0,S,0,1
1054935,433,BRANDON AVE,13423,SIDEWALK,20jun2012 23:13:59,20jun2012 23:13:59,21jun2012,DANIEL,CASTILLO,12726,004,,31oct2005,POLICE OFFICER,S022,CLOSED HAND STRIKE (PUNCH),05B,EXCESSIVE FORCE / ON DUTY - NO INJURY,CLOSED/FINAL,NOT SUSTAINED,HIGGINS,MICHAEL,004,,POLICE OFFICER,,MALE,WHITE,apr2016,,,S0,S,0,1
1054935,433,BRANDON AVE,13423,SIDEWALK,20jun2012 23:13:59,20jun2012 23:13:59,21jun2012,,,,,,,,S022,CLOSED HAND STRIKE (PUNCH),05B,EXCESSIVE FORCE / ON DUTY - NO INJURY,CLOSED/FINAL,NOT SUSTAINED,CHEREP,JOHN,004,,POLICE OFFICER,,MALE,WHITE,apr2016,,,S0,S,0,1
1054935,433,BRANDON AVE,13423,SIDEWALK,20jun2012 23:13:59,20jun2012 23:13:59,21jun2012,DANIEL,CASTILLO,12726,004,,31oct2005,POLICE OFFICER,S022,CLOSED HAND STRIKE (PUNCH),05B,EXCESSIVE FORCE / ON DUTY - NO INJURY,CLOSED/FINAL,NOT SUSTAINED,HALTEK,STEVEN,004,,POLICE OFFICER,,MALE,WHITE,apr2016,,,S0,S,0,1
1054935,433,BRANDON AVE,13423,SIDEWALK,20jun2012 23:13:59,20jun2012 23:13:59,21jun2012,,,,,,,,S022,CLOSED HAND STRIKE (PUNCH),05B,EXCESSIVE FORCE / ON DUTY - NO INJURY,CLOSED/FINAL,NOT SUSTAINED,FULLER,MICHAEL,004,,POLICE OFFICER,,MALE,SPANISH (DO NOT USE),apr2016,,,S0,S,0,1
1054935,433,BRANDON AVE,13423,SIDEWALK,20jun2012 23:13:59,20jun2012 23:13:59,21jun2012,DANIEL,CASTILLO,12726,004,,31oct2005,POLICE OFFICER,S022,CLOSED HAND STRIKE (PUNCH),05B,EXCESSIVE FORCE / ON DUTY - NO INJURY,CLOSED/FINAL,NOT SUSTAINED,WILLIAMS,LONNELL,004,,POLICE OFFICER,,MALE,BLACK,apr2016,,,S0,S,0,1
1054935,433,BRANDON AVE,13423,SIDEWALK,20jun2012 23:13:59,20jun2012 23:13:59,21jun2012,DANIEL,CASTILLO,12726,004,,31oct2005,POLICE OFFICER,S022,CLOSED HAND STRIKE (PUNCH),05B,EXCESSIVE FORCE / ON DUTY - NO INJURY,CLOSED/FINAL,NOT SUSTAINED,LOPEZ,AMOR,004,,POLICE OFFICER,,FEMALE,SPANISH (DO NOT USE),apr2016,,,S0,S,0,1
1054935,433,BRANDON AVE,13423,SIDEWALK,20jun2012 23:13:59,20jun2012 23:13:59,21jun2012,,,,,,,,S022,CLOSED HAND STRIKE (PUNCH),05B,EXCESSIVE FORCE / ON DUTY - NO INJURY,CLOSED/FINAL,NOT SUSTAINED,SALGADO,SALVADOR,004,,POLICE OFFICER,,MALE,SPANISH (DO NOT USE),apr2016,,,S0,S,0,1
1054935,433,BRANDON AVE,13423,SIDEWALK,20jun2012 23:13:59,20jun2012 23:13:59,21jun2012,KIRSTEN,LUND,7208,004,,05dec2005,POLICE OFFICER,S022,CLOSED HAND STRIKE (PUNCH),05B,EXCESSIVE FORCE / ON DUTY - NO INJURY,CLOSED/FINAL,UNFOUNDED,MURPHY,MICHAEL,004,,POLICE OFFICER,,MALE,WHITE,apr2016,,,S0,S,0,1
1054935,433,BRANDON AVE,13423,SIDEWALK,20jun2012 23:13:59,20jun2012 23:13:59,21jun2012,DANIEL,CASTILLO,12726,004,,31oct2005,POLICE OFFICER,S022,CLOSED HAND STRIKE (PUNCH),05B,EXCESSIVE FORCE / ON DUTY - NO INJURY,CLOSED/FINAL,NOT SUSTAINED,CARROLL,STEVEN,004,,POLICE OFFICER,,MALE,WHITE,apr2016,,,S0,S,0,1
1054935,433,BRANDON AVE,13423,SIDEWALK,20jun2012 23:13:59,20jun2012 23:13:59,21jun2012,DANIEL,CASTILLO,12726,004,,31oct2005,POLICE OFFICER,S022,CLOSED HAND STRIKE (PUNCH),05B,EXCESSIVE FORCE / ON DUTY - NO INJURY,CLOSED/FINAL,NOT SUSTAINED,HERNANDEZ,ROBERT,004,,POLICE OFFICER,,MALE,SPANISH (DO NOT USE),apr2016,,,S0,S,0,1
1054935,433,BRANDON AVE,13423,SIDEWALK,20jun2012 23:13:59,20jun2012 23:13:59,21jun2012,,,,,,,,S022,CLOSED HAND STRIKE (PUNCH),05B,EXCESSIVE FORCE / ON DUTY - NO INJURY,CLOSED/FINAL,NOT SUSTAINED,BOND,SHAUNDA,004,,POLICE OFFICER,,FEMALE,BLACK,apr2016,,,S0,S,0,1
1054935,433,BRANDON AVE,13423,SIDEWALK,20jun2012 23:13:59,20jun2012 23:13:59,21jun2012,MOHAMMAD,DARABAIH,5667,004,,30apr2007,POLICE OFFICER,S022,CLOSED HAND STRIKE (PUNCH),05B,EXCESSIVE FORCE / ON DUTY - NO INJURY,CLOSED/FINAL,UNFOUNDED,MC DEVITT,MICHAEL,004,,POLICE OFFICER,,MALE,WHITE,apr2016,,,S0,S,0,1
1054935,433,BRANDON AVE,13423,SIDEWALK,20jun2012 23:13:59,20jun2012 23:13:59,21jun2012,DANIEL,CASTILLO,12726,004,,31oct2005,POLICE OFFICER,S022,CLOSED HAND STRIKE (PUNCH),05B,EXCESSIVE FORCE / ON DUTY - NO INJURY,CLOSED/FINAL,NOT SUSTAINED,BANSLEY,JAMES,004,,POLICE OFFICER,,MALE,WHITE,apr2016,,,S0,S,0,1
1054935,433,BRANDON AVE,13423,SIDEWALK,20jun2012 23:13:59,20jun2012 23:13:59,21jun2012,DANIEL,CASTILLO,12726,004,,31oct2005,POLICE OFFICER,S022,CLOSED HAND STRIKE (PUNCH),05B,EXCESSIVE FORCE / ON DUTY - NO INJURY,CLOSED/FINAL,NOT SUSTAINED,JUAREZ,MAYRA,,,UNKNOWN,23,FEMALE,WHITE HISPANIC,apr2016,,,S0,S,0,1
1054935,433,BRANDON AVE,13423,SIDEWALK,20jun2012 23:13:59,20jun2012 23:13:59,21jun2012,KIRSTEN,LUND,7208,004,,05dec2005,POLICE OFFICER,S022,CLOSED HAND STRIKE (PUNCH),05B,EXCESSIVE FORCE / ON DUTY - NO INJURY,CLOSED/FINAL,UNFOUNDED,CHEREP,JOHN,004,,POLICE OFFICER,,MALE,WHITE,apr2016,,,S0,S,0,1
1054935,433,BRANDON AVE,13423,SIDEWALK,20jun2012 23:13:59,20jun2012 23:13:59,21jun2012,MOHAMMAD,DARABAIH,5667,004,,30apr2007,POLICE OFFICER,S022,CLOSED HAND STRIKE (PUNCH),05B,EXCESSIVE FORCE / ON DUTY - NO INJURY,CLOSED/FINAL,UNFOUNDED,HIGGINS,MICHAEL,004,,POLICE OFFICER,,MALE,WHITE,apr2016,,,S0,S,0,1
1054935,433,BRANDON AVE,13423,SIDEWALK,20jun2012 23:13:59,20jun2012 23:13:59,21jun2012,,,,,,,,S022,CLOSED HAND STRIKE (PUNCH),05B,EXCESSIVE FORCE / ON DUTY - NO INJURY,CLOSED/FINAL,NOT SUSTAINED,HERNANDEZ,ROBERT,004,,POLICE OFFICER,,MALE,SPANISH (DO NOT USE),apr2016,,,S0,S,0,1
1054935,433,BRANDON AVE,13423,SIDEWALK,20jun2012 23:13:59,20jun2012 23:13:59,21jun2012,,,,,,,,S022,CLOSED HAND STRIKE (PUNCH),05B,EXCESSIVE FORCE / ON DUTY - NO INJURY,CLOSED/FINAL,NOT SUSTAINED,MC DEVITT,MICHAEL,004,,POLICE OFFICER,,MALE,WHITE,apr2016,,,S0,S,0,1
1054935,433,BRANDON AVE,13423,SIDEWALK,20jun2012 23:13:59,20jun2012 23:13:59,21jun2012,DANIEL,CASTILLO,12726,004,,31oct2005,POLICE OFFICER,S022,CLOSED HAND STRIKE (PUNCH),05B,EXCESSIVE FORCE / ON DUTY - NO INJURY,CLOSED/FINAL,NOT SUSTAINED,GIBSON,TYRONE,,,,,MALE,BLACK,apr2016,,,S0,S,0,1
1054935,433,BRANDON AVE,13423,SIDEWALK,20jun2012 23:13:59,20jun2012 23:13:59,21jun2012,,,,,,,,S022,CLOSED HAND STRIKE (PUNCH),05B,EXCESSIVE FORCE / ON DUTY - NO INJURY,CLOSED/FINAL,NOT SUSTAINED,HALTEK,STEVEN,004,,POLICE OFFICER,,MALE,WHITE,apr2016,,,S0,S,0,1
1054935,433,BRANDON AVE,13423,SIDEWALK,20jun2012 23:13:59,20jun2012 23:13:59,21jun2012,DANIEL,CASTILLO,12726,004,,31oct2005,POLICE OFFICER,S022,CLOSED HAND STRIKE (PUNCH),05B,EXCESSIVE FORCE / ON DUTY - NO INJURY,CLOSED/FINAL,NOT SUSTAINED,CHEREP,JOHN,004,,POLICE OFFICER,,MALE,WHITE,apr2016,,,S0,S,0,1
1054935,433,BRANDON AVE,13423,SIDEWALK,20jun2012 23:13:59,20jun2012 23:13:59,21jun2012,MOHAMMAD,DARABAIH,5667,004,,30apr2007,POLICE OFFICER,S022,CLOSED HAND STRIKE (PUNCH),05B,EXCESSIVE FORCE / ON DUTY - NO INJURY,CLOSED/FINAL,UNFOUNDED,WILLIAMS,LONNELL,004,,POLICE OFFICER,,MALE,BLACK,apr2016,,,S0,S,0,1
1054935,433,BRANDON AVE,13423,SIDEWALK,20jun2012 23:13:59,20jun2012 23:13:59,21jun2012,MOHAMMAD,DARABAIH,5667,004,,30apr2007,POLICE OFFICER,S022,CLOSED HAND STRIKE (PUNCH),05B,EXCESSIVE FORCE / ON DUTY - NO INJURY,CLOSED/FINAL,UNFOUNDED,JUAREZ,MAYRA,,,UNKNOWN,25,FEMALE,WHITE HISPANIC,apr2016,,,S0,S,0,1
1054935,433,BRANDON AVE,13423,SIDEWALK,20jun2012 23:13:59,20jun2012 23:13:59,21jun2012,MOHAMMAD,DARABAIH,5667,004,,30apr2007,POLICE OFFICER,S022,CLOSED HAND STRIKE (PUNCH),05B,EXCESSIVE FORCE / ON DUTY - NO INJURY,CLOSED/FINAL,UNFOUNDED,TREACY,JOSEPH,004,,POLICE OFFICER,,MALE,WHITE,apr2016,,,S0,S,0,1
1054935,433,BRANDON AVE,13423,SIDEWALK,20jun2012 23:13:59,20jun2012 23:13:59,21jun2012,,,,,,,,S022,CLOSED HAND STRIKE (PUNCH),05B,EXCESSIVE FORCE / ON DUTY - NO INJURY,CLOSED/FINAL,NOT SUSTAINED,BANSLEY,JAMES,004,,POLICE OFFICER,,MALE,WHITE,apr2016,,,S0,S,1,1
1054935,433,BRANDON AVE,13423,SIDEWALK,20jun2012 23:13:59,20jun2012 23:13:59,21jun2012,DANIEL,CASTILLO,12726,004,,31oct2005,POLICE OFFICER,S022,CLOSED HAND STRIKE (PUNCH),05B,EXCESSIVE FORCE / ON DUTY - NO INJURY,CLOSED/FINAL,NOT SUSTAINED,FULLER,MICHAEL,004,,POLICE OFFICER,,MALE,SPANISH (DO NOT USE),apr2016,,,S0,S,0,1
1054935,433,BRANDON AVE,13423,SIDEWALK,20jun2012 23:13:59,20jun2012 23:13:59,21jun2012,,,,,,,,S022,CLOSED HAND STRIKE (PUNCH),05B,EXCESSIVE FORCE / ON DUTY - NO INJURY,CLOSED/FINAL,NOT SUSTAINED,TREACY,JOSEPH,004,,POLICE OFFICER,,MALE,WHITE,apr2016,,,S0,S,0,1
1054935,433,BRANDON AVE,13423,SIDEWALK,20jun2012 23:13:59,20jun2012 23:13:59,21jun2012,,,,,,,,S022,CLOSED HAND STRIKE (PUNCH),05B,EXCESSIVE FORCE / ON DUTY - NO INJURY,CLOSED/FINAL,NOT SUSTAINED,CARROLL,STEVEN,004,,POLICE OFFICER,,MALE,WHITE,apr2016,,,S0,S,0,1
1054935,433,BRANDON AVE,13423,SIDEWALK,20jun2012 23:13:59,20jun2012 23:13:59,21jun2012,MOHAMMAD,DARABAIH,5667,004,,30apr2007,POLICE OFFICER,S022,CLOSED HAND STRIKE (PUNCH),05B,EXCESSIVE FORCE / ON DUTY - NO INJURY,CLOSED/FINAL,UNFOUNDED,SALGADO,SALVADOR,004,,POLICE OFFICER,,MALE,SPANISH (DO NOT USE),apr2016,,,S0,S,0,1
1054935,433,BRANDON AVE,13423,SIDEWALK,20jun2012 23:13:59,20jun2012 23:13:59,21jun2012,MOHAMMAD,DARABAIH,5667,004,,30apr2007,POLICE OFFICER,S022,CLOSED HAND STRIKE (PUNCH),05B,EXCESSIVE FORCE / ON DUTY - NO INJURY,CLOSED/FINAL,UNFOUNDED,MURPHY,MICHAEL,004,,POLICE OFFICER,,MALE,WHITE,apr2016,,,S0,S,0,1
1054935,433,BRANDON AVE,13423,SIDEWALK,20jun2012 23:13:59,20jun2012 23:13:59,21jun2012,KIRSTEN,LUND,7208,004,,05dec2005,POLICE OFFICER,S022,CLOSED HAND STRIKE (PUNCH),05B,EXCESSIVE FORCE / ON DUTY - NO INJURY,CLOSED/FINAL,UNFOUNDED,LOPEZ,AMOR,004,,POLICE OFFICER,,FEMALE,SPANISH (DO NOT USE),apr2016,,,S0,S,0,1
1054935,433,BRANDON AVE,13423,SIDEWALK,20jun2012 23:13:59,20jun2012 23:13:59,21jun2012,,,,,,,,S022,CLOSED HAND STRIKE (PUNCH),05B,EXCESSIVE FORCE / ON DUTY - NO INJURY,CLOSED/FINAL,NOT SUSTAINED,DELATORRE,JUAN,,,,25,MALE,WHITE HISPANIC,apr2016,,,S0,S,0,1
1054935,433,BRANDON AVE,13423,SIDEWALK,20jun2012 23:13:59,20jun2012 23:13:59,21jun2012,MOHAMMAD,DARABAIH,5667,004,,30apr2007,POLICE OFFICER,S022,CLOSED HAND STRIKE (PUNCH),05B,EXCESSIVE FORCE / ON DUTY - NO INJURY,CLOSED/FINAL,UNFOUNDED,TRACY,PATRICK,004,,POLICE OFFICER,,MALE,WHITE,apr2016,,,S0,S,0,1
1054935,433,BRANDON AVE,13423,SIDEWALK,20jun2012 23:13:59,20jun2012 23:13:59,21jun2012,MOHAMMAD,DARABAIH,5667,004,,30apr2007,POLICE OFFICER,S022,CLOSED HAND STRIKE (PUNCH),05B,EXCESSIVE FORCE / ON DUTY - NO INJURY,CLOSED/FINAL,UNFOUNDED,HERNANDEZ,ROBERT,004,,POLICE OFFICER,,MALE,SPANISH (DO NOT USE),apr2016,,,S0,S,0,1
1054935,433,BRANDON AVE,13423,SIDEWALK,20jun2012 23:13:59,20jun2012 23:13:59,21jun2012,DANIEL,CASTILLO,12726,004,,31oct2005,POLICE OFFICER,S022,CLOSED HAND STRIKE (PUNCH),05B,EXCESSIVE FORCE / ON DUTY - NO INJURY,CLOSED/FINAL,NOT SUSTAINED,JUAREZ,MAYRA,,,UNKNOWN,25,FEMALE,WHITE HISPANIC,apr2016,,,S0,S,0,1
1054935,433,BRANDON AVE,13423,SIDEWALK,20jun2012 23:13:59,20jun2012 23:13:59,21jun2012,,,,,,,,S022,CLOSED HAND STRIKE (PUNCH),05B,EXCESSIVE FORCE / ON DUTY - NO INJURY,CLOSED/FINAL,NOT SUSTAINED,TRACY,PATRICK,004,,POLICE OFFICER,,MALE,WHITE,apr2016,,,S0,S,0,1
1054935,433,BRANDON AVE,13423,SIDEWALK,20jun2012 23:13:59,20jun2012 23:13:59,21jun2012,,,,,,,,S022,CLOSED HAND STRIKE (PUNCH),05B,EXCESSIVE FORCE / ON DUTY - NO INJURY,CLOSED/FINAL,NOT SUSTAINED,GIBSON,TYRONE,,,,,MALE,BLACK,apr2016,,,S0,S,0,1
1054935,433,BRANDON AVE,13423,SIDEWALK,20jun2012 23:13:59,20jun2012 23:13:59,21jun2012,MOHAMMAD,DARABAIH,5667,004,,30apr2007,POLICE OFFICER,S022,CLOSED HAND STRIKE (PUNCH),05B,EXCESSIVE FORCE / ON DUTY - NO INJURY,CLOSED/FINAL,UNFOUNDED,DELATORRE,JUAN,,,,25,MALE,WHITE HISPANIC,apr2016,,,S0,S,0,1
1054935,433,BRANDON AVE,13423,SIDEWALK,20jun2012 23:13:59,20jun2012 23:13:59,21jun2012,MOHAMMAD,DARABAIH,5667,004,,30apr2007,POLICE OFFICER,S022,CLOSED HAND STRIKE (PUNCH),05B,EXCESSIVE FORCE / ON DUTY - NO INJURY,CLOSED/FINAL,UNFOUNDED,BOND,SHAUNDA,004,,POLICE OFFICER,,FEMALE,BLACK,apr2016,,,S0,S,0,1
1054935,433,BRANDON AVE,13423,SIDEWALK,20jun2012 23:13:59,20jun2012 23:13:59,21jun2012,MOHAMMAD,DARABAIH,5667,004,,30apr2007,POLICE OFFICER,S022,CLOSED HAND STRIKE (PUNCH),05B,EXCESSIVE FORCE / ON DUTY - NO INJURY,CLOSED/FINAL,UNFOUNDED,CHEREP,JOHN,004,,POLICE OFFICER,,MALE,WHITE,apr2016,,,S0,S,0,1
1054935,433,BRANDON AVE,13423,SIDEWALK,20jun2012 23:13:59,20jun2012 23:13:59,21jun2012,DANIEL,CASTILLO,12726,004,,31oct2005,POLICE OFFICER,S022,CLOSED HAND STRIKE (PUNCH),05B,EXCESSIVE FORCE / ON DUTY - NO INJURY,CLOSED/FINAL,NOT SUSTAINED,BOND,SHAUNDA,004,,POLICE OFFICER,,FEMALE,BLACK,apr2016,,,S0,S,0,1
1054935,433,BRANDON AVE,13423,SIDEWALK,20jun2012 23:13:59,20jun2012 23:13:59,21jun2012,KIRSTEN,LUND,7208,004,,05dec2005,POLICE OFFICER,S022,CLOSED HAND STRIKE (PUNCH),05B,EXCESSIVE FORCE / ON DUTY - NO INJURY,CLOSED/FINAL,UNFOUNDED,HERNANDEZ,ROBERT,004,,POLICE OFFICER,,MALE,SPANISH (DO NOT USE),apr2016,,,S0,S,0,1
1054935,433,BRANDON AVE,13423,SIDEWALK,20jun2012 23:13:59,20jun2012 23:13:59,21jun2012,DANIEL,CASTILLO,12726,004,,31oct2005,POLICE OFFICER,S022,CLOSED HAND STRIKE (PUNCH),05B,EXCESSIVE FORCE / ON DUTY - NO INJURY,CLOSED/FINAL,NOT SUSTAINED,TRACY,PATRICK,004,,POLICE OFFICER,,MALE,WHITE,apr2016,,,S0,S,0,1
1054935,433,BRANDON AVE,13423,SIDEWALK,20jun2012 23:13:59,20jun2012 23:13:59,21jun2012,KIRSTEN,LUND,7208,004,,05dec2005,POLICE OFFICER,S022,CLOSED HAND STRIKE (PUNCH),05B,EXCESSIVE FORCE / ON DUTY - NO INJURY,CLOSED/FINAL,UNFOUNDED,FULLER,MICHAEL,004,,POLICE OFFICER,,MALE,SPANISH (DO NOT USE),apr2016,,,S0,S,0,1
1054935,433,BRANDON AVE,13423,SIDEWALK,20jun2012 23:13:59,20jun2012 23:13:59,21jun2012,MOHAMMAD,DARABAIH,5667,004,,30apr2007,POLICE OFFICER,S022,CLOSED HAND STRIKE (PUNCH),05B,EXCESSIVE FORCE / ON DUTY - NO INJURY,CLOSED/FINAL,UNFOUNDED,GIBSON,TYRONE,,,,,MALE,BLACK,apr2016,,,S0,S,0,1
1054935,433,BRANDON AVE,13423,SIDEWALK,20jun2012 23:13:59,20jun2012 23:13:59,21jun2012,MOHAMMAD,DARABAIH,5667,004,,30apr2007,POLICE OFFICER,S022,CLOSED HAND STRIKE (PUNCH),05B,EXCESSIVE FORCE / ON DUTY - NO INJURY,CLOSED/FINAL,UNFOUNDED,PRUGER,ROCCO,004,212,POLICE OFFICER,,MALE,WHITE,apr2016,,,S0,S,0,1
1054935,433,BRANDON AVE,13423,SIDEWALK,20jun2012 23:13:59,20jun2012 23:13:59,21jun2012,KIRSTEN,LUND,7208,004,,05dec2005,POLICE OFFICER,S022,CLOSED HAND STRIKE (PUNCH),05B,EXCESSIVE FORCE / ON DUTY - NO INJURY,CLOSED/FINAL,UNFOUNDED,BANSLEY,JAMES,004,,POLICE OFFICER,,MALE,WHITE,apr2016,,,S0,S,0,1
1054935,433,BRANDON AVE,13423,SIDEWALK,20jun2012 23:13:59,20jun2012 23:13:59,21jun2012,MOHAMMAD,DARABAIH,5667,004,,30apr2007,POLICE OFFICER,S022,CLOSED HAND STRIKE (PUNCH),05B,EXCESSIVE FORCE / ON DUTY - NO INJURY,CLOSED/FINAL,UNFOUNDED,BROWN,AKISHE,004,,POLICE OFFICER,,FEMALE,BLACK,apr2016,,,S0,S,0,1
1054935,433,BRANDON AVE,13423,SIDEWALK,20jun2012 23:13:59,20jun2012 23:13:59,21jun2012,,,,,,,,S022,CLOSED HAND STRIKE (PUNCH),05B,EXCESSIVE FORCE / ON DUTY - NO INJURY,CLOSED/FINAL,NOT SUSTAINED,HIGGINS,MICHAEL,004,,POLICE OFFICER,,MALE,WHITE,apr2016,,,S0,S,0,1
1054935,433,BRANDON AVE,13423,SIDEWALK,20jun2012 23:13:59,20jun2012 23:13:59,21jun2012,KIRSTEN,LUND,7208,004,,05dec2005,POLICE OFFICER,S022,CLOSED HAND STRIKE (PUNCH),05B,EXCESSIVE FORCE / ON DUTY - NO INJURY,CLOSED/FINAL,UNFOUNDED,JUAREZ,MAYRA,,,UNKNOWN,23,FEMALE,WHITE HISPANIC,apr2016,,,S0,S,0,1
1054935,433,BRANDON AVE,13423,SIDEWALK,20jun2012 23:13:59,20jun2012 23:13:59,21jun2012,DANIEL,CASTILLO,12726,004,,31oct2005,POLICE OFFICER,S022,CLOSED HAND STRIKE (PUNCH),05B,EXCESSIVE FORCE / ON DUTY - NO INJURY,CLOSED/FINAL,NOT SUSTAINED,PRUGER,ROCCO,004,212,POLICE OFFICER,,MALE,WHITE,apr2016,,,S0,S,0,1
1054935,433,BRANDON AVE,13423,SIDEWALK,20jun2012 23:13:59,20jun2012 23:13:59,21jun2012,,,,,,,,S022,CLOSED HAND STRIKE (PUNCH),05B,EXCESSIVE FORCE / ON DUTY - NO INJURY,CLOSED/FINAL,NOT SUSTAINED,JUAREZ,MAYRA,,,UNKNOWN,23,FEMALE,WHITE HISPANIC,apr2016,,,S0,S,0,1
1054935,433,BRANDON AVE,13423,SIDEWALK,20jun2012 23:13:59,20jun2012 23:13:59,21jun2012,,,,,,,,S022,CLOSED HAND STRIKE (PUNCH),05B,EXCESSIVE FORCE / ON DUTY - NO INJURY,CLOSED/FINAL,NOT SUSTAINED,LOPEZ,AMOR,004,,POLICE OFFICER,,FEMALE,SPANISH (DO NOT USE),apr2016,,,S0,S,0,1
1054935,433,BRANDON AVE,13423,SIDEWALK,20jun2012 23:13:59,20jun2012 23:13:59,21jun2012,KIRSTEN,LUND,7208,004,,05dec2005,POLICE OFFICER,S022,CLOSED HAND STRIKE (PUNCH),05B,EXCESSIVE FORCE / ON DUTY - NO INJURY,CLOSED/FINAL,UNFOUNDED,GIBSON,TYRONE,,,,,MALE,BLACK,apr2016,,,S0,S,0,1
1054935,433,BRANDON AVE,13423,SIDEWALK,20jun2012 23:13:59,20jun2012 23:13:59,21jun2012,KIRSTEN,LUND,7208,004,,05dec2005,POLICE OFFICER,S022,CLOSED HAND STRIKE (PUNCH),05B,EXCESSIVE FORCE / ON DUTY - NO INJURY,CLOSED/FINAL,UNFOUNDED,BOND,SHAUNDA,004,,POLICE OFFICER,,FEMALE,BLACK,apr2016,,,S0,S,0,1
1054935,433,BRANDON AVE,13423,SIDEWALK,20jun2012 23:13:59,20jun2012 23:13:59,21jun2012,KIRSTEN,LUND,7208,004,,05dec2005,POLICE OFFICER,S022,CLOSED HAND STRIKE (PUNCH),05B,EXCESSIVE FORCE / ON DUTY - NO INJURY,CLOSED/FINAL,UNFOUNDED,BROWN,AKISHE,004,,POLICE OFFICER,,FEMALE,BLACK,apr2016,,,S0,S,0,1
1054935,433,BRANDON AVE,13423,SIDEWALK,20jun2012 23:13:59,20jun2012 23:13:59,21jun2012,KIRSTEN,LUND,7208,004,,05dec2005,POLICE OFFICER,S022,CLOSED HAND STRIKE (PUNCH),05B,EXCESSIVE FORCE / ON DUTY - NO INJURY,CLOSED/FINAL,UNFOUNDED,PRUGER,ROCCO,004,212,POLICE OFFICER,,MALE,WHITE,apr2016,,,S0,S,0,1
1054935,433,BRANDON AVE,13423,SIDEWALK,20jun2012 23:13:59,20jun2012 23:13:59,21jun2012,MOHAMMAD,DARABAIH,5667,004,,30apr2007,POLICE OFFICER,S022,CLOSED HAND STRIKE (PUNCH),05B,EXCESSIVE FORCE / ON DUTY - NO INJURY,CLOSED/FINAL,UNFOUNDED,LOPEZ,AMOR,004,,POLICE OFFICER,,FEMALE,SPANISH (DO NOT USE),apr2016,,,S0,S,0,1
1054935,433,BRANDON AVE,13423,SIDEWALK,20jun2012 23:13:59,20jun2012 23:13:59,21jun2012,DANIEL,CASTILLO,12726,004,,31oct2005,POLICE OFFICER,S022,CLOSED HAND STRIKE (PUNCH),05B,EXCESSIVE FORCE / ON DUTY - NO INJURY,CLOSED/FINAL,NOT SUSTAINED,BROWN,AKISHE,004,,POLICE OFFICER,,FEMALE,BLACK,apr2016,,,S0,S,0,1
1054935,433,BRANDON AVE,13423,SIDEWALK,20jun2012 23:13:59,20jun2012 23:13:59,21jun2012,KIRSTEN,LUND,7208,004,,05dec2005,POLICE OFFICER,S022,CLOSED HAND STRIKE (PUNCH),05B,EXCESSIVE FORCE / ON DUTY - NO INJURY,CLOSED/FINAL,UNFOUNDED,TRACY,PATRICK,004,,POLICE OFFICER,,MALE,WHITE,apr2016,,,S0,S,0,1
1054935,433,BRANDON AVE,13423,SIDEWALK,20jun2012 23:13:59,20jun2012 23:13:59,21jun2012,,,,,,,,S022,CLOSED HAND STRIKE (PUNCH),05B,EXCESSIVE FORCE / ON DUTY - NO INJURY,CLOSED/FINAL,NOT SUSTAINED,MURPHY,MICHAEL,004,,POLICE OFFICER,,MALE,WHITE,apr2016,,,S0,S,0,1
1054935,433,BRANDON AVE,13423,SIDEWALK,20jun2012 23:13:59,20jun2012 23:13:59,21jun2012,DANIEL,CASTILLO,12726,004,,31oct2005,POLICE OFFICER,S022,CLOSED HAND STRIKE (PUNCH),05B,EXCESSIVE FORCE / ON DUTY - NO INJURY,CLOSED/FINAL,NOT SUSTAINED,MC DEVITT,MICHAEL,004,,POLICE OFFICER,,MALE,WHITE,apr2016,,,S0,S,0,1
1054935,433,BRANDON AVE,13423,SIDEWALK,20jun2012 23:13:59,20jun2012 23:13:59,21jun2012,MOHAMMAD,DARABAIH,5667,004,,30apr2007,POLICE OFFICER,S022,CLOSED HAND STRIKE (PUNCH),05B,EXCESSIVE FORCE / ON DUTY - NO INJURY,CLOSED/FINAL,UNFOUNDED,BANSLEY,JAMES,004,,POLICE OFFICER,,MALE,WHITE,apr2016,,,S0,S,0,1
1054935,433,BRANDON AVE,13423,SIDEWALK,20jun2012 23:13:59,20jun2012 23:13:59,21jun2012,KIRSTEN,LUND,7208,004,,05dec2005,POLICE OFFICER,S022,CLOSED HAND STRIKE (PUNCH),05B,EXCESSIVE FORCE / ON DUTY - NO INJURY,CLOSED/FINAL,UNFOUNDED,JUAREZ,MAYRA,,,UNKNOWN,25,FEMALE,WHITE HISPANIC,apr2016,,,S0,S,0,1
1054935,433,BRANDON AVE,13423,SIDEWALK,20jun2012 23:13:59,20jun2012 23:13:59,21jun2012,KIRSTEN,LUND,7208,004,,05dec2005,POLICE OFFICER,S022,CLOSED HAND STRIKE (PUNCH),05B,EXCESSIVE FORCE / ON DUTY - NO INJURY,CLOSED/FINAL,UNFOUNDED,TREACY,JOSEPH,004,,POLICE OFFICER,,MALE,WHITE,apr2016,,,S0,S,0,1
