COMPLAINT_NUMBER,BEAT,STREET,ADDRESS,LOCATION_CODE,INCIDENT_TIME_START,INCIDENT_TIME_END,NOTIFICATION_DATE,ACCSUEDOFFICER_FNAME,ACCUSEDOFFICER_LNAME,ACCUSED_STAR,ACCUSED_UNIT,ACCUSED_DETAIL,ACCUSED_APPOINTMENT_DATE,ACCUSED_POSITION,INITIAL_CATEGORY_CODE,INITIAL_CATEGORY,CURRENT_CATEGORY_CODE,CURRENT_CATEGORY,CURRENT_STATUS,FINDING_CODE,INVOLVED_OFFICER_LNAME,INVOLVED_OFFICER_FNAME,INVOLVED_OFFICER_UNIT,INVOLVED_OFFICER_DETAIL,INVOLVED_OFFICER_POSITION,INVOLVED_OFFICER_AGE,INVOLVED_OFFICER_SEX,INVOLVED_OFFICER_RACE,foia,INVOLVED_OFFICER_DESCRIPTION,INVOLVED_OFFICER_TYPE,start_code_2,start_code_1,rec,sum_rec
1053982,633,95TH ST,402,STREET,07may2012 01:18:59,07may2012 01:18:59,13may2012,NESTOR,PEREZ,14572,006,,09mar2009,POLICE OFFICER,S117,PUSH/PULL/GRAB,05M,UNNECESSARY PHYSICAL CONTACT / ON DUTY - NO INJURY,CLOSED/FINAL,UNFOUNDED,ANDERSON,CHARLIE,,,UNKNOWN,45,MALE,BLACK,apr2016,,,S1,S,0,1
1053982,633,95TH ST,402,STREET,07may2012 01:18:59,07may2012 01:18:59,13may2012,,,,,,,,S117,PUSH/PULL/GRAB,05M,UNNECESSARY PHYSICAL CONTACT / ON DUTY - NO INJURY,CLOSED/FINAL,UNFOUNDED,ANDERSON,CHARLIE,,,UNKNOWN,45,MALE,BLACK,apr2016,,,S1,S,0,1
1053982,633,95TH ST,402,STREET,07may2012 01:18:59,07may2012 01:18:59,13may2012,,,,,,,,S117,PUSH/PULL/GRAB,05M,UNNECESSARY PHYSICAL CONTACT / ON DUTY - NO INJURY,CLOSED/FINAL,UNFOUNDED,ANDERSON,CHARLIE,,,UNKNOWN,44,MALE,BLACK,apr2016,,,S1,S,0,1
1053982,633,95TH ST,402,STREET,07may2012 01:18:59,07may2012 01:18:59,13may2012,NESTOR,PEREZ,14572,006,,09mar2009,POLICE OFFICER,S117,PUSH/PULL/GRAB,05M,UNNECESSARY PHYSICAL CONTACT / ON DUTY - NO INJURY,CLOSED/FINAL,UNFOUNDED,ANDERSON,CHARLIE,,,UNKNOWN,44,MALE,BLACK,apr2016,,,S1,S,0,1
