COMPLAINT_NUMBER,BEAT,STREET,ADDRESS,LOCATION_CODE,INCIDENT_TIME_START,INCIDENT_TIME_END,NOTIFICATION_DATE,ACCSUEDOFFICER_FNAME,ACCUSEDOFFICER_LNAME,ACCUSED_STAR,ACCUSED_UNIT,ACCUSED_DETAIL,ACCUSED_APPOINTMENT_DATE,ACCUSED_POSITION,INITIAL_CATEGORY_CODE,INITIAL_CATEGORY,CURRENT_CATEGORY_CODE,CURRENT_CATEGORY,CURRENT_STATUS,FINDING_CODE,INVOLVED_OFFICER_LNAME,INVOLVED_OFFICER_FNAME,INVOLVED_OFFICER_UNIT,INVOLVED_OFFICER_DETAIL,INVOLVED_OFFICER_POSITION,INVOLVED_OFFICER_AGE,INVOLVED_OFFICER_SEX,INVOLVED_OFFICER_RACE,foia,INVOLVED_OFFICER_DESCRIPTION,INVOLVED_OFFICER_TYPE,start_code_2,start_code_1,rec,sum_rec
1060447,1225,JACKSON BLVD,2245,"SCHOOL, PUBLIC, BUILDING",28feb2013 11:22:00,28feb2013 11:22:00,28feb2013,,ANDREWS,7381,012,,05jul1994,POLICE OFFICER,05A,EXCESSIVE FORCE / ON DUTY - INJURY,S021,MISCELLANEOUS,CLOSED/FINAL,EXONERATED,FLOWERS,LELA,,,UNKNOWN,,FEMALE,UNKNOWN,apr2016,,,05,0,0,1
1060447,1225,JACKSON BLVD,2245,"SCHOOL, PUBLIC, BUILDING",28feb2013 11:22:00,28feb2013 11:22:00,28feb2013,,ANDREWS,7381,012,,05jul1994,POLICE OFFICER,05A,EXCESSIVE FORCE / ON DUTY - INJURY,S021,MISCELLANEOUS,CLOSED/FINAL,EXONERATED,WASHINGTON,SHARON,,,UNKNOWN,16,FEMALE,BLACK,apr2016,,,05,0,0,1
1060447,1225,JACKSON BLVD,2245,"SCHOOL, PUBLIC, BUILDING",28feb2013 11:22:00,28feb2013 11:22:00,28feb2013,,ANDREWS,7381,012,,05jul1994,POLICE OFFICER,05A,EXCESSIVE FORCE / ON DUTY - INJURY,S021,MISCELLANEOUS,CLOSED/FINAL,UNFOUNDED,WASHINGTON,SHARON,,,UNKNOWN,17,FEMALE,BLACK,apr2016,,,05,0,0,1
1060447,1225,JACKSON BLVD,2245,"SCHOOL, PUBLIC, BUILDING",28feb2013 11:22:00,28feb2013 11:22:00,28feb2013,,ANDREWS,7381,012,,05jul1994,POLICE OFFICER,05A,EXCESSIVE FORCE / ON DUTY - INJURY,S021,MISCELLANEOUS,CLOSED/FINAL,EXONERATED,WASHINGTON,SHARON,,,UNKNOWN,17,FEMALE,BLACK,apr2016,,,05,0,0,1
1060447,1225,JACKSON BLVD,2245,"SCHOOL, PUBLIC, BUILDING",28feb2013 11:22:00,28feb2013 11:22:00,28feb2013,,ANDREWS,7381,012,,05jul1994,POLICE OFFICER,05A,EXCESSIVE FORCE / ON DUTY - INJURY,S021,MISCELLANEOUS,CLOSED/FINAL,EXONERATED,ROBERTS,ALAN,012,,POLICE OFFICER,,MALE,BLACK,apr2016,,,05,0,1,1
1060447,1225,JACKSON BLVD,2245,"SCHOOL, PUBLIC, BUILDING",28feb2013 11:22:00,28feb2013 11:22:00,28feb2013,,ANDREWS,7381,012,,05jul1994,POLICE OFFICER,05A,EXCESSIVE FORCE / ON DUTY - INJURY,S021,MISCELLANEOUS,CLOSED/FINAL,UNFOUNDED,ROBERTS,ALAN,012,,POLICE OFFICER,,MALE,BLACK,apr2016,,,05,0,0,1
1060447,1225,JACKSON BLVD,2245,"SCHOOL, PUBLIC, BUILDING",28feb2013 11:22:00,28feb2013 11:22:00,28feb2013,,ANDREWS,7381,012,,05jul1994,POLICE OFFICER,05A,EXCESSIVE FORCE / ON DUTY - INJURY,S021,MISCELLANEOUS,CLOSED/FINAL,UNFOUNDED,WASHINGTON,SHARON,,,UNKNOWN,16,FEMALE,BLACK,apr2016,,,05,0,0,1
1060447,1225,JACKSON BLVD,2245,"SCHOOL, PUBLIC, BUILDING",28feb2013 11:22:00,28feb2013 11:22:00,28feb2013,,ANDREWS,7381,012,,05jul1994,POLICE OFFICER,05A,EXCESSIVE FORCE / ON DUTY - INJURY,S021,MISCELLANEOUS,CLOSED/FINAL,UNFOUNDED,FLOWERS,LELA,,,UNKNOWN,,FEMALE,UNKNOWN,apr2016,,,05,0,0,1
