COMPLAINT_NUMBER,BEAT,STREET,ADDRESS,LOCATION_CODE,INCIDENT_TIME_START,INCIDENT_TIME_END,NOTIFICATION_DATE,ACCSUEDOFFICER_FNAME,ACCUSEDOFFICER_LNAME,ACCUSED_STAR,ACCUSED_UNIT,ACCUSED_DETAIL,ACCUSED_APPOINTMENT_DATE,ACCUSED_POSITION,INITIAL_CATEGORY_CODE,INITIAL_CATEGORY,CURRENT_CATEGORY_CODE,CURRENT_CATEGORY,CURRENT_STATUS,FINDING_CODE,INVOLVED_OFFICER_LNAME,INVOLVED_OFFICER_FNAME,INVOLVED_OFFICER_UNIT,INVOLVED_OFFICER_DETAIL,INVOLVED_OFFICER_POSITION,INVOLVED_OFFICER_AGE,INVOLVED_OFFICER_SEX,INVOLVED_OFFICER_RACE,foia,INVOLVED_OFFICER_DESCRIPTION,INVOLVED_OFFICER_TYPE,start_code_2,start_code_1,rec,sum_rec
1060455,1123,MADISON ST,3200,SIDEWALK,28feb2013 15:59:59,28feb2013 15:59:59,28feb2013,,,,,,,,S117,PUSH/PULL/GRAB,S117,PUSH/PULL/GRAB,CLOSED/FINAL,NO AFFIDAVIT,CHAPMAN,LESA,,,UNKNOWN,43,FEMALE,BLACK,apr2016,,,S1,S,1,1
1060455,1123,MADISON ST,3200,SIDEWALK,28feb2013 15:59:59,28feb2013 15:59:59,28feb2013,,,,,,,,S117,PUSH/PULL/GRAB,S117,PUSH/PULL/GRAB,CLOSED/FINAL,NO AFFIDAVIT,CHAPMAN,LESA,,,UNKNOWN,45,FEMALE,BLACK,apr2016,,,S1,S,0,1
1060455,1123,MADISON ST,3200,SIDEWALK,28feb2013 15:59:59,28feb2013 15:59:59,28feb2013,,,,,,,,S117,PUSH/PULL/GRAB,S117,PUSH/PULL/GRAB,CLOSED/FINAL,NO AFFIDAVIT,CHAPMAN,MARQUISE,,,UNKNOWN,19,MALE,BLACK,apr2016,,,S1,S,0,1
1060455,1123,MADISON ST,3200,SIDEWALK,28feb2013 15:59:59,28feb2013 15:59:59,28feb2013,,,,,,,,S117,PUSH/PULL/GRAB,S117,PUSH/PULL/GRAB,CLOSED/FINAL,NO AFFIDAVIT,CHAPMAN,MARQUISE,,,UNKNOWN,17,MALE,BLACK,apr2016,,,S1,S,0,1
