COMPLAINT_NUMBER,BEAT,STREET,ADDRESS,LOCATION_CODE,INCIDENT_TIME_START,INCIDENT_TIME_END,NOTIFICATION_DATE,ACCSUEDOFFICER_FNAME,ACCUSEDOFFICER_LNAME,ACCUSED_STAR,ACCUSED_UNIT,ACCUSED_DETAIL,ACCUSED_APPOINTMENT_DATE,ACCUSED_POSITION,INITIAL_CATEGORY_CODE,INITIAL_CATEGORY,CURRENT_CATEGORY_CODE,CURRENT_CATEGORY,CURRENT_STATUS,FINDING_CODE,INVOLVED_OFFICER_LNAME,INVOLVED_OFFICER_FNAME,INVOLVED_OFFICER_UNIT,INVOLVED_OFFICER_DETAIL,INVOLVED_OFFICER_POSITION,INVOLVED_OFFICER_AGE,INVOLVED_OFFICER_SEX,INVOLVED_OFFICER_RACE,foia,INVOLVED_OFFICER_DESCRIPTION,INVOLVED_OFFICER_TYPE,start_code_2,start_code_1,rec,sum_rec
1062409,2533,LA CROSSE AVE,1937,RESIDENCE PORCH/HALLWAY,19may2013 03:00:00,19may2013 03:59:59,22may2013,,,,,,,,05A,EXCESSIVE FORCE / ON DUTY - INJURY,S001,CLOSED HAND STRIKE (PUNCH),CLOSED/FINAL,EXONERATED,GARCIA JR,MARTIN,,,UNKNOWN,19,MALE,WHITE HISPANIC,apr2016,,,05,0,0,1
1062409,2533,LA CROSSE AVE,1937,RESIDENCE PORCH/HALLWAY,19may2013 03:00:00,19may2013 03:59:59,22may2013,,,,,,,,05A,EXCESSIVE FORCE / ON DUTY - INJURY,S001,CLOSED HAND STRIKE (PUNCH),CLOSED/FINAL,EXONERATED,CARRANZA,MARTIN,,,UNKNOWN,36,MALE,WHITE,apr2016,,,05,0,1,1
1062409,2533,LA CROSSE AVE,1937,RESIDENCE PORCH/HALLWAY,19may2013 03:00:00,19may2013 03:59:59,22may2013,,MUEHLFELDER,9229,025,,31jul2006,PO/FIELD TRNING OFF,05A,EXCESSIVE FORCE / ON DUTY - INJURY,S001,CLOSED HAND STRIKE (PUNCH),CLOSED/FINAL,UNFOUNDED,GARCIA JR,MARTIN,,,UNKNOWN,19,MALE,WHITE HISPANIC,apr2016,,,05,0,0,1
1062409,2533,LA CROSSE AVE,1937,RESIDENCE PORCH/HALLWAY,19may2013 03:00:00,19may2013 03:59:59,22may2013,,MUEHLFELDER,9229,025,,31jul2006,PO/FIELD TRNING OFF,05A,EXCESSIVE FORCE / ON DUTY - INJURY,S001,CLOSED HAND STRIKE (PUNCH),CLOSED/FINAL,UNFOUNDED,CARRANZA,MARTIN,,,UNKNOWN,36,MALE,WHITE,apr2016,,,05,0,0,1
