COMPLAINT_NUMBER,BEAT,STREET,ADDRESS,LOCATION_CODE,INCIDENT_TIME_START,INCIDENT_TIME_END,NOTIFICATION_DATE,ACCSUEDOFFICER_FNAME,ACCUSEDOFFICER_LNAME,ACCUSED_STAR,ACCUSED_UNIT,ACCUSED_DETAIL,ACCUSED_APPOINTMENT_DATE,ACCUSED_POSITION,INITIAL_CATEGORY_CODE,INITIAL_CATEGORY,CURRENT_CATEGORY_CODE,CURRENT_CATEGORY,CURRENT_STATUS,FINDING_CODE,INVOLVED_OFFICER_LNAME,INVOLVED_OFFICER_FNAME,INVOLVED_OFFICER_UNIT,INVOLVED_OFFICER_DETAIL,INVOLVED_OFFICER_POSITION,INVOLVED_OFFICER_AGE,INVOLVED_OFFICER_SEX,INVOLVED_OFFICER_RACE,foia,INVOLVED_OFFICER_DESCRIPTION,INVOLVED_OFFICER_TYPE,start_code_2,start_code_1,rec,sum_rec
1058632,725,BISHOP ST,6629,STREET,25nov2012 21:59:59,25nov2012 21:59:59,26nov2012,ANTHONY,SABELLA,11974,007,,27aug2001,POLICE OFFICER,05A,EXCESSIVE FORCE / ON DUTY - INJURY,S001,CLOSED HAND STRIKE (PUNCH),CLOSED/FINAL,UNFOUNDED,HUTCHERSON,CHRYSHANA,,,,,FEMALE,BLACK,apr2016,,,05,0,0,1
1058632,725,BISHOP ST,6629,STREET,25nov2012 21:59:59,25nov2012 21:59:59,26nov2012,FRANCISCO,LUEVANO,9405,007,,18dec2006,POLICE OFFICER,05A,EXCESSIVE FORCE / ON DUTY - INJURY,S001,CLOSED HAND STRIKE (PUNCH),CLOSED/FINAL,UNFOUNDED,HUTCHERSON,CHRYSHANA,,,,,FEMALE,BLACK,apr2016,,,05,0,0,1
1058632,725,BISHOP ST,6629,STREET,25nov2012 21:59:59,25nov2012 21:59:59,26nov2012,FRANCISCO,LUEVANO,9405,007,,18dec2006,POLICE OFFICER,05A,EXCESSIVE FORCE / ON DUTY - INJURY,S001,CLOSED HAND STRIKE (PUNCH),CLOSED/FINAL,UNFOUNDED,HUTCHERSON,JAMES,,,UNKNOWN,20,MALE,BLACK,apr2016,,,05,0,0,1
1058632,725,BISHOP ST,6629,STREET,25nov2012 21:59:59,25nov2012 21:59:59,26nov2012,BRYAN,HOFFMAN,4317,007,213,25feb2002,POLICE OFFICER,05A,EXCESSIVE FORCE / ON DUTY - INJURY,S001,CLOSED HAND STRIKE (PUNCH),CLOSED/FINAL,EXONERATED,ODENEAL,MARC,,,,,MALE,BLACK,apr2016,,,05,0,0,1
1058632,725,BISHOP ST,6629,STREET,25nov2012 21:59:59,25nov2012 21:59:59,26nov2012,FRANCISCO,LUEVANO,9405,007,,18dec2006,POLICE OFFICER,05A,EXCESSIVE FORCE / ON DUTY - INJURY,S001,CLOSED HAND STRIKE (PUNCH),CLOSED/FINAL,UNFOUNDED,ODENEAL,MARC,,,,,MALE,BLACK,apr2016,,,05,0,0,1
1058632,725,BISHOP ST,6629,STREET,25nov2012 21:59:59,25nov2012 21:59:59,26nov2012,BRYAN,HOFFMAN,4317,007,213,25feb2002,POLICE OFFICER,05A,EXCESSIVE FORCE / ON DUTY - INJURY,S001,CLOSED HAND STRIKE (PUNCH),CLOSED/FINAL,EXONERATED,PATTERSON,QUANTAY,,,,,FEMALE,BLACK,apr2016,,,05,0,0,1
1058632,725,BISHOP ST,6629,STREET,25nov2012 21:59:59,25nov2012 21:59:59,26nov2012,ANTHONY,SABELLA,11974,007,,27aug2001,POLICE OFFICER,05A,EXCESSIVE FORCE / ON DUTY - INJURY,S001,CLOSED HAND STRIKE (PUNCH),CLOSED/FINAL,UNFOUNDED,ODENEAL,MARC,,,,,MALE,BLACK,apr2016,,,05,0,0,1
1058632,725,BISHOP ST,6629,STREET,25nov2012 21:59:59,25nov2012 21:59:59,26nov2012,ANTHONY,SABELLA,11974,007,,27aug2001,POLICE OFFICER,05A,EXCESSIVE FORCE / ON DUTY - INJURY,S001,CLOSED HAND STRIKE (PUNCH),CLOSED/FINAL,UNFOUNDED,GATLIN,JERRY,,,,,MALE,BLACK,apr2016,,,05,0,0,1
1058632,725,BISHOP ST,6629,STREET,25nov2012 21:59:59,25nov2012 21:59:59,26nov2012,ANTHONY,SABELLA,11974,007,,27aug2001,POLICE OFFICER,05A,EXCESSIVE FORCE / ON DUTY - INJURY,S001,CLOSED HAND STRIKE (PUNCH),CLOSED/FINAL,UNFOUNDED,THOMPSON,LATRICIA,,,UNKNOWN,59,FEMALE,BLACK,apr2016,,,05,0,0,1
1058632,725,BISHOP ST,6629,STREET,25nov2012 21:59:59,25nov2012 21:59:59,26nov2012,FRANCISCO,LUEVANO,9405,007,,18dec2006,POLICE OFFICER,05A,EXCESSIVE FORCE / ON DUTY - INJURY,S001,CLOSED HAND STRIKE (PUNCH),CLOSED/FINAL,UNFOUNDED,THOMPSON,LATRICIA,,,UNKNOWN,60,FEMALE,BLACK,apr2016,,,05,0,0,1
1058632,725,BISHOP ST,6629,STREET,25nov2012 21:59:59,25nov2012 21:59:59,26nov2012,,,,,,,,05A,EXCESSIVE FORCE / ON DUTY - INJURY,S001,CLOSED HAND STRIKE (PUNCH),CLOSED/FINAL,EXONERATED,GATLIN,JERRY,,,,,MALE,BLACK,apr2016,,,05,0,0,1
1058632,725,BISHOP ST,6629,STREET,25nov2012 21:59:59,25nov2012 21:59:59,26nov2012,,,,,,,,05A,EXCESSIVE FORCE / ON DUTY - INJURY,S001,CLOSED HAND STRIKE (PUNCH),CLOSED/FINAL,EXONERATED,HUTCHERSON,JAMES,,,UNKNOWN,19,MALE,BLACK,apr2016,,,05,0,0,1
1058632,725,BISHOP ST,6629,STREET,25nov2012 21:59:59,25nov2012 21:59:59,26nov2012,ANTHONY,SABELLA,11974,007,,27aug2001,POLICE OFFICER,05A,EXCESSIVE FORCE / ON DUTY - INJURY,S001,CLOSED HAND STRIKE (PUNCH),CLOSED/FINAL,UNFOUNDED,THOMPSON,LATRICIA,,,UNKNOWN,60,FEMALE,BLACK,apr2016,,,05,0,0,1
1058632,725,BISHOP ST,6629,STREET,25nov2012 21:59:59,25nov2012 21:59:59,26nov2012,BRYAN,HOFFMAN,4317,007,213,25feb2002,POLICE OFFICER,05A,EXCESSIVE FORCE / ON DUTY - INJURY,S001,CLOSED HAND STRIKE (PUNCH),CLOSED/FINAL,EXONERATED,BORUCKI,KENNETH,007,,POLICE OFFICER,,MALE,WHITE,apr2016,,,05,0,0,1
1058632,725,BISHOP ST,6629,STREET,25nov2012 21:59:59,25nov2012 21:59:59,26nov2012,BRYAN,HOFFMAN,4317,007,213,25feb2002,POLICE OFFICER,05A,EXCESSIVE FORCE / ON DUTY - INJURY,S001,CLOSED HAND STRIKE (PUNCH),CLOSED/FINAL,EXONERATED,THOMPSON,LATRICIA,,,UNKNOWN,60,FEMALE,BLACK,apr2016,,,05,0,0,1
1058632,725,BISHOP ST,6629,STREET,25nov2012 21:59:59,25nov2012 21:59:59,26nov2012,FRANCISCO,LUEVANO,9405,007,,18dec2006,POLICE OFFICER,05A,EXCESSIVE FORCE / ON DUTY - INJURY,S001,CLOSED HAND STRIKE (PUNCH),CLOSED/FINAL,UNFOUNDED,PATTERSON,QUANTAY,,,,,FEMALE,BLACK,apr2016,,,05,0,0,1
1058632,725,BISHOP ST,6629,STREET,25nov2012 21:59:59,25nov2012 21:59:59,26nov2012,,,,,,,,05A,EXCESSIVE FORCE / ON DUTY - INJURY,S001,CLOSED HAND STRIKE (PUNCH),CLOSED/FINAL,EXONERATED,HUTCHERSON,CHRYSHANA,,,,,FEMALE,BLACK,apr2016,,,05,0,0,1
1058632,725,BISHOP ST,6629,STREET,25nov2012 21:59:59,25nov2012 21:59:59,26nov2012,BRYAN,HOFFMAN,4317,007,213,25feb2002,POLICE OFFICER,05A,EXCESSIVE FORCE / ON DUTY - INJURY,S001,CLOSED HAND STRIKE (PUNCH),CLOSED/FINAL,EXONERATED,HUTCHERSON,JAMES,,,UNKNOWN,19,MALE,BLACK,apr2016,,,05,0,0,1
1058632,725,BISHOP ST,6629,STREET,25nov2012 21:59:59,25nov2012 21:59:59,26nov2012,,,,,,,,05A,EXCESSIVE FORCE / ON DUTY - INJURY,S001,CLOSED HAND STRIKE (PUNCH),CLOSED/FINAL,EXONERATED,BORUCKI,KENNETH,007,,POLICE OFFICER,,MALE,WHITE,apr2016,,,05,0,1,1
1058632,725,BISHOP ST,6629,STREET,25nov2012 21:59:59,25nov2012 21:59:59,26nov2012,BRYAN,HOFFMAN,4317,007,213,25feb2002,POLICE OFFICER,05A,EXCESSIVE FORCE / ON DUTY - INJURY,S001,CLOSED HAND STRIKE (PUNCH),CLOSED/FINAL,EXONERATED,HUTCHERSON,CHRYSHANA,,,,,FEMALE,BLACK,apr2016,,,05,0,0,1
1058632,725,BISHOP ST,6629,STREET,25nov2012 21:59:59,25nov2012 21:59:59,26nov2012,FRANCISCO,LUEVANO,9405,007,,18dec2006,POLICE OFFICER,05A,EXCESSIVE FORCE / ON DUTY - INJURY,S001,CLOSED HAND STRIKE (PUNCH),CLOSED/FINAL,UNFOUNDED,BORUCKI,KENNETH,007,,POLICE OFFICER,,MALE,WHITE,apr2016,,,05,0,0,1
1058632,725,BISHOP ST,6629,STREET,25nov2012 21:59:59,25nov2012 21:59:59,26nov2012,,,,,,,,05A,EXCESSIVE FORCE / ON DUTY - INJURY,S001,CLOSED HAND STRIKE (PUNCH),CLOSED/FINAL,EXONERATED,THOMPSON,LATRICIA,,,UNKNOWN,60,FEMALE,BLACK,apr2016,,,05,0,0,1
1058632,725,BISHOP ST,6629,STREET,25nov2012 21:59:59,25nov2012 21:59:59,26nov2012,,,,,,,,05A,EXCESSIVE FORCE / ON DUTY - INJURY,S001,CLOSED HAND STRIKE (PUNCH),CLOSED/FINAL,EXONERATED,HUTCHERSON,JAMES,,,UNKNOWN,20,MALE,BLACK,apr2016,,,05,0,0,1
1058632,725,BISHOP ST,6629,STREET,25nov2012 21:59:59,25nov2012 21:59:59,26nov2012,,,,,,,,05A,EXCESSIVE FORCE / ON DUTY - INJURY,S001,CLOSED HAND STRIKE (PUNCH),CLOSED/FINAL,EXONERATED,PATTERSON,QUANTAY,,,,,FEMALE,BLACK,apr2016,,,05,0,0,1
1058632,725,BISHOP ST,6629,STREET,25nov2012 21:59:59,25nov2012 21:59:59,26nov2012,FRANCISCO,LUEVANO,9405,007,,18dec2006,POLICE OFFICER,05A,EXCESSIVE FORCE / ON DUTY - INJURY,S001,CLOSED HAND STRIKE (PUNCH),CLOSED/FINAL,UNFOUNDED,HUTCHERSON,JAMES,,,UNKNOWN,19,MALE,BLACK,apr2016,,,05,0,0,1
1058632,725,BISHOP ST,6629,STREET,25nov2012 21:59:59,25nov2012 21:59:59,26nov2012,FRANCISCO,LUEVANO,9405,007,,18dec2006,POLICE OFFICER,05A,EXCESSIVE FORCE / ON DUTY - INJURY,S001,CLOSED HAND STRIKE (PUNCH),CLOSED/FINAL,UNFOUNDED,THOMPSON,LATRICIA,,,UNKNOWN,59,FEMALE,BLACK,apr2016,,,05,0,0,1
1058632,725,BISHOP ST,6629,STREET,25nov2012 21:59:59,25nov2012 21:59:59,26nov2012,BRYAN,HOFFMAN,4317,007,213,25feb2002,POLICE OFFICER,05A,EXCESSIVE FORCE / ON DUTY - INJURY,S001,CLOSED HAND STRIKE (PUNCH),CLOSED/FINAL,EXONERATED,GATLIN,JERRY,,,,,MALE,BLACK,apr2016,,,05,0,0,1
1058632,725,BISHOP ST,6629,STREET,25nov2012 21:59:59,25nov2012 21:59:59,26nov2012,,,,,,,,05A,EXCESSIVE FORCE / ON DUTY - INJURY,S001,CLOSED HAND STRIKE (PUNCH),CLOSED/FINAL,EXONERATED,THOMPSON,LATRICIA,,,UNKNOWN,59,FEMALE,BLACK,apr2016,,,05,0,0,1
1058632,725,BISHOP ST,6629,STREET,25nov2012 21:59:59,25nov2012 21:59:59,26nov2012,ANTHONY,SABELLA,11974,007,,27aug2001,POLICE OFFICER,05A,EXCESSIVE FORCE / ON DUTY - INJURY,S001,CLOSED HAND STRIKE (PUNCH),CLOSED/FINAL,UNFOUNDED,HUTCHERSON,JAMES,,,UNKNOWN,20,MALE,BLACK,apr2016,,,05,0,0,1
1058632,725,BISHOP ST,6629,STREET,25nov2012 21:59:59,25nov2012 21:59:59,26nov2012,BRYAN,HOFFMAN,4317,007,213,25feb2002,POLICE OFFICER,05A,EXCESSIVE FORCE / ON DUTY - INJURY,S001,CLOSED HAND STRIKE (PUNCH),CLOSED/FINAL,EXONERATED,THOMPSON,LATRICIA,,,UNKNOWN,59,FEMALE,BLACK,apr2016,,,05,0,0,1
1058632,725,BISHOP ST,6629,STREET,25nov2012 21:59:59,25nov2012 21:59:59,26nov2012,BRYAN,HOFFMAN,4317,007,213,25feb2002,POLICE OFFICER,05A,EXCESSIVE FORCE / ON DUTY - INJURY,S001,CLOSED HAND STRIKE (PUNCH),CLOSED/FINAL,EXONERATED,HUTCHERSON,JAMES,,,UNKNOWN,20,MALE,BLACK,apr2016,,,05,0,0,1
1058632,725,BISHOP ST,6629,STREET,25nov2012 21:59:59,25nov2012 21:59:59,26nov2012,FRANCISCO,LUEVANO,9405,007,,18dec2006,POLICE OFFICER,05A,EXCESSIVE FORCE / ON DUTY - INJURY,S001,CLOSED HAND STRIKE (PUNCH),CLOSED/FINAL,UNFOUNDED,GATLIN,JERRY,,,,,MALE,BLACK,apr2016,,,05,0,0,1
1058632,725,BISHOP ST,6629,STREET,25nov2012 21:59:59,25nov2012 21:59:59,26nov2012,ANTHONY,SABELLA,11974,007,,27aug2001,POLICE OFFICER,05A,EXCESSIVE FORCE / ON DUTY - INJURY,S001,CLOSED HAND STRIKE (PUNCH),CLOSED/FINAL,UNFOUNDED,HUTCHERSON,JAMES,,,UNKNOWN,19,MALE,BLACK,apr2016,,,05,0,0,1
1058632,725,BISHOP ST,6629,STREET,25nov2012 21:59:59,25nov2012 21:59:59,26nov2012,,,,,,,,05A,EXCESSIVE FORCE / ON DUTY - INJURY,S001,CLOSED HAND STRIKE (PUNCH),CLOSED/FINAL,EXONERATED,ODENEAL,MARC,,,,,MALE,BLACK,apr2016,,,05,0,0,1
1058632,725,BISHOP ST,6629,STREET,25nov2012 21:59:59,25nov2012 21:59:59,26nov2012,ANTHONY,SABELLA,11974,007,,27aug2001,POLICE OFFICER,05A,EXCESSIVE FORCE / ON DUTY - INJURY,S001,CLOSED HAND STRIKE (PUNCH),CLOSED/FINAL,UNFOUNDED,BORUCKI,KENNETH,007,,POLICE OFFICER,,MALE,WHITE,apr2016,,,05,0,0,1
1058632,725,BISHOP ST,6629,STREET,25nov2012 21:59:59,25nov2012 21:59:59,26nov2012,ANTHONY,SABELLA,11974,007,,27aug2001,POLICE OFFICER,05A,EXCESSIVE FORCE / ON DUTY - INJURY,S001,CLOSED HAND STRIKE (PUNCH),CLOSED/FINAL,UNFOUNDED,PATTERSON,QUANTAY,,,,,FEMALE,BLACK,apr2016,,,05,0,0,1
