COMPLAINT_NUMBER,BEAT,STREET,ADDRESS,LOCATION_CODE,INCIDENT_TIME_START,INCIDENT_TIME_END,NOTIFICATION_DATE,ACCSUEDOFFICER_FNAME,ACCUSEDOFFICER_LNAME,ACCUSED_STAR,ACCUSED_UNIT,ACCUSED_DETAIL,ACCUSED_APPOINTMENT_DATE,ACCUSED_POSITION,INITIAL_CATEGORY_CODE,INITIAL_CATEGORY,CURRENT_CATEGORY_CODE,CURRENT_CATEGORY,CURRENT_STATUS,FINDING_CODE,INVOLVED_OFFICER_LNAME,INVOLVED_OFFICER_FNAME,INVOLVED_OFFICER_UNIT,INVOLVED_OFFICER_DETAIL,INVOLVED_OFFICER_POSITION,INVOLVED_OFFICER_AGE,INVOLVED_OFFICER_SEX,INVOLVED_OFFICER_RACE,foia,INVOLVED_OFFICER_DESCRIPTION,INVOLVED_OFFICER_TYPE,start_code_2,start_code_1,rec,sum_rec
1061941,131,STATE ST,1718,JAIL / LOCK-UP FACILITY,02may2013 16:44:59,02may2013 16:44:59,02may2013,,JARVIS,9310,001,,03jan2005,POLICE OFFICER,04H,PROPER CARE - INJURY / DEATH,04H,PROPER CARE - INJURY / DEATH,PENDING REVIEW AFTER SUPERINTENDENT DECISION,SUSTAINED,SERAFINI,JOHN,001,,LIEUTENANT OF POLICE,,MALE,WHITE,apr2016,,,04,0,0,1
1061941,131,STATE ST,1718,JAIL / LOCK-UP FACILITY,02may2013 16:44:59,02may2013 16:44:59,02may2013,,HARRIS,17336,001,,08apr1985,POLICE OFFICER,04H,PROPER CARE - INJURY / DEATH,04H,PROPER CARE - INJURY / DEATH,PENDING REVIEW AFTER SUPERINTENDENT DECISION,UNFOUNDED,CIOLLI,JOHN,171,,SERGEANT OF POLICE,,MALE,WHITE,apr2016,,,04,0,0,1
1061941,131,STATE ST,1718,JAIL / LOCK-UP FACILITY,02may2013 16:44:59,02may2013 16:44:59,02may2013,,PAUL,3094,001,,05dec2005,POLICE OFFICER,04H,PROPER CARE - INJURY / DEATH,04H,PROPER CARE - INJURY / DEATH,PENDING REVIEW AFTER SUPERINTENDENT DECISION,SUSTAINED,AGUIRRE,STEVE,,,UNKNOWN,36,MALE,WHITE,apr2016,,,04,0,0,1
1061941,131,STATE ST,1718,JAIL / LOCK-UP FACILITY,02may2013 16:44:59,02may2013 16:44:59,02may2013,,HARRIS,17336,001,,08apr1985,POLICE OFFICER,04H,PROPER CARE - INJURY / DEATH,04H,PROPER CARE - INJURY / DEATH,PENDING REVIEW AFTER SUPERINTENDENT DECISION,NOT SUSTAINED,AGUIRRE,STEVE,,,UNKNOWN,36,MALE,WHITE,apr2016,,,04,0,0,1
1061941,131,STATE ST,1718,JAIL / LOCK-UP FACILITY,02may2013 16:44:59,02may2013 16:44:59,02may2013,,PAUL,3094,001,,05dec2005,POLICE OFFICER,04H,PROPER CARE - INJURY / DEATH,04H,PROPER CARE - INJURY / DEATH,PENDING REVIEW AFTER SUPERINTENDENT DECISION,SUSTAINED,MCNEIL,REGINALD,,,UNKNOWN,46,MALE,BLACK,apr2016,,,04,0,0,1
1061941,131,STATE ST,1718,JAIL / LOCK-UP FACILITY,02may2013 16:44:59,02may2013 16:44:59,02may2013,,PALMA,11573,001,,29may2001,POLICE OFFICER,04H,PROPER CARE - INJURY / DEATH,04H,PROPER CARE - INJURY / DEATH,PENDING REVIEW AFTER SUPERINTENDENT DECISION,UNFOUNDED,MCNEIL,REGINALD,,,UNKNOWN,47,MALE,BLACK,apr2016,,,04,0,0,1
1061941,131,STATE ST,1718,JAIL / LOCK-UP FACILITY,02may2013 16:44:59,02may2013 16:44:59,02may2013,,JARVIS,9310,001,,03jan2005,POLICE OFFICER,04H,PROPER CARE - INJURY / DEATH,04H,PROPER CARE - INJURY / DEATH,PENDING REVIEW AFTER SUPERINTENDENT DECISION,NOT SUSTAINED,MCNEIL,REGINALD,,,UNKNOWN,46,MALE,BLACK,apr2016,,,04,0,0,1
1061941,131,STATE ST,1718,JAIL / LOCK-UP FACILITY,02may2013 16:44:59,02may2013 16:44:59,02may2013,,PALMA,11573,001,,29may2001,POLICE OFFICER,04H,PROPER CARE - INJURY / DEATH,04H,PROPER CARE - INJURY / DEATH,PENDING REVIEW AFTER SUPERINTENDENT DECISION,NOT SUSTAINED,MCNEIL,REGINALD,,,UNKNOWN,46,MALE,BLACK,apr2016,,,04,0,0,1
1061941,131,STATE ST,1718,JAIL / LOCK-UP FACILITY,02may2013 16:44:59,02may2013 16:44:59,02may2013,,PAUL,3094,001,,05dec2005,POLICE OFFICER,04H,PROPER CARE - INJURY / DEATH,04H,PROPER CARE - INJURY / DEATH,PENDING REVIEW AFTER SUPERINTENDENT DECISION,NOT SUSTAINED,AGUIRRE,STEVE,,,UNKNOWN,36,MALE,WHITE,apr2016,,,04,0,0,1
1061941,131,STATE ST,1718,JAIL / LOCK-UP FACILITY,02may2013 16:44:59,02may2013 16:44:59,02may2013,,ROMAN,6676,001,,05dec2005,POLICE OFFICER,04H,PROPER CARE - INJURY / DEATH,04H,PROPER CARE - INJURY / DEATH,PENDING REVIEW AFTER SUPERINTENDENT DECISION,NOT SUSTAINED,MCNEIL,REGINALD,,,UNKNOWN,47,MALE,BLACK,apr2016,,,04,0,0,1
1061941,131,STATE ST,1718,JAIL / LOCK-UP FACILITY,02may2013 16:44:59,02may2013 16:44:59,02may2013,,PALMA,11573,001,,29may2001,POLICE OFFICER,04H,PROPER CARE - INJURY / DEATH,04H,PROPER CARE - INJURY / DEATH,PENDING REVIEW AFTER SUPERINTENDENT DECISION,UNFOUNDED,MCNEIL,REGINALD,,,UNKNOWN,46,MALE,BLACK,apr2016,,,04,0,0,1
1061941,131,STATE ST,1718,JAIL / LOCK-UP FACILITY,02may2013 16:44:59,02may2013 16:44:59,02may2013,,ROMAN,6676,001,,05dec2005,POLICE OFFICER,04H,PROPER CARE - INJURY / DEATH,04H,PROPER CARE - INJURY / DEATH,PENDING REVIEW AFTER SUPERINTENDENT DECISION,UNFOUNDED,MCNEIL,REGINALD,,,UNKNOWN,47,MALE,BLACK,apr2016,,,04,0,0,1
1061941,131,STATE ST,1718,JAIL / LOCK-UP FACILITY,02may2013 16:44:59,02may2013 16:44:59,02may2013,,PAUL,3094,001,,05dec2005,POLICE OFFICER,04H,PROPER CARE - INJURY / DEATH,04H,PROPER CARE - INJURY / DEATH,PENDING REVIEW AFTER SUPERINTENDENT DECISION,NOT SUSTAINED,MCNEIL,REGINALD,,,UNKNOWN,47,MALE,BLACK,apr2016,,,04,0,0,1
1061941,131,STATE ST,1718,JAIL / LOCK-UP FACILITY,02may2013 16:44:59,02may2013 16:44:59,02may2013,,HARRIS,17336,001,,08apr1985,POLICE OFFICER,04H,PROPER CARE - INJURY / DEATH,04H,PROPER CARE - INJURY / DEATH,PENDING REVIEW AFTER SUPERINTENDENT DECISION,UNFOUNDED,MCNEIL,REGINALD,,,UNKNOWN,47,MALE,BLACK,apr2016,,,04,0,0,1
1061941,131,STATE ST,1718,JAIL / LOCK-UP FACILITY,02may2013 16:44:59,02may2013 16:44:59,02may2013,,PALMA,11573,001,,29may2001,POLICE OFFICER,04H,PROPER CARE - INJURY / DEATH,04H,PROPER CARE - INJURY / DEATH,PENDING REVIEW AFTER SUPERINTENDENT DECISION,NOT SUSTAINED,AGUIRRE,STEVE,,,UNKNOWN,37,MALE,WHITE,apr2016,,,04,0,0,1
1061941,131,STATE ST,1718,JAIL / LOCK-UP FACILITY,02may2013 16:44:59,02may2013 16:44:59,02may2013,,PALMA,11573,001,,29may2001,POLICE OFFICER,04H,PROPER CARE - INJURY / DEATH,04H,PROPER CARE - INJURY / DEATH,PENDING REVIEW AFTER SUPERINTENDENT DECISION,NOT SUSTAINED,AGUIRRE,STEVE,,,UNKNOWN,36,MALE,WHITE,apr2016,,,04,0,0,1
1061941,131,STATE ST,1718,JAIL / LOCK-UP FACILITY,02may2013 16:44:59,02may2013 16:44:59,02may2013,,PALMA,11573,001,,29may2001,POLICE OFFICER,04H,PROPER CARE - INJURY / DEATH,04H,PROPER CARE - INJURY / DEATH,PENDING REVIEW AFTER SUPERINTENDENT DECISION,NOT SUSTAINED,SERAFINI,JOHN,001,,LIEUTENANT OF POLICE,,MALE,WHITE,apr2016,,,04,0,0,1
1061941,131,STATE ST,1718,JAIL / LOCK-UP FACILITY,02may2013 16:44:59,02may2013 16:44:59,02may2013,,ROMAN,6676,001,,05dec2005,POLICE OFFICER,04H,PROPER CARE - INJURY / DEATH,04H,PROPER CARE - INJURY / DEATH,PENDING REVIEW AFTER SUPERINTENDENT DECISION,UNFOUNDED,AGUIRRE,STEVE,,,UNKNOWN,37,MALE,WHITE,apr2016,,,04,0,0,1
1061941,131,STATE ST,1718,JAIL / LOCK-UP FACILITY,02may2013 16:44:59,02may2013 16:44:59,02may2013,,HARRIS,17336,001,,08apr1985,POLICE OFFICER,04H,PROPER CARE - INJURY / DEATH,04H,PROPER CARE - INJURY / DEATH,PENDING REVIEW AFTER SUPERINTENDENT DECISION,UNFOUNDED,SERAFINI,JOHN,001,,LIEUTENANT OF POLICE,,MALE,WHITE,apr2016,,,04,0,0,1
1061941,131,STATE ST,1718,JAIL / LOCK-UP FACILITY,02may2013 16:44:59,02may2013 16:44:59,02may2013,,PAUL,3094,001,,05dec2005,POLICE OFFICER,04H,PROPER CARE - INJURY / DEATH,04H,PROPER CARE - INJURY / DEATH,PENDING REVIEW AFTER SUPERINTENDENT DECISION,NOT SUSTAINED,MCNEIL,REGINALD,,,UNKNOWN,46,MALE,BLACK,apr2016,,,04,0,0,1
1061941,131,STATE ST,1718,JAIL / LOCK-UP FACILITY,02may2013 16:44:59,02may2013 16:44:59,02may2013,,PALMA,11573,001,,29may2001,POLICE OFFICER,04H,PROPER CARE - INJURY / DEATH,04H,PROPER CARE - INJURY / DEATH,PENDING REVIEW AFTER SUPERINTENDENT DECISION,NOT SUSTAINED,MCNEIL,REGINALD,,,UNKNOWN,47,MALE,BLACK,apr2016,,,04,0,0,1
1061941,131,STATE ST,1718,JAIL / LOCK-UP FACILITY,02may2013 16:44:59,02may2013 16:44:59,02may2013,,JARVIS,9310,001,,03jan2005,POLICE OFFICER,04H,PROPER CARE - INJURY / DEATH,04H,PROPER CARE - INJURY / DEATH,PENDING REVIEW AFTER SUPERINTENDENT DECISION,SUSTAINED,CIOLLI,JOHN,171,,SERGEANT OF POLICE,,MALE,WHITE,apr2016,,,04,0,0,1
1061941,131,STATE ST,1718,JAIL / LOCK-UP FACILITY,02may2013 16:44:59,02may2013 16:44:59,02may2013,,PAUL,3094,001,,05dec2005,POLICE OFFICER,04H,PROPER CARE - INJURY / DEATH,04H,PROPER CARE - INJURY / DEATH,PENDING REVIEW AFTER SUPERINTENDENT DECISION,SUSTAINED,MCNEIL,REGINALD,,,UNKNOWN,47,MALE,BLACK,apr2016,,,04,0,0,1
1061941,131,STATE ST,1718,JAIL / LOCK-UP FACILITY,02may2013 16:44:59,02may2013 16:44:59,02may2013,,PAUL,3094,001,,05dec2005,POLICE OFFICER,04H,PROPER CARE - INJURY / DEATH,04H,PROPER CARE - INJURY / DEATH,PENDING REVIEW AFTER SUPERINTENDENT DECISION,SUSTAINED,CIOLLI,JOHN,171,,SERGEANT OF POLICE,,MALE,WHITE,apr2016,,,04,0,0,1
1061941,131,STATE ST,1718,JAIL / LOCK-UP FACILITY,02may2013 16:44:59,02may2013 16:44:59,02may2013,,ROMAN,6676,001,,05dec2005,POLICE OFFICER,04H,PROPER CARE - INJURY / DEATH,04H,PROPER CARE - INJURY / DEATH,PENDING REVIEW AFTER SUPERINTENDENT DECISION,UNFOUNDED,CIOLLI,JOHN,171,,SERGEANT OF POLICE,,MALE,WHITE,apr2016,,,04,0,0,1
1061941,131,STATE ST,1718,JAIL / LOCK-UP FACILITY,02may2013 16:44:59,02may2013 16:44:59,02may2013,,ROMAN,6676,001,,05dec2005,POLICE OFFICER,04H,PROPER CARE - INJURY / DEATH,04H,PROPER CARE - INJURY / DEATH,PENDING REVIEW AFTER SUPERINTENDENT DECISION,UNFOUNDED,MCNEIL,REGINALD,,,UNKNOWN,46,MALE,BLACK,apr2016,,,04,0,0,1
1061941,131,STATE ST,1718,JAIL / LOCK-UP FACILITY,02may2013 16:44:59,02may2013 16:44:59,02may2013,,HARRIS,17336,001,,08apr1985,POLICE OFFICER,04H,PROPER CARE - INJURY / DEATH,04H,PROPER CARE - INJURY / DEATH,PENDING REVIEW AFTER SUPERINTENDENT DECISION,NOT SUSTAINED,AGUIRRE,STEVE,,,UNKNOWN,37,MALE,WHITE,apr2016,,,04,0,0,1
1061941,131,STATE ST,1718,JAIL / LOCK-UP FACILITY,02may2013 16:44:59,02may2013 16:44:59,02may2013,,PAUL,3094,001,,05dec2005,POLICE OFFICER,04H,PROPER CARE - INJURY / DEATH,04H,PROPER CARE - INJURY / DEATH,PENDING REVIEW AFTER SUPERINTENDENT DECISION,NOT SUSTAINED,CIOLLI,JOHN,171,,SERGEANT OF POLICE,,MALE,WHITE,apr2016,,,04,0,0,1
1061941,131,STATE ST,1718,JAIL / LOCK-UP FACILITY,02may2013 16:44:59,02may2013 16:44:59,02may2013,,HARRIS,17336,001,,08apr1985,POLICE OFFICER,04H,PROPER CARE - INJURY / DEATH,04H,PROPER CARE - INJURY / DEATH,PENDING REVIEW AFTER SUPERINTENDENT DECISION,NOT SUSTAINED,JONES,CHANDLER,171,,POLICE OFFICER,,MALE,BLACK,apr2016,,,04,0,0,1
1061941,131,STATE ST,1718,JAIL / LOCK-UP FACILITY,02may2013 16:44:59,02may2013 16:44:59,02may2013,,JARVIS,9310,001,,03jan2005,POLICE OFFICER,04H,PROPER CARE - INJURY / DEATH,04H,PROPER CARE - INJURY / DEATH,PENDING REVIEW AFTER SUPERINTENDENT DECISION,SUSTAINED,MCNEIL,REGINALD,,,UNKNOWN,46,MALE,BLACK,apr2016,,,04,0,0,1
1061941,131,STATE ST,1718,JAIL / LOCK-UP FACILITY,02may2013 16:44:59,02may2013 16:44:59,02may2013,,JARVIS,9310,001,,03jan2005,POLICE OFFICER,04H,PROPER CARE - INJURY / DEATH,04H,PROPER CARE - INJURY / DEATH,PENDING REVIEW AFTER SUPERINTENDENT DECISION,SUSTAINED,AGUIRRE,STEVE,,,UNKNOWN,37,MALE,WHITE,apr2016,,,04,0,0,1
1061941,131,STATE ST,1718,JAIL / LOCK-UP FACILITY,02may2013 16:44:59,02may2013 16:44:59,02may2013,,JARVIS,9310,001,,03jan2005,POLICE OFFICER,04H,PROPER CARE - INJURY / DEATH,04H,PROPER CARE - INJURY / DEATH,PENDING REVIEW AFTER SUPERINTENDENT DECISION,NOT SUSTAINED,AGUIRRE,STEVE,,,UNKNOWN,37,MALE,WHITE,apr2016,,,04,0,0,1
1061941,131,STATE ST,1718,JAIL / LOCK-UP FACILITY,02may2013 16:44:59,02may2013 16:44:59,02may2013,,PALMA,11573,001,,29may2001,POLICE OFFICER,04H,PROPER CARE - INJURY / DEATH,04H,PROPER CARE - INJURY / DEATH,PENDING REVIEW AFTER SUPERINTENDENT DECISION,NOT SUSTAINED,CIOLLI,JOHN,171,,SERGEANT OF POLICE,,MALE,WHITE,apr2016,,,04,0,0,1
1061941,131,STATE ST,1718,JAIL / LOCK-UP FACILITY,02may2013 16:44:59,02may2013 16:44:59,02may2013,,HARRIS,17336,001,,08apr1985,POLICE OFFICER,04H,PROPER CARE - INJURY / DEATH,04H,PROPER CARE - INJURY / DEATH,PENDING REVIEW AFTER SUPERINTENDENT DECISION,NOT SUSTAINED,MCNEIL,REGINALD,,,UNKNOWN,46,MALE,BLACK,apr2016,,,04,0,0,1
1061941,131,STATE ST,1718,JAIL / LOCK-UP FACILITY,02may2013 16:44:59,02may2013 16:44:59,02may2013,,JARVIS,9310,001,,03jan2005,POLICE OFFICER,04H,PROPER CARE - INJURY / DEATH,04H,PROPER CARE - INJURY / DEATH,PENDING REVIEW AFTER SUPERINTENDENT DECISION,SUSTAINED,JONES,CHANDLER,171,,POLICE OFFICER,,MALE,BLACK,apr2016,,,04,0,0,1
1061941,131,STATE ST,1718,JAIL / LOCK-UP FACILITY,02may2013 16:44:59,02may2013 16:44:59,02may2013,,PALMA,11573,001,,29may2001,POLICE OFFICER,04H,PROPER CARE - INJURY / DEATH,04H,PROPER CARE - INJURY / DEATH,PENDING REVIEW AFTER SUPERINTENDENT DECISION,UNFOUNDED,SERAFINI,JOHN,001,,LIEUTENANT OF POLICE,,MALE,WHITE,apr2016,,,04,0,0,1
1061941,131,STATE ST,1718,JAIL / LOCK-UP FACILITY,02may2013 16:44:59,02may2013 16:44:59,02may2013,,PAUL,3094,001,,05dec2005,POLICE OFFICER,04H,PROPER CARE - INJURY / DEATH,04H,PROPER CARE - INJURY / DEATH,PENDING REVIEW AFTER SUPERINTENDENT DECISION,SUSTAINED,SERAFINI,JOHN,001,,LIEUTENANT OF POLICE,,MALE,WHITE,apr2016,,,04,0,0,1
1061941,131,STATE ST,1718,JAIL / LOCK-UP FACILITY,02may2013 16:44:59,02may2013 16:44:59,02may2013,,PALMA,11573,001,,29may2001,POLICE OFFICER,04H,PROPER CARE - INJURY / DEATH,04H,PROPER CARE - INJURY / DEATH,PENDING REVIEW AFTER SUPERINTENDENT DECISION,UNFOUNDED,CIOLLI,JOHN,171,,SERGEANT OF POLICE,,MALE,WHITE,apr2016,,,04,0,0,1
1061941,131,STATE ST,1718,JAIL / LOCK-UP FACILITY,02may2013 16:44:59,02may2013 16:44:59,02may2013,,JARVIS,9310,001,,03jan2005,POLICE OFFICER,04H,PROPER CARE - INJURY / DEATH,04H,PROPER CARE - INJURY / DEATH,PENDING REVIEW AFTER SUPERINTENDENT DECISION,NOT SUSTAINED,AGUIRRE,STEVE,,,UNKNOWN,36,MALE,WHITE,apr2016,,,04,0,0,1
1061941,131,STATE ST,1718,JAIL / LOCK-UP FACILITY,02may2013 16:44:59,02may2013 16:44:59,02may2013,,HARRIS,17336,001,,08apr1985,POLICE OFFICER,04H,PROPER CARE - INJURY / DEATH,04H,PROPER CARE - INJURY / DEATH,PENDING REVIEW AFTER SUPERINTENDENT DECISION,NOT SUSTAINED,MCNEIL,REGINALD,,,UNKNOWN,47,MALE,BLACK,apr2016,,,04,0,0,1
1061941,131,STATE ST,1718,JAIL / LOCK-UP FACILITY,02may2013 16:44:59,02may2013 16:44:59,02may2013,,JARVIS,9310,001,,03jan2005,POLICE OFFICER,04H,PROPER CARE - INJURY / DEATH,04H,PROPER CARE - INJURY / DEATH,PENDING REVIEW AFTER SUPERINTENDENT DECISION,NOT SUSTAINED,SERAFINI,JOHN,001,,LIEUTENANT OF POLICE,,MALE,WHITE,apr2016,,,04,0,0,1
1061941,131,STATE ST,1718,JAIL / LOCK-UP FACILITY,02may2013 16:44:59,02may2013 16:44:59,02may2013,,JARVIS,9310,001,,03jan2005,POLICE OFFICER,04H,PROPER CARE - INJURY / DEATH,04H,PROPER CARE - INJURY / DEATH,PENDING REVIEW AFTER SUPERINTENDENT DECISION,NOT SUSTAINED,MCNEIL,REGINALD,,,UNKNOWN,47,MALE,BLACK,apr2016,,,04,0,0,1
1061941,131,STATE ST,1718,JAIL / LOCK-UP FACILITY,02may2013 16:44:59,02may2013 16:44:59,02may2013,,HARRIS,17336,001,,08apr1985,POLICE OFFICER,04H,PROPER CARE - INJURY / DEATH,04H,PROPER CARE - INJURY / DEATH,PENDING REVIEW AFTER SUPERINTENDENT DECISION,UNFOUNDED,AGUIRRE,STEVE,,,UNKNOWN,37,MALE,WHITE,apr2016,,,04,0,0,1
1061941,131,STATE ST,1718,JAIL / LOCK-UP FACILITY,02may2013 16:44:59,02may2013 16:44:59,02may2013,,HARRIS,17336,001,,08apr1985,POLICE OFFICER,04H,PROPER CARE - INJURY / DEATH,04H,PROPER CARE - INJURY / DEATH,PENDING REVIEW AFTER SUPERINTENDENT DECISION,NOT SUSTAINED,CIOLLI,JOHN,171,,SERGEANT OF POLICE,,MALE,WHITE,apr2016,,,04,0,0,1
1061941,131,STATE ST,1718,JAIL / LOCK-UP FACILITY,02may2013 16:44:59,02may2013 16:44:59,02may2013,,PAUL,3094,001,,05dec2005,POLICE OFFICER,04H,PROPER CARE - INJURY / DEATH,04H,PROPER CARE - INJURY / DEATH,PENDING REVIEW AFTER SUPERINTENDENT DECISION,SUSTAINED,JONES,CHANDLER,171,,POLICE OFFICER,,MALE,BLACK,apr2016,,,04,0,0,1
1061941,131,STATE ST,1718,JAIL / LOCK-UP FACILITY,02may2013 16:44:59,02may2013 16:44:59,02may2013,,ROMAN,6676,001,,05dec2005,POLICE OFFICER,04H,PROPER CARE - INJURY / DEATH,04H,PROPER CARE - INJURY / DEATH,PENDING REVIEW AFTER SUPERINTENDENT DECISION,NOT SUSTAINED,AGUIRRE,STEVE,,,UNKNOWN,37,MALE,WHITE,apr2016,,,04,0,0,1
1061941,131,STATE ST,1718,JAIL / LOCK-UP FACILITY,02may2013 16:44:59,02may2013 16:44:59,02may2013,,ROMAN,6676,001,,05dec2005,POLICE OFFICER,04H,PROPER CARE - INJURY / DEATH,04H,PROPER CARE - INJURY / DEATH,PENDING REVIEW AFTER SUPERINTENDENT DECISION,UNFOUNDED,SERAFINI,JOHN,001,,LIEUTENANT OF POLICE,,MALE,WHITE,apr2016,,,04,0,0,1
1061941,131,STATE ST,1718,JAIL / LOCK-UP FACILITY,02may2013 16:44:59,02may2013 16:44:59,02may2013,,HARRIS,17336,001,,08apr1985,POLICE OFFICER,04H,PROPER CARE - INJURY / DEATH,04H,PROPER CARE - INJURY / DEATH,PENDING REVIEW AFTER SUPERINTENDENT DECISION,NOT SUSTAINED,SERAFINI,JOHN,001,,LIEUTENANT OF POLICE,,MALE,WHITE,apr2016,,,04,0,0,1
1061941,131,STATE ST,1718,JAIL / LOCK-UP FACILITY,02may2013 16:44:59,02may2013 16:44:59,02may2013,,ROMAN,6676,001,,05dec2005,POLICE OFFICER,04H,PROPER CARE - INJURY / DEATH,04H,PROPER CARE - INJURY / DEATH,PENDING REVIEW AFTER SUPERINTENDENT DECISION,UNFOUNDED,JONES,CHANDLER,171,,POLICE OFFICER,,MALE,BLACK,apr2016,,,04,0,0,1
1061941,131,STATE ST,1718,JAIL / LOCK-UP FACILITY,02may2013 16:44:59,02may2013 16:44:59,02may2013,,JARVIS,9310,001,,03jan2005,POLICE OFFICER,04H,PROPER CARE - INJURY / DEATH,04H,PROPER CARE - INJURY / DEATH,PENDING REVIEW AFTER SUPERINTENDENT DECISION,SUSTAINED,MCNEIL,REGINALD,,,UNKNOWN,47,MALE,BLACK,apr2016,,,04,0,0,1
1061941,131,STATE ST,1718,JAIL / LOCK-UP FACILITY,02may2013 16:44:59,02may2013 16:44:59,02may2013,,HARRIS,17336,001,,08apr1985,POLICE OFFICER,04H,PROPER CARE - INJURY / DEATH,04H,PROPER CARE - INJURY / DEATH,PENDING REVIEW AFTER SUPERINTENDENT DECISION,UNFOUNDED,AGUIRRE,STEVE,,,UNKNOWN,36,MALE,WHITE,apr2016,,,04,0,0,1
1061941,131,STATE ST,1718,JAIL / LOCK-UP FACILITY,02may2013 16:44:59,02may2013 16:44:59,02may2013,,HARRIS,17336,001,,08apr1985,POLICE OFFICER,04H,PROPER CARE - INJURY / DEATH,04H,PROPER CARE - INJURY / DEATH,PENDING REVIEW AFTER SUPERINTENDENT DECISION,UNFOUNDED,JONES,CHANDLER,171,,POLICE OFFICER,,MALE,BLACK,apr2016,,,04,0,0,1
1061941,131,STATE ST,1718,JAIL / LOCK-UP FACILITY,02may2013 16:44:59,02may2013 16:44:59,02may2013,,PAUL,3094,001,,05dec2005,POLICE OFFICER,04H,PROPER CARE - INJURY / DEATH,04H,PROPER CARE - INJURY / DEATH,PENDING REVIEW AFTER SUPERINTENDENT DECISION,NOT SUSTAINED,AGUIRRE,STEVE,,,UNKNOWN,37,MALE,WHITE,apr2016,,,04,0,0,1
1061941,131,STATE ST,1718,JAIL / LOCK-UP FACILITY,02may2013 16:44:59,02may2013 16:44:59,02may2013,,PALMA,11573,001,,29may2001,POLICE OFFICER,04H,PROPER CARE - INJURY / DEATH,04H,PROPER CARE - INJURY / DEATH,PENDING REVIEW AFTER SUPERINTENDENT DECISION,UNFOUNDED,AGUIRRE,STEVE,,,UNKNOWN,36,MALE,WHITE,apr2016,,,04,0,0,1
1061941,131,STATE ST,1718,JAIL / LOCK-UP FACILITY,02may2013 16:44:59,02may2013 16:44:59,02may2013,,PALMA,11573,001,,29may2001,POLICE OFFICER,04H,PROPER CARE - INJURY / DEATH,04H,PROPER CARE - INJURY / DEATH,PENDING REVIEW AFTER SUPERINTENDENT DECISION,UNFOUNDED,JONES,CHANDLER,171,,POLICE OFFICER,,MALE,BLACK,apr2016,,,04,0,0,1
1061941,131,STATE ST,1718,JAIL / LOCK-UP FACILITY,02may2013 16:44:59,02may2013 16:44:59,02may2013,,PAUL,3094,001,,05dec2005,POLICE OFFICER,04H,PROPER CARE - INJURY / DEATH,04H,PROPER CARE - INJURY / DEATH,PENDING REVIEW AFTER SUPERINTENDENT DECISION,SUSTAINED,AGUIRRE,STEVE,,,UNKNOWN,37,MALE,WHITE,apr2016,,,04,0,0,1
1061941,131,STATE ST,1718,JAIL / LOCK-UP FACILITY,02may2013 16:44:59,02may2013 16:44:59,02may2013,,ROMAN,6676,001,,05dec2005,POLICE OFFICER,04H,PROPER CARE - INJURY / DEATH,04H,PROPER CARE - INJURY / DEATH,PENDING REVIEW AFTER SUPERINTENDENT DECISION,NOT SUSTAINED,CIOLLI,JOHN,171,,SERGEANT OF POLICE,,MALE,WHITE,apr2016,,,04,0,0,1
1061941,131,STATE ST,1718,JAIL / LOCK-UP FACILITY,02may2013 16:44:59,02may2013 16:44:59,02may2013,,PALMA,11573,001,,29may2001,POLICE OFFICER,04H,PROPER CARE - INJURY / DEATH,04H,PROPER CARE - INJURY / DEATH,PENDING REVIEW AFTER SUPERINTENDENT DECISION,NOT SUSTAINED,JONES,CHANDLER,171,,POLICE OFFICER,,MALE,BLACK,apr2016,,,04,0,0,1
1061941,131,STATE ST,1718,JAIL / LOCK-UP FACILITY,02may2013 16:44:59,02may2013 16:44:59,02may2013,,ROMAN,6676,001,,05dec2005,POLICE OFFICER,04H,PROPER CARE - INJURY / DEATH,04H,PROPER CARE - INJURY / DEATH,PENDING REVIEW AFTER SUPERINTENDENT DECISION,NOT SUSTAINED,AGUIRRE,STEVE,,,UNKNOWN,36,MALE,WHITE,apr2016,,,04,0,0,1
1061941,131,STATE ST,1718,JAIL / LOCK-UP FACILITY,02may2013 16:44:59,02may2013 16:44:59,02may2013,,PAUL,3094,001,,05dec2005,POLICE OFFICER,04H,PROPER CARE - INJURY / DEATH,04H,PROPER CARE - INJURY / DEATH,PENDING REVIEW AFTER SUPERINTENDENT DECISION,NOT SUSTAINED,JONES,CHANDLER,171,,POLICE OFFICER,,MALE,BLACK,apr2016,,,04,0,0,1
1061941,131,STATE ST,1718,JAIL / LOCK-UP FACILITY,02may2013 16:44:59,02may2013 16:44:59,02may2013,,ROMAN,6676,001,,05dec2005,POLICE OFFICER,04H,PROPER CARE - INJURY / DEATH,04H,PROPER CARE - INJURY / DEATH,PENDING REVIEW AFTER SUPERINTENDENT DECISION,NOT SUSTAINED,JONES,CHANDLER,171,,POLICE OFFICER,,MALE,BLACK,apr2016,,,04,0,0,1
1061941,131,STATE ST,1718,JAIL / LOCK-UP FACILITY,02may2013 16:44:59,02may2013 16:44:59,02may2013,,JARVIS,9310,001,,03jan2005,POLICE OFFICER,04H,PROPER CARE - INJURY / DEATH,04H,PROPER CARE - INJURY / DEATH,PENDING REVIEW AFTER SUPERINTENDENT DECISION,SUSTAINED,AGUIRRE,STEVE,,,UNKNOWN,36,MALE,WHITE,apr2016,,,04,0,0,1
1061941,131,STATE ST,1718,JAIL / LOCK-UP FACILITY,02may2013 16:44:59,02may2013 16:44:59,02may2013,,JARVIS,9310,001,,03jan2005,POLICE OFFICER,04H,PROPER CARE - INJURY / DEATH,04H,PROPER CARE - INJURY / DEATH,PENDING REVIEW AFTER SUPERINTENDENT DECISION,NOT SUSTAINED,CIOLLI,JOHN,171,,SERGEANT OF POLICE,,MALE,WHITE,apr2016,,,04,0,1,1
1061941,131,STATE ST,1718,JAIL / LOCK-UP FACILITY,02may2013 16:44:59,02may2013 16:44:59,02may2013,,PAUL,3094,001,,05dec2005,POLICE OFFICER,04H,PROPER CARE - INJURY / DEATH,04H,PROPER CARE - INJURY / DEATH,PENDING REVIEW AFTER SUPERINTENDENT DECISION,NOT SUSTAINED,SERAFINI,JOHN,001,,LIEUTENANT OF POLICE,,MALE,WHITE,apr2016,,,04,0,0,1
1061941,131,STATE ST,1718,JAIL / LOCK-UP FACILITY,02may2013 16:44:59,02may2013 16:44:59,02may2013,,HARRIS,17336,001,,08apr1985,POLICE OFFICER,04H,PROPER CARE - INJURY / DEATH,04H,PROPER CARE - INJURY / DEATH,PENDING REVIEW AFTER SUPERINTENDENT DECISION,UNFOUNDED,MCNEIL,REGINALD,,,UNKNOWN,46,MALE,BLACK,apr2016,,,04,0,0,1
1061941,131,STATE ST,1718,JAIL / LOCK-UP FACILITY,02may2013 16:44:59,02may2013 16:44:59,02may2013,,ROMAN,6676,001,,05dec2005,POLICE OFFICER,04H,PROPER CARE - INJURY / DEATH,04H,PROPER CARE - INJURY / DEATH,PENDING REVIEW AFTER SUPERINTENDENT DECISION,NOT SUSTAINED,MCNEIL,REGINALD,,,UNKNOWN,46,MALE,BLACK,apr2016,,,04,0,0,1
1061941,131,STATE ST,1718,JAIL / LOCK-UP FACILITY,02may2013 16:44:59,02may2013 16:44:59,02may2013,,PALMA,11573,001,,29may2001,POLICE OFFICER,04H,PROPER CARE - INJURY / DEATH,04H,PROPER CARE - INJURY / DEATH,PENDING REVIEW AFTER SUPERINTENDENT DECISION,UNFOUNDED,AGUIRRE,STEVE,,,UNKNOWN,37,MALE,WHITE,apr2016,,,04,0,0,1
1061941,131,STATE ST,1718,JAIL / LOCK-UP FACILITY,02may2013 16:44:59,02may2013 16:44:59,02may2013,,ROMAN,6676,001,,05dec2005,POLICE OFFICER,04H,PROPER CARE - INJURY / DEATH,04H,PROPER CARE - INJURY / DEATH,PENDING REVIEW AFTER SUPERINTENDENT DECISION,NOT SUSTAINED,SERAFINI,JOHN,001,,LIEUTENANT OF POLICE,,MALE,WHITE,apr2016,,,04,0,0,1
1061941,131,STATE ST,1718,JAIL / LOCK-UP FACILITY,02may2013 16:44:59,02may2013 16:44:59,02may2013,,JARVIS,9310,001,,03jan2005,POLICE OFFICER,04H,PROPER CARE - INJURY / DEATH,04H,PROPER CARE - INJURY / DEATH,PENDING REVIEW AFTER SUPERINTENDENT DECISION,NOT SUSTAINED,JONES,CHANDLER,171,,POLICE OFFICER,,MALE,BLACK,apr2016,,,04,0,0,1
1061941,131,STATE ST,1718,JAIL / LOCK-UP FACILITY,02may2013 16:44:59,02may2013 16:44:59,02may2013,,ROMAN,6676,001,,05dec2005,POLICE OFFICER,04H,PROPER CARE - INJURY / DEATH,04H,PROPER CARE - INJURY / DEATH,PENDING REVIEW AFTER SUPERINTENDENT DECISION,UNFOUNDED,AGUIRRE,STEVE,,,UNKNOWN,36,MALE,WHITE,apr2016,,,04,0,0,1
