COMPLAINT_NUMBER,BEAT,STREET,ADDRESS,LOCATION_CODE,INCIDENT_TIME_START,INCIDENT_TIME_END,NOTIFICATION_DATE,ACCSUEDOFFICER_FNAME,ACCUSEDOFFICER_LNAME,ACCUSED_STAR,ACCUSED_UNIT,ACCUSED_DETAIL,ACCUSED_APPOINTMENT_DATE,ACCUSED_POSITION,INITIAL_CATEGORY_CODE,INITIAL_CATEGORY,CURRENT_CATEGORY_CODE,CURRENT_CATEGORY,CURRENT_STATUS,FINDING_CODE,INVOLVED_OFFICER_LNAME,INVOLVED_OFFICER_FNAME,INVOLVED_OFFICER_UNIT,INVOLVED_OFFICER_DETAIL,INVOLVED_OFFICER_POSITION,INVOLVED_OFFICER_AGE,INVOLVED_OFFICER_SEX,INVOLVED_OFFICER_RACE,foia,INVOLVED_OFFICER_DESCRIPTION,INVOLVED_OFFICER_TYPE,start_code_2,start_code_1,rec,sum_rec
1057376,1233,RUBLE ST,1737,STREET,24aug2012 21:00:00,24aug2012 21:00:00,27sep2012,,,,,,,,01C,SEXUAL ORIENTATION,01C,SEXUAL ORIENTATION,CLOSED/FINAL,UNFOUNDED,GARCIA ,SANDRA ,,,UNKNOWN,37,FEMALE,WHITE HISPANIC,apr2016,,,01,0,0,1
1057376,1233,RUBLE ST,1737,STREET,24aug2012 21:00:00,24aug2012 21:00:00,27sep2012,,,,,,,,01C,SEXUAL ORIENTATION,01C,SEXUAL ORIENTATION,CLOSED/FINAL,UNFOUNDED,GARCIA,AMANDA ,,,UNKNOWN,,FEMALE,WHITE HISPANIC,apr2016,,,01,0,0,1
1057376,1233,RUBLE ST,1737,STREET,24aug2012 21:00:00,24aug2012 21:00:00,27sep2012,,,,,,,,01C,SEXUAL ORIENTATION,01C,SEXUAL ORIENTATION,CLOSED/FINAL,UNFOUNDED,GARCIA ,SANDRA ,,,UNKNOWN,38,FEMALE,WHITE HISPANIC,apr2016,,,01,0,0,1
1057376,1233,RUBLE ST,1737,STREET,24aug2012 21:00:00,24aug2012 21:00:00,27sep2012,,,,,,,,01C,SEXUAL ORIENTATION,01C,SEXUAL ORIENTATION,CLOSED/FINAL,UNFOUNDED,GARCIA,MARIA,,,UNKNOWN,,FEMALE,WHITE HISPANIC,apr2016,,,01,0,0,1
