COMPLAINT_NUMBER,BEAT,STREET,ADDRESS,LOCATION_CODE,INCIDENT_TIME_START,INCIDENT_TIME_END,NOTIFICATION_DATE,ACCSUEDOFFICER_FNAME,ACCUSEDOFFICER_LNAME,ACCUSED_STAR,ACCUSED_UNIT,ACCUSED_DETAIL,ACCUSED_APPOINTMENT_DATE,ACCUSED_POSITION,INITIAL_CATEGORY_CODE,INITIAL_CATEGORY,CURRENT_CATEGORY_CODE,CURRENT_CATEGORY,CURRENT_STATUS,FINDING_CODE,INVOLVED_OFFICER_LNAME,INVOLVED_OFFICER_FNAME,INVOLVED_OFFICER_UNIT,INVOLVED_OFFICER_DETAIL,INVOLVED_OFFICER_POSITION,INVOLVED_OFFICER_AGE,INVOLVED_OFFICER_SEX,INVOLVED_OFFICER_RACE,foia,INVOLVED_OFFICER_DESCRIPTION,INVOLVED_OFFICER_TYPE,start_code_2,start_code_1,rec,sum_rec
1055341,522,111TH ST,45,HOSPITAL BUILDING/GROUNDS,02jul2012 17:00:00,02jul2012 23:00:00,07jul2012,,,,,,,,S006,STOMPED / STEPPED ON,05A,EXCESSIVE FORCE / ON DUTY - INJURY,CLOSED/FINAL,NOT SUSTAINED,SADDLER,JAY,,,UNKNOWN,54,MALE,BLACK,apr2016,,,S0,S,0,1
1055341,522,111TH ST,45,HOSPITAL BUILDING/GROUNDS,02jul2012 17:00:00,02jul2012 23:00:00,07jul2012,MICHAEL,CIOE,8718,005,,31jul2006,POLICE OFFICER,S006,STOMPED / STEPPED ON,05A,EXCESSIVE FORCE / ON DUTY - INJURY,CLOSED/FINAL,SUSTAINED,SADDLER,JAY,,,UNKNOWN,57,MALE,BLACK,apr2016,,,S0,S,0,1
1055341,522,111TH ST,45,HOSPITAL BUILDING/GROUNDS,02jul2012 17:00:00,02jul2012 23:00:00,07jul2012,,,,,,,,S006,STOMPED / STEPPED ON,05A,EXCESSIVE FORCE / ON DUTY - INJURY,CLOSED/FINAL,NOT SUSTAINED,SADDLER,JAY,,,UNKNOWN,57,MALE,BLACK,apr2016,,,S0,S,1,1
1055341,522,111TH ST,45,HOSPITAL BUILDING/GROUNDS,02jul2012 17:00:00,02jul2012 23:00:00,07jul2012,NINA,MOORE,4280,003,,24feb2003,POLICE OFFICER,S006,STOMPED / STEPPED ON,05A,EXCESSIVE FORCE / ON DUTY - INJURY,CLOSED/FINAL,NOT SUSTAINED,SADDLER,JAY,,,UNKNOWN,54,MALE,BLACK,apr2016,,,S0,S,0,1
1055341,522,111TH ST,45,HOSPITAL BUILDING/GROUNDS,02jul2012 17:00:00,02jul2012 23:00:00,07jul2012,NINA,MOORE,4280,003,,24feb2003,POLICE OFFICER,S006,STOMPED / STEPPED ON,05A,EXCESSIVE FORCE / ON DUTY - INJURY,CLOSED/FINAL,NOT SUSTAINED,SADDLER,JAY,,,UNKNOWN,57,MALE,BLACK,apr2016,,,S0,S,0,1
1055341,522,111TH ST,45,HOSPITAL BUILDING/GROUNDS,02jul2012 17:00:00,02jul2012 23:00:00,07jul2012,MICHAEL,CIOE,8718,005,,31jul2006,POLICE OFFICER,S006,STOMPED / STEPPED ON,05A,EXCESSIVE FORCE / ON DUTY - INJURY,CLOSED/FINAL,SUSTAINED,SADDLER,JAY,,,UNKNOWN,54,MALE,BLACK,apr2016,,,S0,S,0,1
