COMPLAINT_NUMBER,BEAT,STREET,ADDRESS,LOCATION_CODE,INCIDENT_TIME_START,INCIDENT_TIME_END,NOTIFICATION_DATE,ACCSUEDOFFICER_FNAME,ACCUSEDOFFICER_LNAME,ACCUSED_STAR,ACCUSED_UNIT,ACCUSED_DETAIL,ACCUSED_APPOINTMENT_DATE,ACCUSED_POSITION,INITIAL_CATEGORY_CODE,INITIAL_CATEGORY,CURRENT_CATEGORY_CODE,CURRENT_CATEGORY,CURRENT_STATUS,FINDING_CODE,INVOLVED_OFFICER_LNAME,INVOLVED_OFFICER_FNAME,INVOLVED_OFFICER_UNIT,INVOLVED_OFFICER_DETAIL,INVOLVED_OFFICER_POSITION,INVOLVED_OFFICER_AGE,INVOLVED_OFFICER_SEX,INVOLVED_OFFICER_RACE,foia,INVOLVED_OFFICER_DESCRIPTION,INVOLVED_OFFICER_TYPE,start_code_2,start_code_1,rec,sum_rec
1059827,1722,PULASKI RD,4460,STREET,19jan2013 14:19:59,19jan2013 14:19:59,29jan2013,,RIVERA,18475,017,,03oct1994,POLICE OFFICER,S118,PUSH/PULL/GRAB,05B,EXCESSIVE FORCE / ON DUTY - NO INJURY,CLOSED/FINAL,NOT SUSTAINED,PONCE,SANDRA,,,,,FEMALE,WHITE HISPANIC,apr2016,,,S1,S,0,1
1059827,1722,PULASKI RD,4460,STREET,19jan2013 14:19:59,19jan2013 14:19:59,29jan2013,,RIVERA,18475,017,,03oct1994,POLICE OFFICER,S118,PUSH/PULL/GRAB,05B,EXCESSIVE FORCE / ON DUTY - NO INJURY,CLOSED/FINAL,NOT SUSTAINED,SERNA JR,FROYLAN,017,,POLICE OFFICER,,MALE,SPANISH (DO NOT USE),apr2016,,,S1,S,0,1
1059827,1722,PULASKI RD,4460,STREET,19jan2013 14:19:59,19jan2013 14:19:59,29jan2013,,JESCHKE,5103,017,,31may1994,POLICE OFFICER,S118,PUSH/PULL/GRAB,05B,EXCESSIVE FORCE / ON DUTY - NO INJURY,CLOSED/FINAL,UNFOUNDED,YU,JIASHENG,,,UNKNOWN,23,MALE,ASIAN/PACIFIC ISLANDER,apr2016,,,S1,S,0,1
1059827,1722,PULASKI RD,4460,STREET,19jan2013 14:19:59,19jan2013 14:19:59,29jan2013,,MARTINEZ,17099,017,,10oct2000,POLICE OFFICER,S118,PUSH/PULL/GRAB,05B,EXCESSIVE FORCE / ON DUTY - NO INJURY,CLOSED/FINAL,UNFOUNDED,PONCE,SANDRA,,,,,FEMALE,WHITE HISPANIC,apr2016,,,S1,S,0,1
1059827,1722,PULASKI RD,4460,STREET,19jan2013 14:19:59,19jan2013 14:19:59,29jan2013,,,,,,,,S118,PUSH/PULL/GRAB,05B,EXCESSIVE FORCE / ON DUTY - NO INJURY,CLOSED/FINAL,UNFOUNDED,PONCE,SANDRA,,,,,FEMALE,WHITE HISPANIC,apr2016,,,S1,S,0,1
1059827,1722,PULASKI RD,4460,STREET,19jan2013 14:19:59,19jan2013 14:19:59,29jan2013,,,,,,,,S118,PUSH/PULL/GRAB,05B,EXCESSIVE FORCE / ON DUTY - NO INJURY,CLOSED/FINAL,UNFOUNDED,YU,JIASHENG,,,UNKNOWN,23,MALE,ASIAN/PACIFIC ISLANDER,apr2016,,,S1,S,0,1
1059827,1722,PULASKI RD,4460,STREET,19jan2013 14:19:59,19jan2013 14:19:59,29jan2013,,JESCHKE,5103,017,,31may1994,POLICE OFFICER,S118,PUSH/PULL/GRAB,05B,EXCESSIVE FORCE / ON DUTY - NO INJURY,CLOSED/FINAL,UNFOUNDED,SERNA JR,FROYLAN,017,,POLICE OFFICER,,MALE,SPANISH (DO NOT USE),apr2016,,,S1,S,0,1
1059827,1722,PULASKI RD,4460,STREET,19jan2013 14:19:59,19jan2013 14:19:59,29jan2013,,MARTINEZ,17099,017,,10oct2000,POLICE OFFICER,S118,PUSH/PULL/GRAB,05B,EXCESSIVE FORCE / ON DUTY - NO INJURY,CLOSED/FINAL,UNFOUNDED,SERNA JR,FROYLAN,017,,POLICE OFFICER,,MALE,SPANISH (DO NOT USE),apr2016,,,S1,S,0,1
1059827,1722,PULASKI RD,4460,STREET,19jan2013 14:19:59,19jan2013 14:19:59,29jan2013,,RIVERA,18475,017,,03oct1994,POLICE OFFICER,S118,PUSH/PULL/GRAB,05B,EXCESSIVE FORCE / ON DUTY - NO INJURY,CLOSED/FINAL,NOT SUSTAINED,YU,JIASHENG,,,UNKNOWN,23,MALE,ASIAN/PACIFIC ISLANDER,apr2016,,,S1,S,0,1
1059827,1722,PULASKI RD,4460,STREET,19jan2013 14:19:59,19jan2013 14:19:59,29jan2013,,JESCHKE,5103,017,,31may1994,POLICE OFFICER,S118,PUSH/PULL/GRAB,05B,EXCESSIVE FORCE / ON DUTY - NO INJURY,CLOSED/FINAL,UNFOUNDED,PONCE,SANDRA,,,,,FEMALE,WHITE HISPANIC,apr2016,,,S1,S,0,1
1059827,1722,PULASKI RD,4460,STREET,19jan2013 14:19:59,19jan2013 14:19:59,29jan2013,,PANG,2396,017,,24apr1991,SERGEANT OF POLICE,S118,PUSH/PULL/GRAB,05B,EXCESSIVE FORCE / ON DUTY - NO INJURY,CLOSED/FINAL,UNFOUNDED,SERNA JR,FROYLAN,017,,POLICE OFFICER,,MALE,SPANISH (DO NOT USE),apr2016,,,S1,S,0,1
1059827,1722,PULASKI RD,4460,STREET,19jan2013 14:19:59,19jan2013 14:19:59,29jan2013,,PANG,2396,017,,24apr1991,SERGEANT OF POLICE,S118,PUSH/PULL/GRAB,05B,EXCESSIVE FORCE / ON DUTY - NO INJURY,CLOSED/FINAL,UNFOUNDED,PONCE,SANDRA,,,,,FEMALE,WHITE HISPANIC,apr2016,,,S1,S,0,1
1059827,1722,PULASKI RD,4460,STREET,19jan2013 14:19:59,19jan2013 14:19:59,29jan2013,,PANG,2396,017,,24apr1991,SERGEANT OF POLICE,S118,PUSH/PULL/GRAB,05B,EXCESSIVE FORCE / ON DUTY - NO INJURY,CLOSED/FINAL,UNFOUNDED,YU,JIASHENG,,,UNKNOWN,23,MALE,ASIAN/PACIFIC ISLANDER,apr2016,,,S1,S,0,1
1059827,1722,PULASKI RD,4460,STREET,19jan2013 14:19:59,19jan2013 14:19:59,29jan2013,,MARTINEZ,17099,017,,10oct2000,POLICE OFFICER,S118,PUSH/PULL/GRAB,05B,EXCESSIVE FORCE / ON DUTY - NO INJURY,CLOSED/FINAL,UNFOUNDED,YU,JIASHENG,,,UNKNOWN,23,MALE,ASIAN/PACIFIC ISLANDER,apr2016,,,S1,S,0,1
1059827,1722,PULASKI RD,4460,STREET,19jan2013 14:19:59,19jan2013 14:19:59,29jan2013,,,,,,,,S118,PUSH/PULL/GRAB,05B,EXCESSIVE FORCE / ON DUTY - NO INJURY,CLOSED/FINAL,UNFOUNDED,SERNA JR,FROYLAN,017,,POLICE OFFICER,,MALE,SPANISH (DO NOT USE),apr2016,,,S1,S,0,1
