COMPLAINT_NUMBER,BEAT,STREET,ADDRESS,LOCATION_CODE,INCIDENT_TIME_START,INCIDENT_TIME_END,NOTIFICATION_DATE,ACCSUEDOFFICER_FNAME,ACCUSEDOFFICER_LNAME,ACCUSED_STAR,ACCUSED_UNIT,ACCUSED_DETAIL,ACCUSED_APPOINTMENT_DATE,ACCUSED_POSITION,INITIAL_CATEGORY_CODE,INITIAL_CATEGORY,CURRENT_CATEGORY_CODE,CURRENT_CATEGORY,CURRENT_STATUS,FINDING_CODE,INVOLVED_OFFICER_LNAME,INVOLVED_OFFICER_FNAME,INVOLVED_OFFICER_UNIT,INVOLVED_OFFICER_DETAIL,INVOLVED_OFFICER_POSITION,INVOLVED_OFFICER_AGE,INVOLVED_OFFICER_SEX,INVOLVED_OFFICER_RACE,foia,INVOLVED_OFFICER_DESCRIPTION,INVOLVED_OFFICER_TYPE,start_code_2,start_code_1,rec,sum_rec
1062261,2533,HIRSCH ST,5138,RESIDENCE PORCH/HALLWAY,16may2013 03:30:00,16may2013 03:30:00,16may2013,,SLONIEC,5328,025,,23jan2006,POLICE OFFICER,05Z,MISCELLANEOUS,05A,EXCESSIVE FORCE / ON DUTY - INJURY,CLOSED/FINAL,NOT SUSTAINED,GUTIERREZ,GRACIBEL,025,,POLICE OFFICER,,FEMALE,SPANISH (DO NOT USE),apr2016,,,05,0,0,1
1062261,2533,HIRSCH ST,5138,RESIDENCE PORCH/HALLWAY,16may2013 03:30:00,16may2013 03:30:00,16may2013,,SLONIEC,5328,025,,23jan2006,POLICE OFFICER,05Z,MISCELLANEOUS,05A,EXCESSIVE FORCE / ON DUTY - INJURY,CLOSED/FINAL,NOT SUSTAINED,DOYLE,JACALYN,025,,SERGEANT OF POLICE,,FEMALE,WHITE,apr2016,,,05,0,0,1
1062261,2533,HIRSCH ST,5138,RESIDENCE PORCH/HALLWAY,16may2013 03:30:00,16may2013 03:30:00,16may2013,,ZAYAS,10661,025,,05dec2005,POLICE OFFICER,05Z,MISCELLANEOUS,05A,EXCESSIVE FORCE / ON DUTY - INJURY,CLOSED/FINAL,NOT SUSTAINED,DOYLE,JACALYN,025,,SERGEANT OF POLICE,,FEMALE,WHITE,apr2016,,,05,0,0,1
1062261,2533,HIRSCH ST,5138,RESIDENCE PORCH/HALLWAY,16may2013 03:30:00,16may2013 03:30:00,16may2013,,SLONIEC,5328,025,,23jan2006,POLICE OFFICER,05Z,MISCELLANEOUS,05A,EXCESSIVE FORCE / ON DUTY - INJURY,CLOSED/FINAL,NOT SUSTAINED,PORTER,BRIAN,,,UNKNOWN,22,MALE,BLACK,apr2016,,,05,0,0,1
1062261,2533,HIRSCH ST,5138,RESIDENCE PORCH/HALLWAY,16may2013 03:30:00,16may2013 03:30:00,16may2013,,SLONIEC,5328,025,,23jan2006,POLICE OFFICER,05Z,MISCELLANEOUS,05A,EXCESSIVE FORCE / ON DUTY - INJURY,CLOSED/FINAL,NOT SUSTAINED,JOVANOVICH,NICHOLAS,025,,POLICE OFFICER,,MALE,WHITE,apr2016,,,05,0,0,1
1062261,2533,HIRSCH ST,5138,RESIDENCE PORCH/HALLWAY,16may2013 03:30:00,16may2013 03:30:00,16may2013,,ZAYAS,10661,025,,05dec2005,POLICE OFFICER,05Z,MISCELLANEOUS,05A,EXCESSIVE FORCE / ON DUTY - INJURY,CLOSED/FINAL,NOT SUSTAINED,GUTIERREZ,GRACIBEL,025,,POLICE OFFICER,,FEMALE,SPANISH (DO NOT USE),apr2016,,,05,0,0,1
1062261,2533,HIRSCH ST,5138,RESIDENCE PORCH/HALLWAY,16may2013 03:30:00,16may2013 03:30:00,16may2013,,,,,,,,05Z,MISCELLANEOUS,05A,EXCESSIVE FORCE / ON DUTY - INJURY,CLOSED/FINAL,NOT SUSTAINED,JOVANOVICH,NICHOLAS,025,,POLICE OFFICER,,MALE,WHITE,apr2016,,,05,0,0,1
1062261,2533,HIRSCH ST,5138,RESIDENCE PORCH/HALLWAY,16may2013 03:30:00,16may2013 03:30:00,16may2013,,ZAYAS,10661,025,,05dec2005,POLICE OFFICER,05Z,MISCELLANEOUS,05A,EXCESSIVE FORCE / ON DUTY - INJURY,CLOSED/FINAL,NOT SUSTAINED,PORTER,BRIAN,,,UNKNOWN,22,MALE,BLACK,apr2016,,,05,0,0,1
1062261,2533,HIRSCH ST,5138,RESIDENCE PORCH/HALLWAY,16may2013 03:30:00,16may2013 03:30:00,16may2013,,,,,,,,05Z,MISCELLANEOUS,05A,EXCESSIVE FORCE / ON DUTY - INJURY,CLOSED/FINAL,NOT SUSTAINED,GUTIERREZ,GRACIBEL,025,,POLICE OFFICER,,FEMALE,SPANISH (DO NOT USE),apr2016,,,05,0,0,1
1062261,2533,HIRSCH ST,5138,RESIDENCE PORCH/HALLWAY,16may2013 03:30:00,16may2013 03:30:00,16may2013,,,,,,,,05Z,MISCELLANEOUS,05A,EXCESSIVE FORCE / ON DUTY - INJURY,CLOSED/FINAL,NOT SUSTAINED,PORTER,BRIAN,,,UNKNOWN,22,MALE,BLACK,apr2016,,,05,0,0,1
1062261,2533,HIRSCH ST,5138,RESIDENCE PORCH/HALLWAY,16may2013 03:30:00,16may2013 03:30:00,16may2013,,ZAYAS,10661,025,,05dec2005,POLICE OFFICER,05Z,MISCELLANEOUS,05A,EXCESSIVE FORCE / ON DUTY - INJURY,CLOSED/FINAL,NOT SUSTAINED,JOVANOVICH,NICHOLAS,025,,POLICE OFFICER,,MALE,WHITE,apr2016,,,05,0,0,1
1062261,2533,HIRSCH ST,5138,RESIDENCE PORCH/HALLWAY,16may2013 03:30:00,16may2013 03:30:00,16may2013,,,,,,,,05Z,MISCELLANEOUS,05A,EXCESSIVE FORCE / ON DUTY - INJURY,CLOSED/FINAL,NOT SUSTAINED,DOYLE,JACALYN,025,,SERGEANT OF POLICE,,FEMALE,WHITE,apr2016,,,05,0,1,1
