COMPLAINT_NUMBER,BEAT,STREET,ADDRESS,LOCATION_CODE,INCIDENT_TIME_START,INCIDENT_TIME_END,NOTIFICATION_DATE,ACCSUEDOFFICER_FNAME,ACCUSEDOFFICER_LNAME,ACCUSED_STAR,ACCUSED_UNIT,ACCUSED_DETAIL,ACCUSED_APPOINTMENT_DATE,ACCUSED_POSITION,INITIAL_CATEGORY_CODE,INITIAL_CATEGORY,CURRENT_CATEGORY_CODE,CURRENT_CATEGORY,CURRENT_STATUS,FINDING_CODE,INVOLVED_OFFICER_LNAME,INVOLVED_OFFICER_FNAME,INVOLVED_OFFICER_UNIT,INVOLVED_OFFICER_DETAIL,INVOLVED_OFFICER_POSITION,INVOLVED_OFFICER_AGE,INVOLVED_OFFICER_SEX,INVOLVED_OFFICER_RACE,foia,INVOLVED_OFFICER_DESCRIPTION,INVOLVED_OFFICER_TYPE,start_code_2,start_code_1,rec,sum_rec
1062641,2522,ARMITAGE AVE,4752,STREET,03jun2013 12:30:00,03jun2013 12:30:00,03jun2013,,YI,18009,313,,25oct2004,POLICE OFFICER,05B,EXCESSIVE FORCE / ON DUTY - NO INJURY,S022,CLOSED HAND STRIKE (PUNCH),CLOSED/FINAL,UNFOUNDED,RAMOS,JORGE,,,UNKNOWN,51,MALE,WHITE HISPANIC,apr2016,,,05,0,0,1
1062641,2522,ARMITAGE AVE,4752,STREET,03jun2013 12:30:00,03jun2013 12:30:00,03jun2013,,YI,18009,313,,25oct2004,POLICE OFFICER,05B,EXCESSIVE FORCE / ON DUTY - NO INJURY,S022,CLOSED HAND STRIKE (PUNCH),CLOSED/FINAL,EXONERATED,RAMOS,JORGE,,,UNKNOWN,51,MALE,WHITE HISPANIC,apr2016,,,05,0,0,1
1062641,2522,ARMITAGE AVE,4752,STREET,03jun2013 12:30:00,03jun2013 12:30:00,03jun2013,,THEODORIDES,5383,313,,18dec2000,POLICE OFFICER,05B,EXCESSIVE FORCE / ON DUTY - NO INJURY,S022,CLOSED HAND STRIKE (PUNCH),CLOSED/FINAL,NOT SUSTAINED,RAMOS,JORGE,,,UNKNOWN,51,MALE,WHITE HISPANIC,apr2016,,,05,0,0,1
1062641,2522,ARMITAGE AVE,4752,STREET,03jun2013 12:30:00,03jun2013 12:30:00,03jun2013,,YI,18009,313,,25oct2004,POLICE OFFICER,05B,EXCESSIVE FORCE / ON DUTY - NO INJURY,S022,CLOSED HAND STRIKE (PUNCH),CLOSED/FINAL,UNFOUNDED,RAMOS ,JORGE,,,UNKNOWN,16,MALE,WHITE HISPANIC,apr2016,,,05,0,0,1
1062641,2522,ARMITAGE AVE,4752,STREET,03jun2013 12:30:00,03jun2013 12:30:00,03jun2013,,THEODORIDES,5383,313,,18dec2000,POLICE OFFICER,05B,EXCESSIVE FORCE / ON DUTY - NO INJURY,S022,CLOSED HAND STRIKE (PUNCH),CLOSED/FINAL,NOT SUSTAINED,RAMOS ,JORGE,,,UNKNOWN,16,MALE,WHITE HISPANIC,apr2016,,,05,0,0,1
1062641,2522,ARMITAGE AVE,4752,STREET,03jun2013 12:30:00,03jun2013 12:30:00,03jun2013,,THEODORIDES,5383,313,,18dec2000,POLICE OFFICER,05B,EXCESSIVE FORCE / ON DUTY - NO INJURY,S022,CLOSED HAND STRIKE (PUNCH),CLOSED/FINAL,UNFOUNDED,RAMOS,JORGE,,,UNKNOWN,51,MALE,WHITE HISPANIC,apr2016,,,05,0,0,1
1062641,2522,ARMITAGE AVE,4752,STREET,03jun2013 12:30:00,03jun2013 12:30:00,03jun2013,,THEODORIDES,5383,313,,18dec2000,POLICE OFFICER,05B,EXCESSIVE FORCE / ON DUTY - NO INJURY,S022,CLOSED HAND STRIKE (PUNCH),CLOSED/FINAL,UNFOUNDED,RAMOS ,JORGE,,,UNKNOWN,16,MALE,WHITE HISPANIC,apr2016,,,05,0,0,1
1062641,2522,ARMITAGE AVE,4752,STREET,03jun2013 12:30:00,03jun2013 12:30:00,03jun2013,,YI,18009,313,,25oct2004,POLICE OFFICER,05B,EXCESSIVE FORCE / ON DUTY - NO INJURY,S022,CLOSED HAND STRIKE (PUNCH),CLOSED/FINAL,EXONERATED,RAMOS ,JORGE,,,UNKNOWN,16,MALE,WHITE HISPANIC,apr2016,,,05,0,0,1
