COMPLAINT_NUMBER,BEAT,STREET,ADDRESS,LOCATION_CODE,INCIDENT_TIME_START,INCIDENT_TIME_END,NOTIFICATION_DATE,ACCSUEDOFFICER_FNAME,ACCUSEDOFFICER_LNAME,ACCUSED_STAR,ACCUSED_UNIT,ACCUSED_DETAIL,ACCUSED_APPOINTMENT_DATE,ACCUSED_POSITION,INITIAL_CATEGORY_CODE,INITIAL_CATEGORY,CURRENT_CATEGORY_CODE,CURRENT_CATEGORY,CURRENT_STATUS,FINDING_CODE,INVOLVED_OFFICER_LNAME,INVOLVED_OFFICER_FNAME,INVOLVED_OFFICER_UNIT,INVOLVED_OFFICER_DETAIL,INVOLVED_OFFICER_POSITION,INVOLVED_OFFICER_AGE,INVOLVED_OFFICER_SEX,INVOLVED_OFFICER_RACE,foia,INVOLVED_OFFICER_DESCRIPTION,INVOLVED_OFFICER_TYPE,start_code_2,start_code_1,rec,sum_rec
1059169,932,HOYNE AVE,5304,RESIDENCE,22dec2012 04:30:00,22dec2012 04:30:00,23dec2012,,,,,,,,05A,EXCESSIVE FORCE / ON DUTY - INJURY,05Z,MISCELLANEOUS,CLOSED/FINAL,NOT SUSTAINED,FRANCHER,DAVID,,,UNKNOWN,47,MALE,BLACK,apr2016,,,05,0,0,1
1059169,932,HOYNE AVE,5304,RESIDENCE,22dec2012 04:30:00,22dec2012 04:30:00,23dec2012,,,,,,,,05A,EXCESSIVE FORCE / ON DUTY - INJURY,05Z,MISCELLANEOUS,CLOSED/FINAL,NOT SUSTAINED,FRANCHER,DAVID,,,UNKNOWN,46,MALE,BLACK,apr2016,,,05,0,1,1
1059169,932,HOYNE AVE,5304,RESIDENCE,22dec2012 04:30:00,22dec2012 04:30:00,23dec2012,KRISTY,SCHNEIDER,11291,009,,16dec2009,POLICE OFFICER,05A,EXCESSIVE FORCE / ON DUTY - INJURY,05Z,MISCELLANEOUS,CLOSED/FINAL,UNFOUNDED,FRANCHER,DAVID,,,UNKNOWN,47,MALE,BLACK,apr2016,,,05,0,0,1
1059169,932,HOYNE AVE,5304,RESIDENCE,22dec2012 04:30:00,22dec2012 04:30:00,23dec2012,KRISTY,SCHNEIDER,11291,009,,16dec2009,POLICE OFFICER,05A,EXCESSIVE FORCE / ON DUTY - INJURY,05Z,MISCELLANEOUS,CLOSED/FINAL,UNFOUNDED,FRANCHER,DAVID,,,UNKNOWN,46,MALE,BLACK,apr2016,,,05,0,0,1
