COMPLAINT_NUMBER,BEAT,STREET,ADDRESS,LOCATION_CODE,INCIDENT_TIME_START,INCIDENT_TIME_END,NOTIFICATION_DATE,ACCSUEDOFFICER_FNAME,ACCUSEDOFFICER_LNAME,ACCUSED_STAR,ACCUSED_UNIT,ACCUSED_DETAIL,ACCUSED_APPOINTMENT_DATE,ACCUSED_POSITION,INITIAL_CATEGORY_CODE,INITIAL_CATEGORY,CURRENT_CATEGORY_CODE,CURRENT_CATEGORY,CURRENT_STATUS,FINDING_CODE,INVOLVED_OFFICER_LNAME,INVOLVED_OFFICER_FNAME,INVOLVED_OFFICER_UNIT,INVOLVED_OFFICER_DETAIL,INVOLVED_OFFICER_POSITION,INVOLVED_OFFICER_AGE,INVOLVED_OFFICER_SEX,INVOLVED_OFFICER_RACE,foia,INVOLVED_OFFICER_DESCRIPTION,INVOLVED_OFFICER_TYPE,start_code_2,start_code_1,rec,sum_rec
1058646,2534,NORTH AVE,4134,STREET,22nov2012 01:21:00,22nov2012 01:21:00,26nov2012,,,,,,,,10J,NEGLECT OF DUTY,05M,UNNECESSARY PHYSICAL CONTACT / ON DUTY - NO INJURY,PENDING IMPLEMENT ACTION,NOT SUSTAINED,DEANES,COREY,011,,POLICE OFFICER,,MALE,BLACK,apr2016,,,10,1,1,1
1058646,2534,NORTH AVE,4134,STREET,22nov2012 01:21:00,22nov2012 01:21:00,26nov2012,JACALYN,DOYLE,1018,025,,17nov1986,SERGEANT OF POLICE,10J,NEGLECT OF DUTY,05M,UNNECESSARY PHYSICAL CONTACT / ON DUTY - NO INJURY,PENDING IMPLEMENT ACTION,NOT SUSTAINED,FOSTER,NATHANIEL,,,UNKNOWN,28,MALE,BLACK,apr2016,,,10,1,0,1
1058646,2534,NORTH AVE,4134,STREET,22nov2012 01:21:00,22nov2012 01:21:00,26nov2012,JACALYN,DOYLE,1018,025,,17nov1986,SERGEANT OF POLICE,10J,NEGLECT OF DUTY,05M,UNNECESSARY PHYSICAL CONTACT / ON DUTY - NO INJURY,PENDING IMPLEMENT ACTION,NOT SUSTAINED,DEANES,COREY,011,,POLICE OFFICER,,MALE,BLACK,apr2016,,,10,1,0,1
1058646,2534,NORTH AVE,4134,STREET,22nov2012 01:21:00,22nov2012 01:21:00,26nov2012,JOSE,MORALES,14163,025,,25oct2004,POLICE OFFICER,10J,NEGLECT OF DUTY,05M,UNNECESSARY PHYSICAL CONTACT / ON DUTY - NO INJURY,PENDING IMPLEMENT ACTION,SUSTAINED,DEANES,COREY,011,,POLICE OFFICER,,MALE,BLACK,apr2016,,,10,1,0,1
1058646,2534,NORTH AVE,4134,STREET,22nov2012 01:21:00,22nov2012 01:21:00,26nov2012,JOSE,MORALES,14163,025,,25oct2004,POLICE OFFICER,10J,NEGLECT OF DUTY,05M,UNNECESSARY PHYSICAL CONTACT / ON DUTY - NO INJURY,PENDING IMPLEMENT ACTION,SUSTAINED,LEWIS,NINA,,,UNKNOWN,28,FEMALE,BLACK,apr2016,,,10,1,0,1
1058646,2534,NORTH AVE,4134,STREET,22nov2012 01:21:00,22nov2012 01:21:00,26nov2012,MARK,GOLOSINSKI,1611,025,376,18jan1994,SERGEANT OF POLICE,10J,NEGLECT OF DUTY,05M,UNNECESSARY PHYSICAL CONTACT / ON DUTY - NO INJURY,PENDING IMPLEMENT ACTION,NOT SUSTAINED,FOSTER,NATHANIEL,,,UNKNOWN,28,MALE,BLACK,apr2016,,,10,1,0,1
1058646,2534,NORTH AVE,4134,STREET,22nov2012 01:21:00,22nov2012 01:21:00,26nov2012,MICHAEL,MIEDONA,14155,025,,04jun2007,POLICE OFFICER,10J,NEGLECT OF DUTY,05M,UNNECESSARY PHYSICAL CONTACT / ON DUTY - NO INJURY,PENDING IMPLEMENT ACTION,SUSTAINED,FOSTER,NATHANIEL,,,UNKNOWN,28,MALE,BLACK,apr2016,,,10,1,0,1
1058646,2534,NORTH AVE,4134,STREET,22nov2012 01:21:00,22nov2012 01:21:00,26nov2012,MARK,GOLOSINSKI,1611,025,376,18jan1994,SERGEANT OF POLICE,10J,NEGLECT OF DUTY,05M,UNNECESSARY PHYSICAL CONTACT / ON DUTY - NO INJURY,PENDING IMPLEMENT ACTION,NOT SUSTAINED,DEANES,COREY,011,,POLICE OFFICER,,MALE,BLACK,apr2016,,,10,1,0,1
1058646,2534,NORTH AVE,4134,STREET,22nov2012 01:21:00,22nov2012 01:21:00,26nov2012,JOSE,MORALES,14163,025,,25oct2004,POLICE OFFICER,10J,NEGLECT OF DUTY,05M,UNNECESSARY PHYSICAL CONTACT / ON DUTY - NO INJURY,PENDING IMPLEMENT ACTION,SUSTAINED,FOSTER,NATHANIEL,,,UNKNOWN,28,MALE,BLACK,apr2016,,,10,1,0,1
1058646,2534,NORTH AVE,4134,STREET,22nov2012 01:21:00,22nov2012 01:21:00,26nov2012,MICHAEL,MIEDONA,14155,025,,04jun2007,POLICE OFFICER,10J,NEGLECT OF DUTY,05M,UNNECESSARY PHYSICAL CONTACT / ON DUTY - NO INJURY,PENDING IMPLEMENT ACTION,SUSTAINED,LEWIS,NINA,,,UNKNOWN,28,FEMALE,BLACK,apr2016,,,10,1,0,1
1058646,2534,NORTH AVE,4134,STREET,22nov2012 01:21:00,22nov2012 01:21:00,26nov2012,,,,,,,,10J,NEGLECT OF DUTY,05M,UNNECESSARY PHYSICAL CONTACT / ON DUTY - NO INJURY,PENDING IMPLEMENT ACTION,NOT SUSTAINED,FOSTER,NATHANIEL,,,UNKNOWN,28,MALE,BLACK,apr2016,,,10,1,0,1
1058646,2534,NORTH AVE,4134,STREET,22nov2012 01:21:00,22nov2012 01:21:00,26nov2012,JACALYN,DOYLE,1018,025,,17nov1986,SERGEANT OF POLICE,10J,NEGLECT OF DUTY,05M,UNNECESSARY PHYSICAL CONTACT / ON DUTY - NO INJURY,PENDING IMPLEMENT ACTION,NOT SUSTAINED,LEWIS,NINA,,,UNKNOWN,28,FEMALE,BLACK,apr2016,,,10,1,0,1
1058646,2534,NORTH AVE,4134,STREET,22nov2012 01:21:00,22nov2012 01:21:00,26nov2012,MICHAEL,MIEDONA,14155,025,,04jun2007,POLICE OFFICER,10J,NEGLECT OF DUTY,05M,UNNECESSARY PHYSICAL CONTACT / ON DUTY - NO INJURY,PENDING IMPLEMENT ACTION,SUSTAINED,DEANES,COREY,011,,POLICE OFFICER,,MALE,BLACK,apr2016,,,10,1,0,1
1058646,2534,NORTH AVE,4134,STREET,22nov2012 01:21:00,22nov2012 01:21:00,26nov2012,,,,,,,,10J,NEGLECT OF DUTY,05M,UNNECESSARY PHYSICAL CONTACT / ON DUTY - NO INJURY,PENDING IMPLEMENT ACTION,NOT SUSTAINED,LEWIS,NINA,,,UNKNOWN,28,FEMALE,BLACK,apr2016,,,10,1,0,1
1058646,2534,NORTH AVE,4134,STREET,22nov2012 01:21:00,22nov2012 01:21:00,26nov2012,MARK,GOLOSINSKI,1611,025,376,18jan1994,SERGEANT OF POLICE,10J,NEGLECT OF DUTY,05M,UNNECESSARY PHYSICAL CONTACT / ON DUTY - NO INJURY,PENDING IMPLEMENT ACTION,NOT SUSTAINED,LEWIS,NINA,,,UNKNOWN,28,FEMALE,BLACK,apr2016,,,10,1,0,1
