COMPLAINT_NUMBER,BEAT,STREET,ADDRESS,LOCATION_CODE,INCIDENT_TIME_START,INCIDENT_TIME_END,NOTIFICATION_DATE,ACCSUEDOFFICER_FNAME,ACCUSEDOFFICER_LNAME,ACCUSED_STAR,ACCUSED_UNIT,ACCUSED_DETAIL,ACCUSED_APPOINTMENT_DATE,ACCUSED_POSITION,INITIAL_CATEGORY_CODE,INITIAL_CATEGORY,CURRENT_CATEGORY_CODE,CURRENT_CATEGORY,CURRENT_STATUS,FINDING_CODE,INVOLVED_OFFICER_LNAME,INVOLVED_OFFICER_FNAME,INVOLVED_OFFICER_UNIT,INVOLVED_OFFICER_DETAIL,INVOLVED_OFFICER_POSITION,INVOLVED_OFFICER_AGE,INVOLVED_OFFICER_SEX,INVOLVED_OFFICER_RACE,foia,INVOLVED_OFFICER_DESCRIPTION,INVOLVED_OFFICER_TYPE,start_code_2,start_code_1,rec,sum_rec
1060501,621,SANGAMON ST,7547,RESIDENCE,03mar2013 01:30:00,03mar2013 02:00:00,03mar2013,,SCHREIBER,4229,006,,28apr2008,POLICE OFFICER,05A,EXCESSIVE FORCE / ON DUTY - INJURY,S010,IMPACT WEAPON - AUTHORIZED (BATON / ASP),CLOSED/FINAL,UNFOUNDED,CRAWFORD,MARGARET,,,UNKNOWN,68,FEMALE,BLACK,apr2016,,,05,0,0,1
1060501,621,SANGAMON ST,7547,RESIDENCE,03mar2013 01:30:00,03mar2013 02:00:00,03mar2013,,SCHREIBER,4229,006,,28apr2008,POLICE OFFICER,05A,EXCESSIVE FORCE / ON DUTY - INJURY,S010,IMPACT WEAPON - AUTHORIZED (BATON / ASP),CLOSED/FINAL,UNFOUNDED,BROWN,SAMUEL,,,UNKNOWN,25,MALE,BLACK,apr2016,,,05,0,0,1
1060501,621,SANGAMON ST,7547,RESIDENCE,03mar2013 01:30:00,03mar2013 02:00:00,03mar2013,,SCHREIBER,4229,006,,28apr2008,POLICE OFFICER,05A,EXCESSIVE FORCE / ON DUTY - INJURY,S010,IMPACT WEAPON - AUTHORIZED (BATON / ASP),CLOSED/FINAL,UNFOUNDED,CRAWFORD,THERESA,,,UNKNOWN,48,FEMALE,BLACK,apr2016,,,05,0,0,1
1060501,621,SANGAMON ST,7547,RESIDENCE,03mar2013 01:30:00,03mar2013 02:00:00,03mar2013,,SCHREIBER,4229,006,,28apr2008,POLICE OFFICER,05A,EXCESSIVE FORCE / ON DUTY - INJURY,S010,IMPACT WEAPON - AUTHORIZED (BATON / ASP),CLOSED/FINAL,UNFOUNDED,CRAWFORD,MARGARET,,,UNKNOWN,67,FEMALE,BLACK,apr2016,,,05,0,0,1
1060501,621,SANGAMON ST,7547,RESIDENCE,03mar2013 01:30:00,03mar2013 02:00:00,03mar2013,,SCHREIBER,4229,006,,28apr2008,POLICE OFFICER,05A,EXCESSIVE FORCE / ON DUTY - INJURY,S010,IMPACT WEAPON - AUTHORIZED (BATON / ASP),CLOSED/FINAL,UNFOUNDED,BROWN,SAMUEL,,,UNKNOWN,27,MALE,BLACK,apr2016,,,05,0,0,1
1060501,621,SANGAMON ST,7547,RESIDENCE,03mar2013 01:30:00,03mar2013 02:00:00,03mar2013,,SCHREIBER,4229,006,,28apr2008,POLICE OFFICER,05A,EXCESSIVE FORCE / ON DUTY - INJURY,S010,IMPACT WEAPON - AUTHORIZED (BATON / ASP),CLOSED/FINAL,UNFOUNDED,SEDORY,MATTHEW,006,,POLICE OFFICER,,MALE,WHITE,apr2016,,,05,0,0,1
1060501,621,SANGAMON ST,7547,RESIDENCE,03mar2013 01:30:00,03mar2013 02:00:00,03mar2013,,SCHREIBER,4229,006,,28apr2008,POLICE OFFICER,05A,EXCESSIVE FORCE / ON DUTY - INJURY,S010,IMPACT WEAPON - AUTHORIZED (BATON / ASP),CLOSED/FINAL,UNFOUNDED,CRAWFORD,THERESA,,,UNKNOWN,47,FEMALE,BLACK,apr2016,,,05,0,0,1
