COMPLAINT_NUMBER,BEAT,STREET,ADDRESS,LOCATION_CODE,INCIDENT_TIME_START,INCIDENT_TIME_END,NOTIFICATION_DATE,ACCSUEDOFFICER_FNAME,ACCUSEDOFFICER_LNAME,ACCUSED_STAR,ACCUSED_UNIT,ACCUSED_DETAIL,ACCUSED_APPOINTMENT_DATE,ACCUSED_POSITION,INITIAL_CATEGORY_CODE,INITIAL_CATEGORY,CURRENT_CATEGORY_CODE,CURRENT_CATEGORY,CURRENT_STATUS,FINDING_CODE,INVOLVED_OFFICER_LNAME,INVOLVED_OFFICER_FNAME,INVOLVED_OFFICER_UNIT,INVOLVED_OFFICER_DETAIL,INVOLVED_OFFICER_POSITION,INVOLVED_OFFICER_AGE,INVOLVED_OFFICER_SEX,INVOLVED_OFFICER_RACE,foia,INVOLVED_OFFICER_DESCRIPTION,INVOLVED_OFFICER_TYPE,start_code_2,start_code_1,rec,sum_rec
1061639,1623,MONTROSE AVE,5500,STREET,19apr2013 21:00:00,19apr2013 21:00:00,21apr2013,,TRAVIS,19655,016,,07dec1992,POLICE OFFICER,S117,PUSH/PULL/GRAB,05M,UNNECESSARY PHYSICAL CONTACT / ON DUTY - NO INJURY,CLOSED/FINAL,UNFOUNDED,GOMEZ,GABRIEL,,,UNKNOWN,25,MALE,WHITE HISPANIC,apr2016,,,S1,S,0,1
1061639,1623,MONTROSE AVE,5500,STREET,19apr2013 21:00:00,19apr2013 21:00:00,21apr2013,,TRAVIS,19655,016,,07dec1992,POLICE OFFICER,S117,PUSH/PULL/GRAB,05M,UNNECESSARY PHYSICAL CONTACT / ON DUTY - NO INJURY,CLOSED/FINAL,UNFOUNDED,CAPRON,ALMA,016,,POLICE OFFICER,,FEMALE,SPANISH (DO NOT USE),apr2016,,,S1,S,0,1
1061639,1623,MONTROSE AVE,5500,STREET,19apr2013 21:00:00,19apr2013 21:00:00,21apr2013,,,,,,,,S117,PUSH/PULL/GRAB,05M,UNNECESSARY PHYSICAL CONTACT / ON DUTY - NO INJURY,CLOSED/FINAL,UNFOUNDED,CAPRON,ALMA,016,,POLICE OFFICER,,FEMALE,SPANISH (DO NOT USE),apr2016,,,S1,S,0,1
1061639,1623,MONTROSE AVE,5500,STREET,19apr2013 21:00:00,19apr2013 21:00:00,21apr2013,,,,,,,,S117,PUSH/PULL/GRAB,05M,UNNECESSARY PHYSICAL CONTACT / ON DUTY - NO INJURY,CLOSED/FINAL,UNFOUNDED,GOMEZ,GABRIEL,,,UNKNOWN,25,MALE,WHITE HISPANIC,apr2016,,,S1,S,0,1
