COMPLAINT_NUMBER,BEAT,STREET,ADDRESS,LOCATION_CODE,INCIDENT_TIME_START,INCIDENT_TIME_END,NOTIFICATION_DATE,ACCSUEDOFFICER_FNAME,ACCUSEDOFFICER_LNAME,ACCUSED_STAR,ACCUSED_UNIT,ACCUSED_DETAIL,ACCUSED_APPOINTMENT_DATE,ACCUSED_POSITION,INITIAL_CATEGORY_CODE,INITIAL_CATEGORY,CURRENT_CATEGORY_CODE,CURRENT_CATEGORY,CURRENT_STATUS,FINDING_CODE,INVOLVED_OFFICER_LNAME,INVOLVED_OFFICER_FNAME,INVOLVED_OFFICER_UNIT,INVOLVED_OFFICER_DETAIL,INVOLVED_OFFICER_POSITION,INVOLVED_OFFICER_AGE,INVOLVED_OFFICER_SEX,INVOLVED_OFFICER_RACE,foia,INVOLVED_OFFICER_DESCRIPTION,INVOLVED_OFFICER_TYPE,start_code_2,start_code_1,rec,sum_rec
1055061,825,63RD ST,2501,CTA BUS STOP,25jun2012 17:00:00,25jun2012 18:00:00,26jun2012,BLAIR,ALTENBACH,7297,008,,18dec2006,POLICE OFFICER,05A,EXCESSIVE FORCE / ON DUTY - INJURY,S021,MISCELLANEOUS,CLOSED/FINAL,UNFOUNDED,MILES,LATRICE,,,UNKNOWN,25,FEMALE,BLACK,apr2016,,,05,0,0,1
1055061,825,63RD ST,2501,CTA BUS STOP,25jun2012 17:00:00,25jun2012 18:00:00,26jun2012,,,,,,,,05A,EXCESSIVE FORCE / ON DUTY - INJURY,S021,MISCELLANEOUS,CLOSED/FINAL,EXONERATED,MILES,LATRICE,,,UNKNOWN,26,FEMALE,BLACK,apr2016,,,05,0,0,1
1055061,825,63RD ST,2501,CTA BUS STOP,25jun2012 17:00:00,25jun2012 18:00:00,26jun2012,,,,,,,,05A,EXCESSIVE FORCE / ON DUTY - INJURY,S021,MISCELLANEOUS,CLOSED/FINAL,EXONERATED,MILES,LATRICE,,,UNKNOWN,25,FEMALE,BLACK,apr2016,,,05,0,0,1
1055061,825,63RD ST,2501,CTA BUS STOP,25jun2012 17:00:00,25jun2012 18:00:00,26jun2012,BLAIR,ALTENBACH,7297,008,,18dec2006,POLICE OFFICER,05A,EXCESSIVE FORCE / ON DUTY - INJURY,S021,MISCELLANEOUS,CLOSED/FINAL,UNFOUNDED,MILES,DERSHAUN,,,UNKNOWN,29,MALE,BLACK,apr2016,,,05,0,0,1
1055061,825,63RD ST,2501,CTA BUS STOP,25jun2012 17:00:00,25jun2012 18:00:00,26jun2012,BLAIR,ALTENBACH,7297,008,,18dec2006,POLICE OFFICER,05A,EXCESSIVE FORCE / ON DUTY - INJURY,S021,MISCELLANEOUS,CLOSED/FINAL,UNFOUNDED,MILES,DERSHAUN,,,UNKNOWN,31,MALE,BLACK,apr2016,,,05,0,0,1
1055061,825,63RD ST,2501,CTA BUS STOP,25jun2012 17:00:00,25jun2012 18:00:00,26jun2012,BRIDGET,BOYLAN,11901,008,,27sep2004,POLICE OFFICER,05A,EXCESSIVE FORCE / ON DUTY - INJURY,S021,MISCELLANEOUS,CLOSED/FINAL,EXONERATED,MILES,DERSHAUN,,,UNKNOWN,29,MALE,BLACK,apr2016,,,05,0,0,1
1055061,825,63RD ST,2501,CTA BUS STOP,25jun2012 17:00:00,25jun2012 18:00:00,26jun2012,,,,,,,,05A,EXCESSIVE FORCE / ON DUTY - INJURY,S021,MISCELLANEOUS,CLOSED/FINAL,EXONERATED,MILES,DERSHAUN,,,UNKNOWN,31,MALE,BLACK,apr2016,,,05,0,0,1
1055061,825,63RD ST,2501,CTA BUS STOP,25jun2012 17:00:00,25jun2012 18:00:00,26jun2012,BLAIR,ALTENBACH,7297,008,,18dec2006,POLICE OFFICER,05A,EXCESSIVE FORCE / ON DUTY - INJURY,S021,MISCELLANEOUS,CLOSED/FINAL,UNFOUNDED,MILES,LATRICE,,,UNKNOWN,26,FEMALE,BLACK,apr2016,,,05,0,0,1
1055061,825,63RD ST,2501,CTA BUS STOP,25jun2012 17:00:00,25jun2012 18:00:00,26jun2012,BRIDGET,BOYLAN,11901,008,,27sep2004,POLICE OFFICER,05A,EXCESSIVE FORCE / ON DUTY - INJURY,S021,MISCELLANEOUS,CLOSED/FINAL,EXONERATED,MILES,DERSHAUN,,,UNKNOWN,31,MALE,BLACK,apr2016,,,05,0,0,1
1055061,825,63RD ST,2501,CTA BUS STOP,25jun2012 17:00:00,25jun2012 18:00:00,26jun2012,BLAIR,ALTENBACH,7297,008,,18dec2006,POLICE OFFICER,05A,EXCESSIVE FORCE / ON DUTY - INJURY,S021,MISCELLANEOUS,CLOSED/FINAL,UNFOUNDED,RANDALL,CRAIG,,,UNKNOWN,,MALE,BLACK,apr2016,,,05,0,0,1
1055061,825,63RD ST,2501,CTA BUS STOP,25jun2012 17:00:00,25jun2012 18:00:00,26jun2012,BRIDGET,BOYLAN,11901,008,,27sep2004,POLICE OFFICER,05A,EXCESSIVE FORCE / ON DUTY - INJURY,S021,MISCELLANEOUS,CLOSED/FINAL,EXONERATED,MILES,LATRICE,,,UNKNOWN,25,FEMALE,BLACK,apr2016,,,05,0,0,1
1055061,825,63RD ST,2501,CTA BUS STOP,25jun2012 17:00:00,25jun2012 18:00:00,26jun2012,,,,,,,,05A,EXCESSIVE FORCE / ON DUTY - INJURY,S021,MISCELLANEOUS,CLOSED/FINAL,EXONERATED,RANDALL,CRAIG,,,UNKNOWN,,MALE,BLACK,apr2016,,,05,0,0,1
1055061,825,63RD ST,2501,CTA BUS STOP,25jun2012 17:00:00,25jun2012 18:00:00,26jun2012,BRIDGET,BOYLAN,11901,008,,27sep2004,POLICE OFFICER,05A,EXCESSIVE FORCE / ON DUTY - INJURY,S021,MISCELLANEOUS,CLOSED/FINAL,EXONERATED,MILES,LATRICE,,,UNKNOWN,26,FEMALE,BLACK,apr2016,,,05,0,0,1
1055061,825,63RD ST,2501,CTA BUS STOP,25jun2012 17:00:00,25jun2012 18:00:00,26jun2012,BRIDGET,BOYLAN,11901,008,,27sep2004,POLICE OFFICER,05A,EXCESSIVE FORCE / ON DUTY - INJURY,S021,MISCELLANEOUS,CLOSED/FINAL,EXONERATED,RANDALL,CRAIG,,,UNKNOWN,,MALE,BLACK,apr2016,,,05,0,0,1
1055061,825,63RD ST,2501,CTA BUS STOP,25jun2012 17:00:00,25jun2012 18:00:00,26jun2012,,,,,,,,05A,EXCESSIVE FORCE / ON DUTY - INJURY,S021,MISCELLANEOUS,CLOSED/FINAL,EXONERATED,MILES,DERSHAUN,,,UNKNOWN,29,MALE,BLACK,apr2016,,,05,0,1,1
