COMPLAINT_NUMBER,BEAT,STREET,ADDRESS,LOCATION_CODE,INCIDENT_TIME_START,INCIDENT_TIME_END,NOTIFICATION_DATE,ACCSUEDOFFICER_FNAME,ACCUSEDOFFICER_LNAME,ACCUSED_STAR,ACCUSED_UNIT,ACCUSED_DETAIL,ACCUSED_APPOINTMENT_DATE,ACCUSED_POSITION,INITIAL_CATEGORY_CODE,INITIAL_CATEGORY,CURRENT_CATEGORY_CODE,CURRENT_CATEGORY,CURRENT_STATUS,FINDING_CODE,INVOLVED_OFFICER_LNAME,INVOLVED_OFFICER_FNAME,INVOLVED_OFFICER_UNIT,INVOLVED_OFFICER_DETAIL,INVOLVED_OFFICER_POSITION,INVOLVED_OFFICER_AGE,INVOLVED_OFFICER_SEX,INVOLVED_OFFICER_RACE,foia,INVOLVED_OFFICER_DESCRIPTION,INVOLVED_OFFICER_TYPE,start_code_2,start_code_1,rec,sum_rec
1054201,1112,AVERS AVE,800,STREET,13may2012 17:45:00,13may2012 17:45:00,22may2012,JAMES,CARROLL,6261,610,,08mar1999,PO AS DETECTIVE,S022,CLOSED HAND STRIKE (PUNCH),05B,EXCESSIVE FORCE / ON DUTY - NO INJURY,CLOSED/FINAL,UNFOUNDED,TOLBERT,DARELL,,,UNKNOWN,37,MALE,BLACK,apr2016,,,S0,S,0,1
1054201,1112,AVERS AVE,800,STREET,13may2012 17:45:00,13may2012 17:45:00,22may2012,MATTHEW,MCNICHOLAS,13292,011,,29nov2004,POLICE OFFICER,S022,CLOSED HAND STRIKE (PUNCH),05B,EXCESSIVE FORCE / ON DUTY - NO INJURY,CLOSED/FINAL,UNFOUNDED,TOLBERT,DARELL,,,UNKNOWN,37,MALE,BLACK,apr2016,,,S0,S,0,1
1054201,1112,AVERS AVE,800,STREET,13may2012 17:45:00,13may2012 17:45:00,22may2012,JOEL,HOLLER,1405,015,,28feb2000,SERGEANT OF POLICE,S022,CLOSED HAND STRIKE (PUNCH),05B,EXCESSIVE FORCE / ON DUTY - NO INJURY,CLOSED/FINAL,EXONERATED,TOLBERT,DARELL,,,UNKNOWN,37,MALE,BLACK,apr2016,,,S0,S,0,1
1054201,1112,AVERS AVE,800,STREET,13may2012 17:45:00,13may2012 17:45:00,22may2012,,,,,,,,S022,CLOSED HAND STRIKE (PUNCH),05B,EXCESSIVE FORCE / ON DUTY - NO INJURY,CLOSED/FINAL,UNFOUNDED,TOLBERT,DARELL,,,UNKNOWN,37,MALE,BLACK,apr2016,,,S0,S,0,1
1054201,1112,AVERS AVE,800,STREET,13may2012 17:45:00,13may2012 17:45:00,22may2012,JOEL,HOLLER,1405,015,,28feb2000,SERGEANT OF POLICE,S022,CLOSED HAND STRIKE (PUNCH),05B,EXCESSIVE FORCE / ON DUTY - NO INJURY,CLOSED/FINAL,EXONERATED,TOLBERT,DARELL,,,UNKNOWN,34,MALE,BLACK,apr2016,,,S0,S,0,1
1054201,1112,AVERS AVE,800,STREET,13may2012 17:45:00,13may2012 17:45:00,22may2012,JAMES,CARROLL,6261,610,,08mar1999,PO AS DETECTIVE,S022,CLOSED HAND STRIKE (PUNCH),05B,EXCESSIVE FORCE / ON DUTY - NO INJURY,CLOSED/FINAL,UNFOUNDED,TOLBERT,DARELL,,,UNKNOWN,34,MALE,BLACK,apr2016,,,S0,S,0,1
1054201,1112,AVERS AVE,800,STREET,13may2012 17:45:00,13may2012 17:45:00,22may2012,,,,,,,,S022,CLOSED HAND STRIKE (PUNCH),05B,EXCESSIVE FORCE / ON DUTY - NO INJURY,CLOSED/FINAL,UNFOUNDED,TOLBERT,DARELL,,,UNKNOWN,34,MALE,BLACK,apr2016,,,S0,S,0,1
1054201,1112,AVERS AVE,800,STREET,13may2012 17:45:00,13may2012 17:45:00,22may2012,MATTHEW,MCNICHOLAS,13292,011,,29nov2004,POLICE OFFICER,S022,CLOSED HAND STRIKE (PUNCH),05B,EXCESSIVE FORCE / ON DUTY - NO INJURY,CLOSED/FINAL,UNFOUNDED,TOLBERT,DARELL,,,UNKNOWN,34,MALE,BLACK,apr2016,,,S0,S,0,1
