COMPLAINT_NUMBER,BEAT,STREET,ADDRESS,LOCATION_CODE,INCIDENT_TIME_START,INCIDENT_TIME_END,NOTIFICATION_DATE,ACCSUEDOFFICER_FNAME,ACCUSEDOFFICER_LNAME,ACCUSED_STAR,ACCUSED_UNIT,ACCUSED_DETAIL,ACCUSED_APPOINTMENT_DATE,ACCUSED_POSITION,INITIAL_CATEGORY_CODE,INITIAL_CATEGORY,CURRENT_CATEGORY_CODE,CURRENT_CATEGORY,CURRENT_STATUS,FINDING_CODE,INVOLVED_OFFICER_LNAME,INVOLVED_OFFICER_FNAME,INVOLVED_OFFICER_UNIT,INVOLVED_OFFICER_DETAIL,INVOLVED_OFFICER_POSITION,INVOLVED_OFFICER_AGE,INVOLVED_OFFICER_SEX,INVOLVED_OFFICER_RACE,foia,INVOLVED_OFFICER_DESCRIPTION,INVOLVED_OFFICER_TYPE,start_code_2,start_code_1,rec,sum_rec
1054693,434,103RD ST,2255,POLICE FACILITY/VEH PARKING LOT,16oct2011 04:23:00,16oct2011 04:44:59,12jun2012,MARK,NOTTOLI,988,004,,06sep1994,SERGEANT OF POLICE,05R,CIVIL SUITS - THIRD PARTY ,05R,CIVIL SUITS - THIRD PARTY ,CLOSED/FINAL,SUSTAINED,HIGGINS,MICHAEL,004,,POLICE OFFICER,,MALE,WHITE,apr2016,,,05,0,0,1
1054693,434,103RD ST,2255,POLICE FACILITY/VEH PARKING LOT,16oct2011 04:23:00,16oct2011 04:44:59,12jun2012,MARK,NOTTOLI,988,004,,06sep1994,SERGEANT OF POLICE,05R,CIVIL SUITS - THIRD PARTY ,05R,CIVIL SUITS - THIRD PARTY ,CLOSED/FINAL,SUSTAINED,HINKLE,CURTIS,004,,POLICE OFFICER,,MALE,BLACK,apr2016,,,05,0,0,1
1054693,434,103RD ST,2255,POLICE FACILITY/VEH PARKING LOT,16oct2011 04:23:00,16oct2011 04:44:59,12jun2012,KEVIN,NAVARRO,45,025,,16jun1986,COMMANDER,05R,CIVIL SUITS - THIRD PARTY ,05R,CIVIL SUITS - THIRD PARTY ,CLOSED/FINAL,SUSTAINED,HIGGINS,MICHAEL,004,,POLICE OFFICER,,MALE,WHITE,apr2016,,,05,0,0,1
1054693,434,103RD ST,2255,POLICE FACILITY/VEH PARKING LOT,16oct2011 04:23:00,16oct2011 04:44:59,12jun2012,DENNIS,GRAHAM,,004,,01may1992,DETENTION AIDE,05R,CIVIL SUITS - THIRD PARTY ,05R,CIVIL SUITS - THIRD PARTY ,CLOSED/FINAL,UNFOUNDED,JONES,VINCENT,113,,INVESTIGATOR 2 IPRA,,MALE,BLACK,apr2016,,,05,0,0,1
1054693,434,103RD ST,2255,POLICE FACILITY/VEH PARKING LOT,16oct2011 04:23:00,16oct2011 04:44:59,12jun2012,MARK,NOTTOLI,988,004,,06sep1994,SERGEANT OF POLICE,05R,CIVIL SUITS - THIRD PARTY ,05R,CIVIL SUITS - THIRD PARTY ,CLOSED/FINAL,SUSTAINED,CHRISTENSEN,AMY,004,,POLICE OFFICER,,FEMALE,WHITE,apr2016,,,05,0,0,1
1054693,434,103RD ST,2255,POLICE FACILITY/VEH PARKING LOT,16oct2011 04:23:00,16oct2011 04:44:59,12jun2012,DENNIS,GRAHAM,,004,,01may1992,DETENTION AIDE,05R,CIVIL SUITS - THIRD PARTY ,05R,CIVIL SUITS - THIRD PARTY ,CLOSED/FINAL,UNFOUNDED,NOTTOLI,MARK,004,,SERGEANT OF POLICE,,MALE,WHITE,apr2016,,,05,0,0,1
1054693,434,103RD ST,2255,POLICE FACILITY/VEH PARKING LOT,16oct2011 04:23:00,16oct2011 04:44:59,12jun2012,KEVIN,NAVARRO,45,025,,16jun1986,COMMANDER,05R,CIVIL SUITS - THIRD PARTY ,05R,CIVIL SUITS - THIRD PARTY ,CLOSED/FINAL,SUSTAINED,NOTTOLI,MARK,004,,SERGEANT OF POLICE,,MALE,WHITE,apr2016,,,05,0,0,1
1054693,434,103RD ST,2255,POLICE FACILITY/VEH PARKING LOT,16oct2011 04:23:00,16oct2011 04:44:59,12jun2012,KEVIN,NAVARRO,45,025,,16jun1986,COMMANDER,05R,CIVIL SUITS - THIRD PARTY ,05R,CIVIL SUITS - THIRD PARTY ,CLOSED/FINAL,SUSTAINED,PIECHOCKI,JOHN,004,,SERGEANT OF POLICE,,MALE,WHITE,apr2016,,,05,0,0,1
1054693,434,103RD ST,2255,POLICE FACILITY/VEH PARKING LOT,16oct2011 04:23:00,16oct2011 04:44:59,12jun2012,KEVIN,NAVARRO,45,025,,16jun1986,COMMANDER,05R,CIVIL SUITS - THIRD PARTY ,05R,CIVIL SUITS - THIRD PARTY ,CLOSED/FINAL,SUSTAINED,CISNEROS JR,HERBERT,004,,POLICE OFFICER,,MALE,SPANISH (DO NOT USE),apr2016,,,05,0,0,1
1054693,434,103RD ST,2255,POLICE FACILITY/VEH PARKING LOT,16oct2011 04:23:00,16oct2011 04:44:59,12jun2012,KEVIN,NAVARRO,45,025,,16jun1986,COMMANDER,05R,CIVIL SUITS - THIRD PARTY ,05R,CIVIL SUITS - THIRD PARTY ,CLOSED/FINAL,SUSTAINED,GRABOWSKI JR,HENRY,004,,POLICE OFFICER,,MALE,WHITE,apr2016,,,05,0,0,1
1054693,434,103RD ST,2255,POLICE FACILITY/VEH PARKING LOT,16oct2011 04:23:00,16oct2011 04:44:59,12jun2012,MARK,NOTTOLI,988,004,,06sep1994,SERGEANT OF POLICE,05R,CIVIL SUITS - THIRD PARTY ,05R,CIVIL SUITS - THIRD PARTY ,CLOSED/FINAL,SUSTAINED,JONES,VINCENT,113,,INVESTIGATOR 2 IPRA,,MALE,BLACK,apr2016,,,05,0,0,1
1054693,434,103RD ST,2255,POLICE FACILITY/VEH PARKING LOT,16oct2011 04:23:00,16oct2011 04:44:59,12jun2012,KEVIN,NAVARRO,45,025,,16jun1986,COMMANDER,05R,CIVIL SUITS - THIRD PARTY ,05R,CIVIL SUITS - THIRD PARTY ,CLOSED/FINAL,SUSTAINED,MACFARLANE,TIMOTHY,004,,POLICE OFFICER,,MALE,WHITE,apr2016,,,05,0,0,1
1054693,434,103RD ST,2255,POLICE FACILITY/VEH PARKING LOT,16oct2011 04:23:00,16oct2011 04:44:59,12jun2012,HENRY,GRABOWSKI JR,18535,004,,03oct1994,POLICE OFFICER,05R,CIVIL SUITS - THIRD PARTY ,05R,CIVIL SUITS - THIRD PARTY ,CLOSED/FINAL,SUSTAINED,CISNEROS JR,HERBERT,004,,POLICE OFFICER,,MALE,SPANISH (DO NOT USE),apr2016,,,05,0,0,1
1054693,434,103RD ST,2255,POLICE FACILITY/VEH PARKING LOT,16oct2011 04:23:00,16oct2011 04:44:59,12jun2012,MARK,NOTTOLI,988,004,,06sep1994,SERGEANT OF POLICE,05R,CIVIL SUITS - THIRD PARTY ,05R,CIVIL SUITS - THIRD PARTY ,CLOSED/FINAL,SUSTAINED,GRABOWSKI JR,HENRY,004,,POLICE OFFICER,,MALE,WHITE,apr2016,,,05,0,0,1
1054693,434,103RD ST,2255,POLICE FACILITY/VEH PARKING LOT,16oct2011 04:23:00,16oct2011 04:44:59,12jun2012,MARK,NOTTOLI,988,004,,06sep1994,SERGEANT OF POLICE,05R,CIVIL SUITS - THIRD PARTY ,05R,CIVIL SUITS - THIRD PARTY ,CLOSED/FINAL,SUSTAINED,GRAHAM,DENNIS,004,,DETENTION AIDE,,MALE,BLACK,apr2016,,,05,0,0,1
1054693,434,103RD ST,2255,POLICE FACILITY/VEH PARKING LOT,16oct2011 04:23:00,16oct2011 04:44:59,12jun2012,KEVIN,NAVARRO,45,025,,16jun1986,COMMANDER,05R,CIVIL SUITS - THIRD PARTY ,05R,CIVIL SUITS - THIRD PARTY ,CLOSED/FINAL,SUSTAINED,MCCUNE,KENNARD ,,,UNKNOWN,44,MALE,BLACK,apr2016,,,05,0,0,1
1054693,434,103RD ST,2255,POLICE FACILITY/VEH PARKING LOT,16oct2011 04:23:00,16oct2011 04:44:59,12jun2012,MARK,NOTTOLI,988,004,,06sep1994,SERGEANT OF POLICE,05R,CIVIL SUITS - THIRD PARTY ,05R,CIVIL SUITS - THIRD PARTY ,CLOSED/FINAL,SUSTAINED,MCCUNE,KENNARD ,,,UNKNOWN,45,MALE,BLACK,apr2016,,,05,0,0,1
1054693,434,103RD ST,2255,POLICE FACILITY/VEH PARKING LOT,16oct2011 04:23:00,16oct2011 04:44:59,12jun2012,KEVIN,NAVARRO,45,025,,16jun1986,COMMANDER,05R,CIVIL SUITS - THIRD PARTY ,05R,CIVIL SUITS - THIRD PARTY ,CLOSED/FINAL,SUSTAINED,CHRISTENSEN,AMY,004,,POLICE OFFICER,,FEMALE,WHITE,apr2016,,,05,0,0,1
1054693,434,103RD ST,2255,POLICE FACILITY/VEH PARKING LOT,16oct2011 04:23:00,16oct2011 04:44:59,12jun2012,DERON,COX,12211,004,,21jun1999,POLICE OFFICER,05R,CIVIL SUITS - THIRD PARTY ,05R,CIVIL SUITS - THIRD PARTY ,CLOSED/FINAL,UNFOUNDED,NOTTOLI,MARK,004,,SERGEANT OF POLICE,,MALE,WHITE,apr2016,,,05,0,0,1
1054693,434,103RD ST,2255,POLICE FACILITY/VEH PARKING LOT,16oct2011 04:23:00,16oct2011 04:44:59,12jun2012,DENNIS,GRAHAM,,004,,01may1992,DETENTION AIDE,05R,CIVIL SUITS - THIRD PARTY ,05R,CIVIL SUITS - THIRD PARTY ,CLOSED/FINAL,UNFOUNDED,PIECHOCKI,JOHN,004,,SERGEANT OF POLICE,,MALE,WHITE,apr2016,,,05,0,0,1
1054693,434,103RD ST,2255,POLICE FACILITY/VEH PARKING LOT,16oct2011 04:23:00,16oct2011 04:44:59,12jun2012,DERON,COX,12211,004,,21jun1999,POLICE OFFICER,05R,CIVIL SUITS - THIRD PARTY ,05R,CIVIL SUITS - THIRD PARTY ,CLOSED/FINAL,UNFOUNDED,COX,DERON,004,,POLICE OFFICER,,MALE,BLACK,apr2016,,,05,0,0,1
1054693,434,103RD ST,2255,POLICE FACILITY/VEH PARKING LOT,16oct2011 04:23:00,16oct2011 04:44:59,12jun2012,DERON,COX,12211,004,,21jun1999,POLICE OFFICER,05R,CIVIL SUITS - THIRD PARTY ,05R,CIVIL SUITS - THIRD PARTY ,CLOSED/FINAL,UNFOUNDED,CHRISTENSEN,AMY,004,,POLICE OFFICER,,FEMALE,WHITE,apr2016,,,05,0,0,1
1054693,434,103RD ST,2255,POLICE FACILITY/VEH PARKING LOT,16oct2011 04:23:00,16oct2011 04:44:59,12jun2012,HENRY,GRABOWSKI JR,18535,004,,03oct1994,POLICE OFFICER,05R,CIVIL SUITS - THIRD PARTY ,05R,CIVIL SUITS - THIRD PARTY ,CLOSED/FINAL,SUSTAINED,CHRISTENSEN,AMY,004,,POLICE OFFICER,,FEMALE,WHITE,apr2016,,,05,0,0,1
1054693,434,103RD ST,2255,POLICE FACILITY/VEH PARKING LOT,16oct2011 04:23:00,16oct2011 04:44:59,12jun2012,DENNIS,GRAHAM,,004,,01may1992,DETENTION AIDE,05R,CIVIL SUITS - THIRD PARTY ,05R,CIVIL SUITS - THIRD PARTY ,CLOSED/FINAL,UNFOUNDED,GRABOWSKI JR,HENRY,004,,POLICE OFFICER,,MALE,WHITE,apr2016,,,05,0,0,1
1054693,434,103RD ST,2255,POLICE FACILITY/VEH PARKING LOT,16oct2011 04:23:00,16oct2011 04:44:59,12jun2012,MARK,NOTTOLI,988,004,,06sep1994,SERGEANT OF POLICE,05R,CIVIL SUITS - THIRD PARTY ,05R,CIVIL SUITS - THIRD PARTY ,CLOSED/FINAL,SUSTAINED,NOTTOLI,MARK,004,,SERGEANT OF POLICE,,MALE,WHITE,apr2016,,,05,0,0,1
1054693,434,103RD ST,2255,POLICE FACILITY/VEH PARKING LOT,16oct2011 04:23:00,16oct2011 04:44:59,12jun2012,MARK,NOTTOLI,988,004,,06sep1994,SERGEANT OF POLICE,05R,CIVIL SUITS - THIRD PARTY ,05R,CIVIL SUITS - THIRD PARTY ,CLOSED/FINAL,SUSTAINED,MCCUNE,KENNARD ,,,UNKNOWN,44,MALE,BLACK,apr2016,,,05,0,0,1
1054693,434,103RD ST,2255,POLICE FACILITY/VEH PARKING LOT,16oct2011 04:23:00,16oct2011 04:44:59,12jun2012,DERON,COX,12211,004,,21jun1999,POLICE OFFICER,05R,CIVIL SUITS - THIRD PARTY ,05R,CIVIL SUITS - THIRD PARTY ,CLOSED/FINAL,UNFOUNDED,MACFARLANE,TIMOTHY,004,,POLICE OFFICER,,MALE,WHITE,apr2016,,,05,0,0,1
1054693,434,103RD ST,2255,POLICE FACILITY/VEH PARKING LOT,16oct2011 04:23:00,16oct2011 04:44:59,12jun2012,HENRY,GRABOWSKI JR,18535,004,,03oct1994,POLICE OFFICER,05R,CIVIL SUITS - THIRD PARTY ,05R,CIVIL SUITS - THIRD PARTY ,CLOSED/FINAL,SUSTAINED,JONES,VINCENT,113,,INVESTIGATOR 2 IPRA,,MALE,BLACK,apr2016,,,05,0,0,1
1054693,434,103RD ST,2255,POLICE FACILITY/VEH PARKING LOT,16oct2011 04:23:00,16oct2011 04:44:59,12jun2012,DENNIS,GRAHAM,,004,,01may1992,DETENTION AIDE,05R,CIVIL SUITS - THIRD PARTY ,05R,CIVIL SUITS - THIRD PARTY ,CLOSED/FINAL,UNFOUNDED,GRAHAM,DENNIS,004,,DETENTION AIDE,,MALE,BLACK,apr2016,,,05,0,0,1
1054693,434,103RD ST,2255,POLICE FACILITY/VEH PARKING LOT,16oct2011 04:23:00,16oct2011 04:44:59,12jun2012,KEVIN,NAVARRO,45,025,,16jun1986,COMMANDER,05R,CIVIL SUITS - THIRD PARTY ,05R,CIVIL SUITS - THIRD PARTY ,CLOSED/FINAL,SUSTAINED,HINKLE,CURTIS,004,,POLICE OFFICER,,MALE,BLACK,apr2016,,,05,0,0,1
1054693,434,103RD ST,2255,POLICE FACILITY/VEH PARKING LOT,16oct2011 04:23:00,16oct2011 04:44:59,12jun2012,HENRY,GRABOWSKI JR,18535,004,,03oct1994,POLICE OFFICER,05R,CIVIL SUITS - THIRD PARTY ,05R,CIVIL SUITS - THIRD PARTY ,CLOSED/FINAL,SUSTAINED,GRAHAM,DENNIS,004,,DETENTION AIDE,,MALE,BLACK,apr2016,,,05,0,0,1
1054693,434,103RD ST,2255,POLICE FACILITY/VEH PARKING LOT,16oct2011 04:23:00,16oct2011 04:44:59,12jun2012,MARK,NOTTOLI,988,004,,06sep1994,SERGEANT OF POLICE,05R,CIVIL SUITS - THIRD PARTY ,05R,CIVIL SUITS - THIRD PARTY ,CLOSED/FINAL,SUSTAINED,CISNEROS JR,HERBERT,004,,POLICE OFFICER,,MALE,SPANISH (DO NOT USE),apr2016,,,05,0,0,1
1054693,434,103RD ST,2255,POLICE FACILITY/VEH PARKING LOT,16oct2011 04:23:00,16oct2011 04:44:59,12jun2012,MARK,NOTTOLI,988,004,,06sep1994,SERGEANT OF POLICE,05R,CIVIL SUITS - THIRD PARTY ,05R,CIVIL SUITS - THIRD PARTY ,CLOSED/FINAL,SUSTAINED,COX,DERON,004,,POLICE OFFICER,,MALE,BLACK,apr2016,,,05,0,0,1
1054693,434,103RD ST,2255,POLICE FACILITY/VEH PARKING LOT,16oct2011 04:23:00,16oct2011 04:44:59,12jun2012,HENRY,GRABOWSKI JR,18535,004,,03oct1994,POLICE OFFICER,05R,CIVIL SUITS - THIRD PARTY ,05R,CIVIL SUITS - THIRD PARTY ,CLOSED/FINAL,SUSTAINED,PIECHOCKI,JOHN,004,,SERGEANT OF POLICE,,MALE,WHITE,apr2016,,,05,0,0,1
1054693,434,103RD ST,2255,POLICE FACILITY/VEH PARKING LOT,16oct2011 04:23:00,16oct2011 04:44:59,12jun2012,DENNIS,GRAHAM,,004,,01may1992,DETENTION AIDE,05R,CIVIL SUITS - THIRD PARTY ,05R,CIVIL SUITS - THIRD PARTY ,CLOSED/FINAL,UNFOUNDED,COX,DERON,004,,POLICE OFFICER,,MALE,BLACK,apr2016,,,05,0,0,1
1054693,434,103RD ST,2255,POLICE FACILITY/VEH PARKING LOT,16oct2011 04:23:00,16oct2011 04:44:59,12jun2012,DENNIS,GRAHAM,,004,,01may1992,DETENTION AIDE,05R,CIVIL SUITS - THIRD PARTY ,05R,CIVIL SUITS - THIRD PARTY ,CLOSED/FINAL,UNFOUNDED,MCCUNE,KENNARD ,,,UNKNOWN,45,MALE,BLACK,apr2016,,,05,0,0,1
1054693,434,103RD ST,2255,POLICE FACILITY/VEH PARKING LOT,16oct2011 04:23:00,16oct2011 04:44:59,12jun2012,HENRY,GRABOWSKI JR,18535,004,,03oct1994,POLICE OFFICER,05R,CIVIL SUITS - THIRD PARTY ,05R,CIVIL SUITS - THIRD PARTY ,CLOSED/FINAL,SUSTAINED,GILBERT,GIGI,,,UNKNOWN,,FEMALE,,apr2016,,,05,0,0,1
1054693,434,103RD ST,2255,POLICE FACILITY/VEH PARKING LOT,16oct2011 04:23:00,16oct2011 04:44:59,12jun2012,HENRY,GRABOWSKI JR,18535,004,,03oct1994,POLICE OFFICER,05R,CIVIL SUITS - THIRD PARTY ,05R,CIVIL SUITS - THIRD PARTY ,CLOSED/FINAL,SUSTAINED,NOTTOLI,MARK,004,,SERGEANT OF POLICE,,MALE,WHITE,apr2016,,,05,0,0,1
1054693,434,103RD ST,2255,POLICE FACILITY/VEH PARKING LOT,16oct2011 04:23:00,16oct2011 04:44:59,12jun2012,HENRY,GRABOWSKI JR,18535,004,,03oct1994,POLICE OFFICER,05R,CIVIL SUITS - THIRD PARTY ,05R,CIVIL SUITS - THIRD PARTY ,CLOSED/FINAL,SUSTAINED,MCCUNE,KENNARD ,,,UNKNOWN,45,MALE,BLACK,apr2016,,,05,0,0,1
1054693,434,103RD ST,2255,POLICE FACILITY/VEH PARKING LOT,16oct2011 04:23:00,16oct2011 04:44:59,12jun2012,HENRY,GRABOWSKI JR,18535,004,,03oct1994,POLICE OFFICER,05R,CIVIL SUITS - THIRD PARTY ,05R,CIVIL SUITS - THIRD PARTY ,CLOSED/FINAL,SUSTAINED,MACFARLANE,TIMOTHY,004,,POLICE OFFICER,,MALE,WHITE,apr2016,,,05,0,0,1
1054693,434,103RD ST,2255,POLICE FACILITY/VEH PARKING LOT,16oct2011 04:23:00,16oct2011 04:44:59,12jun2012,HENRY,GRABOWSKI JR,18535,004,,03oct1994,POLICE OFFICER,05R,CIVIL SUITS - THIRD PARTY ,05R,CIVIL SUITS - THIRD PARTY ,CLOSED/FINAL,SUSTAINED,HINKLE,CURTIS,004,,POLICE OFFICER,,MALE,BLACK,apr2016,,,05,0,0,1
1054693,434,103RD ST,2255,POLICE FACILITY/VEH PARKING LOT,16oct2011 04:23:00,16oct2011 04:44:59,12jun2012,DENNIS,GRAHAM,,004,,01may1992,DETENTION AIDE,05R,CIVIL SUITS - THIRD PARTY ,05R,CIVIL SUITS - THIRD PARTY ,CLOSED/FINAL,UNFOUNDED,MACFARLANE,TIMOTHY,004,,POLICE OFFICER,,MALE,WHITE,apr2016,,,05,0,0,1
1054693,434,103RD ST,2255,POLICE FACILITY/VEH PARKING LOT,16oct2011 04:23:00,16oct2011 04:44:59,12jun2012,DERON,COX,12211,004,,21jun1999,POLICE OFFICER,05R,CIVIL SUITS - THIRD PARTY ,05R,CIVIL SUITS - THIRD PARTY ,CLOSED/FINAL,UNFOUNDED,GILBERT,GIGI,,,UNKNOWN,,FEMALE,,apr2016,,,05,0,0,1
1054693,434,103RD ST,2255,POLICE FACILITY/VEH PARKING LOT,16oct2011 04:23:00,16oct2011 04:44:59,12jun2012,DERON,COX,12211,004,,21jun1999,POLICE OFFICER,05R,CIVIL SUITS - THIRD PARTY ,05R,CIVIL SUITS - THIRD PARTY ,CLOSED/FINAL,UNFOUNDED,PIECHOCKI,JOHN,004,,SERGEANT OF POLICE,,MALE,WHITE,apr2016,,,05,0,0,1
1054693,434,103RD ST,2255,POLICE FACILITY/VEH PARKING LOT,16oct2011 04:23:00,16oct2011 04:44:59,12jun2012,DERON,COX,12211,004,,21jun1999,POLICE OFFICER,05R,CIVIL SUITS - THIRD PARTY ,05R,CIVIL SUITS - THIRD PARTY ,CLOSED/FINAL,UNFOUNDED,JONES,VINCENT,113,,INVESTIGATOR 2 IPRA,,MALE,BLACK,apr2016,,,05,0,0,1
1054693,434,103RD ST,2255,POLICE FACILITY/VEH PARKING LOT,16oct2011 04:23:00,16oct2011 04:44:59,12jun2012,DERON,COX,12211,004,,21jun1999,POLICE OFFICER,05R,CIVIL SUITS - THIRD PARTY ,05R,CIVIL SUITS - THIRD PARTY ,CLOSED/FINAL,UNFOUNDED,HIGGINS,MICHAEL,004,,POLICE OFFICER,,MALE,WHITE,apr2016,,,05,0,0,1
1054693,434,103RD ST,2255,POLICE FACILITY/VEH PARKING LOT,16oct2011 04:23:00,16oct2011 04:44:59,12jun2012,MARK,NOTTOLI,988,004,,06sep1994,SERGEANT OF POLICE,05R,CIVIL SUITS - THIRD PARTY ,05R,CIVIL SUITS - THIRD PARTY ,CLOSED/FINAL,SUSTAINED,MACFARLANE,TIMOTHY,004,,POLICE OFFICER,,MALE,WHITE,apr2016,,,05,0,0,1
1054693,434,103RD ST,2255,POLICE FACILITY/VEH PARKING LOT,16oct2011 04:23:00,16oct2011 04:44:59,12jun2012,DERON,COX,12211,004,,21jun1999,POLICE OFFICER,05R,CIVIL SUITS - THIRD PARTY ,05R,CIVIL SUITS - THIRD PARTY ,CLOSED/FINAL,UNFOUNDED,GRAHAM,DENNIS,004,,DETENTION AIDE,,MALE,BLACK,apr2016,,,05,0,0,1
1054693,434,103RD ST,2255,POLICE FACILITY/VEH PARKING LOT,16oct2011 04:23:00,16oct2011 04:44:59,12jun2012,DENNIS,GRAHAM,,004,,01may1992,DETENTION AIDE,05R,CIVIL SUITS - THIRD PARTY ,05R,CIVIL SUITS - THIRD PARTY ,CLOSED/FINAL,UNFOUNDED,HINKLE,CURTIS,004,,POLICE OFFICER,,MALE,BLACK,apr2016,,,05,0,0,1
1054693,434,103RD ST,2255,POLICE FACILITY/VEH PARKING LOT,16oct2011 04:23:00,16oct2011 04:44:59,12jun2012,DENNIS,GRAHAM,,004,,01may1992,DETENTION AIDE,05R,CIVIL SUITS - THIRD PARTY ,05R,CIVIL SUITS - THIRD PARTY ,CLOSED/FINAL,UNFOUNDED,HIGGINS,MICHAEL,004,,POLICE OFFICER,,MALE,WHITE,apr2016,,,05,0,0,1
1054693,434,103RD ST,2255,POLICE FACILITY/VEH PARKING LOT,16oct2011 04:23:00,16oct2011 04:44:59,12jun2012,DERON,COX,12211,004,,21jun1999,POLICE OFFICER,05R,CIVIL SUITS - THIRD PARTY ,05R,CIVIL SUITS - THIRD PARTY ,CLOSED/FINAL,UNFOUNDED,MCCUNE,KENNARD ,,,UNKNOWN,44,MALE,BLACK,apr2016,,,05,0,0,1
1054693,434,103RD ST,2255,POLICE FACILITY/VEH PARKING LOT,16oct2011 04:23:00,16oct2011 04:44:59,12jun2012,KEVIN,NAVARRO,45,025,,16jun1986,COMMANDER,05R,CIVIL SUITS - THIRD PARTY ,05R,CIVIL SUITS - THIRD PARTY ,CLOSED/FINAL,SUSTAINED,GILBERT,GIGI,,,UNKNOWN,,FEMALE,,apr2016,,,05,0,0,1
1054693,434,103RD ST,2255,POLICE FACILITY/VEH PARKING LOT,16oct2011 04:23:00,16oct2011 04:44:59,12jun2012,DENNIS,GRAHAM,,004,,01may1992,DETENTION AIDE,05R,CIVIL SUITS - THIRD PARTY ,05R,CIVIL SUITS - THIRD PARTY ,CLOSED/FINAL,UNFOUNDED,MCCUNE,KENNARD ,,,UNKNOWN,44,MALE,BLACK,apr2016,,,05,0,0,1
1054693,434,103RD ST,2255,POLICE FACILITY/VEH PARKING LOT,16oct2011 04:23:00,16oct2011 04:44:59,12jun2012,DENNIS,GRAHAM,,004,,01may1992,DETENTION AIDE,05R,CIVIL SUITS - THIRD PARTY ,05R,CIVIL SUITS - THIRD PARTY ,CLOSED/FINAL,UNFOUNDED,GILBERT,GIGI,,,UNKNOWN,,FEMALE,,apr2016,,,05,0,0,1
1054693,434,103RD ST,2255,POLICE FACILITY/VEH PARKING LOT,16oct2011 04:23:00,16oct2011 04:44:59,12jun2012,DERON,COX,12211,004,,21jun1999,POLICE OFFICER,05R,CIVIL SUITS - THIRD PARTY ,05R,CIVIL SUITS - THIRD PARTY ,CLOSED/FINAL,UNFOUNDED,GRABOWSKI JR,HENRY,004,,POLICE OFFICER,,MALE,WHITE,apr2016,,,05,0,0,1
1054693,434,103RD ST,2255,POLICE FACILITY/VEH PARKING LOT,16oct2011 04:23:00,16oct2011 04:44:59,12jun2012,HENRY,GRABOWSKI JR,18535,004,,03oct1994,POLICE OFFICER,05R,CIVIL SUITS - THIRD PARTY ,05R,CIVIL SUITS - THIRD PARTY ,CLOSED/FINAL,SUSTAINED,GRABOWSKI JR,HENRY,004,,POLICE OFFICER,,MALE,WHITE,apr2016,,,05,0,0,1
1054693,434,103RD ST,2255,POLICE FACILITY/VEH PARKING LOT,16oct2011 04:23:00,16oct2011 04:44:59,12jun2012,DERON,COX,12211,004,,21jun1999,POLICE OFFICER,05R,CIVIL SUITS - THIRD PARTY ,05R,CIVIL SUITS - THIRD PARTY ,CLOSED/FINAL,UNFOUNDED,HINKLE,CURTIS,004,,POLICE OFFICER,,MALE,BLACK,apr2016,,,05,0,0,1
1054693,434,103RD ST,2255,POLICE FACILITY/VEH PARKING LOT,16oct2011 04:23:00,16oct2011 04:44:59,12jun2012,KEVIN,NAVARRO,45,025,,16jun1986,COMMANDER,05R,CIVIL SUITS - THIRD PARTY ,05R,CIVIL SUITS - THIRD PARTY ,CLOSED/FINAL,SUSTAINED,COX,DERON,004,,POLICE OFFICER,,MALE,BLACK,apr2016,,,05,0,0,1
1054693,434,103RD ST,2255,POLICE FACILITY/VEH PARKING LOT,16oct2011 04:23:00,16oct2011 04:44:59,12jun2012,MARK,NOTTOLI,988,004,,06sep1994,SERGEANT OF POLICE,05R,CIVIL SUITS - THIRD PARTY ,05R,CIVIL SUITS - THIRD PARTY ,CLOSED/FINAL,SUSTAINED,PIECHOCKI,JOHN,004,,SERGEANT OF POLICE,,MALE,WHITE,apr2016,,,05,0,0,1
1054693,434,103RD ST,2255,POLICE FACILITY/VEH PARKING LOT,16oct2011 04:23:00,16oct2011 04:44:59,12jun2012,KEVIN,NAVARRO,45,025,,16jun1986,COMMANDER,05R,CIVIL SUITS - THIRD PARTY ,05R,CIVIL SUITS - THIRD PARTY ,CLOSED/FINAL,SUSTAINED,MCCUNE,KENNARD ,,,UNKNOWN,45,MALE,BLACK,apr2016,,,05,0,0,1
1054693,434,103RD ST,2255,POLICE FACILITY/VEH PARKING LOT,16oct2011 04:23:00,16oct2011 04:44:59,12jun2012,KEVIN,NAVARRO,45,025,,16jun1986,COMMANDER,05R,CIVIL SUITS - THIRD PARTY ,05R,CIVIL SUITS - THIRD PARTY ,CLOSED/FINAL,SUSTAINED,JONES,VINCENT,113,,INVESTIGATOR 2 IPRA,,MALE,BLACK,apr2016,,,05,0,0,1
1054693,434,103RD ST,2255,POLICE FACILITY/VEH PARKING LOT,16oct2011 04:23:00,16oct2011 04:44:59,12jun2012,DENNIS,GRAHAM,,004,,01may1992,DETENTION AIDE,05R,CIVIL SUITS - THIRD PARTY ,05R,CIVIL SUITS - THIRD PARTY ,CLOSED/FINAL,UNFOUNDED,CHRISTENSEN,AMY,004,,POLICE OFFICER,,FEMALE,WHITE,apr2016,,,05,0,0,1
1054693,434,103RD ST,2255,POLICE FACILITY/VEH PARKING LOT,16oct2011 04:23:00,16oct2011 04:44:59,12jun2012,HENRY,GRABOWSKI JR,18535,004,,03oct1994,POLICE OFFICER,05R,CIVIL SUITS - THIRD PARTY ,05R,CIVIL SUITS - THIRD PARTY ,CLOSED/FINAL,SUSTAINED,HIGGINS,MICHAEL,004,,POLICE OFFICER,,MALE,WHITE,apr2016,,,05,0,0,1
1054693,434,103RD ST,2255,POLICE FACILITY/VEH PARKING LOT,16oct2011 04:23:00,16oct2011 04:44:59,12jun2012,DERON,COX,12211,004,,21jun1999,POLICE OFFICER,05R,CIVIL SUITS - THIRD PARTY ,05R,CIVIL SUITS - THIRD PARTY ,CLOSED/FINAL,UNFOUNDED,MCCUNE,KENNARD ,,,UNKNOWN,45,MALE,BLACK,apr2016,,,05,0,0,1
1054693,434,103RD ST,2255,POLICE FACILITY/VEH PARKING LOT,16oct2011 04:23:00,16oct2011 04:44:59,12jun2012,DENNIS,GRAHAM,,004,,01may1992,DETENTION AIDE,05R,CIVIL SUITS - THIRD PARTY ,05R,CIVIL SUITS - THIRD PARTY ,CLOSED/FINAL,UNFOUNDED,CISNEROS JR,HERBERT,004,,POLICE OFFICER,,MALE,SPANISH (DO NOT USE),apr2016,,,05,0,0,1
1054693,434,103RD ST,2255,POLICE FACILITY/VEH PARKING LOT,16oct2011 04:23:00,16oct2011 04:44:59,12jun2012,DERON,COX,12211,004,,21jun1999,POLICE OFFICER,05R,CIVIL SUITS - THIRD PARTY ,05R,CIVIL SUITS - THIRD PARTY ,CLOSED/FINAL,UNFOUNDED,CISNEROS JR,HERBERT,004,,POLICE OFFICER,,MALE,SPANISH (DO NOT USE),apr2016,,,05,0,0,1
1054693,434,103RD ST,2255,POLICE FACILITY/VEH PARKING LOT,16oct2011 04:23:00,16oct2011 04:44:59,12jun2012,KEVIN,NAVARRO,45,025,,16jun1986,COMMANDER,05R,CIVIL SUITS - THIRD PARTY ,05R,CIVIL SUITS - THIRD PARTY ,CLOSED/FINAL,SUSTAINED,GRAHAM,DENNIS,004,,DETENTION AIDE,,MALE,BLACK,apr2016,,,05,0,0,1
1054693,434,103RD ST,2255,POLICE FACILITY/VEH PARKING LOT,16oct2011 04:23:00,16oct2011 04:44:59,12jun2012,HENRY,GRABOWSKI JR,18535,004,,03oct1994,POLICE OFFICER,05R,CIVIL SUITS - THIRD PARTY ,05R,CIVIL SUITS - THIRD PARTY ,CLOSED/FINAL,SUSTAINED,MCCUNE,KENNARD ,,,UNKNOWN,44,MALE,BLACK,apr2016,,,05,0,0,1
1054693,434,103RD ST,2255,POLICE FACILITY/VEH PARKING LOT,16oct2011 04:23:00,16oct2011 04:44:59,12jun2012,HENRY,GRABOWSKI JR,18535,004,,03oct1994,POLICE OFFICER,05R,CIVIL SUITS - THIRD PARTY ,05R,CIVIL SUITS - THIRD PARTY ,CLOSED/FINAL,SUSTAINED,COX,DERON,004,,POLICE OFFICER,,MALE,BLACK,apr2016,,,05,0,0,1
1054693,434,103RD ST,2255,POLICE FACILITY/VEH PARKING LOT,16oct2011 04:23:00,16oct2011 04:44:59,12jun2012,MARK,NOTTOLI,988,004,,06sep1994,SERGEANT OF POLICE,05R,CIVIL SUITS - THIRD PARTY ,05R,CIVIL SUITS - THIRD PARTY ,CLOSED/FINAL,SUSTAINED,GILBERT,GIGI,,,UNKNOWN,,FEMALE,,apr2016,,,05,0,0,1
