COMPLAINT_NUMBER,BEAT,STREET,ADDRESS,LOCATION_CODE,INCIDENT_TIME_START,INCIDENT_TIME_END,NOTIFICATION_DATE,ACCSUEDOFFICER_FNAME,ACCUSEDOFFICER_LNAME,ACCUSED_STAR,ACCUSED_UNIT,ACCUSED_DETAIL,ACCUSED_APPOINTMENT_DATE,ACCUSED_POSITION,INITIAL_CATEGORY_CODE,INITIAL_CATEGORY,CURRENT_CATEGORY_CODE,CURRENT_CATEGORY,CURRENT_STATUS,FINDING_CODE,INVOLVED_OFFICER_LNAME,INVOLVED_OFFICER_FNAME,INVOLVED_OFFICER_UNIT,INVOLVED_OFFICER_DETAIL,INVOLVED_OFFICER_POSITION,INVOLVED_OFFICER_AGE,INVOLVED_OFFICER_SEX,INVOLVED_OFFICER_RACE,foia,INVOLVED_OFFICER_DESCRIPTION,INVOLVED_OFFICER_TYPE,start_code_2,start_code_1,rec,sum_rec
1056330,2432,CLARK ST,6464,POLICE FACILITY/VEH PARKING LOT,22may2012 03:20:00,22may2012 03:30:00,15aug2012,,,,,,,,05A,EXCESSIVE FORCE / ON DUTY - INJURY,S005,KICKED,CLOSED/FINAL,EXONERATED,SCHUETZ,NIKOLAUS,,,UNKNOWN,27,MALE,WHITE,apr2016,,,05,0,0,1
1056330,2432,CLARK ST,6464,POLICE FACILITY/VEH PARKING LOT,22may2012 03:20:00,22may2012 03:30:00,15aug2012,JOHN,BRODERICK,667,018,,30aug1982,LIEUTENANT OF POLICE,05A,EXCESSIVE FORCE / ON DUTY - INJURY,S005,KICKED,CLOSED/FINAL,UNFOUNDED,SCHUETZ,NIKOLAUS,,,UNKNOWN,27,MALE,WHITE,apr2016,,,05,0,0,1
1056330,2432,CLARK ST,6464,POLICE FACILITY/VEH PARKING LOT,22may2012 03:20:00,22may2012 03:30:00,15aug2012,JOHN,BRODERICK,667,018,,30aug1982,LIEUTENANT OF POLICE,05A,EXCESSIVE FORCE / ON DUTY - INJURY,S005,KICKED,CLOSED/FINAL,UNFOUNDED,SCHUETZ,NIKOLAUS,,,UNKNOWN,26,MALE,WHITE,apr2016,,,05,0,0,1
1056330,2432,CLARK ST,6464,POLICE FACILITY/VEH PARKING LOT,22may2012 03:20:00,22may2012 03:30:00,15aug2012,JUAN,ESCALANTE,17477,024,,03jan2005,POLICE OFFICER,05A,EXCESSIVE FORCE / ON DUTY - INJURY,S005,KICKED,CLOSED/FINAL,EXONERATED,SCHUETZ,NIKOLAUS,,,UNKNOWN,27,MALE,WHITE,apr2016,,,05,0,0,1
1056330,2432,CLARK ST,6464,POLICE FACILITY/VEH PARKING LOT,22may2012 03:20:00,22may2012 03:30:00,15aug2012,JUAN,ESCALANTE,17477,024,,03jan2005,POLICE OFFICER,05A,EXCESSIVE FORCE / ON DUTY - INJURY,S005,KICKED,CLOSED/FINAL,EXONERATED,SCHUETZ,NIKOLAUS,,,UNKNOWN,26,MALE,WHITE,apr2016,,,05,0,0,1
1056330,2432,CLARK ST,6464,POLICE FACILITY/VEH PARKING LOT,22may2012 03:20:00,22may2012 03:30:00,15aug2012,,,,,,,,05A,EXCESSIVE FORCE / ON DUTY - INJURY,S005,KICKED,CLOSED/FINAL,EXONERATED,SCHUETZ,NIKOLAUS,,,UNKNOWN,26,MALE,WHITE,apr2016,,,05,0,1,1
