COMPLAINT_NUMBER,BEAT,STREET,ADDRESS,LOCATION_CODE,INCIDENT_TIME_START,INCIDENT_TIME_END,NOTIFICATION_DATE,ACCSUEDOFFICER_FNAME,ACCUSEDOFFICER_LNAME,ACCUSED_STAR,ACCUSED_UNIT,ACCUSED_DETAIL,ACCUSED_APPOINTMENT_DATE,ACCUSED_POSITION,INITIAL_CATEGORY_CODE,INITIAL_CATEGORY,CURRENT_CATEGORY_CODE,CURRENT_CATEGORY,CURRENT_STATUS,FINDING_CODE,INVOLVED_OFFICER_LNAME,INVOLVED_OFFICER_FNAME,INVOLVED_OFFICER_UNIT,INVOLVED_OFFICER_DETAIL,INVOLVED_OFFICER_POSITION,INVOLVED_OFFICER_AGE,INVOLVED_OFFICER_SEX,INVOLVED_OFFICER_RACE,foia,INVOLVED_OFFICER_DESCRIPTION,INVOLVED_OFFICER_TYPE,start_code_2,start_code_1,rec,sum_rec
1062647,621,80TH ST,520,ALLEY,02jun2013 13:14:00,02jun2013 13:14:00,03jun2013,,,,,,,,05P,UNNECESSARY DISPLAY OF WEAPON / ON DUTY,05P,UNNECESSARY DISPLAY OF WEAPON / ON DUTY,CLOSED/FINAL,UNFOUNDED,LURRY,MARCEL,,,UNKNOWN,13,MALE,BLACK,apr2016,,,05,0,0,1
1062647,621,80TH ST,520,ALLEY,02jun2013 13:14:00,02jun2013 13:14:00,03jun2013,,,,,,,,05P,UNNECESSARY DISPLAY OF WEAPON / ON DUTY,05P,UNNECESSARY DISPLAY OF WEAPON / ON DUTY,CLOSED/FINAL,UNFOUNDED,LURRY,MARCEL,,,UNKNOWN,16,MALE,BLACK,apr2016,,,05,0,0,1
1062647,621,80TH ST,520,ALLEY,02jun2013 13:14:00,02jun2013 13:14:00,03jun2013,,,,,,,,05P,UNNECESSARY DISPLAY OF WEAPON / ON DUTY,05P,UNNECESSARY DISPLAY OF WEAPON / ON DUTY,CLOSED/FINAL,UNFOUNDED,LEWIS,NICOLE,,,UNKNOWN,33,FEMALE,BLACK,apr2016,,,05,0,0,1
1062647,621,80TH ST,520,ALLEY,02jun2013 13:14:00,02jun2013 13:14:00,03jun2013,,,,,,,,05P,UNNECESSARY DISPLAY OF WEAPON / ON DUTY,05P,UNNECESSARY DISPLAY OF WEAPON / ON DUTY,CLOSED/FINAL,UNFOUNDED,LEWIS,NICOLE,,,UNKNOWN,36,FEMALE,BLACK,apr2016,,,05,0,0,1
