COMPLAINT_NUMBER,BEAT,STREET,ADDRESS,LOCATION_CODE,INCIDENT_TIME_START,INCIDENT_TIME_END,NOTIFICATION_DATE,ACCSUEDOFFICER_FNAME,ACCUSEDOFFICER_LNAME,ACCUSED_STAR,ACCUSED_UNIT,ACCUSED_DETAIL,ACCUSED_APPOINTMENT_DATE,ACCUSED_POSITION,INITIAL_CATEGORY_CODE,INITIAL_CATEGORY,CURRENT_CATEGORY_CODE,CURRENT_CATEGORY,CURRENT_STATUS,FINDING_CODE,INVOLVED_OFFICER_LNAME,INVOLVED_OFFICER_FNAME,INVOLVED_OFFICER_UNIT,INVOLVED_OFFICER_DETAIL,INVOLVED_OFFICER_POSITION,INVOLVED_OFFICER_AGE,INVOLVED_OFFICER_SEX,INVOLVED_OFFICER_RACE,foia,INVOLVED_OFFICER_DESCRIPTION,INVOLVED_OFFICER_TYPE,start_code_2,start_code_1,rec,sum_rec
1054306,713,63RD ST,1438,POLICE FACILITY/VEH PARKING LOT,21may2012 16:30:00,21may2012 16:30:00,26may2012,ROBERT,CUMMINGS,17841,007,,26sep2005,POLICE OFFICER,05A,EXCESSIVE FORCE / ON DUTY - INJURY,S023,OPEN HAND STRIKE (SLAP),CLOSED/FINAL,UNFOUNDED,SNELLING,BRIAN,,,UNKNOWN,34,MALE,BLACK,apr2016,,,05,0,0,1
1054306,713,63RD ST,1438,POLICE FACILITY/VEH PARKING LOT,21may2012 16:30:00,21may2012 16:30:00,26may2012,ROBERT,CUMMINGS,17841,007,,26sep2005,POLICE OFFICER,05A,EXCESSIVE FORCE / ON DUTY - INJURY,S023,OPEN HAND STRIKE (SLAP),CLOSED/FINAL,NOT SUSTAINED,SNELLING,BRIAN,,,UNKNOWN,34,MALE,BLACK,apr2016,,,05,0,0,1
1054306,713,63RD ST,1438,POLICE FACILITY/VEH PARKING LOT,21may2012 16:30:00,21may2012 16:30:00,26may2012,EUGENE,SOLOMON,19766,007,,03jan2005,POLICE OFFICER,05A,EXCESSIVE FORCE / ON DUTY - INJURY,S023,OPEN HAND STRIKE (SLAP),CLOSED/FINAL,NOT SUSTAINED,SNELLING,BRIAN,,,UNKNOWN,34,MALE,BLACK,apr2016,,,05,0,0,1
1054306,713,63RD ST,1438,POLICE FACILITY/VEH PARKING LOT,21may2012 16:30:00,21may2012 16:30:00,26may2012,EUGENE,SOLOMON,19766,007,,03jan2005,POLICE OFFICER,05A,EXCESSIVE FORCE / ON DUTY - INJURY,S023,OPEN HAND STRIKE (SLAP),CLOSED/FINAL,NOT SUSTAINED,SNELLING,BRIAN,,,UNKNOWN,33,MALE,BLACK,apr2016,,,05,0,0,1
1054306,713,63RD ST,1438,POLICE FACILITY/VEH PARKING LOT,21may2012 16:30:00,21may2012 16:30:00,26may2012,,,,,,,,05A,EXCESSIVE FORCE / ON DUTY - INJURY,S023,OPEN HAND STRIKE (SLAP),CLOSED/FINAL,NOT SUSTAINED,SNELLING,BRIAN,,,UNKNOWN,34,MALE,BLACK,apr2016,,,05,0,0,1
1054306,713,63RD ST,1438,POLICE FACILITY/VEH PARKING LOT,21may2012 16:30:00,21may2012 16:30:00,26may2012,,,,,,,,05A,EXCESSIVE FORCE / ON DUTY - INJURY,S023,OPEN HAND STRIKE (SLAP),CLOSED/FINAL,NO AFFIDAVIT,SNELLING,BRIAN,,,UNKNOWN,33,MALE,BLACK,apr2016,,,05,0,1,1
1054306,713,63RD ST,1438,POLICE FACILITY/VEH PARKING LOT,21may2012 16:30:00,21may2012 16:30:00,26may2012,EUGENE,SOLOMON,19766,007,,03jan2005,POLICE OFFICER,05A,EXCESSIVE FORCE / ON DUTY - INJURY,S023,OPEN HAND STRIKE (SLAP),CLOSED/FINAL,UNFOUNDED,SNELLING,BRIAN,,,UNKNOWN,34,MALE,BLACK,apr2016,,,05,0,0,1
1054306,713,63RD ST,1438,POLICE FACILITY/VEH PARKING LOT,21may2012 16:30:00,21may2012 16:30:00,26may2012,EUGENE,SOLOMON,19766,007,,03jan2005,POLICE OFFICER,05A,EXCESSIVE FORCE / ON DUTY - INJURY,S023,OPEN HAND STRIKE (SLAP),CLOSED/FINAL,UNFOUNDED,SNELLING,BRIAN,,,UNKNOWN,33,MALE,BLACK,apr2016,,,05,0,0,1
1054306,713,63RD ST,1438,POLICE FACILITY/VEH PARKING LOT,21may2012 16:30:00,21may2012 16:30:00,26may2012,ROBERT,CUMMINGS,17841,007,,26sep2005,POLICE OFFICER,05A,EXCESSIVE FORCE / ON DUTY - INJURY,S023,OPEN HAND STRIKE (SLAP),CLOSED/FINAL,UNFOUNDED,SNELLING,BRIAN,,,UNKNOWN,33,MALE,BLACK,apr2016,,,05,0,0,1
1054306,713,63RD ST,1438,POLICE FACILITY/VEH PARKING LOT,21may2012 16:30:00,21may2012 16:30:00,26may2012,,,,,,,,05A,EXCESSIVE FORCE / ON DUTY - INJURY,S023,OPEN HAND STRIKE (SLAP),CLOSED/FINAL,NOT SUSTAINED,SNELLING,BRIAN,,,UNKNOWN,33,MALE,BLACK,apr2016,,,05,0,0,1
1054306,713,63RD ST,1438,POLICE FACILITY/VEH PARKING LOT,21may2012 16:30:00,21may2012 16:30:00,26may2012,ROBERT,CUMMINGS,17841,007,,26sep2005,POLICE OFFICER,05A,EXCESSIVE FORCE / ON DUTY - INJURY,S023,OPEN HAND STRIKE (SLAP),CLOSED/FINAL,NOT SUSTAINED,SNELLING,BRIAN,,,UNKNOWN,33,MALE,BLACK,apr2016,,,05,0,0,1
1054306,713,63RD ST,1438,POLICE FACILITY/VEH PARKING LOT,21may2012 16:30:00,21may2012 16:30:00,26may2012,,,,,,,,05A,EXCESSIVE FORCE / ON DUTY - INJURY,S023,OPEN HAND STRIKE (SLAP),CLOSED/FINAL,NO AFFIDAVIT,SNELLING,BRIAN,,,UNKNOWN,34,MALE,BLACK,apr2016,,,05,0,0,1
