COMPLAINT_NUMBER,BEAT,STREET,ADDRESS,LOCATION_CODE,INCIDENT_TIME_START,INCIDENT_TIME_END,NOTIFICATION_DATE,ACCSUEDOFFICER_FNAME,ACCUSEDOFFICER_LNAME,ACCUSED_STAR,ACCUSED_UNIT,ACCUSED_DETAIL,ACCUSED_APPOINTMENT_DATE,ACCUSED_POSITION,INITIAL_CATEGORY_CODE,INITIAL_CATEGORY,CURRENT_CATEGORY_CODE,CURRENT_CATEGORY,CURRENT_STATUS,FINDING_CODE,INVOLVED_OFFICER_LNAME,INVOLVED_OFFICER_FNAME,INVOLVED_OFFICER_UNIT,INVOLVED_OFFICER_DETAIL,INVOLVED_OFFICER_POSITION,INVOLVED_OFFICER_AGE,INVOLVED_OFFICER_SEX,INVOLVED_OFFICER_RACE,foia,INVOLVED_OFFICER_DESCRIPTION,INVOLVED_OFFICER_TYPE,start_code_2,start_code_1,rec,sum_rec
1060142,932,DAMEN AVE,5325,RESIDENCE,14feb2013 11:15:00,14feb2013 11:15:00,14feb2013,,MC KENDRY,10599,009,,27aug1990,POLICE OFFICER,05A,EXCESSIVE FORCE / ON DUTY - INJURY,05Z,MISCELLANEOUS,CLOSED/FINAL,NOT SUSTAINED,RAWLS,SAMUEL,003,606,POLICE OFFICER,,MALE,BLACK,apr2016,,,05,0,0,1
1060142,932,DAMEN AVE,5325,RESIDENCE,14feb2013 11:15:00,14feb2013 11:15:00,14feb2013,,MC KENDRY,10599,009,,27aug1990,POLICE OFFICER,05A,EXCESSIVE FORCE / ON DUTY - INJURY,05Z,MISCELLANEOUS,CLOSED/FINAL,NOT SUSTAINED,JONES,LAWRENCE,,,UNKNOWN,53,MALE,BLACK,apr2016,,,05,0,0,1
1060142,932,DAMEN AVE,5325,RESIDENCE,14feb2013 11:15:00,14feb2013 11:15:00,14feb2013,,,,,,,,05A,EXCESSIVE FORCE / ON DUTY - INJURY,05Z,MISCELLANEOUS,CLOSED/FINAL,UNFOUNDED,RAWLS,SAMUEL,003,606,POLICE OFFICER,,MALE,BLACK,apr2016,,,05,0,0,1
1060142,932,DAMEN AVE,5325,RESIDENCE,14feb2013 11:15:00,14feb2013 11:15:00,14feb2013,,MC KENDRY,10599,009,,27aug1990,POLICE OFFICER,05A,EXCESSIVE FORCE / ON DUTY - INJURY,05Z,MISCELLANEOUS,CLOSED/FINAL,NOT SUSTAINED,JONES,CONNIE,,,UNKNOWN,58,FEMALE,BLACK,apr2016,,,05,0,0,1
1060142,932,DAMEN AVE,5325,RESIDENCE,14feb2013 11:15:00,14feb2013 11:15:00,14feb2013,,,,,,,,05A,EXCESSIVE FORCE / ON DUTY - INJURY,05Z,MISCELLANEOUS,CLOSED/FINAL,UNFOUNDED,THOMAS,GAIL,,,UNKNOWN,21,FEMALE,BLACK,apr2016,,,05,0,0,1
1060142,932,DAMEN AVE,5325,RESIDENCE,14feb2013 11:15:00,14feb2013 11:15:00,14feb2013,,MC KENDRY,10599,009,,27aug1990,POLICE OFFICER,05A,EXCESSIVE FORCE / ON DUTY - INJURY,05Z,MISCELLANEOUS,CLOSED/FINAL,NOT SUSTAINED,THOMAS,BRITTNEY,,,UNKNOWN,20,FEMALE,BLACK,apr2016,,,05,0,0,1
1060142,932,DAMEN AVE,5325,RESIDENCE,14feb2013 11:15:00,14feb2013 11:15:00,14feb2013,,,,,,,,05A,EXCESSIVE FORCE / ON DUTY - INJURY,05Z,MISCELLANEOUS,CLOSED/FINAL,UNFOUNDED,JONES,LAWRENCE,,,UNKNOWN,52,MALE,BLACK,apr2016,,,05,0,0,1
1060142,932,DAMEN AVE,5325,RESIDENCE,14feb2013 11:15:00,14feb2013 11:15:00,14feb2013,,MC KENDRY,10599,009,,27aug1990,POLICE OFFICER,05A,EXCESSIVE FORCE / ON DUTY - INJURY,05Z,MISCELLANEOUS,CLOSED/FINAL,NOT SUSTAINED,JONES,CONNIE,,,UNKNOWN,57,FEMALE,BLACK,apr2016,,,05,0,0,1
1060142,932,DAMEN AVE,5325,RESIDENCE,14feb2013 11:15:00,14feb2013 11:15:00,14feb2013,,MC KENDRY,10599,009,,27aug1990,POLICE OFFICER,05A,EXCESSIVE FORCE / ON DUTY - INJURY,05Z,MISCELLANEOUS,CLOSED/FINAL,NOT SUSTAINED,JONES,LAWRENCE,,,UNKNOWN,52,MALE,BLACK,apr2016,,,05,0,0,1
1060142,932,DAMEN AVE,5325,RESIDENCE,14feb2013 11:15:00,14feb2013 11:15:00,14feb2013,,,,,,,,05A,EXCESSIVE FORCE / ON DUTY - INJURY,05Z,MISCELLANEOUS,CLOSED/FINAL,UNFOUNDED,THOMAS,BRITTNEY,,,UNKNOWN,20,FEMALE,BLACK,apr2016,,,05,0,0,1
1060142,932,DAMEN AVE,5325,RESIDENCE,14feb2013 11:15:00,14feb2013 11:15:00,14feb2013,,,,,,,,05A,EXCESSIVE FORCE / ON DUTY - INJURY,05Z,MISCELLANEOUS,CLOSED/FINAL,UNFOUNDED,JONES,LAWRENCE,,,UNKNOWN,53,MALE,BLACK,apr2016,,,05,0,0,1
1060142,932,DAMEN AVE,5325,RESIDENCE,14feb2013 11:15:00,14feb2013 11:15:00,14feb2013,,,,,,,,05A,EXCESSIVE FORCE / ON DUTY - INJURY,05Z,MISCELLANEOUS,CLOSED/FINAL,UNFOUNDED,JONES,CONNIE,,,UNKNOWN,58,FEMALE,BLACK,apr2016,,,05,0,0,1
1060142,932,DAMEN AVE,5325,RESIDENCE,14feb2013 11:15:00,14feb2013 11:15:00,14feb2013,,,,,,,,05A,EXCESSIVE FORCE / ON DUTY - INJURY,05Z,MISCELLANEOUS,CLOSED/FINAL,UNFOUNDED,JONES,CONNIE,,,UNKNOWN,57,FEMALE,BLACK,apr2016,,,05,0,0,1
1060142,932,DAMEN AVE,5325,RESIDENCE,14feb2013 11:15:00,14feb2013 11:15:00,14feb2013,,MC KENDRY,10599,009,,27aug1990,POLICE OFFICER,05A,EXCESSIVE FORCE / ON DUTY - INJURY,05Z,MISCELLANEOUS,CLOSED/FINAL,NOT SUSTAINED,THOMAS,GAIL,,,UNKNOWN,21,FEMALE,BLACK,apr2016,,,05,0,0,1
