COMPLAINT_NUMBER,BEAT,STREET,ADDRESS,LOCATION_CODE,INCIDENT_TIME_START,INCIDENT_TIME_END,NOTIFICATION_DATE,ACCSUEDOFFICER_FNAME,ACCUSEDOFFICER_LNAME,ACCUSED_STAR,ACCUSED_UNIT,ACCUSED_DETAIL,ACCUSED_APPOINTMENT_DATE,ACCUSED_POSITION,INITIAL_CATEGORY_CODE,INITIAL_CATEGORY,CURRENT_CATEGORY_CODE,CURRENT_CATEGORY,CURRENT_STATUS,FINDING_CODE,INVOLVED_OFFICER_LNAME,INVOLVED_OFFICER_FNAME,INVOLVED_OFFICER_UNIT,INVOLVED_OFFICER_DETAIL,INVOLVED_OFFICER_POSITION,INVOLVED_OFFICER_AGE,INVOLVED_OFFICER_SEX,INVOLVED_OFFICER_RACE,foia,INVOLVED_OFFICER_DESCRIPTION,INVOLVED_OFFICER_TYPE,start_code_2,start_code_1,rec,sum_rec
1056116,234,SHORE DR,5491,PARK PROPERTY,01aug2012 22:56:00,01aug2012 22:56:00,06aug2012,CLIFTON,THURMAN,13653,002,,29may2001,POLICE OFFICER,05A,EXCESSIVE FORCE / ON DUTY - INJURY,S121,HANDCUFF TOO TIGHT,CLOSED/FINAL,NOT SUSTAINED,BROWN,BAILEY,,,UNKNOWN,,FEMALE,UNKNOWN,apr2016,,,05,0,0,1
1056116,234,SHORE DR,5491,PARK PROPERTY,01aug2012 22:56:00,01aug2012 22:56:00,06aug2012,CLIFTON,THURMAN,13653,002,,29may2001,POLICE OFFICER,05A,EXCESSIVE FORCE / ON DUTY - INJURY,S121,HANDCUFF TOO TIGHT,CLOSED/FINAL,NOT SUSTAINED,BROWN,CHARLES,,,UNKNOWN,,MALE,UNKNOWN,apr2016,,,05,0,0,1
1056116,234,SHORE DR,5491,PARK PROPERTY,01aug2012 22:56:00,01aug2012 22:56:00,06aug2012,,,,,,,,05A,EXCESSIVE FORCE / ON DUTY - INJURY,S121,HANDCUFF TOO TIGHT,CLOSED/FINAL,NOT SUSTAINED,BROWN,BAILEY,,,UNKNOWN,20,FEMALE,UNKNOWN,apr2016,,,05,0,0,1
1056116,234,SHORE DR,5491,PARK PROPERTY,01aug2012 22:56:00,01aug2012 22:56:00,06aug2012,,,,,,,,05A,EXCESSIVE FORCE / ON DUTY - INJURY,S121,HANDCUFF TOO TIGHT,CLOSED/FINAL,NOT SUSTAINED,BROWN,BAILEY,,,UNKNOWN,,FEMALE,UNKNOWN,apr2016,,,05,0,1,1
1056116,234,SHORE DR,5491,PARK PROPERTY,01aug2012 22:56:00,01aug2012 22:56:00,06aug2012,CLIFTON,THURMAN,13653,002,,29may2001,POLICE OFFICER,05A,EXCESSIVE FORCE / ON DUTY - INJURY,S121,HANDCUFF TOO TIGHT,CLOSED/FINAL,NOT SUSTAINED,BROWN,BAILEY,,,UNKNOWN,20,FEMALE,UNKNOWN,apr2016,,,05,0,0,1
1056116,234,SHORE DR,5491,PARK PROPERTY,01aug2012 22:56:00,01aug2012 22:56:00,06aug2012,,,,,,,,05A,EXCESSIVE FORCE / ON DUTY - INJURY,S121,HANDCUFF TOO TIGHT,CLOSED/FINAL,NOT SUSTAINED,BROWN,CHARLES,,,UNKNOWN,,MALE,UNKNOWN,apr2016,,,05,0,0,1
1056116,234,SHORE DR,5491,PARK PROPERTY,01aug2012 22:56:00,01aug2012 22:56:00,06aug2012,MICHAEL,ST CLAIR II,15527,006,002,29sep2003,POLICE OFFICER,05A,EXCESSIVE FORCE / ON DUTY - INJURY,S121,HANDCUFF TOO TIGHT,CLOSED/FINAL,NOT SUSTAINED,BROWN,BAILEY,,,UNKNOWN,,FEMALE,UNKNOWN,apr2016,,,05,0,0,1
1056116,234,SHORE DR,5491,PARK PROPERTY,01aug2012 22:56:00,01aug2012 22:56:00,06aug2012,MICHAEL,ST CLAIR II,15527,006,002,29sep2003,POLICE OFFICER,05A,EXCESSIVE FORCE / ON DUTY - INJURY,S121,HANDCUFF TOO TIGHT,CLOSED/FINAL,NOT SUSTAINED,BROWN,BAILEY,,,UNKNOWN,20,FEMALE,UNKNOWN,apr2016,,,05,0,0,1
1056116,234,SHORE DR,5491,PARK PROPERTY,01aug2012 22:56:00,01aug2012 22:56:00,06aug2012,MICHAEL,ST CLAIR II,15527,006,002,29sep2003,POLICE OFFICER,05A,EXCESSIVE FORCE / ON DUTY - INJURY,S121,HANDCUFF TOO TIGHT,CLOSED/FINAL,NOT SUSTAINED,BROWN,CHARLES,,,UNKNOWN,,MALE,UNKNOWN,apr2016,,,05,0,0,1
