COMPLAINT_NUMBER,BEAT,STREET,ADDRESS,LOCATION_CODE,INCIDENT_TIME_START,INCIDENT_TIME_END,NOTIFICATION_DATE,ACCSUEDOFFICER_FNAME,ACCUSEDOFFICER_LNAME,ACCUSED_STAR,ACCUSED_UNIT,ACCUSED_DETAIL,ACCUSED_APPOINTMENT_DATE,ACCUSED_POSITION,INITIAL_CATEGORY_CODE,INITIAL_CATEGORY,CURRENT_CATEGORY_CODE,CURRENT_CATEGORY,CURRENT_STATUS,FINDING_CODE,INVOLVED_OFFICER_LNAME,INVOLVED_OFFICER_FNAME,INVOLVED_OFFICER_UNIT,INVOLVED_OFFICER_DETAIL,INVOLVED_OFFICER_POSITION,INVOLVED_OFFICER_AGE,INVOLVED_OFFICER_SEX,INVOLVED_OFFICER_RACE,foia,INVOLVED_OFFICER_DESCRIPTION,INVOLVED_OFFICER_TYPE,start_code_2,start_code_1,rec,sum_rec
1056148,725,MARQUETTE RD,1507,STREET,07aug2012 12:59:59,07aug2012 12:59:59,07aug2012,JOY,MCCLAIN,4915,007,,29aug2005,POLICE OFFICER,05M,UNNECESSARY PHYSICAL CONTACT / ON DUTY - NO INJURY,S117,PUSH/PULL/GRAB,CLOSED/FINAL,NOT SUSTAINED,PHILLIPS,JARAE,,,UNKNOWN,14,FEMALE,BLACK,apr2016,,,05,0,0,1
1056148,725,MARQUETTE RD,1507,STREET,07aug2012 12:59:59,07aug2012 12:59:59,07aug2012,JOY,MCCLAIN,4915,007,,29aug2005,POLICE OFFICER,05M,UNNECESSARY PHYSICAL CONTACT / ON DUTY - NO INJURY,S117,PUSH/PULL/GRAB,CLOSED/FINAL,NOT SUSTAINED,THOMAS,VALENCIA,,,UNKNOWN,42,FEMALE,BLACK,apr2016,,,05,0,0,1
1056148,725,MARQUETTE RD,1507,STREET,07aug2012 12:59:59,07aug2012 12:59:59,07aug2012,MARC,JAROCKI,2778,007,,28oct2002,POLICE OFFICER,05M,UNNECESSARY PHYSICAL CONTACT / ON DUTY - NO INJURY,S117,PUSH/PULL/GRAB,CLOSED/FINAL,UNFOUNDED,PHILLIPS,JARAE,,,UNKNOWN,13,FEMALE,BLACK,apr2016,,,05,0,0,1
1056148,725,MARQUETTE RD,1507,STREET,07aug2012 12:59:59,07aug2012 12:59:59,07aug2012,,,,,,,,05M,UNNECESSARY PHYSICAL CONTACT / ON DUTY - NO INJURY,S117,PUSH/PULL/GRAB,CLOSED/FINAL,NOT SUSTAINED,FLOWERS,ANTWON,,,UNKNOWN,21,MALE,BLACK,apr2016,,,05,0,1,1
1056148,725,MARQUETTE RD,1507,STREET,07aug2012 12:59:59,07aug2012 12:59:59,07aug2012,EUGENE,BIKULCIUS,4006,007,,22may1991,POLICE OFFICER,05M,UNNECESSARY PHYSICAL CONTACT / ON DUTY - NO INJURY,S117,PUSH/PULL/GRAB,CLOSED/FINAL,NOT SUSTAINED,THOMAS,VALENCIA,,,UNKNOWN,43,FEMALE,BLACK,apr2016,,,05,0,0,1
1056148,725,MARQUETTE RD,1507,STREET,07aug2012 12:59:59,07aug2012 12:59:59,07aug2012,,,,,,,,05M,UNNECESSARY PHYSICAL CONTACT / ON DUTY - NO INJURY,S117,PUSH/PULL/GRAB,CLOSED/FINAL,NOT SUSTAINED,THOMAS,VALENCIA,,,UNKNOWN,43,FEMALE,BLACK,apr2016,,,05,0,0,1
1056148,725,MARQUETTE RD,1507,STREET,07aug2012 12:59:59,07aug2012 12:59:59,07aug2012,,,,,,,,05M,UNNECESSARY PHYSICAL CONTACT / ON DUTY - NO INJURY,S117,PUSH/PULL/GRAB,CLOSED/FINAL,NOT SUSTAINED,DANIELS,BRANDY,,,UNKNOWN,,FEMALE,BLACK,apr2016,,,05,0,0,1
1056148,725,MARQUETTE RD,1507,STREET,07aug2012 12:59:59,07aug2012 12:59:59,07aug2012,JOY,MCCLAIN,4915,007,,29aug2005,POLICE OFFICER,05M,UNNECESSARY PHYSICAL CONTACT / ON DUTY - NO INJURY,S117,PUSH/PULL/GRAB,CLOSED/FINAL,NOT SUSTAINED,PHILLIPS,JARAE,,,UNKNOWN,13,FEMALE,BLACK,apr2016,,,05,0,0,1
1056148,725,MARQUETTE RD,1507,STREET,07aug2012 12:59:59,07aug2012 12:59:59,07aug2012,EUGENE,BIKULCIUS,4006,007,,22may1991,POLICE OFFICER,05M,UNNECESSARY PHYSICAL CONTACT / ON DUTY - NO INJURY,S117,PUSH/PULL/GRAB,CLOSED/FINAL,NOT SUSTAINED,PHILLIPS,JARAE,,,UNKNOWN,14,FEMALE,BLACK,apr2016,,,05,0,0,1
1056148,725,MARQUETTE RD,1507,STREET,07aug2012 12:59:59,07aug2012 12:59:59,07aug2012,,,,,,,,05M,UNNECESSARY PHYSICAL CONTACT / ON DUTY - NO INJURY,S117,PUSH/PULL/GRAB,CLOSED/FINAL,NOT SUSTAINED,FLOWERS,ANTWON,,,UNKNOWN,22,MALE,BLACK,apr2016,,,05,0,0,1
1056148,725,MARQUETTE RD,1507,STREET,07aug2012 12:59:59,07aug2012 12:59:59,07aug2012,MARK,HERNANDEZ,12289,007,,29nov2004,POLICE OFFICER,05M,UNNECESSARY PHYSICAL CONTACT / ON DUTY - NO INJURY,S117,PUSH/PULL/GRAB,CLOSED/FINAL,UNFOUNDED,THOMAS,VALENCIA,,,UNKNOWN,42,FEMALE,BLACK,apr2016,,,05,0,0,1
1056148,725,MARQUETTE RD,1507,STREET,07aug2012 12:59:59,07aug2012 12:59:59,07aug2012,JOY,MCCLAIN,4915,007,,29aug2005,POLICE OFFICER,05M,UNNECESSARY PHYSICAL CONTACT / ON DUTY - NO INJURY,S117,PUSH/PULL/GRAB,CLOSED/FINAL,NOT SUSTAINED,FLOWERS,ANTWON,,,UNKNOWN,22,MALE,BLACK,apr2016,,,05,0,0,1
1056148,725,MARQUETTE RD,1507,STREET,07aug2012 12:59:59,07aug2012 12:59:59,07aug2012,,,,,,,,05M,UNNECESSARY PHYSICAL CONTACT / ON DUTY - NO INJURY,S117,PUSH/PULL/GRAB,CLOSED/FINAL,NOT SUSTAINED,THOMAS,VALENCIA,,,UNKNOWN,42,FEMALE,BLACK,apr2016,,,05,0,0,1
1056148,725,MARQUETTE RD,1507,STREET,07aug2012 12:59:59,07aug2012 12:59:59,07aug2012,EUGENE,BIKULCIUS,4006,007,,22may1991,POLICE OFFICER,05M,UNNECESSARY PHYSICAL CONTACT / ON DUTY - NO INJURY,S117,PUSH/PULL/GRAB,CLOSED/FINAL,NOT SUSTAINED,FLOWERS,ANTWON,,,UNKNOWN,21,MALE,BLACK,apr2016,,,05,0,0,1
1056148,725,MARQUETTE RD,1507,STREET,07aug2012 12:59:59,07aug2012 12:59:59,07aug2012,MARK,HERNANDEZ,12289,007,,29nov2004,POLICE OFFICER,05M,UNNECESSARY PHYSICAL CONTACT / ON DUTY - NO INJURY,S117,PUSH/PULL/GRAB,CLOSED/FINAL,UNFOUNDED,PHILLIPS,JARAE,,,UNKNOWN,13,FEMALE,BLACK,apr2016,,,05,0,0,1
1056148,725,MARQUETTE RD,1507,STREET,07aug2012 12:59:59,07aug2012 12:59:59,07aug2012,MARC,JAROCKI,2778,007,,28oct2002,POLICE OFFICER,05M,UNNECESSARY PHYSICAL CONTACT / ON DUTY - NO INJURY,S117,PUSH/PULL/GRAB,CLOSED/FINAL,UNFOUNDED,FLOWERS,ANTWON,,,UNKNOWN,22,MALE,BLACK,apr2016,,,05,0,0,1
1056148,725,MARQUETTE RD,1507,STREET,07aug2012 12:59:59,07aug2012 12:59:59,07aug2012,EUGENE,BIKULCIUS,4006,007,,22may1991,POLICE OFFICER,05M,UNNECESSARY PHYSICAL CONTACT / ON DUTY - NO INJURY,S117,PUSH/PULL/GRAB,CLOSED/FINAL,NOT SUSTAINED,FLOWERS,ANTWON,,,UNKNOWN,22,MALE,BLACK,apr2016,,,05,0,0,1
1056148,725,MARQUETTE RD,1507,STREET,07aug2012 12:59:59,07aug2012 12:59:59,07aug2012,JOY,MCCLAIN,4915,007,,29aug2005,POLICE OFFICER,05M,UNNECESSARY PHYSICAL CONTACT / ON DUTY - NO INJURY,S117,PUSH/PULL/GRAB,CLOSED/FINAL,NOT SUSTAINED,DANIELS,BRANDY,,,UNKNOWN,,FEMALE,BLACK,apr2016,,,05,0,0,1
1056148,725,MARQUETTE RD,1507,STREET,07aug2012 12:59:59,07aug2012 12:59:59,07aug2012,EUGENE,BIKULCIUS,4006,007,,22may1991,POLICE OFFICER,05M,UNNECESSARY PHYSICAL CONTACT / ON DUTY - NO INJURY,S117,PUSH/PULL/GRAB,CLOSED/FINAL,NOT SUSTAINED,DANIELS,BRANDY,,,UNKNOWN,,FEMALE,BLACK,apr2016,,,05,0,0,1
1056148,725,MARQUETTE RD,1507,STREET,07aug2012 12:59:59,07aug2012 12:59:59,07aug2012,MARK,HERNANDEZ,12289,007,,29nov2004,POLICE OFFICER,05M,UNNECESSARY PHYSICAL CONTACT / ON DUTY - NO INJURY,S117,PUSH/PULL/GRAB,CLOSED/FINAL,UNFOUNDED,FLOWERS,ANTWON,,,UNKNOWN,21,MALE,BLACK,apr2016,,,05,0,0,1
1056148,725,MARQUETTE RD,1507,STREET,07aug2012 12:59:59,07aug2012 12:59:59,07aug2012,JOY,MCCLAIN,4915,007,,29aug2005,POLICE OFFICER,05M,UNNECESSARY PHYSICAL CONTACT / ON DUTY - NO INJURY,S117,PUSH/PULL/GRAB,CLOSED/FINAL,NOT SUSTAINED,FLOWERS,ANTWON,,,UNKNOWN,21,MALE,BLACK,apr2016,,,05,0,0,1
1056148,725,MARQUETTE RD,1507,STREET,07aug2012 12:59:59,07aug2012 12:59:59,07aug2012,EUGENE,BIKULCIUS,4006,007,,22may1991,POLICE OFFICER,05M,UNNECESSARY PHYSICAL CONTACT / ON DUTY - NO INJURY,S117,PUSH/PULL/GRAB,CLOSED/FINAL,NOT SUSTAINED,PHILLIPS,JARAE,,,UNKNOWN,13,FEMALE,BLACK,apr2016,,,05,0,0,1
1056148,725,MARQUETTE RD,1507,STREET,07aug2012 12:59:59,07aug2012 12:59:59,07aug2012,MARC,JAROCKI,2778,007,,28oct2002,POLICE OFFICER,05M,UNNECESSARY PHYSICAL CONTACT / ON DUTY - NO INJURY,S117,PUSH/PULL/GRAB,CLOSED/FINAL,UNFOUNDED,PHILLIPS,JARAE,,,UNKNOWN,14,FEMALE,BLACK,apr2016,,,05,0,0,1
1056148,725,MARQUETTE RD,1507,STREET,07aug2012 12:59:59,07aug2012 12:59:59,07aug2012,MARK,HERNANDEZ,12289,007,,29nov2004,POLICE OFFICER,05M,UNNECESSARY PHYSICAL CONTACT / ON DUTY - NO INJURY,S117,PUSH/PULL/GRAB,CLOSED/FINAL,UNFOUNDED,THOMAS,VALENCIA,,,UNKNOWN,43,FEMALE,BLACK,apr2016,,,05,0,0,1
1056148,725,MARQUETTE RD,1507,STREET,07aug2012 12:59:59,07aug2012 12:59:59,07aug2012,MARC,JAROCKI,2778,007,,28oct2002,POLICE OFFICER,05M,UNNECESSARY PHYSICAL CONTACT / ON DUTY - NO INJURY,S117,PUSH/PULL/GRAB,CLOSED/FINAL,UNFOUNDED,DANIELS,BRANDY,,,UNKNOWN,,FEMALE,BLACK,apr2016,,,05,0,0,1
1056148,725,MARQUETTE RD,1507,STREET,07aug2012 12:59:59,07aug2012 12:59:59,07aug2012,MARK,HERNANDEZ,12289,007,,29nov2004,POLICE OFFICER,05M,UNNECESSARY PHYSICAL CONTACT / ON DUTY - NO INJURY,S117,PUSH/PULL/GRAB,CLOSED/FINAL,UNFOUNDED,DANIELS,BRANDY,,,UNKNOWN,,FEMALE,BLACK,apr2016,,,05,0,0,1
1056148,725,MARQUETTE RD,1507,STREET,07aug2012 12:59:59,07aug2012 12:59:59,07aug2012,MARC,JAROCKI,2778,007,,28oct2002,POLICE OFFICER,05M,UNNECESSARY PHYSICAL CONTACT / ON DUTY - NO INJURY,S117,PUSH/PULL/GRAB,CLOSED/FINAL,UNFOUNDED,THOMAS,VALENCIA,,,UNKNOWN,43,FEMALE,BLACK,apr2016,,,05,0,0,1
1056148,725,MARQUETTE RD,1507,STREET,07aug2012 12:59:59,07aug2012 12:59:59,07aug2012,,,,,,,,05M,UNNECESSARY PHYSICAL CONTACT / ON DUTY - NO INJURY,S117,PUSH/PULL/GRAB,CLOSED/FINAL,NOT SUSTAINED,PHILLIPS,JARAE,,,UNKNOWN,14,FEMALE,BLACK,apr2016,,,05,0,0,1
1056148,725,MARQUETTE RD,1507,STREET,07aug2012 12:59:59,07aug2012 12:59:59,07aug2012,MARC,JAROCKI,2778,007,,28oct2002,POLICE OFFICER,05M,UNNECESSARY PHYSICAL CONTACT / ON DUTY - NO INJURY,S117,PUSH/PULL/GRAB,CLOSED/FINAL,UNFOUNDED,FLOWERS,ANTWON,,,UNKNOWN,21,MALE,BLACK,apr2016,,,05,0,0,1
1056148,725,MARQUETTE RD,1507,STREET,07aug2012 12:59:59,07aug2012 12:59:59,07aug2012,,,,,,,,05M,UNNECESSARY PHYSICAL CONTACT / ON DUTY - NO INJURY,S117,PUSH/PULL/GRAB,CLOSED/FINAL,NOT SUSTAINED,PHILLIPS,JARAE,,,UNKNOWN,13,FEMALE,BLACK,apr2016,,,05,0,0,1
1056148,725,MARQUETTE RD,1507,STREET,07aug2012 12:59:59,07aug2012 12:59:59,07aug2012,MARK,HERNANDEZ,12289,007,,29nov2004,POLICE OFFICER,05M,UNNECESSARY PHYSICAL CONTACT / ON DUTY - NO INJURY,S117,PUSH/PULL/GRAB,CLOSED/FINAL,UNFOUNDED,FLOWERS,ANTWON,,,UNKNOWN,22,MALE,BLACK,apr2016,,,05,0,0,1
1056148,725,MARQUETTE RD,1507,STREET,07aug2012 12:59:59,07aug2012 12:59:59,07aug2012,MARC,JAROCKI,2778,007,,28oct2002,POLICE OFFICER,05M,UNNECESSARY PHYSICAL CONTACT / ON DUTY - NO INJURY,S117,PUSH/PULL/GRAB,CLOSED/FINAL,UNFOUNDED,THOMAS,VALENCIA,,,UNKNOWN,42,FEMALE,BLACK,apr2016,,,05,0,0,1
1056148,725,MARQUETTE RD,1507,STREET,07aug2012 12:59:59,07aug2012 12:59:59,07aug2012,MARK,HERNANDEZ,12289,007,,29nov2004,POLICE OFFICER,05M,UNNECESSARY PHYSICAL CONTACT / ON DUTY - NO INJURY,S117,PUSH/PULL/GRAB,CLOSED/FINAL,UNFOUNDED,PHILLIPS,JARAE,,,UNKNOWN,14,FEMALE,BLACK,apr2016,,,05,0,0,1
1056148,725,MARQUETTE RD,1507,STREET,07aug2012 12:59:59,07aug2012 12:59:59,07aug2012,EUGENE,BIKULCIUS,4006,007,,22may1991,POLICE OFFICER,05M,UNNECESSARY PHYSICAL CONTACT / ON DUTY - NO INJURY,S117,PUSH/PULL/GRAB,CLOSED/FINAL,NOT SUSTAINED,THOMAS,VALENCIA,,,UNKNOWN,42,FEMALE,BLACK,apr2016,,,05,0,0,1
1056148,725,MARQUETTE RD,1507,STREET,07aug2012 12:59:59,07aug2012 12:59:59,07aug2012,JOY,MCCLAIN,4915,007,,29aug2005,POLICE OFFICER,05M,UNNECESSARY PHYSICAL CONTACT / ON DUTY - NO INJURY,S117,PUSH/PULL/GRAB,CLOSED/FINAL,NOT SUSTAINED,THOMAS,VALENCIA,,,UNKNOWN,43,FEMALE,BLACK,apr2016,,,05,0,0,1
