COMPLAINT_NUMBER,BEAT,STREET,ADDRESS,LOCATION_CODE,INCIDENT_TIME_START,INCIDENT_TIME_END,NOTIFICATION_DATE,ACCSUEDOFFICER_FNAME,ACCUSEDOFFICER_LNAME,ACCUSED_STAR,ACCUSED_UNIT,ACCUSED_DETAIL,ACCUSED_APPOINTMENT_DATE,ACCUSED_POSITION,INITIAL_CATEGORY_CODE,INITIAL_CATEGORY,CURRENT_CATEGORY_CODE,CURRENT_CATEGORY,CURRENT_STATUS,FINDING_CODE,INVOLVED_OFFICER_LNAME,INVOLVED_OFFICER_FNAME,INVOLVED_OFFICER_UNIT,INVOLVED_OFFICER_DETAIL,INVOLVED_OFFICER_POSITION,INVOLVED_OFFICER_AGE,INVOLVED_OFFICER_SEX,INVOLVED_OFFICER_RACE,foia,INVOLVED_OFFICER_DESCRIPTION,INVOLVED_OFFICER_TYPE,start_code_2,start_code_1,rec,sum_rec
1053682,1114,WEST END AVE,4100,STREET,27apr2012 20:00:00,27apr2012 20:00:00,30apr2012,MATTHEW,LITTLE,885,393,,16mar1998,SERGEANT OF POLICE,05A,EXCESSIVE FORCE / ON DUTY - INJURY,S008,TAKE DOWN (THROWN TO GROUND),CLOSED/FINAL,EXONERATED,THOMAS,ELLIOT,,,UNKNOWN,25,MALE,BLACK,apr2016,,,05,0,0,1
1053682,1114,WEST END AVE,4100,STREET,27apr2012 20:00:00,27apr2012 20:00:00,30apr2012,RYAN,LECLAIR,13565,393,,27sep2004,POLICE OFFICER,05A,EXCESSIVE FORCE / ON DUTY - INJURY,S008,TAKE DOWN (THROWN TO GROUND),CLOSED/FINAL,NOT SUSTAINED,THOMAS,ELLIOT,,,UNKNOWN,27,MALE,BLACK,apr2016,,,05,0,0,1
1053682,1114,WEST END AVE,4100,STREET,27apr2012 20:00:00,27apr2012 20:00:00,30apr2012,MATTHEW,LITTLE,885,393,,16mar1998,SERGEANT OF POLICE,05A,EXCESSIVE FORCE / ON DUTY - INJURY,S008,TAKE DOWN (THROWN TO GROUND),CLOSED/FINAL,NOT SUSTAINED,THOMAS,ELLIOT,,,UNKNOWN,25,MALE,BLACK,apr2016,,,05,0,0,1
1053682,1114,WEST END AVE,4100,STREET,27apr2012 20:00:00,27apr2012 20:00:00,30apr2012,JEFFREY,KRAUSHAAR,14832,393,,25oct1999,POLICE OFFICER,05A,EXCESSIVE FORCE / ON DUTY - INJURY,S008,TAKE DOWN (THROWN TO GROUND),CLOSED/FINAL,NOT SUSTAINED,THOMAS,ELLIOT,,,UNKNOWN,27,MALE,BLACK,apr2016,,,05,0,0,1
1053682,1114,WEST END AVE,4100,STREET,27apr2012 20:00:00,27apr2012 20:00:00,30apr2012,JEFFREY,KRAUSHAAR,14832,393,,25oct1999,POLICE OFFICER,05A,EXCESSIVE FORCE / ON DUTY - INJURY,S008,TAKE DOWN (THROWN TO GROUND),CLOSED/FINAL,NOT SUSTAINED,THOMAS,ELLIOT,,,UNKNOWN,25,MALE,BLACK,apr2016,,,05,0,0,1
1053682,1114,WEST END AVE,4100,STREET,27apr2012 20:00:00,27apr2012 20:00:00,30apr2012,ERIC,LANDORF,10816,393,,25mar2002,POLICE OFFICER,05A,EXCESSIVE FORCE / ON DUTY - INJURY,S008,TAKE DOWN (THROWN TO GROUND),CLOSED/FINAL,UNFOUNDED,THOMAS,ELLIOT,,,UNKNOWN,27,MALE,BLACK,apr2016,,,05,0,0,1
1053682,1114,WEST END AVE,4100,STREET,27apr2012 20:00:00,27apr2012 20:00:00,30apr2012,ERIC,LANDORF,10816,393,,25mar2002,POLICE OFFICER,05A,EXCESSIVE FORCE / ON DUTY - INJURY,S008,TAKE DOWN (THROWN TO GROUND),CLOSED/FINAL,EXONERATED,THOMAS,ELLIOT,,,UNKNOWN,27,MALE,BLACK,apr2016,,,05,0,0,1
1053682,1114,WEST END AVE,4100,STREET,27apr2012 20:00:00,27apr2012 20:00:00,30apr2012,RYAN,LECLAIR,13565,393,,27sep2004,POLICE OFFICER,05A,EXCESSIVE FORCE / ON DUTY - INJURY,S008,TAKE DOWN (THROWN TO GROUND),CLOSED/FINAL,EXONERATED,THOMAS,ELLIOT,,,UNKNOWN,25,MALE,BLACK,apr2016,,,05,0,0,1
1053682,1114,WEST END AVE,4100,STREET,27apr2012 20:00:00,27apr2012 20:00:00,30apr2012,JEFFREY,KRAUSHAAR,14832,393,,25oct1999,POLICE OFFICER,05A,EXCESSIVE FORCE / ON DUTY - INJURY,S008,TAKE DOWN (THROWN TO GROUND),CLOSED/FINAL,UNFOUNDED,THOMAS,ELLIOT,,,UNKNOWN,27,MALE,BLACK,apr2016,,,05,0,0,1
1053682,1114,WEST END AVE,4100,STREET,27apr2012 20:00:00,27apr2012 20:00:00,30apr2012,ERIC,LANDORF,10816,393,,25mar2002,POLICE OFFICER,05A,EXCESSIVE FORCE / ON DUTY - INJURY,S008,TAKE DOWN (THROWN TO GROUND),CLOSED/FINAL,EXONERATED,THOMAS,ELLIOT,,,UNKNOWN,25,MALE,BLACK,apr2016,,,05,0,0,1
1053682,1114,WEST END AVE,4100,STREET,27apr2012 20:00:00,27apr2012 20:00:00,30apr2012,RYAN,LECLAIR,13565,393,,27sep2004,POLICE OFFICER,05A,EXCESSIVE FORCE / ON DUTY - INJURY,S008,TAKE DOWN (THROWN TO GROUND),CLOSED/FINAL,EXONERATED,THOMAS,ELLIOT,,,UNKNOWN,27,MALE,BLACK,apr2016,,,05,0,0,1
1053682,1114,WEST END AVE,4100,STREET,27apr2012 20:00:00,27apr2012 20:00:00,30apr2012,MATTHEW,LITTLE,885,393,,16mar1998,SERGEANT OF POLICE,05A,EXCESSIVE FORCE / ON DUTY - INJURY,S008,TAKE DOWN (THROWN TO GROUND),CLOSED/FINAL,EXONERATED,THOMAS,ELLIOT,,,UNKNOWN,27,MALE,BLACK,apr2016,,,05,0,0,1
1053682,1114,WEST END AVE,4100,STREET,27apr2012 20:00:00,27apr2012 20:00:00,30apr2012,JEFFREY,KRAUSHAAR,14832,393,,25oct1999,POLICE OFFICER,05A,EXCESSIVE FORCE / ON DUTY - INJURY,S008,TAKE DOWN (THROWN TO GROUND),CLOSED/FINAL,UNFOUNDED,THOMAS,ELLIOT,,,UNKNOWN,25,MALE,BLACK,apr2016,,,05,0,0,1
1053682,1114,WEST END AVE,4100,STREET,27apr2012 20:00:00,27apr2012 20:00:00,30apr2012,,,,,,,,05A,EXCESSIVE FORCE / ON DUTY - INJURY,S008,TAKE DOWN (THROWN TO GROUND),CLOSED/FINAL,EXONERATED,THOMAS,ELLIOT,,,UNKNOWN,27,MALE,BLACK,apr2016,,,05,0,0,1
1053682,1114,WEST END AVE,4100,STREET,27apr2012 20:00:00,27apr2012 20:00:00,30apr2012,,,,,,,,05A,EXCESSIVE FORCE / ON DUTY - INJURY,S008,TAKE DOWN (THROWN TO GROUND),CLOSED/FINAL,EXONERATED,THOMAS,ELLIOT,,,UNKNOWN,25,MALE,BLACK,apr2016,,,05,0,1,1
1053682,1114,WEST END AVE,4100,STREET,27apr2012 20:00:00,27apr2012 20:00:00,30apr2012,,,,,,,,05A,EXCESSIVE FORCE / ON DUTY - INJURY,S008,TAKE DOWN (THROWN TO GROUND),CLOSED/FINAL,UNFOUNDED,THOMAS,ELLIOT,,,UNKNOWN,25,MALE,BLACK,apr2016,,,05,0,0,1
1053682,1114,WEST END AVE,4100,STREET,27apr2012 20:00:00,27apr2012 20:00:00,30apr2012,MATTHEW,LITTLE,885,393,,16mar1998,SERGEANT OF POLICE,05A,EXCESSIVE FORCE / ON DUTY - INJURY,S008,TAKE DOWN (THROWN TO GROUND),CLOSED/FINAL,NOT SUSTAINED,THOMAS,ELLIOT,,,UNKNOWN,27,MALE,BLACK,apr2016,,,05,0,0,1
1053682,1114,WEST END AVE,4100,STREET,27apr2012 20:00:00,27apr2012 20:00:00,30apr2012,RYAN,LECLAIR,13565,393,,27sep2004,POLICE OFFICER,05A,EXCESSIVE FORCE / ON DUTY - INJURY,S008,TAKE DOWN (THROWN TO GROUND),CLOSED/FINAL,NOT SUSTAINED,THOMAS,ELLIOT,,,UNKNOWN,25,MALE,BLACK,apr2016,,,05,0,0,1
1053682,1114,WEST END AVE,4100,STREET,27apr2012 20:00:00,27apr2012 20:00:00,30apr2012,,,,,,,,05A,EXCESSIVE FORCE / ON DUTY - INJURY,S008,TAKE DOWN (THROWN TO GROUND),CLOSED/FINAL,UNFOUNDED,THOMAS,ELLIOT,,,UNKNOWN,27,MALE,BLACK,apr2016,,,05,0,0,1
1053682,1114,WEST END AVE,4100,STREET,27apr2012 20:00:00,27apr2012 20:00:00,30apr2012,ERIC,LANDORF,10816,393,,25mar2002,POLICE OFFICER,05A,EXCESSIVE FORCE / ON DUTY - INJURY,S008,TAKE DOWN (THROWN TO GROUND),CLOSED/FINAL,UNFOUNDED,THOMAS,ELLIOT,,,UNKNOWN,25,MALE,BLACK,apr2016,,,05,0,0,1
