COMPLAINT_NUMBER,BEAT,STREET,ADDRESS,LOCATION_CODE,INCIDENT_TIME_START,INCIDENT_TIME_END,NOTIFICATION_DATE,ACCSUEDOFFICER_FNAME,ACCUSEDOFFICER_LNAME,ACCUSED_STAR,ACCUSED_UNIT,ACCUSED_DETAIL,ACCUSED_APPOINTMENT_DATE,ACCUSED_POSITION,INITIAL_CATEGORY_CODE,INITIAL_CATEGORY,CURRENT_CATEGORY_CODE,CURRENT_CATEGORY,CURRENT_STATUS,FINDING_CODE,INVOLVED_OFFICER_LNAME,INVOLVED_OFFICER_FNAME,INVOLVED_OFFICER_UNIT,INVOLVED_OFFICER_DETAIL,INVOLVED_OFFICER_POSITION,INVOLVED_OFFICER_AGE,INVOLVED_OFFICER_SEX,INVOLVED_OFFICER_RACE,foia,INVOLVED_OFFICER_DESCRIPTION,INVOLVED_OFFICER_TYPE,start_code_2,start_code_1,rec,sum_rec
1060939,1824,DIVISION ST,11,RESTAURANT,24mar2013 04:30:00,24mar2013 04:30:00,24mar2013,,CASE,317,018,,14jul1986,LIEUTENANT OF POLICE,S021,MISCELLANEOUS,05A,EXCESSIVE FORCE / ON DUTY - INJURY,CLOSED/FINAL,UNFOUNDED,WILLIAMS,REMIE,,,UNKNOWN,26,FEMALE,BLACK,apr2016,,,S0,S,0,1
1060939,1824,DIVISION ST,11,RESTAURANT,24mar2013 04:30:00,24mar2013 04:30:00,24mar2013,,CASE,317,018,,14jul1986,LIEUTENANT OF POLICE,S021,MISCELLANEOUS,05A,EXCESSIVE FORCE / ON DUTY - INJURY,CLOSED/FINAL,UNFOUNDED,CAMARGO,OVANDO,,,,39,MALE,WHITE HISPANIC,apr2016,,,S0,S,0,1
1060939,1824,DIVISION ST,11,RESTAURANT,24mar2013 04:30:00,24mar2013 04:30:00,24mar2013,,,,,,,,S021,MISCELLANEOUS,05A,EXCESSIVE FORCE / ON DUTY - INJURY,CLOSED/FINAL,UNFOUNDED,WILLIAMS,REMIE,,,UNKNOWN,26,FEMALE,BLACK,apr2016,,,S0,S,0,1
1060939,1824,DIVISION ST,11,RESTAURANT,24mar2013 04:30:00,24mar2013 04:30:00,24mar2013,,CASE,317,018,,14jul1986,LIEUTENANT OF POLICE,S021,MISCELLANEOUS,05A,EXCESSIVE FORCE / ON DUTY - INJURY,CLOSED/FINAL,UNFOUNDED,WILLIAMS,REMIE,,,UNKNOWN,28,FEMALE,BLACK,apr2016,,,S0,S,0,1
1060939,1824,DIVISION ST,11,RESTAURANT,24mar2013 04:30:00,24mar2013 04:30:00,24mar2013,,,,,,,,S021,MISCELLANEOUS,05A,EXCESSIVE FORCE / ON DUTY - INJURY,CLOSED/FINAL,UNFOUNDED,WILLIAMS,REMIE,,,UNKNOWN,28,FEMALE,BLACK,apr2016,,,S0,S,0,1
1060939,1824,DIVISION ST,11,RESTAURANT,24mar2013 04:30:00,24mar2013 04:30:00,24mar2013,,,,,,,,S021,MISCELLANEOUS,05A,EXCESSIVE FORCE / ON DUTY - INJURY,CLOSED/FINAL,UNFOUNDED,CAMARGO,OVANDO,,,,39,MALE,WHITE HISPANIC,apr2016,,,S0,S,0,1
