COMPLAINT_NUMBER,BEAT,STREET,ADDRESS,LOCATION_CODE,INCIDENT_TIME_START,INCIDENT_TIME_END,NOTIFICATION_DATE,ACCSUEDOFFICER_FNAME,ACCUSEDOFFICER_LNAME,ACCUSED_STAR,ACCUSED_UNIT,ACCUSED_DETAIL,ACCUSED_APPOINTMENT_DATE,ACCUSED_POSITION,INITIAL_CATEGORY_CODE,INITIAL_CATEGORY,CURRENT_CATEGORY_CODE,CURRENT_CATEGORY,CURRENT_STATUS,FINDING_CODE,INVOLVED_OFFICER_LNAME,INVOLVED_OFFICER_FNAME,INVOLVED_OFFICER_UNIT,INVOLVED_OFFICER_DETAIL,INVOLVED_OFFICER_POSITION,INVOLVED_OFFICER_AGE,INVOLVED_OFFICER_SEX,INVOLVED_OFFICER_RACE,foia,INVOLVED_OFFICER_DESCRIPTION,INVOLVED_OFFICER_TYPE,start_code_2,start_code_1,rec,sum_rec
1062024,414,JEFFERY BLVD,7500,STREET,06may2013 13:09:59,06may2013 13:09:59,06may2013,,OBRIEN,10634,005,,29apr2002,POLICE OFFICER,S023,OPEN HAND STRIKE (SLAP),05B,EXCESSIVE FORCE / ON DUTY - NO INJURY,CLOSED/FINAL,NOT SUSTAINED,LOGAN,KENJI,,,UNKNOWN,36,MALE,BLACK,apr2016,,,S0,S,0,1
1062024,414,JEFFERY BLVD,7500,STREET,06may2013 13:09:59,06may2013 13:09:59,06may2013,,TREACY,17619,004,212,27nov2006,POLICE OFFICER,S023,OPEN HAND STRIKE (SLAP),05B,EXCESSIVE FORCE / ON DUTY - NO INJURY,CLOSED/FINAL,NOT SUSTAINED,LOGAN,KENJI,,,UNKNOWN,36,MALE,BLACK,apr2016,,,S0,S,0,1
1062024,414,JEFFERY BLVD,7500,STREET,06may2013 13:09:59,06may2013 13:09:59,06may2013,,,,,,,,S023,OPEN HAND STRIKE (SLAP),05B,EXCESSIVE FORCE / ON DUTY - NO INJURY,CLOSED/FINAL,NOT SUSTAINED,LOGAN,KENJI,,,UNKNOWN,36,MALE,BLACK,apr2016,,,S0,S,1,1
1062024,414,JEFFERY BLVD,7500,STREET,06may2013 13:09:59,06may2013 13:09:59,06may2013,,BANSLEY,10927,005,212,16dec2009,POLICE OFFICER,S023,OPEN HAND STRIKE (SLAP),05B,EXCESSIVE FORCE / ON DUTY - NO INJURY,CLOSED/FINAL,NOT SUSTAINED,LOGAN,KENJI,,,UNKNOWN,36,MALE,BLACK,apr2016,,,S0,S,0,1
1062024,414,JEFFERY BLVD,7500,STREET,06may2013 13:09:59,06may2013 13:09:59,06may2013,,MAYER,16583,003,212,24feb2003,POLICE OFFICER,S023,OPEN HAND STRIKE (SLAP),05B,EXCESSIVE FORCE / ON DUTY - NO INJURY,CLOSED/FINAL,NOT SUSTAINED,LOGAN,KENJI,,,UNKNOWN,36,MALE,BLACK,apr2016,,,S0,S,0,1
