COMPLAINT_NUMBER,BEAT,STREET,ADDRESS,LOCATION_CODE,INCIDENT_TIME_START,INCIDENT_TIME_END,NOTIFICATION_DATE,ACCSUEDOFFICER_FNAME,ACCUSEDOFFICER_LNAME,ACCUSED_STAR,ACCUSED_UNIT,ACCUSED_DETAIL,ACCUSED_APPOINTMENT_DATE,ACCUSED_POSITION,INITIAL_CATEGORY_CODE,INITIAL_CATEGORY,CURRENT_CATEGORY_CODE,CURRENT_CATEGORY,CURRENT_STATUS,FINDING_CODE,INVOLVED_OFFICER_LNAME,INVOLVED_OFFICER_FNAME,INVOLVED_OFFICER_UNIT,INVOLVED_OFFICER_DETAIL,INVOLVED_OFFICER_POSITION,INVOLVED_OFFICER_AGE,INVOLVED_OFFICER_SEX,INVOLVED_OFFICER_RACE,foia,INVOLVED_OFFICER_DESCRIPTION,INVOLVED_OFFICER_TYPE,start_code_2,start_code_1,rec,sum_rec
1060006,2521,KEATING AVE,2800,RESIDENTIAL YARD (FRONT/BACK),06feb2013 11:29:59,06feb2013 11:29:59,07feb2013,,WLEZIEN,11854,025,,26mar1990,POLICE OFFICER,S022,CLOSED HAND STRIKE (PUNCH),S022,CLOSED HAND STRIKE (PUNCH),CLOSED/FINAL,NO AFFIDAVIT,CRANFIELD,BERTRAM,025,213,POLICE OFFICER,,MALE,BLACK,apr2016,,,S0,S,0,1
1060006,2521,KEATING AVE,2800,RESIDENTIAL YARD (FRONT/BACK),06feb2013 11:29:59,06feb2013 11:29:59,07feb2013,,,,,,,,S022,CLOSED HAND STRIKE (PUNCH),S022,CLOSED HAND STRIKE (PUNCH),CLOSED/FINAL,NOT SUSTAINED,HERNANDEZ,ERIBERTO,,,UNKNOWN,40,MALE,WHITE HISPANIC,apr2016,,,S0,S,0,1
1060006,2521,KEATING AVE,2800,RESIDENTIAL YARD (FRONT/BACK),06feb2013 11:29:59,06feb2013 11:29:59,07feb2013,,,,,,,,S022,CLOSED HAND STRIKE (PUNCH),S022,CLOSED HAND STRIKE (PUNCH),CLOSED/FINAL,NOT SUSTAINED,CRANFIELD,BERTRAM,025,213,POLICE OFFICER,,MALE,BLACK,apr2016,,,S0,S,0,1
1060006,2521,KEATING AVE,2800,RESIDENTIAL YARD (FRONT/BACK),06feb2013 11:29:59,06feb2013 11:29:59,07feb2013,,,,,,,,S022,CLOSED HAND STRIKE (PUNCH),S022,CLOSED HAND STRIKE (PUNCH),CLOSED/FINAL,NOT SUSTAINED,HERNANDEZ,ERIBERTO,,,UNKNOWN,38,MALE,WHITE HISPANIC,apr2016,,,S0,S,0,1
1060006,2521,KEATING AVE,2800,RESIDENTIAL YARD (FRONT/BACK),06feb2013 11:29:59,06feb2013 11:29:59,07feb2013,,WLEZIEN,11854,025,,26mar1990,POLICE OFFICER,S022,CLOSED HAND STRIKE (PUNCH),S022,CLOSED HAND STRIKE (PUNCH),CLOSED/FINAL,NO AFFIDAVIT,HERNANDEZ,ERIBERTO,,,UNKNOWN,40,MALE,WHITE HISPANIC,apr2016,,,S0,S,0,1
1060006,2521,KEATING AVE,2800,RESIDENTIAL YARD (FRONT/BACK),06feb2013 11:29:59,06feb2013 11:29:59,07feb2013,,WLEZIEN,11854,025,,26mar1990,POLICE OFFICER,S022,CLOSED HAND STRIKE (PUNCH),S022,CLOSED HAND STRIKE (PUNCH),CLOSED/FINAL,NO AFFIDAVIT,HERNANDEZ,ERIBERTO,,,UNKNOWN,38,MALE,WHITE HISPANIC,apr2016,,,S0,S,0,1
