COMPLAINT_NUMBER,BEAT,STREET,ADDRESS,LOCATION_CODE,INCIDENT_TIME_START,INCIDENT_TIME_END,NOTIFICATION_DATE,ACCSUEDOFFICER_FNAME,ACCUSEDOFFICER_LNAME,ACCUSED_STAR,ACCUSED_UNIT,ACCUSED_DETAIL,ACCUSED_APPOINTMENT_DATE,ACCUSED_POSITION,INITIAL_CATEGORY_CODE,INITIAL_CATEGORY,CURRENT_CATEGORY_CODE,CURRENT_CATEGORY,CURRENT_STATUS,FINDING_CODE,INVOLVED_OFFICER_LNAME,INVOLVED_OFFICER_FNAME,INVOLVED_OFFICER_UNIT,INVOLVED_OFFICER_DETAIL,INVOLVED_OFFICER_POSITION,INVOLVED_OFFICER_AGE,INVOLVED_OFFICER_SEX,INVOLVED_OFFICER_RACE,foia,INVOLVED_OFFICER_DESCRIPTION,INVOLVED_OFFICER_TYPE,start_code_2,start_code_1,rec,sum_rec
1054645,1915,MONTROSE DR,501,LAKEFRONT/WATERFRONT/RIVERBANK,10jun2012 23:29:59,10jun2012 23:29:59,11jun2012,LUIS,MARIN,19529,013,,04dec1995,POLICE OFFICER,S110,NO INJURY,S110,NO INJURY,CLOSED/FINAL,NOT SUSTAINED,OLIVEROS,FERNANDO,,,UNKNOWN,,MALE,,apr2016,,,S1,S,0,1
1054645,1915,MONTROSE DR,501,LAKEFRONT/WATERFRONT/RIVERBANK,10jun2012 23:29:59,10jun2012 23:29:59,11jun2012,LUIS,MARIN,19529,013,,04dec1995,POLICE OFFICER,S110,NO INJURY,S110,NO INJURY,CLOSED/FINAL,NOT SUSTAINED,KIELB,ARTHUR ,,,UNKNOWN,46,MALE,WHITE,apr2016,,,S1,S,1,1
1054645,1915,MONTROSE DR,501,LAKEFRONT/WATERFRONT/RIVERBANK,10jun2012 23:29:59,10jun2012 23:29:59,11jun2012,LUIS,MARIN,19529,013,,04dec1995,POLICE OFFICER,S110,NO INJURY,S110,NO INJURY,CLOSED/FINAL,NOT SUSTAINED,WILSON,KRYSTAL,,,UNKNOWN,,FEMALE,BLACK,apr2016,,,S1,S,0,1
1054645,1915,MONTROSE DR,501,LAKEFRONT/WATERFRONT/RIVERBANK,10jun2012 23:29:59,10jun2012 23:29:59,11jun2012,LUIS,MARIN,19529,013,,04dec1995,POLICE OFFICER,S110,NO INJURY,S110,NO INJURY,CLOSED/FINAL,NOT SUSTAINED,OTERO,DANIEL,008,,POLICE OFFICER,,MALE,SPANISH (DO NOT USE),apr2016,,,S1,S,0,1
