COMPLAINT_NUMBER,BEAT,STREET,ADDRESS,LOCATION_CODE,INCIDENT_TIME_START,INCIDENT_TIME_END,NOTIFICATION_DATE,ACCSUEDOFFICER_FNAME,ACCUSEDOFFICER_LNAME,ACCUSED_STAR,ACCUSED_UNIT,ACCUSED_DETAIL,ACCUSED_APPOINTMENT_DATE,ACCUSED_POSITION,INITIAL_CATEGORY_CODE,INITIAL_CATEGORY,CURRENT_CATEGORY_CODE,CURRENT_CATEGORY,CURRENT_STATUS,FINDING_CODE,INVOLVED_OFFICER_LNAME,INVOLVED_OFFICER_FNAME,INVOLVED_OFFICER_UNIT,INVOLVED_OFFICER_DETAIL,INVOLVED_OFFICER_POSITION,INVOLVED_OFFICER_AGE,INVOLVED_OFFICER_SEX,INVOLVED_OFFICER_RACE,foia,INVOLVED_OFFICER_DESCRIPTION,INVOLVED_OFFICER_TYPE,start_code_2,start_code_1,rec,sum_rec
1058202,1121,HOMAN AVE,1011,STREET,05nov2012 13:18:00,05nov2012 13:18:00,05nov2012,KELLY,VO,18574,014,,24feb2003,POLICE OFFICER,S117,PUSH/PULL/GRAB,05M,UNNECESSARY PHYSICAL CONTACT / ON DUTY - NO INJURY,CLOSED/FINAL,NOT SUSTAINED,KING,KANDI,,,UNKNOWN,28,FEMALE,BLACK,apr2016,,,S1,S,0,1
1058202,1121,HOMAN AVE,1011,STREET,05nov2012 13:18:00,05nov2012 13:18:00,05nov2012,KELLY,VO,18574,014,,24feb2003,POLICE OFFICER,S117,PUSH/PULL/GRAB,05M,UNNECESSARY PHYSICAL CONTACT / ON DUTY - NO INJURY,CLOSED/FINAL,NOT SUSTAINED,BAKER,GEOFFREY,014,,POLICE OFFICER,,MALE,BLACK,apr2016,,,S1,S,1,1
1058202,1121,HOMAN AVE,1011,STREET,05nov2012 13:18:00,05nov2012 13:18:00,05nov2012,KELLY,VO,18574,014,,24feb2003,POLICE OFFICER,S117,PUSH/PULL/GRAB,05M,UNNECESSARY PHYSICAL CONTACT / ON DUTY - NO INJURY,CLOSED/FINAL,NOT SUSTAINED,KING,KANDI,,,UNKNOWN,27,FEMALE,BLACK,apr2016,,,S1,S,0,1
1058202,1121,HOMAN AVE,1011,STREET,05nov2012 13:18:00,05nov2012 13:18:00,05nov2012,KELLY,VO,18574,014,,24feb2003,POLICE OFFICER,S117,PUSH/PULL/GRAB,05M,UNNECESSARY PHYSICAL CONTACT / ON DUTY - NO INJURY,CLOSED/FINAL,NOT SUSTAINED,MENDOZA,MARCO,014,,POLICE OFFICER,,MALE,WHITE,apr2016,,,S1,S,0,1
