COMPLAINT_NUMBER,BEAT,STREET,ADDRESS,LOCATION_CODE,INCIDENT_TIME_START,INCIDENT_TIME_END,NOTIFICATION_DATE,ACCSUEDOFFICER_FNAME,ACCUSEDOFFICER_LNAME,ACCUSED_STAR,ACCUSED_UNIT,ACCUSED_DETAIL,ACCUSED_APPOINTMENT_DATE,ACCUSED_POSITION,INITIAL_CATEGORY_CODE,INITIAL_CATEGORY,CURRENT_CATEGORY_CODE,CURRENT_CATEGORY,CURRENT_STATUS,FINDING_CODE,INVOLVED_OFFICER_LNAME,INVOLVED_OFFICER_FNAME,INVOLVED_OFFICER_UNIT,INVOLVED_OFFICER_DETAIL,INVOLVED_OFFICER_POSITION,INVOLVED_OFFICER_AGE,INVOLVED_OFFICER_SEX,INVOLVED_OFFICER_RACE,foia,INVOLVED_OFFICER_DESCRIPTION,INVOLVED_OFFICER_TYPE,start_code_2,start_code_1,rec,sum_rec
1058893,111,STATE ST,188,CTA PLATFORM,05dec2012 12:59:59,05dec2012 12:59:59,07dec2012,,,,,,,,05A,EXCESSIVE FORCE / ON DUTY - INJURY,S021,MISCELLANEOUS,CLOSED/FINAL,UNFOUNDED,BORNE,MARCUS ,,,UNKNOWN,28,MALE,BLACK,apr2016,,,05,0,0,1
1058893,111,STATE ST,188,CTA PLATFORM,05dec2012 12:59:59,05dec2012 12:59:59,07dec2012,,,,,,,,05A,EXCESSIVE FORCE / ON DUTY - INJURY,S021,MISCELLANEOUS,CLOSED/FINAL,UNFOUNDED,HILL,STACEY,701,704,POLICE OFFICER,,MALE,BLACK,apr2016,,,05,0,0,1
1058893,111,STATE ST,188,CTA PLATFORM,05dec2012 12:59:59,05dec2012 12:59:59,07dec2012,CARL,COX,7590,701,704,05jul1994,POLICE OFFICER,05A,EXCESSIVE FORCE / ON DUTY - INJURY,S021,MISCELLANEOUS,CLOSED/FINAL,NOT SUSTAINED,BORNE,MARCUS ,,,UNKNOWN,28,MALE,BLACK,apr2016,,,05,0,0,1
1058893,111,STATE ST,188,CTA PLATFORM,05dec2012 12:59:59,05dec2012 12:59:59,07dec2012,CARL,COX,7590,701,704,05jul1994,POLICE OFFICER,05A,EXCESSIVE FORCE / ON DUTY - INJURY,S021,MISCELLANEOUS,CLOSED/FINAL,NOT SUSTAINED,HILL,STACEY,701,704,POLICE OFFICER,,MALE,BLACK,apr2016,,,05,0,0,1
