COMPLAINT_NUMBER,BEAT,STREET,ADDRESS,LOCATION_CODE,INCIDENT_TIME_START,INCIDENT_TIME_END,NOTIFICATION_DATE,ACCSUEDOFFICER_FNAME,ACCUSEDOFFICER_LNAME,ACCUSED_STAR,ACCUSED_UNIT,ACCUSED_DETAIL,ACCUSED_APPOINTMENT_DATE,ACCUSED_POSITION,INITIAL_CATEGORY_CODE,INITIAL_CATEGORY,CURRENT_CATEGORY_CODE,CURRENT_CATEGORY,CURRENT_STATUS,FINDING_CODE,INVOLVED_OFFICER_LNAME,INVOLVED_OFFICER_FNAME,INVOLVED_OFFICER_UNIT,INVOLVED_OFFICER_DETAIL,INVOLVED_OFFICER_POSITION,INVOLVED_OFFICER_AGE,INVOLVED_OFFICER_SEX,INVOLVED_OFFICER_RACE,foia,INVOLVED_OFFICER_DESCRIPTION,INVOLVED_OFFICER_TYPE,start_code_2,start_code_1,rec,sum_rec
1057152,213,DR MARTIN LUTHER KING JR DR,3900,STREET,01sep2012 11:00:00,01sep2012 11:00:00,18sep2012,,,,,,,,S117,PUSH/PULL/GRAB,05M,UNNECESSARY PHYSICAL CONTACT / ON DUTY - NO INJURY,CLOSED/FINAL,EXONERATED,RANDOLPH,ELLIS,,,UNKNOWN,,MALE,BLACK,apr2016,,,S1,S,0,1
1057152,213,DR MARTIN LUTHER KING JR DR,3900,STREET,01sep2012 11:00:00,01sep2012 11:00:00,18sep2012,ERIC,STAMPLEY,11029,002,,29jun1992,POLICE OFFICER,S117,PUSH/PULL/GRAB,05M,UNNECESSARY PHYSICAL CONTACT / ON DUTY - NO INJURY,CLOSED/FINAL,UNFOUNDED,GILBERT,MONIQUE,,,UNKNOWN,40,FEMALE,BLACK,apr2016,,,S1,S,0,1
1057152,213,DR MARTIN LUTHER KING JR DR,3900,STREET,01sep2012 11:00:00,01sep2012 11:00:00,18sep2012,ERIC,STAMPLEY,11029,002,,29jun1992,POLICE OFFICER,S117,PUSH/PULL/GRAB,05M,UNNECESSARY PHYSICAL CONTACT / ON DUTY - NO INJURY,CLOSED/FINAL,UNFOUNDED,GILBERT,MONIQUE,,,UNKNOWN,41,FEMALE,BLACK,apr2016,,,S1,S,0,1
1057152,213,DR MARTIN LUTHER KING JR DR,3900,STREET,01sep2012 11:00:00,01sep2012 11:00:00,18sep2012,,,,,,,,S117,PUSH/PULL/GRAB,05M,UNNECESSARY PHYSICAL CONTACT / ON DUTY - NO INJURY,CLOSED/FINAL,EXONERATED,GILBERT,MONIQUE,,,UNKNOWN,40,FEMALE,BLACK,apr2016,,,S1,S,0,1
1057152,213,DR MARTIN LUTHER KING JR DR,3900,STREET,01sep2012 11:00:00,01sep2012 11:00:00,18sep2012,ERIC,STAMPLEY,11029,002,,29jun1992,POLICE OFFICER,S117,PUSH/PULL/GRAB,05M,UNNECESSARY PHYSICAL CONTACT / ON DUTY - NO INJURY,CLOSED/FINAL,UNFOUNDED,ELLIS,RANDOLPH,,,UNKNOWN,,MALE,BLACK,apr2016,,,S1,S,0,1
1057152,213,DR MARTIN LUTHER KING JR DR,3900,STREET,01sep2012 11:00:00,01sep2012 11:00:00,18sep2012,ERIC,STAMPLEY,11029,002,,29jun1992,POLICE OFFICER,S117,PUSH/PULL/GRAB,05M,UNNECESSARY PHYSICAL CONTACT / ON DUTY - NO INJURY,CLOSED/FINAL,UNFOUNDED,RANDOLPH,ELLIS,,,UNKNOWN,,MALE,BLACK,apr2016,,,S1,S,0,1
1057152,213,DR MARTIN LUTHER KING JR DR,3900,STREET,01sep2012 11:00:00,01sep2012 11:00:00,18sep2012,,,,,,,,S117,PUSH/PULL/GRAB,05M,UNNECESSARY PHYSICAL CONTACT / ON DUTY - NO INJURY,CLOSED/FINAL,EXONERATED,GILBERT,MONIQUE,,,UNKNOWN,41,FEMALE,BLACK,apr2016,,,S1,S,0,1
1057152,213,DR MARTIN LUTHER KING JR DR,3900,STREET,01sep2012 11:00:00,01sep2012 11:00:00,18sep2012,,,,,,,,S117,PUSH/PULL/GRAB,05M,UNNECESSARY PHYSICAL CONTACT / ON DUTY - NO INJURY,CLOSED/FINAL,EXONERATED,ELLIS,RANDOLPH,,,UNKNOWN,,MALE,BLACK,apr2016,,,S1,S,1,1
