COMPLAINT_NUMBER,BEAT,STREET,ADDRESS,LOCATION_CODE,INCIDENT_TIME_START,INCIDENT_TIME_END,NOTIFICATION_DATE,ACCSUEDOFFICER_FNAME,ACCUSEDOFFICER_LNAME,ACCUSED_STAR,ACCUSED_UNIT,ACCUSED_DETAIL,ACCUSED_APPOINTMENT_DATE,ACCUSED_POSITION,INITIAL_CATEGORY_CODE,INITIAL_CATEGORY,CURRENT_CATEGORY_CODE,CURRENT_CATEGORY,CURRENT_STATUS,FINDING_CODE,INVOLVED_OFFICER_LNAME,INVOLVED_OFFICER_FNAME,INVOLVED_OFFICER_UNIT,INVOLVED_OFFICER_DETAIL,INVOLVED_OFFICER_POSITION,INVOLVED_OFFICER_AGE,INVOLVED_OFFICER_SEX,INVOLVED_OFFICER_RACE,foia,INVOLVED_OFFICER_DESCRIPTION,INVOLVED_OFFICER_TYPE,start_code_2,start_code_1,rec,sum_rec
1058255,321,65TH ST,1537,APARTMENT,03nov2012 00:59:59,03nov2012 02:00:00,07nov2012,TIFFANY,ERMON,3899,007,,25sep2006,POLICE OFFICER,S117,PUSH/PULL/GRAB,S117,PUSH/PULL/GRAB,CLOSED/FINAL,EXONERATED,DODERO,TIMOTHY,,,,,MALE,WHITE,apr2016,,,S1,S,0,1
1058255,321,65TH ST,1537,APARTMENT,03nov2012 00:59:59,03nov2012 02:00:00,07nov2012,MURPHY,RAYL,820,003,,02may1994,SERGEANT OF POLICE,S117,PUSH/PULL/GRAB,S117,PUSH/PULL/GRAB,CLOSED/FINAL,EXONERATED,DODERO,TIMOTHY,,,,,MALE,WHITE,apr2016,,,S1,S,0,1
1058255,321,65TH ST,1537,APARTMENT,03nov2012 00:59:59,03nov2012 02:00:00,07nov2012,,,,,,,,S117,PUSH/PULL/GRAB,S117,PUSH/PULL/GRAB,CLOSED/FINAL,NOT SUSTAINED,READUS,SHIRLEY,,,UNKNOWN,,FEMALE,BLACK,apr2016,,,S1,S,0,1
1058255,321,65TH ST,1537,APARTMENT,03nov2012 00:59:59,03nov2012 02:00:00,07nov2012,YOLANDA,IRBY ALEXA,15236,003,,25sep2006,POLICE OFFICER,S117,PUSH/PULL/GRAB,S117,PUSH/PULL/GRAB,CLOSED/FINAL,UNFOUNDED,WHITE,ANTON,003,,SERGEANT OF POLICE,,MALE,BLACK,apr2016,,,S1,S,0,1
1058255,321,65TH ST,1537,APARTMENT,03nov2012 00:59:59,03nov2012 02:00:00,07nov2012,TIFFANY,ERMON,3899,007,,25sep2006,POLICE OFFICER,S117,PUSH/PULL/GRAB,S117,PUSH/PULL/GRAB,CLOSED/FINAL,EXONERATED,WOOD,GREGORY,003,,POLICE OFFICER,,MALE,BLACK,apr2016,,,S1,S,0,1
1058255,321,65TH ST,1537,APARTMENT,03nov2012 00:59:59,03nov2012 02:00:00,07nov2012,,,,,,,,S117,PUSH/PULL/GRAB,S117,PUSH/PULL/GRAB,CLOSED/FINAL,NOT SUSTAINED,DODERO,TIMOTHY,,,,,MALE,WHITE,apr2016,,,S1,S,0,1
1058255,321,65TH ST,1537,APARTMENT,03nov2012 00:59:59,03nov2012 02:00:00,07nov2012,,,,,,,,S117,PUSH/PULL/GRAB,S117,PUSH/PULL/GRAB,CLOSED/FINAL,NOT SUSTAINED,WHITE,ANTON,003,,SERGEANT OF POLICE,,MALE,BLACK,apr2016,,,S1,S,0,1
1058255,321,65TH ST,1537,APARTMENT,03nov2012 00:59:59,03nov2012 02:00:00,07nov2012,TIFFANY,ERMON,3899,007,,25sep2006,POLICE OFFICER,S117,PUSH/PULL/GRAB,S117,PUSH/PULL/GRAB,CLOSED/FINAL,NOT SUSTAINED,CLINTON,SHANTELL,003,,POLICE OFFICER,,FEMALE,BLACK,apr2016,,,S1,S,0,1
1058255,321,65TH ST,1537,APARTMENT,03nov2012 00:59:59,03nov2012 02:00:00,07nov2012,TIFFANY,ERMON,3899,007,,25sep2006,POLICE OFFICER,S117,PUSH/PULL/GRAB,S117,PUSH/PULL/GRAB,CLOSED/FINAL,NOT SUSTAINED,READUS,BARBARA,,,UNKNOWN,,FEMALE,BLACK,apr2016,,,S1,S,0,1
1058255,321,65TH ST,1537,APARTMENT,03nov2012 00:59:59,03nov2012 02:00:00,07nov2012,YOLANDA,IRBY ALEXA,15236,003,,25sep2006,POLICE OFFICER,S117,PUSH/PULL/GRAB,S117,PUSH/PULL/GRAB,CLOSED/FINAL,NOT SUSTAINED,BELMONTEZ,MICHAEL,003,,POLICE OFFICER,,MALE,SPANISH (DO NOT USE),apr2016,,,S1,S,0,1
1058255,321,65TH ST,1537,APARTMENT,03nov2012 00:59:59,03nov2012 02:00:00,07nov2012,TIFFANY,ERMON,3899,007,,25sep2006,POLICE OFFICER,S117,PUSH/PULL/GRAB,S117,PUSH/PULL/GRAB,CLOSED/FINAL,NOT SUSTAINED,DODERO,TIMOTHY,,,,,MALE,WHITE,apr2016,,,S1,S,0,1
1058255,321,65TH ST,1537,APARTMENT,03nov2012 00:59:59,03nov2012 02:00:00,07nov2012,,,,,,,,S117,PUSH/PULL/GRAB,S117,PUSH/PULL/GRAB,CLOSED/FINAL,EXONERATED,CHATHAM,MICHAEL,003,,POLICE OFFICER,,MALE,WHITE,apr2016,,,S1,S,0,1
1058255,321,65TH ST,1537,APARTMENT,03nov2012 00:59:59,03nov2012 02:00:00,07nov2012,TIFFANY,ERMON,3899,007,,25sep2006,POLICE OFFICER,S117,PUSH/PULL/GRAB,S117,PUSH/PULL/GRAB,CLOSED/FINAL,NOT SUSTAINED,WHITE,ANTON,003,,SERGEANT OF POLICE,,MALE,BLACK,apr2016,,,S1,S,0,1
1058255,321,65TH ST,1537,APARTMENT,03nov2012 00:59:59,03nov2012 02:00:00,07nov2012,MURPHY,RAYL,820,003,,02may1994,SERGEANT OF POLICE,S117,PUSH/PULL/GRAB,S117,PUSH/PULL/GRAB,CLOSED/FINAL,NOT SUSTAINED,WOOD,GREGORY,003,,POLICE OFFICER,,MALE,BLACK,apr2016,,,S1,S,0,1
1058255,321,65TH ST,1537,APARTMENT,03nov2012 00:59:59,03nov2012 02:00:00,07nov2012,,,,,,,,S117,PUSH/PULL/GRAB,S117,PUSH/PULL/GRAB,CLOSED/FINAL,NOT SUSTAINED,BELMONTEZ,MICHAEL,003,,POLICE OFFICER,,MALE,SPANISH (DO NOT USE),apr2016,,,S1,S,0,1
1058255,321,65TH ST,1537,APARTMENT,03nov2012 00:59:59,03nov2012 02:00:00,07nov2012,,,,,,,,S117,PUSH/PULL/GRAB,S117,PUSH/PULL/GRAB,CLOSED/FINAL,EXONERATED,CARROLL,RONDY,003,,POLICE OFFICER,,MALE,BLACK,apr2016,,,S1,S,0,1
1058255,321,65TH ST,1537,APARTMENT,03nov2012 00:59:59,03nov2012 02:00:00,07nov2012,,,,,,,,S117,PUSH/PULL/GRAB,S117,PUSH/PULL/GRAB,CLOSED/FINAL,EXONERATED,WOOD,GREGORY,003,,POLICE OFFICER,,MALE,BLACK,apr2016,,,S1,S,0,1
1058255,321,65TH ST,1537,APARTMENT,03nov2012 00:59:59,03nov2012 02:00:00,07nov2012,TIFFANY,ERMON,3899,007,,25sep2006,POLICE OFFICER,S117,PUSH/PULL/GRAB,S117,PUSH/PULL/GRAB,CLOSED/FINAL,EXONERATED,SMITH,SHIROLYN,003,,POLICE OFFICER,,FEMALE,BLACK,apr2016,,,S1,S,0,1
1058255,321,65TH ST,1537,APARTMENT,03nov2012 00:59:59,03nov2012 02:00:00,07nov2012,MURPHY,RAYL,820,003,,02may1994,SERGEANT OF POLICE,S117,PUSH/PULL/GRAB,S117,PUSH/PULL/GRAB,CLOSED/FINAL,NOT SUSTAINED,PATTON,PATRICE,003,,POLICE OFFICER,,FEMALE,BLACK,apr2016,,,S1,S,0,1
1058255,321,65TH ST,1537,APARTMENT,03nov2012 00:59:59,03nov2012 02:00:00,07nov2012,,,,,,,,S117,PUSH/PULL/GRAB,S117,PUSH/PULL/GRAB,CLOSED/FINAL,NOT SUSTAINED,WOOD,GREGORY,003,,POLICE OFFICER,,MALE,BLACK,apr2016,,,S1,S,0,1
1058255,321,65TH ST,1537,APARTMENT,03nov2012 00:59:59,03nov2012 02:00:00,07nov2012,MURPHY,RAYL,820,003,,02may1994,SERGEANT OF POLICE,S117,PUSH/PULL/GRAB,S117,PUSH/PULL/GRAB,CLOSED/FINAL,NOT SUSTAINED,CARROLL,RONDY,003,,POLICE OFFICER,,MALE,BLACK,apr2016,,,S1,S,0,1
1058255,321,65TH ST,1537,APARTMENT,03nov2012 00:59:59,03nov2012 02:00:00,07nov2012,MURPHY,RAYL,820,003,,02may1994,SERGEANT OF POLICE,S117,PUSH/PULL/GRAB,S117,PUSH/PULL/GRAB,CLOSED/FINAL,NOT SUSTAINED,READUS,SHIRLEY,,,UNKNOWN,,FEMALE,BLACK,apr2016,,,S1,S,0,1
1058255,321,65TH ST,1537,APARTMENT,03nov2012 00:59:59,03nov2012 02:00:00,07nov2012,MURPHY,RAYL,820,003,,02may1994,SERGEANT OF POLICE,S117,PUSH/PULL/GRAB,S117,PUSH/PULL/GRAB,CLOSED/FINAL,NOT SUSTAINED,WHITE,ANTON,003,,SERGEANT OF POLICE,,MALE,BLACK,apr2016,,,S1,S,0,1
1058255,321,65TH ST,1537,APARTMENT,03nov2012 00:59:59,03nov2012 02:00:00,07nov2012,MURPHY,RAYL,820,003,,02may1994,SERGEANT OF POLICE,S117,PUSH/PULL/GRAB,S117,PUSH/PULL/GRAB,CLOSED/FINAL,NOT SUSTAINED,PENA,ANGEL,003,,POLICE OFFICER,,MALE,WHITE HISPANIC,apr2016,,,S1,S,0,1
1058255,321,65TH ST,1537,APARTMENT,03nov2012 00:59:59,03nov2012 02:00:00,07nov2012,,,,,,,,S117,PUSH/PULL/GRAB,S117,PUSH/PULL/GRAB,CLOSED/FINAL,EXONERATED,BELMONTEZ,MICHAEL,003,,POLICE OFFICER,,MALE,SPANISH (DO NOT USE),apr2016,,,S1,S,1,1
1058255,321,65TH ST,1537,APARTMENT,03nov2012 00:59:59,03nov2012 02:00:00,07nov2012,MURPHY,RAYL,820,003,,02may1994,SERGEANT OF POLICE,S117,PUSH/PULL/GRAB,S117,PUSH/PULL/GRAB,CLOSED/FINAL,NOT SUSTAINED,CHATHAM,MICHAEL,003,,POLICE OFFICER,,MALE,WHITE,apr2016,,,S1,S,0,1
1058255,321,65TH ST,1537,APARTMENT,03nov2012 00:59:59,03nov2012 02:00:00,07nov2012,MURPHY,RAYL,820,003,,02may1994,SERGEANT OF POLICE,S117,PUSH/PULL/GRAB,S117,PUSH/PULL/GRAB,CLOSED/FINAL,EXONERATED,READUS,SHIRLEY,,,UNKNOWN,,FEMALE,BLACK,apr2016,,,S1,S,0,1
1058255,321,65TH ST,1537,APARTMENT,03nov2012 00:59:59,03nov2012 02:00:00,07nov2012,TIFFANY,ERMON,3899,007,,25sep2006,POLICE OFFICER,S117,PUSH/PULL/GRAB,S117,PUSH/PULL/GRAB,CLOSED/FINAL,NOT SUSTAINED,ROBERTSON,THEODORE,,,UNKNOWN,52,MALE,BLACK,apr2016,,,S1,S,0,1
1058255,321,65TH ST,1537,APARTMENT,03nov2012 00:59:59,03nov2012 02:00:00,07nov2012,MURPHY,RAYL,820,003,,02may1994,SERGEANT OF POLICE,S117,PUSH/PULL/GRAB,S117,PUSH/PULL/GRAB,CLOSED/FINAL,EXONERATED,WOOD,GREGORY,003,,POLICE OFFICER,,MALE,BLACK,apr2016,,,S1,S,0,1
1058255,321,65TH ST,1537,APARTMENT,03nov2012 00:59:59,03nov2012 02:00:00,07nov2012,TIFFANY,ERMON,3899,007,,25sep2006,POLICE OFFICER,S117,PUSH/PULL/GRAB,S117,PUSH/PULL/GRAB,CLOSED/FINAL,NOT SUSTAINED,PENA,ANGEL,003,,POLICE OFFICER,,MALE,WHITE HISPANIC,apr2016,,,S1,S,0,1
1058255,321,65TH ST,1537,APARTMENT,03nov2012 00:59:59,03nov2012 02:00:00,07nov2012,TIFFANY,ERMON,3899,007,,25sep2006,POLICE OFFICER,S117,PUSH/PULL/GRAB,S117,PUSH/PULL/GRAB,CLOSED/FINAL,NOT SUSTAINED,BELMONTEZ,MICHAEL,003,,POLICE OFFICER,,MALE,SPANISH (DO NOT USE),apr2016,,,S1,S,0,1
1058255,321,65TH ST,1537,APARTMENT,03nov2012 00:59:59,03nov2012 02:00:00,07nov2012,MURPHY,RAYL,820,003,,02may1994,SERGEANT OF POLICE,S117,PUSH/PULL/GRAB,S117,PUSH/PULL/GRAB,CLOSED/FINAL,EXONERATED,PENA,ANGEL,003,,POLICE OFFICER,,MALE,WHITE HISPANIC,apr2016,,,S1,S,0,1
1058255,321,65TH ST,1537,APARTMENT,03nov2012 00:59:59,03nov2012 02:00:00,07nov2012,MURPHY,RAYL,820,003,,02may1994,SERGEANT OF POLICE,S117,PUSH/PULL/GRAB,S117,PUSH/PULL/GRAB,CLOSED/FINAL,EXONERATED,CHATHAM,MICHAEL,003,,POLICE OFFICER,,MALE,WHITE,apr2016,,,S1,S,0,1
1058255,321,65TH ST,1537,APARTMENT,03nov2012 00:59:59,03nov2012 02:00:00,07nov2012,MURPHY,RAYL,820,003,,02may1994,SERGEANT OF POLICE,S117,PUSH/PULL/GRAB,S117,PUSH/PULL/GRAB,CLOSED/FINAL,NOT SUSTAINED,DODERO,TIMOTHY,,,,,MALE,WHITE,apr2016,,,S1,S,0,1
1058255,321,65TH ST,1537,APARTMENT,03nov2012 00:59:59,03nov2012 02:00:00,07nov2012,YOLANDA,IRBY ALEXA,15236,003,,25sep2006,POLICE OFFICER,S117,PUSH/PULL/GRAB,S117,PUSH/PULL/GRAB,CLOSED/FINAL,UNFOUNDED,WOOD,GREGORY,003,,POLICE OFFICER,,MALE,BLACK,apr2016,,,S1,S,0,1
1058255,321,65TH ST,1537,APARTMENT,03nov2012 00:59:59,03nov2012 02:00:00,07nov2012,,,,,,,,S117,PUSH/PULL/GRAB,S117,PUSH/PULL/GRAB,CLOSED/FINAL,NOT SUSTAINED,CLINTON,SHANTELL,003,,POLICE OFFICER,,FEMALE,BLACK,apr2016,,,S1,S,0,1
1058255,321,65TH ST,1537,APARTMENT,03nov2012 00:59:59,03nov2012 02:00:00,07nov2012,,,,,,,,S117,PUSH/PULL/GRAB,S117,PUSH/PULL/GRAB,CLOSED/FINAL,NOT SUSTAINED,PATTON,PATRICE,003,,POLICE OFFICER,,FEMALE,BLACK,apr2016,,,S1,S,0,1
1058255,321,65TH ST,1537,APARTMENT,03nov2012 00:59:59,03nov2012 02:00:00,07nov2012,TIFFANY,ERMON,3899,007,,25sep2006,POLICE OFFICER,S117,PUSH/PULL/GRAB,S117,PUSH/PULL/GRAB,CLOSED/FINAL,EXONERATED,WHITE,ANTON,003,,SERGEANT OF POLICE,,MALE,BLACK,apr2016,,,S1,S,0,1
1058255,321,65TH ST,1537,APARTMENT,03nov2012 00:59:59,03nov2012 02:00:00,07nov2012,YOLANDA,IRBY ALEXA,15236,003,,25sep2006,POLICE OFFICER,S117,PUSH/PULL/GRAB,S117,PUSH/PULL/GRAB,CLOSED/FINAL,UNFOUNDED,DODERO,TIMOTHY,,,,,MALE,WHITE,apr2016,,,S1,S,0,1
1058255,321,65TH ST,1537,APARTMENT,03nov2012 00:59:59,03nov2012 02:00:00,07nov2012,,,,,,,,S117,PUSH/PULL/GRAB,S117,PUSH/PULL/GRAB,CLOSED/FINAL,EXONERATED,ROBERTSON,THEODORE,,,UNKNOWN,52,MALE,BLACK,apr2016,,,S1,S,0,1
1058255,321,65TH ST,1537,APARTMENT,03nov2012 00:59:59,03nov2012 02:00:00,07nov2012,,,,,,,,S117,PUSH/PULL/GRAB,S117,PUSH/PULL/GRAB,CLOSED/FINAL,NOT SUSTAINED,ROBERTSON,THEODORE,,,UNKNOWN,52,MALE,BLACK,apr2016,,,S1,S,0,1
1058255,321,65TH ST,1537,APARTMENT,03nov2012 00:59:59,03nov2012 02:00:00,07nov2012,YOLANDA,IRBY ALEXA,15236,003,,25sep2006,POLICE OFFICER,S117,PUSH/PULL/GRAB,S117,PUSH/PULL/GRAB,CLOSED/FINAL,UNFOUNDED,CLINTON,SHANTELL,003,,POLICE OFFICER,,FEMALE,BLACK,apr2016,,,S1,S,0,1
1058255,321,65TH ST,1537,APARTMENT,03nov2012 00:59:59,03nov2012 02:00:00,07nov2012,YOLANDA,IRBY ALEXA,15236,003,,25sep2006,POLICE OFFICER,S117,PUSH/PULL/GRAB,S117,PUSH/PULL/GRAB,CLOSED/FINAL,UNFOUNDED,PENA,ANGEL,003,,POLICE OFFICER,,MALE,WHITE HISPANIC,apr2016,,,S1,S,0,1
1058255,321,65TH ST,1537,APARTMENT,03nov2012 00:59:59,03nov2012 02:00:00,07nov2012,TIFFANY,ERMON,3899,007,,25sep2006,POLICE OFFICER,S117,PUSH/PULL/GRAB,S117,PUSH/PULL/GRAB,CLOSED/FINAL,NOT SUSTAINED,SMITH,SHIROLYN,003,,POLICE OFFICER,,FEMALE,BLACK,apr2016,,,S1,S,0,1
1058255,321,65TH ST,1537,APARTMENT,03nov2012 00:59:59,03nov2012 02:00:00,07nov2012,,,,,,,,S117,PUSH/PULL/GRAB,S117,PUSH/PULL/GRAB,CLOSED/FINAL,EXONERATED,DODERO,TIMOTHY,,,,,MALE,WHITE,apr2016,,,S1,S,0,1
1058255,321,65TH ST,1537,APARTMENT,03nov2012 00:59:59,03nov2012 02:00:00,07nov2012,,,,,,,,S117,PUSH/PULL/GRAB,S117,PUSH/PULL/GRAB,CLOSED/FINAL,EXONERATED,CLINTON,SHANTELL,003,,POLICE OFFICER,,FEMALE,BLACK,apr2016,,,S1,S,0,1
1058255,321,65TH ST,1537,APARTMENT,03nov2012 00:59:59,03nov2012 02:00:00,07nov2012,YOLANDA,IRBY ALEXA,15236,003,,25sep2006,POLICE OFFICER,S117,PUSH/PULL/GRAB,S117,PUSH/PULL/GRAB,CLOSED/FINAL,NOT SUSTAINED,PATTON,PATRICE,003,,POLICE OFFICER,,FEMALE,BLACK,apr2016,,,S1,S,0,1
1058255,321,65TH ST,1537,APARTMENT,03nov2012 00:59:59,03nov2012 02:00:00,07nov2012,MURPHY,RAYL,820,003,,02may1994,SERGEANT OF POLICE,S117,PUSH/PULL/GRAB,S117,PUSH/PULL/GRAB,CLOSED/FINAL,NOT SUSTAINED,READUS,BARBARA,,,UNKNOWN,,FEMALE,BLACK,apr2016,,,S1,S,0,1
1058255,321,65TH ST,1537,APARTMENT,03nov2012 00:59:59,03nov2012 02:00:00,07nov2012,MURPHY,RAYL,820,003,,02may1994,SERGEANT OF POLICE,S117,PUSH/PULL/GRAB,S117,PUSH/PULL/GRAB,CLOSED/FINAL,EXONERATED,WHITE,ANTON,003,,SERGEANT OF POLICE,,MALE,BLACK,apr2016,,,S1,S,0,1
1058255,321,65TH ST,1537,APARTMENT,03nov2012 00:59:59,03nov2012 02:00:00,07nov2012,MURPHY,RAYL,820,003,,02may1994,SERGEANT OF POLICE,S117,PUSH/PULL/GRAB,S117,PUSH/PULL/GRAB,CLOSED/FINAL,EXONERATED,READUS,BARBARA,,,UNKNOWN,,FEMALE,BLACK,apr2016,,,S1,S,0,1
1058255,321,65TH ST,1537,APARTMENT,03nov2012 00:59:59,03nov2012 02:00:00,07nov2012,MURPHY,RAYL,820,003,,02may1994,SERGEANT OF POLICE,S117,PUSH/PULL/GRAB,S117,PUSH/PULL/GRAB,CLOSED/FINAL,NOT SUSTAINED,BELMONTEZ,MICHAEL,003,,POLICE OFFICER,,MALE,SPANISH (DO NOT USE),apr2016,,,S1,S,0,1
1058255,321,65TH ST,1537,APARTMENT,03nov2012 00:59:59,03nov2012 02:00:00,07nov2012,TIFFANY,ERMON,3899,007,,25sep2006,POLICE OFFICER,S117,PUSH/PULL/GRAB,S117,PUSH/PULL/GRAB,CLOSED/FINAL,EXONERATED,BELMONTEZ,MICHAEL,003,,POLICE OFFICER,,MALE,SPANISH (DO NOT USE),apr2016,,,S1,S,0,1
1058255,321,65TH ST,1537,APARTMENT,03nov2012 00:59:59,03nov2012 02:00:00,07nov2012,YOLANDA,IRBY ALEXA,15236,003,,25sep2006,POLICE OFFICER,S117,PUSH/PULL/GRAB,S117,PUSH/PULL/GRAB,CLOSED/FINAL,NOT SUSTAINED,WHITE,ANTON,003,,SERGEANT OF POLICE,,MALE,BLACK,apr2016,,,S1,S,0,1
1058255,321,65TH ST,1537,APARTMENT,03nov2012 00:59:59,03nov2012 02:00:00,07nov2012,,,,,,,,S117,PUSH/PULL/GRAB,S117,PUSH/PULL/GRAB,CLOSED/FINAL,NOT SUSTAINED,SMITH,SHIROLYN,003,,POLICE OFFICER,,FEMALE,BLACK,apr2016,,,S1,S,0,1
1058255,321,65TH ST,1537,APARTMENT,03nov2012 00:59:59,03nov2012 02:00:00,07nov2012,MURPHY,RAYL,820,003,,02may1994,SERGEANT OF POLICE,S117,PUSH/PULL/GRAB,S117,PUSH/PULL/GRAB,CLOSED/FINAL,NOT SUSTAINED,SMITH,SHIROLYN,003,,POLICE OFFICER,,FEMALE,BLACK,apr2016,,,S1,S,0,1
1058255,321,65TH ST,1537,APARTMENT,03nov2012 00:59:59,03nov2012 02:00:00,07nov2012,MURPHY,RAYL,820,003,,02may1994,SERGEANT OF POLICE,S117,PUSH/PULL/GRAB,S117,PUSH/PULL/GRAB,CLOSED/FINAL,EXONERATED,CARROLL,RONDY,003,,POLICE OFFICER,,MALE,BLACK,apr2016,,,S1,S,0,1
1058255,321,65TH ST,1537,APARTMENT,03nov2012 00:59:59,03nov2012 02:00:00,07nov2012,TIFFANY,ERMON,3899,007,,25sep2006,POLICE OFFICER,S117,PUSH/PULL/GRAB,S117,PUSH/PULL/GRAB,CLOSED/FINAL,EXONERATED,ROBERTSON,THEODORE,,,UNKNOWN,52,MALE,BLACK,apr2016,,,S1,S,0,1
1058255,321,65TH ST,1537,APARTMENT,03nov2012 00:59:59,03nov2012 02:00:00,07nov2012,MURPHY,RAYL,820,003,,02may1994,SERGEANT OF POLICE,S117,PUSH/PULL/GRAB,S117,PUSH/PULL/GRAB,CLOSED/FINAL,NOT SUSTAINED,ROBERTSON,THEODORE,,,UNKNOWN,52,MALE,BLACK,apr2016,,,S1,S,0,1
1058255,321,65TH ST,1537,APARTMENT,03nov2012 00:59:59,03nov2012 02:00:00,07nov2012,TIFFANY,ERMON,3899,007,,25sep2006,POLICE OFFICER,S117,PUSH/PULL/GRAB,S117,PUSH/PULL/GRAB,CLOSED/FINAL,NOT SUSTAINED,WOOD,GREGORY,003,,POLICE OFFICER,,MALE,BLACK,apr2016,,,S1,S,0,1
1058255,321,65TH ST,1537,APARTMENT,03nov2012 00:59:59,03nov2012 02:00:00,07nov2012,TIFFANY,ERMON,3899,007,,25sep2006,POLICE OFFICER,S117,PUSH/PULL/GRAB,S117,PUSH/PULL/GRAB,CLOSED/FINAL,EXONERATED,CLINTON,SHANTELL,003,,POLICE OFFICER,,FEMALE,BLACK,apr2016,,,S1,S,0,1
1058255,321,65TH ST,1537,APARTMENT,03nov2012 00:59:59,03nov2012 02:00:00,07nov2012,TIFFANY,ERMON,3899,007,,25sep2006,POLICE OFFICER,S117,PUSH/PULL/GRAB,S117,PUSH/PULL/GRAB,CLOSED/FINAL,NOT SUSTAINED,READUS,SHIRLEY,,,UNKNOWN,,FEMALE,BLACK,apr2016,,,S1,S,0,1
1058255,321,65TH ST,1537,APARTMENT,03nov2012 00:59:59,03nov2012 02:00:00,07nov2012,,,,,,,,S117,PUSH/PULL/GRAB,S117,PUSH/PULL/GRAB,CLOSED/FINAL,EXONERATED,READUS,BARBARA,,,UNKNOWN,,FEMALE,BLACK,apr2016,,,S1,S,0,1
1058255,321,65TH ST,1537,APARTMENT,03nov2012 00:59:59,03nov2012 02:00:00,07nov2012,MURPHY,RAYL,820,003,,02may1994,SERGEANT OF POLICE,S117,PUSH/PULL/GRAB,S117,PUSH/PULL/GRAB,CLOSED/FINAL,EXONERATED,CLINTON,SHANTELL,003,,POLICE OFFICER,,FEMALE,BLACK,apr2016,,,S1,S,0,1
1058255,321,65TH ST,1537,APARTMENT,03nov2012 00:59:59,03nov2012 02:00:00,07nov2012,YOLANDA,IRBY ALEXA,15236,003,,25sep2006,POLICE OFFICER,S117,PUSH/PULL/GRAB,S117,PUSH/PULL/GRAB,CLOSED/FINAL,UNFOUNDED,READUS,SHIRLEY,,,UNKNOWN,,FEMALE,BLACK,apr2016,,,S1,S,0,1
1058255,321,65TH ST,1537,APARTMENT,03nov2012 00:59:59,03nov2012 02:00:00,07nov2012,YOLANDA,IRBY ALEXA,15236,003,,25sep2006,POLICE OFFICER,S117,PUSH/PULL/GRAB,S117,PUSH/PULL/GRAB,CLOSED/FINAL,NOT SUSTAINED,PENA,ANGEL,003,,POLICE OFFICER,,MALE,WHITE HISPANIC,apr2016,,,S1,S,0,1
1058255,321,65TH ST,1537,APARTMENT,03nov2012 00:59:59,03nov2012 02:00:00,07nov2012,,,,,,,,S117,PUSH/PULL/GRAB,S117,PUSH/PULL/GRAB,CLOSED/FINAL,NOT SUSTAINED,CARROLL,RONDY,003,,POLICE OFFICER,,MALE,BLACK,apr2016,,,S1,S,0,1
1058255,321,65TH ST,1537,APARTMENT,03nov2012 00:59:59,03nov2012 02:00:00,07nov2012,,,,,,,,S117,PUSH/PULL/GRAB,S117,PUSH/PULL/GRAB,CLOSED/FINAL,EXONERATED,PATTON,PATRICE,003,,POLICE OFFICER,,FEMALE,BLACK,apr2016,,,S1,S,0,1
1058255,321,65TH ST,1537,APARTMENT,03nov2012 00:59:59,03nov2012 02:00:00,07nov2012,,,,,,,,S117,PUSH/PULL/GRAB,S117,PUSH/PULL/GRAB,CLOSED/FINAL,NOT SUSTAINED,READUS,BARBARA,,,UNKNOWN,,FEMALE,BLACK,apr2016,,,S1,S,0,1
1058255,321,65TH ST,1537,APARTMENT,03nov2012 00:59:59,03nov2012 02:00:00,07nov2012,TIFFANY,ERMON,3899,007,,25sep2006,POLICE OFFICER,S117,PUSH/PULL/GRAB,S117,PUSH/PULL/GRAB,CLOSED/FINAL,EXONERATED,READUS,SHIRLEY,,,UNKNOWN,,FEMALE,BLACK,apr2016,,,S1,S,0,1
1058255,321,65TH ST,1537,APARTMENT,03nov2012 00:59:59,03nov2012 02:00:00,07nov2012,TIFFANY,ERMON,3899,007,,25sep2006,POLICE OFFICER,S117,PUSH/PULL/GRAB,S117,PUSH/PULL/GRAB,CLOSED/FINAL,EXONERATED,CHATHAM,MICHAEL,003,,POLICE OFFICER,,MALE,WHITE,apr2016,,,S1,S,0,1
1058255,321,65TH ST,1537,APARTMENT,03nov2012 00:59:59,03nov2012 02:00:00,07nov2012,MURPHY,RAYL,820,003,,02may1994,SERGEANT OF POLICE,S117,PUSH/PULL/GRAB,S117,PUSH/PULL/GRAB,CLOSED/FINAL,EXONERATED,SMITH,SHIROLYN,003,,POLICE OFFICER,,FEMALE,BLACK,apr2016,,,S1,S,0,1
1058255,321,65TH ST,1537,APARTMENT,03nov2012 00:59:59,03nov2012 02:00:00,07nov2012,TIFFANY,ERMON,3899,007,,25sep2006,POLICE OFFICER,S117,PUSH/PULL/GRAB,S117,PUSH/PULL/GRAB,CLOSED/FINAL,EXONERATED,PENA,ANGEL,003,,POLICE OFFICER,,MALE,WHITE HISPANIC,apr2016,,,S1,S,0,1
1058255,321,65TH ST,1537,APARTMENT,03nov2012 00:59:59,03nov2012 02:00:00,07nov2012,TIFFANY,ERMON,3899,007,,25sep2006,POLICE OFFICER,S117,PUSH/PULL/GRAB,S117,PUSH/PULL/GRAB,CLOSED/FINAL,NOT SUSTAINED,CARROLL,RONDY,003,,POLICE OFFICER,,MALE,BLACK,apr2016,,,S1,S,0,1
1058255,321,65TH ST,1537,APARTMENT,03nov2012 00:59:59,03nov2012 02:00:00,07nov2012,,,,,,,,S117,PUSH/PULL/GRAB,S117,PUSH/PULL/GRAB,CLOSED/FINAL,EXONERATED,SMITH,SHIROLYN,003,,POLICE OFFICER,,FEMALE,BLACK,apr2016,,,S1,S,0,1
1058255,321,65TH ST,1537,APARTMENT,03nov2012 00:59:59,03nov2012 02:00:00,07nov2012,MURPHY,RAYL,820,003,,02may1994,SERGEANT OF POLICE,S117,PUSH/PULL/GRAB,S117,PUSH/PULL/GRAB,CLOSED/FINAL,EXONERATED,BELMONTEZ,MICHAEL,003,,POLICE OFFICER,,MALE,SPANISH (DO NOT USE),apr2016,,,S1,S,0,1
1058255,321,65TH ST,1537,APARTMENT,03nov2012 00:59:59,03nov2012 02:00:00,07nov2012,MURPHY,RAYL,820,003,,02may1994,SERGEANT OF POLICE,S117,PUSH/PULL/GRAB,S117,PUSH/PULL/GRAB,CLOSED/FINAL,NOT SUSTAINED,CLINTON,SHANTELL,003,,POLICE OFFICER,,FEMALE,BLACK,apr2016,,,S1,S,0,1
1058255,321,65TH ST,1537,APARTMENT,03nov2012 00:59:59,03nov2012 02:00:00,07nov2012,TIFFANY,ERMON,3899,007,,25sep2006,POLICE OFFICER,S117,PUSH/PULL/GRAB,S117,PUSH/PULL/GRAB,CLOSED/FINAL,EXONERATED,READUS,BARBARA,,,UNKNOWN,,FEMALE,BLACK,apr2016,,,S1,S,0,1
1058255,321,65TH ST,1537,APARTMENT,03nov2012 00:59:59,03nov2012 02:00:00,07nov2012,YOLANDA,IRBY ALEXA,15236,003,,25sep2006,POLICE OFFICER,S117,PUSH/PULL/GRAB,S117,PUSH/PULL/GRAB,CLOSED/FINAL,UNFOUNDED,READUS,BARBARA,,,UNKNOWN,,FEMALE,BLACK,apr2016,,,S1,S,0,1
1058255,321,65TH ST,1537,APARTMENT,03nov2012 00:59:59,03nov2012 02:00:00,07nov2012,,,,,,,,S117,PUSH/PULL/GRAB,S117,PUSH/PULL/GRAB,CLOSED/FINAL,NOT SUSTAINED,CHATHAM,MICHAEL,003,,POLICE OFFICER,,MALE,WHITE,apr2016,,,S1,S,0,1
1058255,321,65TH ST,1537,APARTMENT,03nov2012 00:59:59,03nov2012 02:00:00,07nov2012,TIFFANY,ERMON,3899,007,,25sep2006,POLICE OFFICER,S117,PUSH/PULL/GRAB,S117,PUSH/PULL/GRAB,CLOSED/FINAL,EXONERATED,CARROLL,RONDY,003,,POLICE OFFICER,,MALE,BLACK,apr2016,,,S1,S,0,1
1058255,321,65TH ST,1537,APARTMENT,03nov2012 00:59:59,03nov2012 02:00:00,07nov2012,YOLANDA,IRBY ALEXA,15236,003,,25sep2006,POLICE OFFICER,S117,PUSH/PULL/GRAB,S117,PUSH/PULL/GRAB,CLOSED/FINAL,NOT SUSTAINED,CLINTON,SHANTELL,003,,POLICE OFFICER,,FEMALE,BLACK,apr2016,,,S1,S,0,1
1058255,321,65TH ST,1537,APARTMENT,03nov2012 00:59:59,03nov2012 02:00:00,07nov2012,YOLANDA,IRBY ALEXA,15236,003,,25sep2006,POLICE OFFICER,S117,PUSH/PULL/GRAB,S117,PUSH/PULL/GRAB,CLOSED/FINAL,NOT SUSTAINED,READUS,SHIRLEY,,,UNKNOWN,,FEMALE,BLACK,apr2016,,,S1,S,0,1
1058255,321,65TH ST,1537,APARTMENT,03nov2012 00:59:59,03nov2012 02:00:00,07nov2012,YOLANDA,IRBY ALEXA,15236,003,,25sep2006,POLICE OFFICER,S117,PUSH/PULL/GRAB,S117,PUSH/PULL/GRAB,CLOSED/FINAL,UNFOUNDED,ROBERTSON,THEODORE,,,UNKNOWN,52,MALE,BLACK,apr2016,,,S1,S,0,1
1058255,321,65TH ST,1537,APARTMENT,03nov2012 00:59:59,03nov2012 02:00:00,07nov2012,YOLANDA,IRBY ALEXA,15236,003,,25sep2006,POLICE OFFICER,S117,PUSH/PULL/GRAB,S117,PUSH/PULL/GRAB,CLOSED/FINAL,UNFOUNDED,PATTON,PATRICE,003,,POLICE OFFICER,,FEMALE,BLACK,apr2016,,,S1,S,0,1
1058255,321,65TH ST,1537,APARTMENT,03nov2012 00:59:59,03nov2012 02:00:00,07nov2012,,,,,,,,S117,PUSH/PULL/GRAB,S117,PUSH/PULL/GRAB,CLOSED/FINAL,EXONERATED,WHITE,ANTON,003,,SERGEANT OF POLICE,,MALE,BLACK,apr2016,,,S1,S,0,1
1058255,321,65TH ST,1537,APARTMENT,03nov2012 00:59:59,03nov2012 02:00:00,07nov2012,YOLANDA,IRBY ALEXA,15236,003,,25sep2006,POLICE OFFICER,S117,PUSH/PULL/GRAB,S117,PUSH/PULL/GRAB,CLOSED/FINAL,UNFOUNDED,SMITH,SHIROLYN,003,,POLICE OFFICER,,FEMALE,BLACK,apr2016,,,S1,S,0,1
1058255,321,65TH ST,1537,APARTMENT,03nov2012 00:59:59,03nov2012 02:00:00,07nov2012,TIFFANY,ERMON,3899,007,,25sep2006,POLICE OFFICER,S117,PUSH/PULL/GRAB,S117,PUSH/PULL/GRAB,CLOSED/FINAL,EXONERATED,PATTON,PATRICE,003,,POLICE OFFICER,,FEMALE,BLACK,apr2016,,,S1,S,0,1
1058255,321,65TH ST,1537,APARTMENT,03nov2012 00:59:59,03nov2012 02:00:00,07nov2012,TIFFANY,ERMON,3899,007,,25sep2006,POLICE OFFICER,S117,PUSH/PULL/GRAB,S117,PUSH/PULL/GRAB,CLOSED/FINAL,NOT SUSTAINED,PATTON,PATRICE,003,,POLICE OFFICER,,FEMALE,BLACK,apr2016,,,S1,S,0,1
1058255,321,65TH ST,1537,APARTMENT,03nov2012 00:59:59,03nov2012 02:00:00,07nov2012,MURPHY,RAYL,820,003,,02may1994,SERGEANT OF POLICE,S117,PUSH/PULL/GRAB,S117,PUSH/PULL/GRAB,CLOSED/FINAL,EXONERATED,PATTON,PATRICE,003,,POLICE OFFICER,,FEMALE,BLACK,apr2016,,,S1,S,0,1
1058255,321,65TH ST,1537,APARTMENT,03nov2012 00:59:59,03nov2012 02:00:00,07nov2012,TIFFANY,ERMON,3899,007,,25sep2006,POLICE OFFICER,S117,PUSH/PULL/GRAB,S117,PUSH/PULL/GRAB,CLOSED/FINAL,NOT SUSTAINED,CHATHAM,MICHAEL,003,,POLICE OFFICER,,MALE,WHITE,apr2016,,,S1,S,0,1
1058255,321,65TH ST,1537,APARTMENT,03nov2012 00:59:59,03nov2012 02:00:00,07nov2012,YOLANDA,IRBY ALEXA,15236,003,,25sep2006,POLICE OFFICER,S117,PUSH/PULL/GRAB,S117,PUSH/PULL/GRAB,CLOSED/FINAL,NOT SUSTAINED,SMITH,SHIROLYN,003,,POLICE OFFICER,,FEMALE,BLACK,apr2016,,,S1,S,0,1
1058255,321,65TH ST,1537,APARTMENT,03nov2012 00:59:59,03nov2012 02:00:00,07nov2012,MURPHY,RAYL,820,003,,02may1994,SERGEANT OF POLICE,S117,PUSH/PULL/GRAB,S117,PUSH/PULL/GRAB,CLOSED/FINAL,EXONERATED,ROBERTSON,THEODORE,,,UNKNOWN,52,MALE,BLACK,apr2016,,,S1,S,0,1
1058255,321,65TH ST,1537,APARTMENT,03nov2012 00:59:59,03nov2012 02:00:00,07nov2012,,,,,,,,S117,PUSH/PULL/GRAB,S117,PUSH/PULL/GRAB,CLOSED/FINAL,EXONERATED,PENA,ANGEL,003,,POLICE OFFICER,,MALE,WHITE HISPANIC,apr2016,,,S1,S,0,1
1058255,321,65TH ST,1537,APARTMENT,03nov2012 00:59:59,03nov2012 02:00:00,07nov2012,,,,,,,,S117,PUSH/PULL/GRAB,S117,PUSH/PULL/GRAB,CLOSED/FINAL,NOT SUSTAINED,PENA,ANGEL,003,,POLICE OFFICER,,MALE,WHITE HISPANIC,apr2016,,,S1,S,0,1
1058255,321,65TH ST,1537,APARTMENT,03nov2012 00:59:59,03nov2012 02:00:00,07nov2012,YOLANDA,IRBY ALEXA,15236,003,,25sep2006,POLICE OFFICER,S117,PUSH/PULL/GRAB,S117,PUSH/PULL/GRAB,CLOSED/FINAL,UNFOUNDED,CHATHAM,MICHAEL,003,,POLICE OFFICER,,MALE,WHITE,apr2016,,,S1,S,0,1
1058255,321,65TH ST,1537,APARTMENT,03nov2012 00:59:59,03nov2012 02:00:00,07nov2012,YOLANDA,IRBY ALEXA,15236,003,,25sep2006,POLICE OFFICER,S117,PUSH/PULL/GRAB,S117,PUSH/PULL/GRAB,CLOSED/FINAL,UNFOUNDED,CARROLL,RONDY,003,,POLICE OFFICER,,MALE,BLACK,apr2016,,,S1,S,0,1
1058255,321,65TH ST,1537,APARTMENT,03nov2012 00:59:59,03nov2012 02:00:00,07nov2012,YOLANDA,IRBY ALEXA,15236,003,,25sep2006,POLICE OFFICER,S117,PUSH/PULL/GRAB,S117,PUSH/PULL/GRAB,CLOSED/FINAL,NOT SUSTAINED,DODERO,TIMOTHY,,,,,MALE,WHITE,apr2016,,,S1,S,0,1
1058255,321,65TH ST,1537,APARTMENT,03nov2012 00:59:59,03nov2012 02:00:00,07nov2012,YOLANDA,IRBY ALEXA,15236,003,,25sep2006,POLICE OFFICER,S117,PUSH/PULL/GRAB,S117,PUSH/PULL/GRAB,CLOSED/FINAL,UNFOUNDED,BELMONTEZ,MICHAEL,003,,POLICE OFFICER,,MALE,SPANISH (DO NOT USE),apr2016,,,S1,S,0,1
1058255,321,65TH ST,1537,APARTMENT,03nov2012 00:59:59,03nov2012 02:00:00,07nov2012,YOLANDA,IRBY ALEXA,15236,003,,25sep2006,POLICE OFFICER,S117,PUSH/PULL/GRAB,S117,PUSH/PULL/GRAB,CLOSED/FINAL,NOT SUSTAINED,READUS,BARBARA,,,UNKNOWN,,FEMALE,BLACK,apr2016,,,S1,S,0,1
1058255,321,65TH ST,1537,APARTMENT,03nov2012 00:59:59,03nov2012 02:00:00,07nov2012,YOLANDA,IRBY ALEXA,15236,003,,25sep2006,POLICE OFFICER,S117,PUSH/PULL/GRAB,S117,PUSH/PULL/GRAB,CLOSED/FINAL,NOT SUSTAINED,WOOD,GREGORY,003,,POLICE OFFICER,,MALE,BLACK,apr2016,,,S1,S,0,1
1058255,321,65TH ST,1537,APARTMENT,03nov2012 00:59:59,03nov2012 02:00:00,07nov2012,YOLANDA,IRBY ALEXA,15236,003,,25sep2006,POLICE OFFICER,S117,PUSH/PULL/GRAB,S117,PUSH/PULL/GRAB,CLOSED/FINAL,NOT SUSTAINED,CHATHAM,MICHAEL,003,,POLICE OFFICER,,MALE,WHITE,apr2016,,,S1,S,0,1
1058255,321,65TH ST,1537,APARTMENT,03nov2012 00:59:59,03nov2012 02:00:00,07nov2012,YOLANDA,IRBY ALEXA,15236,003,,25sep2006,POLICE OFFICER,S117,PUSH/PULL/GRAB,S117,PUSH/PULL/GRAB,CLOSED/FINAL,NOT SUSTAINED,CARROLL,RONDY,003,,POLICE OFFICER,,MALE,BLACK,apr2016,,,S1,S,0,1
1058255,321,65TH ST,1537,APARTMENT,03nov2012 00:59:59,03nov2012 02:00:00,07nov2012,YOLANDA,IRBY ALEXA,15236,003,,25sep2006,POLICE OFFICER,S117,PUSH/PULL/GRAB,S117,PUSH/PULL/GRAB,CLOSED/FINAL,NOT SUSTAINED,ROBERTSON,THEODORE,,,UNKNOWN,52,MALE,BLACK,apr2016,,,S1,S,0,1
1058255,321,65TH ST,1537,APARTMENT,03nov2012 00:59:59,03nov2012 02:00:00,07nov2012,,,,,,,,S117,PUSH/PULL/GRAB,S117,PUSH/PULL/GRAB,CLOSED/FINAL,EXONERATED,READUS,SHIRLEY,,,UNKNOWN,,FEMALE,BLACK,apr2016,,,S1,S,0,1
