COMPLAINT_NUMBER,BEAT,STREET,ADDRESS,LOCATION_CODE,INCIDENT_TIME_START,INCIDENT_TIME_END,NOTIFICATION_DATE,ACCSUEDOFFICER_FNAME,ACCUSEDOFFICER_LNAME,ACCUSED_STAR,ACCUSED_UNIT,ACCUSED_DETAIL,ACCUSED_APPOINTMENT_DATE,ACCUSED_POSITION,INITIAL_CATEGORY_CODE,INITIAL_CATEGORY,CURRENT_CATEGORY_CODE,CURRENT_CATEGORY,CURRENT_STATUS,FINDING_CODE,INVOLVED_OFFICER_LNAME,INVOLVED_OFFICER_FNAME,INVOLVED_OFFICER_UNIT,INVOLVED_OFFICER_DETAIL,INVOLVED_OFFICER_POSITION,INVOLVED_OFFICER_AGE,INVOLVED_OFFICER_SEX,INVOLVED_OFFICER_RACE,foia,INVOLVED_OFFICER_DESCRIPTION,INVOLVED_OFFICER_TYPE,start_code_2,start_code_1,rec,sum_rec
1056651,224,47TH ST,125,STREET,28aug2012 18:30:00,28aug2012 18:45:00,28aug2012,LATONYA,CUYLER,19753,002,,26jan2004,POLICE OFFICER,05Z,MISCELLANEOUS,05Z,MISCELLANEOUS,CLOSED/FINAL,EXONERATED,HERBERT,WILLIE,,,UNKNOWN,,MALE,BLACK,apr2016,,,05,0,0,1
1056651,224,47TH ST,125,STREET,28aug2012 18:30:00,28aug2012 18:45:00,28aug2012,MILOT,CADICHON,17711,002,,13oct1998,POLICE OFFICER,05Z,MISCELLANEOUS,05Z,MISCELLANEOUS,CLOSED/FINAL,NOT SUSTAINED,TALLEY,TEFNY,,,UNKNOWN,35,FEMALE,BLACK,apr2016,,,05,0,0,1
1056651,224,47TH ST,125,STREET,28aug2012 18:30:00,28aug2012 18:45:00,28aug2012,LATONYA,CUYLER,19753,002,,26jan2004,POLICE OFFICER,05Z,MISCELLANEOUS,05Z,MISCELLANEOUS,CLOSED/FINAL,UNFOUNDED,HERBERT,LAVELL,,,UNKNOWN,20,MALE,BLACK,apr2016,,,05,0,0,1
1056651,224,47TH ST,125,STREET,28aug2012 18:30:00,28aug2012 18:45:00,28aug2012,,,,,,,,05Z,MISCELLANEOUS,05Z,MISCELLANEOUS,CLOSED/FINAL,EXONERATED,HERBERT,WILLIE,,,UNKNOWN,,MALE,BLACK,apr2016,,,05,0,0,1
1056651,224,47TH ST,125,STREET,28aug2012 18:30:00,28aug2012 18:45:00,28aug2012,MILOT,CADICHON,17711,002,,13oct1998,POLICE OFFICER,05Z,MISCELLANEOUS,05Z,MISCELLANEOUS,CLOSED/FINAL,UNFOUNDED,HERBERT,LAVELL,,,UNKNOWN,20,MALE,BLACK,apr2016,,,05,0,0,1
1056651,224,47TH ST,125,STREET,28aug2012 18:30:00,28aug2012 18:45:00,28aug2012,ELSWORTH,SMITH JR,11737,002,,25oct1999,POLICE OFFICER,05Z,MISCELLANEOUS,05Z,MISCELLANEOUS,CLOSED/FINAL,UNFOUNDED,HERBERT,LAVELL,,,UNKNOWN,19,MALE,BLACK,apr2016,,,05,0,0,1
1056651,224,47TH ST,125,STREET,28aug2012 18:30:00,28aug2012 18:45:00,28aug2012,LATONYA,CUYLER,19753,002,,26jan2004,POLICE OFFICER,05Z,MISCELLANEOUS,05Z,MISCELLANEOUS,CLOSED/FINAL,EXONERATED,TALLEY,TEFNY,,,UNKNOWN,35,FEMALE,BLACK,apr2016,,,05,0,0,1
1056651,224,47TH ST,125,STREET,28aug2012 18:30:00,28aug2012 18:45:00,28aug2012,MILOT,CADICHON,17711,002,,13oct1998,POLICE OFFICER,05Z,MISCELLANEOUS,05Z,MISCELLANEOUS,CLOSED/FINAL,UNFOUNDED,HERBERT,WILLIE,,,UNKNOWN,,MALE,BLACK,apr2016,,,05,0,0,1
1056651,224,47TH ST,125,STREET,28aug2012 18:30:00,28aug2012 18:45:00,28aug2012,ELSWORTH,SMITH JR,11737,002,,25oct1999,POLICE OFFICER,05Z,MISCELLANEOUS,05Z,MISCELLANEOUS,CLOSED/FINAL,UNFOUNDED,HERBERT,WILLIE,,,UNKNOWN,,MALE,BLACK,apr2016,,,05,0,0,1
1056651,224,47TH ST,125,STREET,28aug2012 18:30:00,28aug2012 18:45:00,28aug2012,ELSWORTH,SMITH JR,11737,002,,25oct1999,POLICE OFFICER,05Z,MISCELLANEOUS,05Z,MISCELLANEOUS,CLOSED/FINAL,NOT SUSTAINED,HERBERT,LAVELL,,,UNKNOWN,20,MALE,BLACK,apr2016,,,05,0,0,1
1056651,224,47TH ST,125,STREET,28aug2012 18:30:00,28aug2012 18:45:00,28aug2012,ROBERT,GRAVES,20007,610,,28sep1992,PO AS DETECTIVE,05Z,MISCELLANEOUS,05Z,MISCELLANEOUS,CLOSED/FINAL,UNFOUNDED,HERBERT,LAVELL,,,UNKNOWN,19,MALE,BLACK,apr2016,,,05,0,0,1
1056651,224,47TH ST,125,STREET,28aug2012 18:30:00,28aug2012 18:45:00,28aug2012,,,,,,,,05Z,MISCELLANEOUS,05Z,MISCELLANEOUS,CLOSED/FINAL,NOT SUSTAINED,HERBERT,LAVELL,,,UNKNOWN,20,MALE,BLACK,apr2016,,,05,0,0,1
1056651,224,47TH ST,125,STREET,28aug2012 18:30:00,28aug2012 18:45:00,28aug2012,,,,,,,,05Z,MISCELLANEOUS,05Z,MISCELLANEOUS,CLOSED/FINAL,EXONERATED,HERBERT,LAVELL,,,UNKNOWN,19,MALE,BLACK,apr2016,,,05,0,1,1
1056651,224,47TH ST,125,STREET,28aug2012 18:30:00,28aug2012 18:45:00,28aug2012,ROBERT,GRAVES,20007,610,,28sep1992,PO AS DETECTIVE,05Z,MISCELLANEOUS,05Z,MISCELLANEOUS,CLOSED/FINAL,EXONERATED,HERBERT,LAVELL,,,UNKNOWN,19,MALE,BLACK,apr2016,,,05,0,0,1
1056651,224,47TH ST,125,STREET,28aug2012 18:30:00,28aug2012 18:45:00,28aug2012,,,,,,,,05Z,MISCELLANEOUS,05Z,MISCELLANEOUS,CLOSED/FINAL,NOT SUSTAINED,TALLEY,TEFNY,,,UNKNOWN,35,FEMALE,BLACK,apr2016,,,05,0,0,1
1056651,224,47TH ST,125,STREET,28aug2012 18:30:00,28aug2012 18:45:00,28aug2012,LATONYA,CUYLER,19753,002,,26jan2004,POLICE OFFICER,05Z,MISCELLANEOUS,05Z,MISCELLANEOUS,CLOSED/FINAL,UNFOUNDED,HERBERT,LAVELL,,,UNKNOWN,19,MALE,BLACK,apr2016,,,05,0,0,1
1056651,224,47TH ST,125,STREET,28aug2012 18:30:00,28aug2012 18:45:00,28aug2012,ROBERT,GRAVES,20007,610,,28sep1992,PO AS DETECTIVE,05Z,MISCELLANEOUS,05Z,MISCELLANEOUS,CLOSED/FINAL,EXONERATED,TALLEY,TEFNY,,,UNKNOWN,35,FEMALE,BLACK,apr2016,,,05,0,0,1
1056651,224,47TH ST,125,STREET,28aug2012 18:30:00,28aug2012 18:45:00,28aug2012,,,,,,,,05Z,MISCELLANEOUS,05Z,MISCELLANEOUS,CLOSED/FINAL,EXONERATED,TALLEY,TEFNY,,,UNKNOWN,35,FEMALE,BLACK,apr2016,,,05,0,0,1
1056651,224,47TH ST,125,STREET,28aug2012 18:30:00,28aug2012 18:45:00,28aug2012,LATONYA,CUYLER,19753,002,,26jan2004,POLICE OFFICER,05Z,MISCELLANEOUS,05Z,MISCELLANEOUS,CLOSED/FINAL,UNFOUNDED,HERBERT,WILLIE,,,UNKNOWN,,MALE,BLACK,apr2016,,,05,0,0,1
1056651,224,47TH ST,125,STREET,28aug2012 18:30:00,28aug2012 18:45:00,28aug2012,ELSWORTH,SMITH JR,11737,002,,25oct1999,POLICE OFFICER,05Z,MISCELLANEOUS,05Z,MISCELLANEOUS,CLOSED/FINAL,UNFOUNDED,HERBERT,LAVELL,,,UNKNOWN,20,MALE,BLACK,apr2016,,,05,0,0,1
1056651,224,47TH ST,125,STREET,28aug2012 18:30:00,28aug2012 18:45:00,28aug2012,MILOT,CADICHON,17711,002,,13oct1998,POLICE OFFICER,05Z,MISCELLANEOUS,05Z,MISCELLANEOUS,CLOSED/FINAL,NOT SUSTAINED,HERBERT,WILLIE,,,UNKNOWN,,MALE,BLACK,apr2016,,,05,0,0,1
1056651,224,47TH ST,125,STREET,28aug2012 18:30:00,28aug2012 18:45:00,28aug2012,MILOT,CADICHON,17711,002,,13oct1998,POLICE OFFICER,05Z,MISCELLANEOUS,05Z,MISCELLANEOUS,CLOSED/FINAL,NOT SUSTAINED,HERBERT,LAVELL,,,UNKNOWN,19,MALE,BLACK,apr2016,,,05,0,0,1
1056651,224,47TH ST,125,STREET,28aug2012 18:30:00,28aug2012 18:45:00,28aug2012,MILOT,CADICHON,17711,002,,13oct1998,POLICE OFFICER,05Z,MISCELLANEOUS,05Z,MISCELLANEOUS,CLOSED/FINAL,UNFOUNDED,HERBERT,LAVELL,,,UNKNOWN,19,MALE,BLACK,apr2016,,,05,0,0,1
1056651,224,47TH ST,125,STREET,28aug2012 18:30:00,28aug2012 18:45:00,28aug2012,MILOT,CADICHON,17711,002,,13oct1998,POLICE OFFICER,05Z,MISCELLANEOUS,05Z,MISCELLANEOUS,CLOSED/FINAL,UNFOUNDED,TALLEY,TEFNY,,,UNKNOWN,35,FEMALE,BLACK,apr2016,,,05,0,0,1
1056651,224,47TH ST,125,STREET,28aug2012 18:30:00,28aug2012 18:45:00,28aug2012,,,,,,,,05Z,MISCELLANEOUS,05Z,MISCELLANEOUS,CLOSED/FINAL,NOT SUSTAINED,HERBERT,WILLIE,,,UNKNOWN,,MALE,BLACK,apr2016,,,05,0,0,1
1056651,224,47TH ST,125,STREET,28aug2012 18:30:00,28aug2012 18:45:00,28aug2012,LATONYA,CUYLER,19753,002,,26jan2004,POLICE OFFICER,05Z,MISCELLANEOUS,05Z,MISCELLANEOUS,CLOSED/FINAL,UNFOUNDED,TALLEY,TEFNY,,,UNKNOWN,35,FEMALE,BLACK,apr2016,,,05,0,0,1
1056651,224,47TH ST,125,STREET,28aug2012 18:30:00,28aug2012 18:45:00,28aug2012,ELSWORTH,SMITH JR,11737,002,,25oct1999,POLICE OFFICER,05Z,MISCELLANEOUS,05Z,MISCELLANEOUS,CLOSED/FINAL,UNFOUNDED,TALLEY,TEFNY,,,UNKNOWN,35,FEMALE,BLACK,apr2016,,,05,0,0,1
1056651,224,47TH ST,125,STREET,28aug2012 18:30:00,28aug2012 18:45:00,28aug2012,,,,,,,,05Z,MISCELLANEOUS,05Z,MISCELLANEOUS,CLOSED/FINAL,EXONERATED,HERBERT,LAVELL,,,UNKNOWN,20,MALE,BLACK,apr2016,,,05,0,0,1
1056651,224,47TH ST,125,STREET,28aug2012 18:30:00,28aug2012 18:45:00,28aug2012,LATONYA,CUYLER,19753,002,,26jan2004,POLICE OFFICER,05Z,MISCELLANEOUS,05Z,MISCELLANEOUS,CLOSED/FINAL,EXONERATED,HERBERT,LAVELL,,,UNKNOWN,20,MALE,BLACK,apr2016,,,05,0,0,1
1056651,224,47TH ST,125,STREET,28aug2012 18:30:00,28aug2012 18:45:00,28aug2012,LATONYA,CUYLER,19753,002,,26jan2004,POLICE OFFICER,05Z,MISCELLANEOUS,05Z,MISCELLANEOUS,CLOSED/FINAL,EXONERATED,HERBERT,LAVELL,,,UNKNOWN,19,MALE,BLACK,apr2016,,,05,0,0,1
1056651,224,47TH ST,125,STREET,28aug2012 18:30:00,28aug2012 18:45:00,28aug2012,ROBERT,GRAVES,20007,610,,28sep1992,PO AS DETECTIVE,05Z,MISCELLANEOUS,05Z,MISCELLANEOUS,CLOSED/FINAL,UNFOUNDED,HERBERT,LAVELL,,,UNKNOWN,20,MALE,BLACK,apr2016,,,05,0,0,1
1056651,224,47TH ST,125,STREET,28aug2012 18:30:00,28aug2012 18:45:00,28aug2012,,,,,,,,05Z,MISCELLANEOUS,05Z,MISCELLANEOUS,CLOSED/FINAL,NOT SUSTAINED,HERBERT,LAVELL,,,UNKNOWN,19,MALE,BLACK,apr2016,,,05,0,0,1
1056651,224,47TH ST,125,STREET,28aug2012 18:30:00,28aug2012 18:45:00,28aug2012,ROBERT,GRAVES,20007,610,,28sep1992,PO AS DETECTIVE,05Z,MISCELLANEOUS,05Z,MISCELLANEOUS,CLOSED/FINAL,UNFOUNDED,TALLEY,TEFNY,,,UNKNOWN,35,FEMALE,BLACK,apr2016,,,05,0,0,1
1056651,224,47TH ST,125,STREET,28aug2012 18:30:00,28aug2012 18:45:00,28aug2012,ROBERT,GRAVES,20007,610,,28sep1992,PO AS DETECTIVE,05Z,MISCELLANEOUS,05Z,MISCELLANEOUS,CLOSED/FINAL,UNFOUNDED,HERBERT,WILLIE,,,UNKNOWN,,MALE,BLACK,apr2016,,,05,0,0,1
1056651,224,47TH ST,125,STREET,28aug2012 18:30:00,28aug2012 18:45:00,28aug2012,ROBERT,GRAVES,20007,610,,28sep1992,PO AS DETECTIVE,05Z,MISCELLANEOUS,05Z,MISCELLANEOUS,CLOSED/FINAL,EXONERATED,HERBERT,WILLIE,,,UNKNOWN,,MALE,BLACK,apr2016,,,05,0,0,1
1056651,224,47TH ST,125,STREET,28aug2012 18:30:00,28aug2012 18:45:00,28aug2012,MILOT,CADICHON,17711,002,,13oct1998,POLICE OFFICER,05Z,MISCELLANEOUS,05Z,MISCELLANEOUS,CLOSED/FINAL,NOT SUSTAINED,HERBERT,LAVELL,,,UNKNOWN,20,MALE,BLACK,apr2016,,,05,0,0,1
1056651,224,47TH ST,125,STREET,28aug2012 18:30:00,28aug2012 18:45:00,28aug2012,ELSWORTH,SMITH JR,11737,002,,25oct1999,POLICE OFFICER,05Z,MISCELLANEOUS,05Z,MISCELLANEOUS,CLOSED/FINAL,NOT SUSTAINED,HERBERT,WILLIE,,,UNKNOWN,,MALE,BLACK,apr2016,,,05,0,0,1
1056651,224,47TH ST,125,STREET,28aug2012 18:30:00,28aug2012 18:45:00,28aug2012,ROBERT,GRAVES,20007,610,,28sep1992,PO AS DETECTIVE,05Z,MISCELLANEOUS,05Z,MISCELLANEOUS,CLOSED/FINAL,EXONERATED,HERBERT,LAVELL,,,UNKNOWN,20,MALE,BLACK,apr2016,,,05,0,0,1
1056651,224,47TH ST,125,STREET,28aug2012 18:30:00,28aug2012 18:45:00,28aug2012,ELSWORTH,SMITH JR,11737,002,,25oct1999,POLICE OFFICER,05Z,MISCELLANEOUS,05Z,MISCELLANEOUS,CLOSED/FINAL,NOT SUSTAINED,HERBERT,LAVELL,,,UNKNOWN,19,MALE,BLACK,apr2016,,,05,0,0,1
1056651,224,47TH ST,125,STREET,28aug2012 18:30:00,28aug2012 18:45:00,28aug2012,ELSWORTH,SMITH JR,11737,002,,25oct1999,POLICE OFFICER,05Z,MISCELLANEOUS,05Z,MISCELLANEOUS,CLOSED/FINAL,NOT SUSTAINED,TALLEY,TEFNY,,,UNKNOWN,35,FEMALE,BLACK,apr2016,,,05,0,0,1
