COMPLAINT_NUMBER,BEAT,STREET,ADDRESS,LOCATION_CODE,INCIDENT_TIME_START,INCIDENT_TIME_END,NOTIFICATION_DATE,ACCSUEDOFFICER_FNAME,ACCUSEDOFFICER_LNAME,ACCUSED_STAR,ACCUSED_UNIT,ACCUSED_DETAIL,ACCUSED_APPOINTMENT_DATE,ACCUSED_POSITION,INITIAL_CATEGORY_CODE,INITIAL_CATEGORY,CURRENT_CATEGORY_CODE,CURRENT_CATEGORY,CURRENT_STATUS,FINDING_CODE,INVOLVED_OFFICER_LNAME,INVOLVED_OFFICER_FNAME,INVOLVED_OFFICER_UNIT,INVOLVED_OFFICER_DETAIL,INVOLVED_OFFICER_POSITION,INVOLVED_OFFICER_AGE,INVOLVED_OFFICER_SEX,INVOLVED_OFFICER_RACE,foia,INVOLVED_OFFICER_DESCRIPTION,INVOLVED_OFFICER_TYPE,start_code_2,start_code_1,rec,sum_rec
1059551,1533,MADISON ST,5132,GAS STATION,07jan2013 17:00:00,07jan2013 17:00:00,16jan2013,,,,,,,,05A,EXCESSIVE FORCE / ON DUTY - INJURY,S021,MISCELLANEOUS,CLOSED/FINAL,NOT SUSTAINED,WATKINS,DWAYNE,,,UNKNOWN,41,MALE,BLACK,apr2016,,,05,0,1,1
1059551,1533,MADISON ST,5132,GAS STATION,07jan2013 17:00:00,07jan2013 17:00:00,16jan2013,,BRACAMONTES JR,7164,015,,27aug2001,POLICE OFFICER,05A,EXCESSIVE FORCE / ON DUTY - INJURY,S021,MISCELLANEOUS,CLOSED/FINAL,NOT SUSTAINED,WATKINS,DWAYNE,,,UNKNOWN,42,MALE,BLACK,apr2016,,,05,0,0,1
1059551,1533,MADISON ST,5132,GAS STATION,07jan2013 17:00:00,07jan2013 17:00:00,16jan2013,,BRACAMONTES JR,7164,015,,27aug2001,POLICE OFFICER,05A,EXCESSIVE FORCE / ON DUTY - INJURY,S021,MISCELLANEOUS,CLOSED/FINAL,NOT SUSTAINED,WATKINS,DWAYNE,,,UNKNOWN,41,MALE,BLACK,apr2016,,,05,0,0,1
1059551,1533,MADISON ST,5132,GAS STATION,07jan2013 17:00:00,07jan2013 17:00:00,16jan2013,,PELLERANO,19165,015,,28oct2002,POLICE OFFICER,05A,EXCESSIVE FORCE / ON DUTY - INJURY,S021,MISCELLANEOUS,CLOSED/FINAL,UNFOUNDED,WATKINS,DWAYNE,,,UNKNOWN,42,MALE,BLACK,apr2016,,,05,0,0,1
1059551,1533,MADISON ST,5132,GAS STATION,07jan2013 17:00:00,07jan2013 17:00:00,16jan2013,,,,,,,,05A,EXCESSIVE FORCE / ON DUTY - INJURY,S021,MISCELLANEOUS,CLOSED/FINAL,NOT SUSTAINED,WATKINS,DWAYNE,,,UNKNOWN,42,MALE,BLACK,apr2016,,,05,0,0,1
1059551,1533,MADISON ST,5132,GAS STATION,07jan2013 17:00:00,07jan2013 17:00:00,16jan2013,,PELLERANO,19165,015,,28oct2002,POLICE OFFICER,05A,EXCESSIVE FORCE / ON DUTY - INJURY,S021,MISCELLANEOUS,CLOSED/FINAL,UNFOUNDED,WATKINS,DWAYNE,,,UNKNOWN,41,MALE,BLACK,apr2016,,,05,0,0,1
