COMPLAINT_NUMBER,BEAT,STREET,ADDRESS,LOCATION_CODE,INCIDENT_TIME_START,INCIDENT_TIME_END,NOTIFICATION_DATE,ACCSUEDOFFICER_FNAME,ACCUSEDOFFICER_LNAME,ACCUSED_STAR,ACCUSED_UNIT,ACCUSED_DETAIL,ACCUSED_APPOINTMENT_DATE,ACCUSED_POSITION,INITIAL_CATEGORY_CODE,INITIAL_CATEGORY,CURRENT_CATEGORY_CODE,CURRENT_CATEGORY,CURRENT_STATUS,FINDING_CODE,INVOLVED_OFFICER_LNAME,INVOLVED_OFFICER_FNAME,INVOLVED_OFFICER_UNIT,INVOLVED_OFFICER_DETAIL,INVOLVED_OFFICER_POSITION,INVOLVED_OFFICER_AGE,INVOLVED_OFFICER_SEX,INVOLVED_OFFICER_RACE,foia,INVOLVED_OFFICER_DESCRIPTION,INVOLVED_OFFICER_TYPE,start_code_2,start_code_1,rec,sum_rec
1058974,1931,DIVERSEY PKWY,1700,SIDEWALK,08dec2012 15:24:59,08dec2012 15:24:59,12dec2012,,,,,,,,S117,PUSH/PULL/GRAB,S117,PUSH/PULL/GRAB,CLOSED/FINAL,EXONERATED,BRUTSCHER,PAUL,,,UNKNOWN,,MALE,WHITE,apr2016,,,S1,S,1,1
1058974,1931,DIVERSEY PKWY,1700,SIDEWALK,08dec2012 15:24:59,08dec2012 15:24:59,12dec2012,PETER,DEL NODAL,8584,025,,30sep2002,POLICE OFFICER,S117,PUSH/PULL/GRAB,S117,PUSH/PULL/GRAB,CLOSED/FINAL,UNFOUNDED,BRUTSCHER,PAUL,,,UNKNOWN,,MALE,WHITE,apr2016,,,S1,S,0,1
1058974,1931,DIVERSEY PKWY,1700,SIDEWALK,08dec2012 15:24:59,08dec2012 15:24:59,12dec2012,JAMES,MONTANO,10715,025,,31jul2006,POLICE OFFICER,S117,PUSH/PULL/GRAB,S117,PUSH/PULL/GRAB,CLOSED/FINAL,EXONERATED,BRUTSCHER,PAUL,,,UNKNOWN,,MALE,WHITE,apr2016,,,S1,S,0,1
1058974,1931,DIVERSEY PKWY,1700,SIDEWALK,08dec2012 15:24:59,08dec2012 15:24:59,12dec2012,,,,,,,,S117,PUSH/PULL/GRAB,S117,PUSH/PULL/GRAB,CLOSED/FINAL,NOT SUSTAINED,BRUTSCHER,PAUL,,,UNKNOWN,,MALE,WHITE,apr2016,,,S1,S,0,1
1058974,1931,DIVERSEY PKWY,1700,SIDEWALK,08dec2012 15:24:59,08dec2012 15:24:59,12dec2012,JAMES,MONTANO,10715,025,,31jul2006,POLICE OFFICER,S117,PUSH/PULL/GRAB,S117,PUSH/PULL/GRAB,CLOSED/FINAL,UNFOUNDED,BRUTSCHER,PAUL,,,UNKNOWN,,MALE,WHITE,apr2016,,,S1,S,0,1
1058974,1931,DIVERSEY PKWY,1700,SIDEWALK,08dec2012 15:24:59,08dec2012 15:24:59,12dec2012,PETER,DEL NODAL,8584,025,,30sep2002,POLICE OFFICER,S117,PUSH/PULL/GRAB,S117,PUSH/PULL/GRAB,CLOSED/FINAL,EXONERATED,BRUTSCHER,PAUL,,,UNKNOWN,,MALE,WHITE,apr2016,,,S1,S,0,1
