COMPLAINT_NUMBER,BEAT,STREET,ADDRESS,LOCATION_CODE,INCIDENT_TIME_START,INCIDENT_TIME_END,NOTIFICATION_DATE,ACCSUEDOFFICER_FNAME,ACCUSEDOFFICER_LNAME,ACCUSED_STAR,ACCUSED_UNIT,ACCUSED_DETAIL,ACCUSED_APPOINTMENT_DATE,ACCUSED_POSITION,INITIAL_CATEGORY_CODE,INITIAL_CATEGORY,CURRENT_CATEGORY_CODE,CURRENT_CATEGORY,CURRENT_STATUS,FINDING_CODE,INVOLVED_OFFICER_LNAME,INVOLVED_OFFICER_FNAME,INVOLVED_OFFICER_UNIT,INVOLVED_OFFICER_DETAIL,INVOLVED_OFFICER_POSITION,INVOLVED_OFFICER_AGE,INVOLVED_OFFICER_SEX,INVOLVED_OFFICER_RACE,foia,INVOLVED_OFFICER_DESCRIPTION,INVOLVED_OFFICER_TYPE,start_code_2,start_code_1,rec,sum_rec
1060429,1722,PULASKI RD,4650,POLICE FACILITY/VEH PARKING LOT,28feb2013 00:59:59,28feb2013 00:59:59,28feb2013,,COLLINS JR,12121,017,,24apr1991,POLICE OFFICER,05A,EXCESSIVE FORCE / ON DUTY - INJURY,S121,HANDCUFF TOO TIGHT,CLOSED/FINAL,UNFOUNDED,BAUTISTA,ARMAN ,,,UNKNOWN,35,,WHITE HISPANIC,apr2016,,,05,0,0,1
1060429,1722,PULASKI RD,4650,POLICE FACILITY/VEH PARKING LOT,28feb2013 00:59:59,28feb2013 00:59:59,28feb2013,,,,,,,,05A,EXCESSIVE FORCE / ON DUTY - INJURY,S121,HANDCUFF TOO TIGHT,CLOSED/FINAL,NOT SUSTAINED,DAVILA,SINDY ,,,UNKNOWN,34,FEMALE,WHITE HISPANIC,apr2016,,,05,0,0,1
1060429,1722,PULASKI RD,4650,POLICE FACILITY/VEH PARKING LOT,28feb2013 00:59:59,28feb2013 00:59:59,28feb2013,,,,,,,,05A,EXCESSIVE FORCE / ON DUTY - INJURY,S121,HANDCUFF TOO TIGHT,CLOSED/FINAL,NOT SUSTAINED,BAUTISTA,ARMAN ,,,UNKNOWN,35,,WHITE HISPANIC,apr2016,,,05,0,0,1
1060429,1722,PULASKI RD,4650,POLICE FACILITY/VEH PARKING LOT,28feb2013 00:59:59,28feb2013 00:59:59,28feb2013,,COLLINS JR,12121,017,,24apr1991,POLICE OFFICER,05A,EXCESSIVE FORCE / ON DUTY - INJURY,S121,HANDCUFF TOO TIGHT,CLOSED/FINAL,UNFOUNDED,DAVILA,SINDY ,,,UNKNOWN,34,FEMALE,WHITE HISPANIC,apr2016,,,05,0,0,1
1060429,1722,PULASKI RD,4650,POLICE FACILITY/VEH PARKING LOT,28feb2013 00:59:59,28feb2013 00:59:59,28feb2013,,,,,,,,05A,EXCESSIVE FORCE / ON DUTY - INJURY,S121,HANDCUFF TOO TIGHT,CLOSED/FINAL,EXONERATED,DAVILA,SINDY ,,,UNKNOWN,34,FEMALE,WHITE HISPANIC,apr2016,,,05,0,0,1
1060429,1722,PULASKI RD,4650,POLICE FACILITY/VEH PARKING LOT,28feb2013 00:59:59,28feb2013 00:59:59,28feb2013,,COLLINS JR,12121,017,,24apr1991,POLICE OFFICER,05A,EXCESSIVE FORCE / ON DUTY - INJURY,S121,HANDCUFF TOO TIGHT,CLOSED/FINAL,EXONERATED,BAUTISTA,ARMAN ,,,UNKNOWN,35,MALE,WHITE HISPANIC,apr2016,,,05,0,0,1
1060429,1722,PULASKI RD,4650,POLICE FACILITY/VEH PARKING LOT,28feb2013 00:59:59,28feb2013 00:59:59,28feb2013,,,,,,,,05A,EXCESSIVE FORCE / ON DUTY - INJURY,S121,HANDCUFF TOO TIGHT,CLOSED/FINAL,NOT SUSTAINED,VEGA,NORMA,017,,POLICE OFFICER,,FEMALE,SPANISH (DO NOT USE),apr2016,,,05,0,0,1
1060429,1722,PULASKI RD,4650,POLICE FACILITY/VEH PARKING LOT,28feb2013 00:59:59,28feb2013 00:59:59,28feb2013,,,,,,,,05A,EXCESSIVE FORCE / ON DUTY - INJURY,S121,HANDCUFF TOO TIGHT,CLOSED/FINAL,EXONERATED,VEGA,NORMA,017,,POLICE OFFICER,,FEMALE,SPANISH (DO NOT USE),apr2016,,,05,0,0,1
1060429,1722,PULASKI RD,4650,POLICE FACILITY/VEH PARKING LOT,28feb2013 00:59:59,28feb2013 00:59:59,28feb2013,,COLLINS JR,12121,017,,24apr1991,POLICE OFFICER,05A,EXCESSIVE FORCE / ON DUTY - INJURY,S121,HANDCUFF TOO TIGHT,CLOSED/FINAL,UNFOUNDED,BAUTISTA,ARMAN ,,,UNKNOWN,35,MALE,WHITE HISPANIC,apr2016,,,05,0,0,1
1060429,1722,PULASKI RD,4650,POLICE FACILITY/VEH PARKING LOT,28feb2013 00:59:59,28feb2013 00:59:59,28feb2013,,COLLINS JR,12121,017,,24apr1991,POLICE OFFICER,05A,EXCESSIVE FORCE / ON DUTY - INJURY,S121,HANDCUFF TOO TIGHT,CLOSED/FINAL,UNFOUNDED,VEGA,NORMA,017,,POLICE OFFICER,,FEMALE,SPANISH (DO NOT USE),apr2016,,,05,0,0,1
1060429,1722,PULASKI RD,4650,POLICE FACILITY/VEH PARKING LOT,28feb2013 00:59:59,28feb2013 00:59:59,28feb2013,,,,,,,,05A,EXCESSIVE FORCE / ON DUTY - INJURY,S121,HANDCUFF TOO TIGHT,CLOSED/FINAL,NOT SUSTAINED,BAUTISTA,ARMAN ,,,UNKNOWN,35,MALE,WHITE HISPANIC,apr2016,,,05,0,0,1
1060429,1722,PULASKI RD,4650,POLICE FACILITY/VEH PARKING LOT,28feb2013 00:59:59,28feb2013 00:59:59,28feb2013,,COLLINS JR,12121,017,,24apr1991,POLICE OFFICER,05A,EXCESSIVE FORCE / ON DUTY - INJURY,S121,HANDCUFF TOO TIGHT,CLOSED/FINAL,EXONERATED,BAUTISTA,ARMAN ,,,UNKNOWN,35,,WHITE HISPANIC,apr2016,,,05,0,0,1
1060429,1722,PULASKI RD,4650,POLICE FACILITY/VEH PARKING LOT,28feb2013 00:59:59,28feb2013 00:59:59,28feb2013,,,,,,,,05A,EXCESSIVE FORCE / ON DUTY - INJURY,S121,HANDCUFF TOO TIGHT,CLOSED/FINAL,EXONERATED,BAUTISTA,ARMAN ,,,UNKNOWN,35,,WHITE HISPANIC,apr2016,,,05,0,1,1
1060429,1722,PULASKI RD,4650,POLICE FACILITY/VEH PARKING LOT,28feb2013 00:59:59,28feb2013 00:59:59,28feb2013,,,,,,,,05A,EXCESSIVE FORCE / ON DUTY - INJURY,S121,HANDCUFF TOO TIGHT,CLOSED/FINAL,EXONERATED,BAUTISTA,ARMAN ,,,UNKNOWN,35,MALE,WHITE HISPANIC,apr2016,,,05,0,0,1
1060429,1722,PULASKI RD,4650,POLICE FACILITY/VEH PARKING LOT,28feb2013 00:59:59,28feb2013 00:59:59,28feb2013,,COLLINS JR,12121,017,,24apr1991,POLICE OFFICER,05A,EXCESSIVE FORCE / ON DUTY - INJURY,S121,HANDCUFF TOO TIGHT,CLOSED/FINAL,EXONERATED,DAVILA,SINDY ,,,UNKNOWN,34,FEMALE,WHITE HISPANIC,apr2016,,,05,0,0,1
1060429,1722,PULASKI RD,4650,POLICE FACILITY/VEH PARKING LOT,28feb2013 00:59:59,28feb2013 00:59:59,28feb2013,,COLLINS JR,12121,017,,24apr1991,POLICE OFFICER,05A,EXCESSIVE FORCE / ON DUTY - INJURY,S121,HANDCUFF TOO TIGHT,CLOSED/FINAL,EXONERATED,VEGA,NORMA,017,,POLICE OFFICER,,FEMALE,SPANISH (DO NOT USE),apr2016,,,05,0,0,1
