COMPLAINT_NUMBER,BEAT,STREET,ADDRESS,LOCATION_CODE,INCIDENT_TIME_START,INCIDENT_TIME_END,NOTIFICATION_DATE,ACCSUEDOFFICER_FNAME,ACCUSEDOFFICER_LNAME,ACCUSED_STAR,ACCUSED_UNIT,ACCUSED_DETAIL,ACCUSED_APPOINTMENT_DATE,ACCUSED_POSITION,INITIAL_CATEGORY_CODE,INITIAL_CATEGORY,CURRENT_CATEGORY_CODE,CURRENT_CATEGORY,CURRENT_STATUS,FINDING_CODE,INVOLVED_OFFICER_LNAME,INVOLVED_OFFICER_FNAME,INVOLVED_OFFICER_UNIT,INVOLVED_OFFICER_DETAIL,INVOLVED_OFFICER_POSITION,INVOLVED_OFFICER_AGE,INVOLVED_OFFICER_SEX,INVOLVED_OFFICER_RACE,foia,INVOLVED_OFFICER_DESCRIPTION,INVOLVED_OFFICER_TYPE,start_code_2,start_code_1,rec,sum_rec
1053161,423,COMMERCIAL AVE,8600,STREET,07apr2012 22:37:00,07apr2012 22:37:00,09apr2012,,,,,,,,05A,EXCESSIVE FORCE / ON DUTY - INJURY,S007,CHOKED,CLOSED/FINAL,NOT SUSTAINED,O'NEAL ,KATELYNN ,,,UNKNOWN,15,FEMALE,BLACK,apr2016,,,05,0,0,1
1053161,423,COMMERCIAL AVE,8600,STREET,07apr2012 22:37:00,07apr2012 22:37:00,09apr2012,,,,,,,,05A,EXCESSIVE FORCE / ON DUTY - INJURY,S007,CHOKED,CLOSED/FINAL,NOT SUSTAINED,KIRK,XAVIER ,,,UNKNOWN,22,MALE,BLACK,apr2016,,,05,0,0,1
1053161,423,COMMERCIAL AVE,8600,STREET,07apr2012 22:37:00,07apr2012 22:37:00,09apr2012,,,,,,,,05A,EXCESSIVE FORCE / ON DUTY - INJURY,S007,CHOKED,CLOSED/FINAL,NOT SUSTAINED,KIRBY,ABRIA ,,,UNKNOWN,20,FEMALE,BLACK,apr2016,,,05,0,1,1
1053161,423,COMMERCIAL AVE,8600,STREET,07apr2012 22:37:00,07apr2012 22:37:00,09apr2012,,,,,,,,05A,EXCESSIVE FORCE / ON DUTY - INJURY,S007,CHOKED,CLOSED/FINAL,NOT SUSTAINED,O'NEAL ,KATELYNN ,,,UNKNOWN,17,FEMALE,BLACK,apr2016,,,05,0,0,1
1053161,423,COMMERCIAL AVE,8600,STREET,07apr2012 22:37:00,07apr2012 22:37:00,09apr2012,,,,,,,,05A,EXCESSIVE FORCE / ON DUTY - INJURY,S007,CHOKED,CLOSED/FINAL,NOT SUSTAINED,KIRBY,ABRIA ,,,UNKNOWN,22,FEMALE,BLACK,apr2016,,,05,0,0,1
1053161,423,COMMERCIAL AVE,8600,STREET,07apr2012 22:37:00,07apr2012 22:37:00,09apr2012,,,,,,,,05A,EXCESSIVE FORCE / ON DUTY - INJURY,S007,CHOKED,CLOSED/FINAL,NOT SUSTAINED,KIRK,XAVIER ,,,UNKNOWN,23,MALE,BLACK,apr2016,,,05,0,0,1
