COMPLAINT_NUMBER,BEAT,STREET,ADDRESS,LOCATION_CODE,INCIDENT_TIME_START,INCIDENT_TIME_END,NOTIFICATION_DATE,ACCSUEDOFFICER_FNAME,ACCUSEDOFFICER_LNAME,ACCUSED_STAR,ACCUSED_UNIT,ACCUSED_DETAIL,ACCUSED_APPOINTMENT_DATE,ACCUSED_POSITION,INITIAL_CATEGORY_CODE,INITIAL_CATEGORY,CURRENT_CATEGORY_CODE,CURRENT_CATEGORY,CURRENT_STATUS,FINDING_CODE,INVOLVED_OFFICER_LNAME,INVOLVED_OFFICER_FNAME,INVOLVED_OFFICER_UNIT,INVOLVED_OFFICER_DETAIL,INVOLVED_OFFICER_POSITION,INVOLVED_OFFICER_AGE,INVOLVED_OFFICER_SEX,INVOLVED_OFFICER_RACE,foia,INVOLVED_OFFICER_DESCRIPTION,INVOLVED_OFFICER_TYPE,start_code_2,start_code_1,rec,sum_rec
1063063,1531,CHICAGO AVE,5009,RESIDENCE,22jun2013 21:00:00,22jun2013 21:00:00,22jun2013,,HELWINK MASTERS,2573,011,,13dec1993,LIEUTENANT OF POLICE,05P,UNNECESSARY DISPLAY OF WEAPON / ON DUTY,05P,UNNECESSARY DISPLAY OF WEAPON / ON DUTY,CLOSED/FINAL,NOT SUSTAINED,MINOR,EDWARD JR.,,,UNKNOWN,8,MALE,BLACK,apr2016,,,05,0,0,1
1063063,1531,CHICAGO AVE,5009,RESIDENCE,22jun2013 21:00:00,22jun2013 21:00:00,22jun2013,,HELWINK MASTERS,2573,011,,13dec1993,LIEUTENANT OF POLICE,05P,UNNECESSARY DISPLAY OF WEAPON / ON DUTY,05P,UNNECESSARY DISPLAY OF WEAPON / ON DUTY,CLOSED/FINAL,NOT SUSTAINED,BARBER,THERESA,,,UNKNOWN,33,FEMALE,BLACK,apr2016,,,05,0,0,1
1063063,1531,CHICAGO AVE,5009,RESIDENCE,22jun2013 21:00:00,22jun2013 21:00:00,22jun2013,,HELWINK MASTERS,2573,011,,13dec1993,LIEUTENANT OF POLICE,05P,UNNECESSARY DISPLAY OF WEAPON / ON DUTY,05P,UNNECESSARY DISPLAY OF WEAPON / ON DUTY,CLOSED/FINAL,NOT SUSTAINED,MINOR,EDWARD JR.,,,UNKNOWN,7,MALE,BLACK,apr2016,,,05,0,0,1
1063063,1531,CHICAGO AVE,5009,RESIDENCE,22jun2013 21:00:00,22jun2013 21:00:00,22jun2013,,HELWINK MASTERS,2573,011,,13dec1993,LIEUTENANT OF POLICE,05P,UNNECESSARY DISPLAY OF WEAPON / ON DUTY,05P,UNNECESSARY DISPLAY OF WEAPON / ON DUTY,CLOSED/FINAL,NOT SUSTAINED,SLUCKES,TRAVION,,,UNKNOWN,13,MALE,BLACK,apr2016,,,05,0,0,1
1063063,1531,CHICAGO AVE,5009,RESIDENCE,22jun2013 21:00:00,22jun2013 21:00:00,22jun2013,,HELWINK MASTERS,2573,011,,13dec1993,LIEUTENANT OF POLICE,05P,UNNECESSARY DISPLAY OF WEAPON / ON DUTY,05P,UNNECESSARY DISPLAY OF WEAPON / ON DUTY,CLOSED/FINAL,NOT SUSTAINED,BARBER,THERESA,,,UNKNOWN,34,FEMALE,BLACK,apr2016,,,05,0,0,1
1063063,1531,CHICAGO AVE,5009,RESIDENCE,22jun2013 21:00:00,22jun2013 21:00:00,22jun2013,,SWEENEY,17114,015,102,05dec2005,POLICE OFFICER,05P,UNNECESSARY DISPLAY OF WEAPON / ON DUTY,05P,UNNECESSARY DISPLAY OF WEAPON / ON DUTY,CLOSED/FINAL,NOT SUSTAINED,SLUCKES,TRAVION,,,UNKNOWN,15,MALE,BLACK,apr2016,,,05,0,0,1
1063063,1531,CHICAGO AVE,5009,RESIDENCE,22jun2013 21:00:00,22jun2013 21:00:00,22jun2013,,,,,,,,05P,UNNECESSARY DISPLAY OF WEAPON / ON DUTY,05P,UNNECESSARY DISPLAY OF WEAPON / ON DUTY,CLOSED/FINAL,UNFOUNDED,MEYER,CAROL,,,UNKNOWN,31,FEMALE,BLACK,apr2016,,,05,0,0,1
1063063,1531,CHICAGO AVE,5009,RESIDENCE,22jun2013 21:00:00,22jun2013 21:00:00,22jun2013,,SWEENEY,17114,015,102,05dec2005,POLICE OFFICER,05P,UNNECESSARY DISPLAY OF WEAPON / ON DUTY,05P,UNNECESSARY DISPLAY OF WEAPON / ON DUTY,CLOSED/FINAL,NOT SUSTAINED,MEYER,CAROL,,,UNKNOWN,33,FEMALE,BLACK,apr2016,,,05,0,0,1
1063063,1531,CHICAGO AVE,5009,RESIDENCE,22jun2013 21:00:00,22jun2013 21:00:00,22jun2013,,SWEENEY,17114,015,102,05dec2005,POLICE OFFICER,05P,UNNECESSARY DISPLAY OF WEAPON / ON DUTY,05P,UNNECESSARY DISPLAY OF WEAPON / ON DUTY,CLOSED/FINAL,NOT SUSTAINED,BARBER,THERESA,,,UNKNOWN,34,FEMALE,BLACK,apr2016,,,05,0,0,1
1063063,1531,CHICAGO AVE,5009,RESIDENCE,22jun2013 21:00:00,22jun2013 21:00:00,22jun2013,,SWEENEY,17114,015,102,05dec2005,POLICE OFFICER,05P,UNNECESSARY DISPLAY OF WEAPON / ON DUTY,05P,UNNECESSARY DISPLAY OF WEAPON / ON DUTY,CLOSED/FINAL,NOT SUSTAINED,MINOR,EDWARD JR.,,,UNKNOWN,7,MALE,BLACK,apr2016,,,05,0,0,1
1063063,1531,CHICAGO AVE,5009,RESIDENCE,22jun2013 21:00:00,22jun2013 21:00:00,22jun2013,,HELWINK MASTERS,2573,011,,13dec1993,LIEUTENANT OF POLICE,05P,UNNECESSARY DISPLAY OF WEAPON / ON DUTY,05P,UNNECESSARY DISPLAY OF WEAPON / ON DUTY,CLOSED/FINAL,NOT SUSTAINED,MEYER,CAROL,,,UNKNOWN,33,FEMALE,BLACK,apr2016,,,05,0,0,1
1063063,1531,CHICAGO AVE,5009,RESIDENCE,22jun2013 21:00:00,22jun2013 21:00:00,22jun2013,,,,,,,,05P,UNNECESSARY DISPLAY OF WEAPON / ON DUTY,05P,UNNECESSARY DISPLAY OF WEAPON / ON DUTY,CLOSED/FINAL,UNFOUNDED,SLUCKES,TRAVION,,,UNKNOWN,13,MALE,BLACK,apr2016,,,05,0,0,1
1063063,1531,CHICAGO AVE,5009,RESIDENCE,22jun2013 21:00:00,22jun2013 21:00:00,22jun2013,,SWEENEY,17114,015,102,05dec2005,POLICE OFFICER,05P,UNNECESSARY DISPLAY OF WEAPON / ON DUTY,05P,UNNECESSARY DISPLAY OF WEAPON / ON DUTY,CLOSED/FINAL,NOT SUSTAINED,MINOR,EDWARD JR.,,,UNKNOWN,8,MALE,BLACK,apr2016,,,05,0,0,1
1063063,1531,CHICAGO AVE,5009,RESIDENCE,22jun2013 21:00:00,22jun2013 21:00:00,22jun2013,,SWEENEY,17114,015,102,05dec2005,POLICE OFFICER,05P,UNNECESSARY DISPLAY OF WEAPON / ON DUTY,05P,UNNECESSARY DISPLAY OF WEAPON / ON DUTY,CLOSED/FINAL,NOT SUSTAINED,MEYER,CAROL,,,UNKNOWN,31,FEMALE,BLACK,apr2016,,,05,0,0,1
1063063,1531,CHICAGO AVE,5009,RESIDENCE,22jun2013 21:00:00,22jun2013 21:00:00,22jun2013,,,,,,,,05P,UNNECESSARY DISPLAY OF WEAPON / ON DUTY,05P,UNNECESSARY DISPLAY OF WEAPON / ON DUTY,CLOSED/FINAL,UNFOUNDED,MINOR,EDWARD JR.,,,UNKNOWN,7,MALE,BLACK,apr2016,,,05,0,0,1
1063063,1531,CHICAGO AVE,5009,RESIDENCE,22jun2013 21:00:00,22jun2013 21:00:00,22jun2013,,,,,,,,05P,UNNECESSARY DISPLAY OF WEAPON / ON DUTY,05P,UNNECESSARY DISPLAY OF WEAPON / ON DUTY,CLOSED/FINAL,UNFOUNDED,BARBER,THERESA,,,UNKNOWN,34,FEMALE,BLACK,apr2016,,,05,0,0,1
1063063,1531,CHICAGO AVE,5009,RESIDENCE,22jun2013 21:00:00,22jun2013 21:00:00,22jun2013,,,,,,,,05P,UNNECESSARY DISPLAY OF WEAPON / ON DUTY,05P,UNNECESSARY DISPLAY OF WEAPON / ON DUTY,CLOSED/FINAL,UNFOUNDED,MINOR,EDWARD JR.,,,UNKNOWN,8,MALE,BLACK,apr2016,,,05,0,0,1
1063063,1531,CHICAGO AVE,5009,RESIDENCE,22jun2013 21:00:00,22jun2013 21:00:00,22jun2013,,SWEENEY,17114,015,102,05dec2005,POLICE OFFICER,05P,UNNECESSARY DISPLAY OF WEAPON / ON DUTY,05P,UNNECESSARY DISPLAY OF WEAPON / ON DUTY,CLOSED/FINAL,NOT SUSTAINED,SLUCKES,TRAVION,,,UNKNOWN,13,MALE,BLACK,apr2016,,,05,0,0,1
1063063,1531,CHICAGO AVE,5009,RESIDENCE,22jun2013 21:00:00,22jun2013 21:00:00,22jun2013,,SWEENEY,17114,015,102,05dec2005,POLICE OFFICER,05P,UNNECESSARY DISPLAY OF WEAPON / ON DUTY,05P,UNNECESSARY DISPLAY OF WEAPON / ON DUTY,CLOSED/FINAL,NOT SUSTAINED,BARBER,THERESA,,,UNKNOWN,33,FEMALE,BLACK,apr2016,,,05,0,0,1
1063063,1531,CHICAGO AVE,5009,RESIDENCE,22jun2013 21:00:00,22jun2013 21:00:00,22jun2013,,HELWINK MASTERS,2573,011,,13dec1993,LIEUTENANT OF POLICE,05P,UNNECESSARY DISPLAY OF WEAPON / ON DUTY,05P,UNNECESSARY DISPLAY OF WEAPON / ON DUTY,CLOSED/FINAL,NOT SUSTAINED,MEYER,CAROL,,,UNKNOWN,31,FEMALE,BLACK,apr2016,,,05,0,0,1
1063063,1531,CHICAGO AVE,5009,RESIDENCE,22jun2013 21:00:00,22jun2013 21:00:00,22jun2013,,HELWINK MASTERS,2573,011,,13dec1993,LIEUTENANT OF POLICE,05P,UNNECESSARY DISPLAY OF WEAPON / ON DUTY,05P,UNNECESSARY DISPLAY OF WEAPON / ON DUTY,CLOSED/FINAL,NOT SUSTAINED,SLUCKES,TRAVION,,,UNKNOWN,15,MALE,BLACK,apr2016,,,05,0,0,1
1063063,1531,CHICAGO AVE,5009,RESIDENCE,22jun2013 21:00:00,22jun2013 21:00:00,22jun2013,,,,,,,,05P,UNNECESSARY DISPLAY OF WEAPON / ON DUTY,05P,UNNECESSARY DISPLAY OF WEAPON / ON DUTY,CLOSED/FINAL,UNFOUNDED,SLUCKES,TRAVION,,,UNKNOWN,15,MALE,BLACK,apr2016,,,05,0,0,1
1063063,1531,CHICAGO AVE,5009,RESIDENCE,22jun2013 21:00:00,22jun2013 21:00:00,22jun2013,,,,,,,,05P,UNNECESSARY DISPLAY OF WEAPON / ON DUTY,05P,UNNECESSARY DISPLAY OF WEAPON / ON DUTY,CLOSED/FINAL,UNFOUNDED,MEYER,CAROL,,,UNKNOWN,33,FEMALE,BLACK,apr2016,,,05,0,0,1
1063063,1531,CHICAGO AVE,5009,RESIDENCE,22jun2013 21:00:00,22jun2013 21:00:00,22jun2013,,,,,,,,05P,UNNECESSARY DISPLAY OF WEAPON / ON DUTY,05P,UNNECESSARY DISPLAY OF WEAPON / ON DUTY,CLOSED/FINAL,UNFOUNDED,BARBER,THERESA,,,UNKNOWN,33,FEMALE,BLACK,apr2016,,,05,0,0,1
