COMPLAINT_NUMBER,BEAT,STREET,ADDRESS,LOCATION_CODE,INCIDENT_TIME_START,INCIDENT_TIME_END,NOTIFICATION_DATE,ACCSUEDOFFICER_FNAME,ACCUSEDOFFICER_LNAME,ACCUSED_STAR,ACCUSED_UNIT,ACCUSED_DETAIL,ACCUSED_APPOINTMENT_DATE,ACCUSED_POSITION,INITIAL_CATEGORY_CODE,INITIAL_CATEGORY,CURRENT_CATEGORY_CODE,CURRENT_CATEGORY,CURRENT_STATUS,FINDING_CODE,INVOLVED_OFFICER_LNAME,INVOLVED_OFFICER_FNAME,INVOLVED_OFFICER_UNIT,INVOLVED_OFFICER_DETAIL,INVOLVED_OFFICER_POSITION,INVOLVED_OFFICER_AGE,INVOLVED_OFFICER_SEX,INVOLVED_OFFICER_RACE,foia,INVOLVED_OFFICER_DESCRIPTION,INVOLVED_OFFICER_TYPE,start_code_2,start_code_1,rec,sum_rec
1058818,1532,WASHINGTON BLVD,4814,STREET,04nov2012 20:00:00,04nov2012 20:00:00,05dec2012,SEBASTIAN,MAGIERA,10606,044,015,17oct2011,POLICE OFFICER,05A,EXCESSIVE FORCE / ON DUTY - INJURY,S021,MISCELLANEOUS,CLOSED/FINAL,EXONERATED,MORRIS,MONIQUE,,,UNKNOWN,19,FEMALE,BLACK,apr2016,,,05,0,1,1
1058818,1532,WASHINGTON BLVD,4814,STREET,04nov2012 20:00:00,04nov2012 20:00:00,05dec2012,SEBASTIAN,MAGIERA,10606,044,015,17oct2011,POLICE OFFICER,05A,EXCESSIVE FORCE / ON DUTY - INJURY,S021,MISCELLANEOUS,CLOSED/FINAL,EXONERATED,MORRIS,WILLIE,,,UNKNOWN,55,MALE,BLACK,apr2016,,,05,0,0,1
1058818,1532,WASHINGTON BLVD,4814,STREET,04nov2012 20:00:00,04nov2012 20:00:00,05dec2012,SEBASTIAN,MAGIERA,10606,044,015,17oct2011,POLICE OFFICER,05A,EXCESSIVE FORCE / ON DUTY - INJURY,S021,MISCELLANEOUS,CLOSED/FINAL,EXONERATED,MORRIS,OLIVIA,,,UNKNOWN,83,FEMALE,BLACK,apr2016,,,05,0,0,1
1058818,1532,WASHINGTON BLVD,4814,STREET,04nov2012 20:00:00,04nov2012 20:00:00,05dec2012,SEBASTIAN,MAGIERA,10606,044,015,17oct2011,POLICE OFFICER,05A,EXCESSIVE FORCE / ON DUTY - INJURY,S021,MISCELLANEOUS,CLOSED/FINAL,NOT SUSTAINED,MORRIS,OLIVIA,,,UNKNOWN,83,FEMALE,BLACK,apr2016,,,05,0,0,1
1058818,1532,WASHINGTON BLVD,4814,STREET,04nov2012 20:00:00,04nov2012 20:00:00,05dec2012,SEBASTIAN,MAGIERA,10606,044,015,17oct2011,POLICE OFFICER,05A,EXCESSIVE FORCE / ON DUTY - INJURY,S021,MISCELLANEOUS,CLOSED/FINAL,NOT SUSTAINED,MORRIS,WILLIE,,,UNKNOWN,55,MALE,BLACK,apr2016,,,05,0,0,1
1058818,1532,WASHINGTON BLVD,4814,STREET,04nov2012 20:00:00,04nov2012 20:00:00,05dec2012,SEBASTIAN,MAGIERA,10606,044,015,17oct2011,POLICE OFFICER,05A,EXCESSIVE FORCE / ON DUTY - INJURY,S021,MISCELLANEOUS,CLOSED/FINAL,NOT SUSTAINED,MORRIS,MONIQUE,,,UNKNOWN,19,FEMALE,BLACK,apr2016,,,05,0,0,1
1058818,1532,WASHINGTON BLVD,4814,STREET,04nov2012 20:00:00,04nov2012 20:00:00,05dec2012,SEBASTIAN,MAGIERA,10606,044,015,17oct2011,POLICE OFFICER,05A,EXCESSIVE FORCE / ON DUTY - INJURY,S021,MISCELLANEOUS,CLOSED/FINAL,NOT SUSTAINED,ROBERISON,GWENDA,015,,POLICE OFFICER,,FEMALE,BLACK,apr2016,,,05,0,0,1
1058818,1532,WASHINGTON BLVD,4814,STREET,04nov2012 20:00:00,04nov2012 20:00:00,05dec2012,SEBASTIAN,MAGIERA,10606,044,015,17oct2011,POLICE OFFICER,05A,EXCESSIVE FORCE / ON DUTY - INJURY,S021,MISCELLANEOUS,CLOSED/FINAL,EXONERATED,ROBERISON,GWENDA,015,,POLICE OFFICER,,FEMALE,BLACK,apr2016,,,05,0,0,1
