COMPLAINT_NUMBER,BEAT,STREET,ADDRESS,LOCATION_CODE,INCIDENT_TIME_START,INCIDENT_TIME_END,NOTIFICATION_DATE,ACCSUEDOFFICER_FNAME,ACCUSEDOFFICER_LNAME,ACCUSED_STAR,ACCUSED_UNIT,ACCUSED_DETAIL,ACCUSED_APPOINTMENT_DATE,ACCUSED_POSITION,INITIAL_CATEGORY_CODE,INITIAL_CATEGORY,CURRENT_CATEGORY_CODE,CURRENT_CATEGORY,CURRENT_STATUS,FINDING_CODE,INVOLVED_OFFICER_LNAME,INVOLVED_OFFICER_FNAME,INVOLVED_OFFICER_UNIT,INVOLVED_OFFICER_DETAIL,INVOLVED_OFFICER_POSITION,INVOLVED_OFFICER_AGE,INVOLVED_OFFICER_SEX,INVOLVED_OFFICER_RACE,foia,INVOLVED_OFFICER_DESCRIPTION,INVOLVED_OFFICER_TYPE,start_code_2,start_code_1,rec,sum_rec
1057766,1834,ILLINOIS ST,322,MOVIE HOUSE/THEATER,14oct2012 01:44:59,14oct2012 01:44:59,14oct2012,WILLIAM,PIERSON,3892,189,,27aug1990,POLICE OFFICER,S044,CLOSED HAND STRIKE (PUNCH),05C,EXCESSIVE FORCE / OFF DUTY - INJURY,PENDING REVIEW AFTER SUPERINTENDENT DECISION,SUSTAINED,MCKILLIP,JENNIFER,,,,23,MALE,WHITE,apr2016,,,S0,S,0,1
1057766,1834,ILLINOIS ST,322,MOVIE HOUSE/THEATER,14oct2012 01:44:59,14oct2012 01:44:59,14oct2012,WILLIAM,PIERSON,3892,189,,27aug1990,POLICE OFFICER,S044,CLOSED HAND STRIKE (PUNCH),05C,EXCESSIVE FORCE / OFF DUTY - INJURY,PENDING REVIEW AFTER SUPERINTENDENT DECISION,SUSTAINED,BRIDGES,TIM,018,,SERGEANT OF POLICE,,MALE,WHITE,apr2016,,,S0,S,0,1
1057766,1834,ILLINOIS ST,322,MOVIE HOUSE/THEATER,14oct2012 01:44:59,14oct2012 01:44:59,14oct2012,STEVEN,COLLINS,15227,008,,03oct1994,POLICE OFFICER,S044,CLOSED HAND STRIKE (PUNCH),05C,EXCESSIVE FORCE / OFF DUTY - INJURY,PENDING REVIEW AFTER SUPERINTENDENT DECISION,NOT SUSTAINED,COLLINS,STEVEN,008,,POLICE OFFICER,,MALE,WHITE,apr2016,,,S0,S,0,1
1057766,1834,ILLINOIS ST,322,MOVIE HOUSE/THEATER,14oct2012 01:44:59,14oct2012 01:44:59,14oct2012,WILLIAM,PIERSON,3892,189,,27aug1990,POLICE OFFICER,S044,CLOSED HAND STRIKE (PUNCH),05C,EXCESSIVE FORCE / OFF DUTY - INJURY,PENDING REVIEW AFTER SUPERINTENDENT DECISION,SUSTAINED,YOCOM-PIATT,SAMUEL,,,,,MALE,WHITE,apr2016,,,S0,S,0,1
1057766,1834,ILLINOIS ST,322,MOVIE HOUSE/THEATER,14oct2012 01:44:59,14oct2012 01:44:59,14oct2012,STEVEN,COLLINS,15227,008,,03oct1994,POLICE OFFICER,S044,CLOSED HAND STRIKE (PUNCH),05C,EXCESSIVE FORCE / OFF DUTY - INJURY,PENDING REVIEW AFTER SUPERINTENDENT DECISION,NOT SUSTAINED,BRIDGES,TIM,018,,SERGEANT OF POLICE,,MALE,WHITE,apr2016,,,S0,S,1,1
1057766,1834,ILLINOIS ST,322,MOVIE HOUSE/THEATER,14oct2012 01:44:59,14oct2012 01:44:59,14oct2012,WILLIAM,PIERSON,3892,189,,27aug1990,POLICE OFFICER,S044,CLOSED HAND STRIKE (PUNCH),05C,EXCESSIVE FORCE / OFF DUTY - INJURY,PENDING REVIEW AFTER SUPERINTENDENT DECISION,SUSTAINED,COLLINS,STEVEN,008,,POLICE OFFICER,,MALE,WHITE,apr2016,,,S0,S,0,1
1057766,1834,ILLINOIS ST,322,MOVIE HOUSE/THEATER,14oct2012 01:44:59,14oct2012 01:44:59,14oct2012,STEVEN,COLLINS,15227,008,,03oct1994,POLICE OFFICER,S044,CLOSED HAND STRIKE (PUNCH),05C,EXCESSIVE FORCE / OFF DUTY - INJURY,PENDING REVIEW AFTER SUPERINTENDENT DECISION,NOT SUSTAINED,CHRISTIAN,JOHNNY,189,,POLICE OFFICER,,MALE,BLACK,apr2016,,,S0,S,0,1
1057766,1834,ILLINOIS ST,322,MOVIE HOUSE/THEATER,14oct2012 01:44:59,14oct2012 01:44:59,14oct2012,WILLIAM,PIERSON,3892,189,,27aug1990,POLICE OFFICER,S044,CLOSED HAND STRIKE (PUNCH),05C,EXCESSIVE FORCE / OFF DUTY - INJURY,PENDING REVIEW AFTER SUPERINTENDENT DECISION,SUSTAINED,CHRISTIAN,JOHNNY,189,,POLICE OFFICER,,MALE,BLACK,apr2016,,,S0,S,0,1
1057766,1834,ILLINOIS ST,322,MOVIE HOUSE/THEATER,14oct2012 01:44:59,14oct2012 01:44:59,14oct2012,STEVEN,COLLINS,15227,008,,03oct1994,POLICE OFFICER,S044,CLOSED HAND STRIKE (PUNCH),05C,EXCESSIVE FORCE / OFF DUTY - INJURY,PENDING REVIEW AFTER SUPERINTENDENT DECISION,NOT SUSTAINED,DEERING,CHRISTOPHER,,,,,MALE,WHITE,apr2016,,,S0,S,0,1
1057766,1834,ILLINOIS ST,322,MOVIE HOUSE/THEATER,14oct2012 01:44:59,14oct2012 01:44:59,14oct2012,STEVEN,COLLINS,15227,008,,03oct1994,POLICE OFFICER,S044,CLOSED HAND STRIKE (PUNCH),05C,EXCESSIVE FORCE / OFF DUTY - INJURY,PENDING REVIEW AFTER SUPERINTENDENT DECISION,NOT SUSTAINED,YOCOM-PIATT,SAMUEL,,,,,MALE,WHITE,apr2016,,,S0,S,0,1
1057766,1834,ILLINOIS ST,322,MOVIE HOUSE/THEATER,14oct2012 01:44:59,14oct2012 01:44:59,14oct2012,STEVEN,COLLINS,15227,008,,03oct1994,POLICE OFFICER,S044,CLOSED HAND STRIKE (PUNCH),05C,EXCESSIVE FORCE / OFF DUTY - INJURY,PENDING REVIEW AFTER SUPERINTENDENT DECISION,NOT SUSTAINED,MCKILLIP,JENNIFER,,,,23,MALE,WHITE,apr2016,,,S0,S,0,1
1057766,1834,ILLINOIS ST,322,MOVIE HOUSE/THEATER,14oct2012 01:44:59,14oct2012 01:44:59,14oct2012,WILLIAM,PIERSON,3892,189,,27aug1990,POLICE OFFICER,S044,CLOSED HAND STRIKE (PUNCH),05C,EXCESSIVE FORCE / OFF DUTY - INJURY,PENDING REVIEW AFTER SUPERINTENDENT DECISION,SUSTAINED,DEERING,CHRISTOPHER,,,,,MALE,WHITE,apr2016,,,S0,S,0,1
