COMPLAINT_NUMBER,BEAT,STREET,ADDRESS,LOCATION_CODE,INCIDENT_TIME_START,INCIDENT_TIME_END,NOTIFICATION_DATE,ACCSUEDOFFICER_FNAME,ACCUSEDOFFICER_LNAME,ACCUSED_STAR,ACCUSED_UNIT,ACCUSED_DETAIL,ACCUSED_APPOINTMENT_DATE,ACCUSED_POSITION,INITIAL_CATEGORY_CODE,INITIAL_CATEGORY,CURRENT_CATEGORY_CODE,CURRENT_CATEGORY,CURRENT_STATUS,FINDING_CODE,INVOLVED_OFFICER_LNAME,INVOLVED_OFFICER_FNAME,INVOLVED_OFFICER_UNIT,INVOLVED_OFFICER_DETAIL,INVOLVED_OFFICER_POSITION,INVOLVED_OFFICER_AGE,INVOLVED_OFFICER_SEX,INVOLVED_OFFICER_RACE,foia,INVOLVED_OFFICER_DESCRIPTION,INVOLVED_OFFICER_TYPE,start_code_2,start_code_1,rec,sum_rec
1055523,1122,HAMLIN AVE,460,STREET,13jul2012 17:00:00,13jul2012 17:00:00,13jul2012,ANDREW,NEBERIEZA,11129,011,,03jan2005,POLICE OFFICER,S008,TAKE DOWN (THROWN TO GROUND),05A,EXCESSIVE FORCE / ON DUTY - INJURY,CLOSED/FINAL,UNFOUNDED,HOWARD,YVETTE,,,UNKNOWN,39,FEMALE,BLACK,apr2016,,,S0,S,0,1
1055523,1122,HAMLIN AVE,460,STREET,13jul2012 17:00:00,13jul2012 17:00:00,13jul2012,,,,,,,,S008,TAKE DOWN (THROWN TO GROUND),05A,EXCESSIVE FORCE / ON DUTY - INJURY,CLOSED/FINAL,UNFOUNDED,MCCLINTON,JAMES,,,UNKNOWN,12,MALE,BLACK,apr2016,,,S0,S,0,1
1055523,1122,HAMLIN AVE,460,STREET,13jul2012 17:00:00,13jul2012 17:00:00,13jul2012,,,,,,,,S008,TAKE DOWN (THROWN TO GROUND),05A,EXCESSIVE FORCE / ON DUTY - INJURY,CLOSED/FINAL,UNFOUNDED,KRAVITZ,SCOTT,011,,POLICE OFFICER,,MALE,WHITE,apr2016,,,S0,S,0,1
1055523,1122,HAMLIN AVE,460,STREET,13jul2012 17:00:00,13jul2012 17:00:00,13jul2012,ANDREW,NEBERIEZA,11129,011,,03jan2005,POLICE OFFICER,S008,TAKE DOWN (THROWN TO GROUND),05A,EXCESSIVE FORCE / ON DUTY - INJURY,CLOSED/FINAL,UNFOUNDED,MCCLINTON,JAMES,,,UNKNOWN,12,MALE,BLACK,apr2016,,,S0,S,0,1
1055523,1122,HAMLIN AVE,460,STREET,13jul2012 17:00:00,13jul2012 17:00:00,13jul2012,,,,,,,,S008,TAKE DOWN (THROWN TO GROUND),05A,EXCESSIVE FORCE / ON DUTY - INJURY,CLOSED/FINAL,UNFOUNDED,HOWARD,YVETTE,,,UNKNOWN,39,FEMALE,BLACK,apr2016,,,S0,S,0,1
1055523,1122,HAMLIN AVE,460,STREET,13jul2012 17:00:00,13jul2012 17:00:00,13jul2012,ANDREW,NEBERIEZA,11129,011,,03jan2005,POLICE OFFICER,S008,TAKE DOWN (THROWN TO GROUND),05A,EXCESSIVE FORCE / ON DUTY - INJURY,CLOSED/FINAL,UNFOUNDED,KRAVITZ,SCOTT,011,,POLICE OFFICER,,MALE,WHITE,apr2016,,,S0,S,0,1
