COMPLAINT_NUMBER,BEAT,STREET,ADDRESS,LOCATION_CODE,INCIDENT_TIME_START,INCIDENT_TIME_END,NOTIFICATION_DATE,ACCSUEDOFFICER_FNAME,ACCUSEDOFFICER_LNAME,ACCUSED_STAR,ACCUSED_UNIT,ACCUSED_DETAIL,ACCUSED_APPOINTMENT_DATE,ACCUSED_POSITION,INITIAL_CATEGORY_CODE,INITIAL_CATEGORY,CURRENT_CATEGORY_CODE,CURRENT_CATEGORY,CURRENT_STATUS,FINDING_CODE,INVOLVED_OFFICER_LNAME,INVOLVED_OFFICER_FNAME,INVOLVED_OFFICER_UNIT,INVOLVED_OFFICER_DETAIL,INVOLVED_OFFICER_POSITION,INVOLVED_OFFICER_AGE,INVOLVED_OFFICER_SEX,INVOLVED_OFFICER_RACE,foia,INVOLVED_OFFICER_DESCRIPTION,INVOLVED_OFFICER_TYPE,start_code_2,start_code_1,rec,sum_rec
1056617,1831,ORLEANS ST,759,STREET,25aug2012 03:00:00,25aug2012 03:00:00,27aug2012,WAYNE,WIBERG,848,018,,02may1994,SERGEANT OF POLICE,05A,EXCESSIVE FORCE / ON DUTY - INJURY,S021,MISCELLANEOUS,CLOSED/FINAL,NOT SUSTAINED,LUCKETT,LYNETTA,,,UNKNOWN,25,FEMALE,BLACK,apr2016,,,05,0,0,1
1056617,1831,ORLEANS ST,759,STREET,25aug2012 03:00:00,25aug2012 03:00:00,27aug2012,WAYNE,WIBERG,848,018,,02may1994,SERGEANT OF POLICE,05A,EXCESSIVE FORCE / ON DUTY - INJURY,S021,MISCELLANEOUS,CLOSED/FINAL,NOT SUSTAINED,LUCKETT,LYNETTA,,,UNKNOWN,27,FEMALE,BLACK,apr2016,,,05,0,0,1
1056617,1831,ORLEANS ST,759,STREET,25aug2012 03:00:00,25aug2012 03:00:00,27aug2012,WAYNE,WIBERG,848,018,,02may1994,SERGEANT OF POLICE,05A,EXCESSIVE FORCE / ON DUTY - INJURY,S021,MISCELLANEOUS,CLOSED/FINAL,NOT SUSTAINED,LUCKETT,JOCELYN,,,UNKNOWN,22,FEMALE,BLACK,apr2016,,,05,0,0,1
1056617,1831,ORLEANS ST,759,STREET,25aug2012 03:00:00,25aug2012 03:00:00,27aug2012,,,,,,,,05A,EXCESSIVE FORCE / ON DUTY - INJURY,S021,MISCELLANEOUS,CLOSED/FINAL,NOT SUSTAINED,LUCKETT,CLARINDA,,,UNKNOWN,48,FEMALE,BLACK,apr2016,,,05,0,0,1
1056617,1831,ORLEANS ST,759,STREET,25aug2012 03:00:00,25aug2012 03:00:00,27aug2012,WAYNE,WIBERG,848,018,,02may1994,SERGEANT OF POLICE,05A,EXCESSIVE FORCE / ON DUTY - INJURY,S021,MISCELLANEOUS,CLOSED/FINAL,NOT SUSTAINED,LUCKETT,CLARINDA,,,UNKNOWN,48,FEMALE,BLACK,apr2016,,,05,0,0,1
1056617,1831,ORLEANS ST,759,STREET,25aug2012 03:00:00,25aug2012 03:00:00,27aug2012,,,,,,,,05A,EXCESSIVE FORCE / ON DUTY - INJURY,S021,MISCELLANEOUS,CLOSED/FINAL,NOT SUSTAINED,LUCKETT,LYNETTA,,,UNKNOWN,25,FEMALE,BLACK,apr2016,,,05,0,0,1
1056617,1831,ORLEANS ST,759,STREET,25aug2012 03:00:00,25aug2012 03:00:00,27aug2012,WAYNE,WIBERG,848,018,,02may1994,SERGEANT OF POLICE,05A,EXCESSIVE FORCE / ON DUTY - INJURY,S021,MISCELLANEOUS,CLOSED/FINAL,NOT SUSTAINED,LUCKETT,CLARINDA,,,UNKNOWN,50,FEMALE,BLACK,apr2016,,,05,0,0,1
1056617,1831,ORLEANS ST,759,STREET,25aug2012 03:00:00,25aug2012 03:00:00,27aug2012,,,,,,,,05A,EXCESSIVE FORCE / ON DUTY - INJURY,S021,MISCELLANEOUS,CLOSED/FINAL,NOT SUSTAINED,LUCKETT,CLARINDA,,,UNKNOWN,50,FEMALE,BLACK,apr2016,,,05,0,0,1
1056617,1831,ORLEANS ST,759,STREET,25aug2012 03:00:00,25aug2012 03:00:00,27aug2012,,,,,,,,05A,EXCESSIVE FORCE / ON DUTY - INJURY,S021,MISCELLANEOUS,CLOSED/FINAL,NOT SUSTAINED,LUCKETT,LYNETTA,,,UNKNOWN,27,FEMALE,BLACK,apr2016,,,05,0,0,1
1056617,1831,ORLEANS ST,759,STREET,25aug2012 03:00:00,25aug2012 03:00:00,27aug2012,,,,,,,,05A,EXCESSIVE FORCE / ON DUTY - INJURY,S021,MISCELLANEOUS,CLOSED/FINAL,NOT SUSTAINED,LUCKETT,JOCELYN,,,UNKNOWN,20,FEMALE,BLACK,apr2016,,,05,0,0,1
1056617,1831,ORLEANS ST,759,STREET,25aug2012 03:00:00,25aug2012 03:00:00,27aug2012,WAYNE,WIBERG,848,018,,02may1994,SERGEANT OF POLICE,05A,EXCESSIVE FORCE / ON DUTY - INJURY,S021,MISCELLANEOUS,CLOSED/FINAL,NOT SUSTAINED,LUCKETT,JOCELYN,,,UNKNOWN,20,FEMALE,BLACK,apr2016,,,05,0,0,1
1056617,1831,ORLEANS ST,759,STREET,25aug2012 03:00:00,25aug2012 03:00:00,27aug2012,,,,,,,,05A,EXCESSIVE FORCE / ON DUTY - INJURY,S021,MISCELLANEOUS,CLOSED/FINAL,NOT SUSTAINED,LUCKETT,JOCELYN,,,UNKNOWN,22,FEMALE,BLACK,apr2016,,,05,0,0,1
