COMPLAINT_NUMBER,BEAT,STREET,ADDRESS,LOCATION_CODE,INCIDENT_TIME_START,INCIDENT_TIME_END,NOTIFICATION_DATE,ACCSUEDOFFICER_FNAME,ACCUSEDOFFICER_LNAME,ACCUSED_STAR,ACCUSED_UNIT,ACCUSED_DETAIL,ACCUSED_APPOINTMENT_DATE,ACCUSED_POSITION,INITIAL_CATEGORY_CODE,INITIAL_CATEGORY,CURRENT_CATEGORY_CODE,CURRENT_CATEGORY,CURRENT_STATUS,FINDING_CODE,INVOLVED_OFFICER_LNAME,INVOLVED_OFFICER_FNAME,INVOLVED_OFFICER_UNIT,INVOLVED_OFFICER_DETAIL,INVOLVED_OFFICER_POSITION,INVOLVED_OFFICER_AGE,INVOLVED_OFFICER_SEX,INVOLVED_OFFICER_RACE,foia,INVOLVED_OFFICER_DESCRIPTION,INVOLVED_OFFICER_TYPE,start_code_2,start_code_1,rec,sum_rec
1061851,411,KENWOOD AVE,7900,SIDEWALK,26apr2013 18:40:00,26apr2013 18:40:00,29apr2013,,,,,,,,01B,"RACIAL / ETHNIC, ETC.",01B,"RACIAL / ETHNIC, ETC.",CLOSED/FINAL,UNFOUNDED,BRADLEY,LAMESHIA,,,UNKNOWN,29,FEMALE,BLACK,apr2016,,,01,0,0,1
1061851,411,KENWOOD AVE,7900,SIDEWALK,26apr2013 18:40:00,26apr2013 18:40:00,29apr2013,,PRUSZEWSKI,11030,004,,29nov2004,POLICE OFFICER,01B,"RACIAL / ETHNIC, ETC.",01B,"RACIAL / ETHNIC, ETC.",CLOSED/FINAL,UNFOUNDED,VASSELLI,NICHOLAS,004,,POLICE OFFICER,,MALE,WHITE,apr2016,,,01,0,0,1
1061851,411,KENWOOD AVE,7900,SIDEWALK,26apr2013 18:40:00,26apr2013 18:40:00,29apr2013,,PRUSZEWSKI,11030,004,,29nov2004,POLICE OFFICER,01B,"RACIAL / ETHNIC, ETC.",01B,"RACIAL / ETHNIC, ETC.",CLOSED/FINAL,UNFOUNDED,CISNEROS JR,HERBERT,004,,POLICE OFFICER,,MALE,SPANISH (DO NOT USE),apr2016,,,01,0,0,1
1061851,411,KENWOOD AVE,7900,SIDEWALK,26apr2013 18:40:00,26apr2013 18:40:00,29apr2013,,,,,,,,01B,"RACIAL / ETHNIC, ETC.",01B,"RACIAL / ETHNIC, ETC.",CLOSED/FINAL,UNFOUNDED,DILIBERTO,ROBERT,001,,POLICE OFFICER,,MALE,WHITE,apr2016,,,01,0,0,1
1061851,411,KENWOOD AVE,7900,SIDEWALK,26apr2013 18:40:00,26apr2013 18:40:00,29apr2013,,PRUSZEWSKI,11030,004,,29nov2004,POLICE OFFICER,01B,"RACIAL / ETHNIC, ETC.",01B,"RACIAL / ETHNIC, ETC.",CLOSED/FINAL,UNFOUNDED,UNDERWOOD,JOEL,,,UNKNOWN,14,MALE,BLACK,apr2016,,,01,0,0,1
1061851,411,KENWOOD AVE,7900,SIDEWALK,26apr2013 18:40:00,26apr2013 18:40:00,29apr2013,,,,,,,,01B,"RACIAL / ETHNIC, ETC.",01B,"RACIAL / ETHNIC, ETC.",CLOSED/FINAL,UNFOUNDED,VASSELLI,NICHOLAS,004,,POLICE OFFICER,,MALE,WHITE,apr2016,,,01,0,0,1
1061851,411,KENWOOD AVE,7900,SIDEWALK,26apr2013 18:40:00,26apr2013 18:40:00,29apr2013,,PRUSZEWSKI,11030,004,,29nov2004,POLICE OFFICER,01B,"RACIAL / ETHNIC, ETC.",01B,"RACIAL / ETHNIC, ETC.",CLOSED/FINAL,UNFOUNDED,MCGEE,ROBERT,004,,POLICE OFFICER,,MALE,WHITE,apr2016,,,01,0,0,1
1061851,411,KENWOOD AVE,7900,SIDEWALK,26apr2013 18:40:00,26apr2013 18:40:00,29apr2013,,PRUSZEWSKI,11030,004,,29nov2004,POLICE OFFICER,01B,"RACIAL / ETHNIC, ETC.",01B,"RACIAL / ETHNIC, ETC.",CLOSED/FINAL,UNFOUNDED,DILIBERTO,ROBERT,001,,POLICE OFFICER,,MALE,WHITE,apr2016,,,01,0,0,1
1061851,411,KENWOOD AVE,7900,SIDEWALK,26apr2013 18:40:00,26apr2013 18:40:00,29apr2013,,PRUSZEWSKI,11030,004,,29nov2004,POLICE OFFICER,01B,"RACIAL / ETHNIC, ETC.",01B,"RACIAL / ETHNIC, ETC.",CLOSED/FINAL,UNFOUNDED,BRADLEY,LAMESHIA,,,UNKNOWN,29,FEMALE,BLACK,apr2016,,,01,0,0,1
1061851,411,KENWOOD AVE,7900,SIDEWALK,26apr2013 18:40:00,26apr2013 18:40:00,29apr2013,,,,,,,,01B,"RACIAL / ETHNIC, ETC.",01B,"RACIAL / ETHNIC, ETC.",CLOSED/FINAL,UNFOUNDED,CISNEROS JR,HERBERT,004,,POLICE OFFICER,,MALE,SPANISH (DO NOT USE),apr2016,,,01,0,0,1
1061851,411,KENWOOD AVE,7900,SIDEWALK,26apr2013 18:40:00,26apr2013 18:40:00,29apr2013,,,,,,,,01B,"RACIAL / ETHNIC, ETC.",01B,"RACIAL / ETHNIC, ETC.",CLOSED/FINAL,UNFOUNDED,MCGEE,ROBERT,004,,POLICE OFFICER,,MALE,WHITE,apr2016,,,01,0,0,1
1061851,411,KENWOOD AVE,7900,SIDEWALK,26apr2013 18:40:00,26apr2013 18:40:00,29apr2013,,,,,,,,01B,"RACIAL / ETHNIC, ETC.",01B,"RACIAL / ETHNIC, ETC.",CLOSED/FINAL,UNFOUNDED,UNDERWOOD,JOEL,,,UNKNOWN,14,MALE,BLACK,apr2016,,,01,0,0,1
