COMPLAINT_NUMBER,BEAT,STREET,ADDRESS,LOCATION_CODE,INCIDENT_TIME_START,INCIDENT_TIME_END,NOTIFICATION_DATE,ACCSUEDOFFICER_FNAME,ACCUSEDOFFICER_LNAME,ACCUSED_STAR,ACCUSED_UNIT,ACCUSED_DETAIL,ACCUSED_APPOINTMENT_DATE,ACCUSED_POSITION,INITIAL_CATEGORY_CODE,INITIAL_CATEGORY,CURRENT_CATEGORY_CODE,CURRENT_CATEGORY,CURRENT_STATUS,FINDING_CODE,INVOLVED_OFFICER_LNAME,INVOLVED_OFFICER_FNAME,INVOLVED_OFFICER_UNIT,INVOLVED_OFFICER_DETAIL,INVOLVED_OFFICER_POSITION,INVOLVED_OFFICER_AGE,INVOLVED_OFFICER_SEX,INVOLVED_OFFICER_RACE,foia,INVOLVED_OFFICER_DESCRIPTION,INVOLVED_OFFICER_TYPE,start_code_2,start_code_1,rec,sum_rec
1059133,831,TALMAN AVE,6822,APARTMENT,14dec2012 11:00:00,14dec2012 12:00:00,20dec2012,,,,,,,,05P,UNNECESSARY DISPLAY OF WEAPON / ON DUTY,05P,UNNECESSARY DISPLAY OF WEAPON / ON DUTY,CLOSED/FINAL,NOT SUSTAINED,HARMAN,LINDA,,,UNKNOWN,,FEMALE,BLACK,apr2016,,,05,0,0,1
1059133,831,TALMAN AVE,6822,APARTMENT,14dec2012 11:00:00,14dec2012 12:00:00,20dec2012,THOMAS,HORTON,2545,189,,14feb1989,SERGEANT OF POLICE,05P,UNNECESSARY DISPLAY OF WEAPON / ON DUTY,05P,UNNECESSARY DISPLAY OF WEAPON / ON DUTY,CLOSED/FINAL,NOT SUSTAINED,BOOKER,MARTHA,,,UNKNOWN,63,FEMALE,BLACK,apr2016,,,05,0,0,1
1059133,831,TALMAN AVE,6822,APARTMENT,14dec2012 11:00:00,14dec2012 12:00:00,20dec2012,BRIAN,LUCE,13147,189,,03jan1995,POLICE OFFICER,05P,UNNECESSARY DISPLAY OF WEAPON / ON DUTY,05P,UNNECESSARY DISPLAY OF WEAPON / ON DUTY,CLOSED/FINAL,NOT SUSTAINED,BOOKER,MARTHA,,,UNKNOWN,63,FEMALE,BLACK,apr2016,,,05,0,0,1
1059133,831,TALMAN AVE,6822,APARTMENT,14dec2012 11:00:00,14dec2012 12:00:00,20dec2012,,,,,,,,05P,UNNECESSARY DISPLAY OF WEAPON / ON DUTY,05P,UNNECESSARY DISPLAY OF WEAPON / ON DUTY,CLOSED/FINAL,NOT SUSTAINED,BOOKER,MARTHA,,,UNKNOWN,63,FEMALE,BLACK,apr2016,,,05,0,0,1
1059133,831,TALMAN AVE,6822,APARTMENT,14dec2012 11:00:00,14dec2012 12:00:00,20dec2012,JOHN,MOSS,10791,189,,29apr2002,POLICE OFFICER,05P,UNNECESSARY DISPLAY OF WEAPON / ON DUTY,05P,UNNECESSARY DISPLAY OF WEAPON / ON DUTY,CLOSED/FINAL,NO AFFIDAVIT,HARMAN,LINDA,,,UNKNOWN,,FEMALE,BLACK,apr2016,,,05,0,0,1
1059133,831,TALMAN AVE,6822,APARTMENT,14dec2012 11:00:00,14dec2012 12:00:00,20dec2012,,,,,,,,05P,UNNECESSARY DISPLAY OF WEAPON / ON DUTY,05P,UNNECESSARY DISPLAY OF WEAPON / ON DUTY,CLOSED/FINAL,NOT SUSTAINED,BOOKER,CRISPUS,,,UNKNOWN,36,MALE,BLACK,apr2016,,,05,0,0,1
1059133,831,TALMAN AVE,6822,APARTMENT,14dec2012 11:00:00,14dec2012 12:00:00,20dec2012,BRIAN,LUCE,13147,189,,03jan1995,POLICE OFFICER,05P,UNNECESSARY DISPLAY OF WEAPON / ON DUTY,05P,UNNECESSARY DISPLAY OF WEAPON / ON DUTY,CLOSED/FINAL,NOT SUSTAINED,BOOKER,MARTHA,,,UNKNOWN,64,FEMALE,BLACK,apr2016,,,05,0,0,1
1059133,831,TALMAN AVE,6822,APARTMENT,14dec2012 11:00:00,14dec2012 12:00:00,20dec2012,JOHN,MOSS,10791,189,,29apr2002,POLICE OFFICER,05P,UNNECESSARY DISPLAY OF WEAPON / ON DUTY,05P,UNNECESSARY DISPLAY OF WEAPON / ON DUTY,CLOSED/FINAL,NO AFFIDAVIT,BOOKER,MARTHA,,,UNKNOWN,64,FEMALE,BLACK,apr2016,,,05,0,0,1
1059133,831,TALMAN AVE,6822,APARTMENT,14dec2012 11:00:00,14dec2012 12:00:00,20dec2012,,,,,,,,05P,UNNECESSARY DISPLAY OF WEAPON / ON DUTY,05P,UNNECESSARY DISPLAY OF WEAPON / ON DUTY,CLOSED/FINAL,NOT SUSTAINED,BOOKER,MARTHA,,,UNKNOWN,64,FEMALE,BLACK,apr2016,,,05,0,0,1
1059133,831,TALMAN AVE,6822,APARTMENT,14dec2012 11:00:00,14dec2012 12:00:00,20dec2012,BRIAN,LUCE,13147,189,,03jan1995,POLICE OFFICER,05P,UNNECESSARY DISPLAY OF WEAPON / ON DUTY,05P,UNNECESSARY DISPLAY OF WEAPON / ON DUTY,CLOSED/FINAL,NOT SUSTAINED,HARMAN,LINDA,,,UNKNOWN,,FEMALE,BLACK,apr2016,,,05,0,0,1
1059133,831,TALMAN AVE,6822,APARTMENT,14dec2012 11:00:00,14dec2012 12:00:00,20dec2012,BRIAN,LUCE,13147,189,,03jan1995,POLICE OFFICER,05P,UNNECESSARY DISPLAY OF WEAPON / ON DUTY,05P,UNNECESSARY DISPLAY OF WEAPON / ON DUTY,CLOSED/FINAL,NOT SUSTAINED,BOOKER,CRISPUS,,,UNKNOWN,36,MALE,BLACK,apr2016,,,05,0,0,1
1059133,831,TALMAN AVE,6822,APARTMENT,14dec2012 11:00:00,14dec2012 12:00:00,20dec2012,JOHN,MOSS,10791,189,,29apr2002,POLICE OFFICER,05P,UNNECESSARY DISPLAY OF WEAPON / ON DUTY,05P,UNNECESSARY DISPLAY OF WEAPON / ON DUTY,CLOSED/FINAL,NO AFFIDAVIT,BOOKER,CRISPUS,,,UNKNOWN,36,MALE,BLACK,apr2016,,,05,0,0,1
1059133,831,TALMAN AVE,6822,APARTMENT,14dec2012 11:00:00,14dec2012 12:00:00,20dec2012,,,,,,,,05P,UNNECESSARY DISPLAY OF WEAPON / ON DUTY,05P,UNNECESSARY DISPLAY OF WEAPON / ON DUTY,CLOSED/FINAL,NOT SUSTAINED,BOOKER,CRISPUS,,,UNKNOWN,37,MALE,BLACK,apr2016,,,05,0,0,1
1059133,831,TALMAN AVE,6822,APARTMENT,14dec2012 11:00:00,14dec2012 12:00:00,20dec2012,THOMAS,HORTON,2545,189,,14feb1989,SERGEANT OF POLICE,05P,UNNECESSARY DISPLAY OF WEAPON / ON DUTY,05P,UNNECESSARY DISPLAY OF WEAPON / ON DUTY,CLOSED/FINAL,NOT SUSTAINED,BOOKER,CRISPUS,,,UNKNOWN,36,MALE,BLACK,apr2016,,,05,0,0,1
1059133,831,TALMAN AVE,6822,APARTMENT,14dec2012 11:00:00,14dec2012 12:00:00,20dec2012,JOHN,MOSS,10791,189,,29apr2002,POLICE OFFICER,05P,UNNECESSARY DISPLAY OF WEAPON / ON DUTY,05P,UNNECESSARY DISPLAY OF WEAPON / ON DUTY,CLOSED/FINAL,NO AFFIDAVIT,BOOKER,MARTHA,,,UNKNOWN,63,FEMALE,BLACK,apr2016,,,05,0,0,1
1059133,831,TALMAN AVE,6822,APARTMENT,14dec2012 11:00:00,14dec2012 12:00:00,20dec2012,BRIAN,LUCE,13147,189,,03jan1995,POLICE OFFICER,05P,UNNECESSARY DISPLAY OF WEAPON / ON DUTY,05P,UNNECESSARY DISPLAY OF WEAPON / ON DUTY,CLOSED/FINAL,NOT SUSTAINED,BOOKER,CRISPUS,,,UNKNOWN,37,MALE,BLACK,apr2016,,,05,0,0,1
1059133,831,TALMAN AVE,6822,APARTMENT,14dec2012 11:00:00,14dec2012 12:00:00,20dec2012,JOHN,MOSS,10791,189,,29apr2002,POLICE OFFICER,05P,UNNECESSARY DISPLAY OF WEAPON / ON DUTY,05P,UNNECESSARY DISPLAY OF WEAPON / ON DUTY,CLOSED/FINAL,NO AFFIDAVIT,BOOKER,CRISPUS,,,UNKNOWN,37,MALE,BLACK,apr2016,,,05,0,0,1
1059133,831,TALMAN AVE,6822,APARTMENT,14dec2012 11:00:00,14dec2012 12:00:00,20dec2012,THOMAS,HORTON,2545,189,,14feb1989,SERGEANT OF POLICE,05P,UNNECESSARY DISPLAY OF WEAPON / ON DUTY,05P,UNNECESSARY DISPLAY OF WEAPON / ON DUTY,CLOSED/FINAL,NOT SUSTAINED,BOOKER,CRISPUS,,,UNKNOWN,37,MALE,BLACK,apr2016,,,05,0,0,1
1059133,831,TALMAN AVE,6822,APARTMENT,14dec2012 11:00:00,14dec2012 12:00:00,20dec2012,THOMAS,HORTON,2545,189,,14feb1989,SERGEANT OF POLICE,05P,UNNECESSARY DISPLAY OF WEAPON / ON DUTY,05P,UNNECESSARY DISPLAY OF WEAPON / ON DUTY,CLOSED/FINAL,NOT SUSTAINED,HARMAN,LINDA,,,UNKNOWN,,FEMALE,BLACK,apr2016,,,05,0,0,1
1059133,831,TALMAN AVE,6822,APARTMENT,14dec2012 11:00:00,14dec2012 12:00:00,20dec2012,THOMAS,HORTON,2545,189,,14feb1989,SERGEANT OF POLICE,05P,UNNECESSARY DISPLAY OF WEAPON / ON DUTY,05P,UNNECESSARY DISPLAY OF WEAPON / ON DUTY,CLOSED/FINAL,NOT SUSTAINED,BOOKER,MARTHA,,,UNKNOWN,64,FEMALE,BLACK,apr2016,,,05,0,0,1
