COMPLAINT_NUMBER,BEAT,STREET,ADDRESS,LOCATION_CODE,INCIDENT_TIME_START,INCIDENT_TIME_END,NOTIFICATION_DATE,ACCSUEDOFFICER_FNAME,ACCUSEDOFFICER_LNAME,ACCUSED_STAR,ACCUSED_UNIT,ACCUSED_DETAIL,ACCUSED_APPOINTMENT_DATE,ACCUSED_POSITION,INITIAL_CATEGORY_CODE,INITIAL_CATEGORY,CURRENT_CATEGORY_CODE,CURRENT_CATEGORY,CURRENT_STATUS,FINDING_CODE,INVOLVED_OFFICER_LNAME,INVOLVED_OFFICER_FNAME,INVOLVED_OFFICER_UNIT,INVOLVED_OFFICER_DETAIL,INVOLVED_OFFICER_POSITION,INVOLVED_OFFICER_AGE,INVOLVED_OFFICER_SEX,INVOLVED_OFFICER_RACE,foia,INVOLVED_OFFICER_DESCRIPTION,INVOLVED_OFFICER_TYPE,start_code_2,start_code_1,rec,sum_rec
1059035,712,MAY ST,6014,APARTMENT,15dec2012 05:54:00,15dec2012 05:54:00,15dec2012,,,,,,,,S011,"IMPACT WEAPON - UNAUTHORIZED (FLASHLIGHT, HANDCUFFS, ETC)",05A,EXCESSIVE FORCE / ON DUTY - INJURY,CLOSED/FINAL,UNFOUNDED,RAYMOND,JERINNA,,,UNKNOWN,29,FEMALE,,apr2016,,,S0,S,0,1
1059035,712,MAY ST,6014,APARTMENT,15dec2012 05:54:00,15dec2012 05:54:00,15dec2012,CONSTANTI,DIMAS,5420,007,,29oct2007,POLICE OFFICER,S011,"IMPACT WEAPON - UNAUTHORIZED (FLASHLIGHT, HANDCUFFS, ETC)",05A,EXCESSIVE FORCE / ON DUTY - INJURY,CLOSED/FINAL,EXONERATED,RAYMOND,JERINNA,,,UNKNOWN,29,FEMALE,,apr2016,,,S0,S,0,1
1059035,712,MAY ST,6014,APARTMENT,15dec2012 05:54:00,15dec2012 05:54:00,15dec2012,,,,,,,,S011,"IMPACT WEAPON - UNAUTHORIZED (FLASHLIGHT, HANDCUFFS, ETC)",05A,EXCESSIVE FORCE / ON DUTY - INJURY,CLOSED/FINAL,UNFOUNDED,PEARSON,DESHAWN,,,UNKNOWN,23,MALE,,apr2016,,,S0,S,0,1
1059035,712,MAY ST,6014,APARTMENT,15dec2012 05:54:00,15dec2012 05:54:00,15dec2012,CONSTANTI,DIMAS,5420,007,,29oct2007,POLICE OFFICER,S011,"IMPACT WEAPON - UNAUTHORIZED (FLASHLIGHT, HANDCUFFS, ETC)",05A,EXCESSIVE FORCE / ON DUTY - INJURY,CLOSED/FINAL,EXONERATED,RAYMOND,JERINNA,,,UNKNOWN,31,FEMALE,BLACK,apr2016,,,S0,S,0,1
1059035,712,MAY ST,6014,APARTMENT,15dec2012 05:54:00,15dec2012 05:54:00,15dec2012,ANGELINA,PALERMO,13482,007,,25oct2004,POLICE OFFICER,S011,"IMPACT WEAPON - UNAUTHORIZED (FLASHLIGHT, HANDCUFFS, ETC)",05A,EXCESSIVE FORCE / ON DUTY - INJURY,CLOSED/FINAL,EXONERATED,PEARSON,DESHAWN,,,UNKNOWN,23,MALE,,apr2016,,,S0,S,0,1
1059035,712,MAY ST,6014,APARTMENT,15dec2012 05:54:00,15dec2012 05:54:00,15dec2012,ANGELINA,PALERMO,13482,007,,25oct2004,POLICE OFFICER,S011,"IMPACT WEAPON - UNAUTHORIZED (FLASHLIGHT, HANDCUFFS, ETC)",05A,EXCESSIVE FORCE / ON DUTY - INJURY,CLOSED/FINAL,EXONERATED,PEARSON,DESHAWN,,,UNKNOWN,25,MALE,,apr2016,,,S0,S,0,1
1059035,712,MAY ST,6014,APARTMENT,15dec2012 05:54:00,15dec2012 05:54:00,15dec2012,,,,,,,,S011,"IMPACT WEAPON - UNAUTHORIZED (FLASHLIGHT, HANDCUFFS, ETC)",05A,EXCESSIVE FORCE / ON DUTY - INJURY,CLOSED/FINAL,UNFOUNDED,RAYMOND,JERINNA,,,UNKNOWN,31,FEMALE,BLACK,apr2016,,,S0,S,0,1
1059035,712,MAY ST,6014,APARTMENT,15dec2012 05:54:00,15dec2012 05:54:00,15dec2012,ANGELINA,PALERMO,13482,007,,25oct2004,POLICE OFFICER,S011,"IMPACT WEAPON - UNAUTHORIZED (FLASHLIGHT, HANDCUFFS, ETC)",05A,EXCESSIVE FORCE / ON DUTY - INJURY,CLOSED/FINAL,EXONERATED,RAYMOND,JERINNA,,,UNKNOWN,29,FEMALE,,apr2016,,,S0,S,0,1
1059035,712,MAY ST,6014,APARTMENT,15dec2012 05:54:00,15dec2012 05:54:00,15dec2012,CONSTANTI,DIMAS,5420,007,,29oct2007,POLICE OFFICER,S011,"IMPACT WEAPON - UNAUTHORIZED (FLASHLIGHT, HANDCUFFS, ETC)",05A,EXCESSIVE FORCE / ON DUTY - INJURY,CLOSED/FINAL,EXONERATED,PEARSON,DESHAWN,,,UNKNOWN,25,MALE,,apr2016,,,S0,S,0,1
1059035,712,MAY ST,6014,APARTMENT,15dec2012 05:54:00,15dec2012 05:54:00,15dec2012,CONSTANTI,DIMAS,5420,007,,29oct2007,POLICE OFFICER,S011,"IMPACT WEAPON - UNAUTHORIZED (FLASHLIGHT, HANDCUFFS, ETC)",05A,EXCESSIVE FORCE / ON DUTY - INJURY,CLOSED/FINAL,EXONERATED,PEARSON,DESHAWN,,,UNKNOWN,23,MALE,,apr2016,,,S0,S,0,1
1059035,712,MAY ST,6014,APARTMENT,15dec2012 05:54:00,15dec2012 05:54:00,15dec2012,ANGELINA,PALERMO,13482,007,,25oct2004,POLICE OFFICER,S011,"IMPACT WEAPON - UNAUTHORIZED (FLASHLIGHT, HANDCUFFS, ETC)",05A,EXCESSIVE FORCE / ON DUTY - INJURY,CLOSED/FINAL,EXONERATED,RAYMOND,JERINNA,,,UNKNOWN,31,FEMALE,BLACK,apr2016,,,S0,S,0,1
1059035,712,MAY ST,6014,APARTMENT,15dec2012 05:54:00,15dec2012 05:54:00,15dec2012,,,,,,,,S011,"IMPACT WEAPON - UNAUTHORIZED (FLASHLIGHT, HANDCUFFS, ETC)",05A,EXCESSIVE FORCE / ON DUTY - INJURY,CLOSED/FINAL,UNFOUNDED,PEARSON,DESHAWN,,,UNKNOWN,25,MALE,,apr2016,,,S0,S,0,1
