COMPLAINT_NUMBER,BEAT,STREET,ADDRESS,LOCATION_CODE,INCIDENT_TIME_START,INCIDENT_TIME_END,NOTIFICATION_DATE,ACCSUEDOFFICER_FNAME,ACCUSEDOFFICER_LNAME,ACCUSED_STAR,ACCUSED_UNIT,ACCUSED_DETAIL,ACCUSED_APPOINTMENT_DATE,ACCUSED_POSITION,INITIAL_CATEGORY_CODE,INITIAL_CATEGORY,CURRENT_CATEGORY_CODE,CURRENT_CATEGORY,CURRENT_STATUS,FINDING_CODE,INVOLVED_OFFICER_LNAME,INVOLVED_OFFICER_FNAME,INVOLVED_OFFICER_UNIT,INVOLVED_OFFICER_DETAIL,INVOLVED_OFFICER_POSITION,INVOLVED_OFFICER_AGE,INVOLVED_OFFICER_SEX,INVOLVED_OFFICER_RACE,foia,INVOLVED_OFFICER_DESCRIPTION,INVOLVED_OFFICER_TYPE,start_code_2,start_code_1,rec,sum_rec
1063033,723,SANGAMON ST,6700,SIDEWALK,22jun2013 20:00:00,22jun2013 20:00:00,21jun2013,,KASPER,3019,007,,14aug2000,POLICE OFFICER,05A,EXCESSIVE FORCE / ON DUTY - INJURY,S121,HANDCUFF TOO TIGHT,CLOSED/FINAL,UNFOUNDED,ARTZ,CHARLES,007,,SERGEANT OF POLICE,,MALE,WHITE,apr2016,,,05,0,0,1
1063033,723,SANGAMON ST,6700,SIDEWALK,22jun2013 20:00:00,22jun2013 20:00:00,21jun2013,,JOHNSON,14518,007,,09jul2007,POLICE OFFICER,05A,EXCESSIVE FORCE / ON DUTY - INJURY,S121,HANDCUFF TOO TIGHT,CLOSED/FINAL,UNFOUNDED,ARTZ,CHARLES,007,,SERGEANT OF POLICE,,MALE,WHITE,apr2016,,,05,0,0,1
1063033,723,SANGAMON ST,6700,SIDEWALK,22jun2013 20:00:00,22jun2013 20:00:00,21jun2013,,KASPER,3019,007,,14aug2000,POLICE OFFICER,05A,EXCESSIVE FORCE / ON DUTY - INJURY,S121,HANDCUFF TOO TIGHT,CLOSED/FINAL,UNFOUNDED,CLEGG,ANTHONY,,,UNKNOWN,32,MALE,BLACK,apr2016,,,05,0,0,1
1063033,723,SANGAMON ST,6700,SIDEWALK,22jun2013 20:00:00,22jun2013 20:00:00,21jun2013,,,,,,,,05A,EXCESSIVE FORCE / ON DUTY - INJURY,S121,HANDCUFF TOO TIGHT,CLOSED/FINAL,UNFOUNDED,CLEGG,ANTHONY,,,UNKNOWN,32,MALE,BLACK,apr2016,,,05,0,0,1
1063033,723,SANGAMON ST,6700,SIDEWALK,22jun2013 20:00:00,22jun2013 20:00:00,21jun2013,,,,,,,,05A,EXCESSIVE FORCE / ON DUTY - INJURY,S121,HANDCUFF TOO TIGHT,CLOSED/FINAL,UNFOUNDED,ARTZ,CHARLES,007,,SERGEANT OF POLICE,,MALE,WHITE,apr2016,,,05,0,0,1
1063033,723,SANGAMON ST,6700,SIDEWALK,22jun2013 20:00:00,22jun2013 20:00:00,21jun2013,,JOHNSON,14518,007,,09jul2007,POLICE OFFICER,05A,EXCESSIVE FORCE / ON DUTY - INJURY,S121,HANDCUFF TOO TIGHT,CLOSED/FINAL,UNFOUNDED,CLEGG,ANTHONY,,,UNKNOWN,32,MALE,BLACK,apr2016,,,05,0,0,1
