COMPLAINT_NUMBER,BEAT,STREET,ADDRESS,LOCATION_CODE,INCIDENT_TIME_START,INCIDENT_TIME_END,NOTIFICATION_DATE,ACCSUEDOFFICER_FNAME,ACCUSEDOFFICER_LNAME,ACCUSED_STAR,ACCUSED_UNIT,ACCUSED_DETAIL,ACCUSED_APPOINTMENT_DATE,ACCUSED_POSITION,INITIAL_CATEGORY_CODE,INITIAL_CATEGORY,CURRENT_CATEGORY_CODE,CURRENT_CATEGORY,CURRENT_STATUS,FINDING_CODE,INVOLVED_OFFICER_LNAME,INVOLVED_OFFICER_FNAME,INVOLVED_OFFICER_UNIT,INVOLVED_OFFICER_DETAIL,INVOLVED_OFFICER_POSITION,INVOLVED_OFFICER_AGE,INVOLVED_OFFICER_SEX,INVOLVED_OFFICER_RACE,foia,INVOLVED_OFFICER_DESCRIPTION,INVOLVED_OFFICER_TYPE,start_code_2,start_code_1,rec,sum_rec
1053520,414,PAXTON AVE,7900,STREET,21apr2012 18:59:59,21apr2012 18:59:59,23apr2012,DENNIS,HUBERTS JR,9883,022,189,01may2006,POLICE OFFICER,S001,CLOSED HAND STRIKE (PUNCH),S001,CLOSED HAND STRIKE (PUNCH),CLOSED/FINAL,NOT SUSTAINED,SMITH,BRANDON,022,189,POLICE OFFICER,,MALE,BLACK,apr2016,,,S0,S,0,1
1053520,414,PAXTON AVE,7900,STREET,21apr2012 18:59:59,21apr2012 18:59:59,23apr2012,DENNIS,HUBERTS JR,9883,022,189,01may2006,POLICE OFFICER,S001,CLOSED HAND STRIKE (PUNCH),S001,CLOSED HAND STRIKE (PUNCH),CLOSED/FINAL,NOT SUSTAINED,BINGHAM,DEAMAR,,,UNKNOWN,22,MALE,BLACK,apr2016,,,S0,S,0,1
1053520,414,PAXTON AVE,7900,STREET,21apr2012 18:59:59,21apr2012 18:59:59,23apr2012,,,,,,,,S001,CLOSED HAND STRIKE (PUNCH),S001,CLOSED HAND STRIKE (PUNCH),CLOSED/FINAL,EXONERATED,BINGHAM,DEAMAR,,,UNKNOWN,20,MALE,BLACK,apr2016,,,S0,S,1,1
1053520,414,PAXTON AVE,7900,STREET,21apr2012 18:59:59,21apr2012 18:59:59,23apr2012,,,,,,,,S001,CLOSED HAND STRIKE (PUNCH),S001,CLOSED HAND STRIKE (PUNCH),CLOSED/FINAL,EXONERATED,BINGHAM,DEAMAR,,,UNKNOWN,22,MALE,BLACK,apr2016,,,S0,S,0,1
1053520,414,PAXTON AVE,7900,STREET,21apr2012 18:59:59,21apr2012 18:59:59,23apr2012,DENNIS,HUBERTS JR,9883,022,189,01may2006,POLICE OFFICER,S001,CLOSED HAND STRIKE (PUNCH),S001,CLOSED HAND STRIKE (PUNCH),CLOSED/FINAL,NOT SUSTAINED,BINGHAM,DEAMAR,,,UNKNOWN,20,MALE,BLACK,apr2016,,,S0,S,0,1
1053520,414,PAXTON AVE,7900,STREET,21apr2012 18:59:59,21apr2012 18:59:59,23apr2012,,,,,,,,S001,CLOSED HAND STRIKE (PUNCH),S001,CLOSED HAND STRIKE (PUNCH),CLOSED/FINAL,EXONERATED,SMITH,BRANDON,022,189,POLICE OFFICER,,MALE,BLACK,apr2016,,,S0,S,0,1
