COMPLAINT_NUMBER,BEAT,STREET,ADDRESS,LOCATION_CODE,INCIDENT_TIME_START,INCIDENT_TIME_END,NOTIFICATION_DATE,ACCSUEDOFFICER_FNAME,ACCUSEDOFFICER_LNAME,ACCUSED_STAR,ACCUSED_UNIT,ACCUSED_DETAIL,ACCUSED_APPOINTMENT_DATE,ACCUSED_POSITION,INITIAL_CATEGORY_CODE,INITIAL_CATEGORY,CURRENT_CATEGORY_CODE,CURRENT_CATEGORY,CURRENT_STATUS,FINDING_CODE,INVOLVED_OFFICER_LNAME,INVOLVED_OFFICER_FNAME,INVOLVED_OFFICER_UNIT,INVOLVED_OFFICER_DETAIL,INVOLVED_OFFICER_POSITION,INVOLVED_OFFICER_AGE,INVOLVED_OFFICER_SEX,INVOLVED_OFFICER_RACE,foia,INVOLVED_OFFICER_DESCRIPTION,INVOLVED_OFFICER_TYPE,start_code_2,start_code_1,rec,sum_rec
1056161,834,KENNETH AVE,8441,ALLEY,07aug2012 19:15:00,07aug2012 19:15:00,08aug2012,LAWRENCE,GADE JR,1841,018,,29jun1992,SERGEANT OF POLICE,05A,EXCESSIVE FORCE / ON DUTY - INJURY,05A,EXCESSIVE FORCE / ON DUTY - INJURY,PENDING INVESTIGATIVE REVIEW,NOT SUSTAINED,GARDNER,NANETTE,,,UNKNOWN,47,FEMALE,BLACK,apr2016,,,05,0,0,1
1056161,834,KENNETH AVE,8441,ALLEY,07aug2012 19:15:00,07aug2012 19:15:00,08aug2012,,,,,,,,05A,EXCESSIVE FORCE / ON DUTY - INJURY,05A,EXCESSIVE FORCE / ON DUTY - INJURY,PENDING INVESTIGATIVE REVIEW,SUSTAINED,GARDNER,AKEEM ,,,UNKNOWN,22,MALE,BLACK,apr2016,,,05,0,0,1
1056161,834,KENNETH AVE,8441,ALLEY,07aug2012 19:15:00,07aug2012 19:15:00,08aug2012,,,,,,,,05A,EXCESSIVE FORCE / ON DUTY - INJURY,05A,EXCESSIVE FORCE / ON DUTY - INJURY,PENDING INVESTIGATIVE REVIEW,EXONERATED,GARDNER,NANETTE,,,UNKNOWN,47,FEMALE,BLACK,apr2016,,,05,0,0,1
1056161,834,KENNETH AVE,8441,ALLEY,07aug2012 19:15:00,07aug2012 19:15:00,08aug2012,RODRIGO,LOPEZ,12573,008,,25aug2003,POLICE OFFICER,05A,EXCESSIVE FORCE / ON DUTY - INJURY,05A,EXCESSIVE FORCE / ON DUTY - INJURY,PENDING INVESTIGATIVE REVIEW,EXONERATED,GARDNER,AKEEM ,,,UNKNOWN,22,MALE,BLACK,apr2016,,,05,0,0,1
1056161,834,KENNETH AVE,8441,ALLEY,07aug2012 19:15:00,07aug2012 19:15:00,08aug2012,,,,,,,,05A,EXCESSIVE FORCE / ON DUTY - INJURY,05A,EXCESSIVE FORCE / ON DUTY - INJURY,PENDING INVESTIGATIVE REVIEW,SUSTAINED,WALSH,JOSEPH,008,,POLICE OFFICER,,MALE,WHITE,apr2016,,,05,0,0,1
1056161,834,KENNETH AVE,8441,ALLEY,07aug2012 19:15:00,07aug2012 19:15:00,08aug2012,RODRIGO,LOPEZ,12573,008,,25aug2003,POLICE OFFICER,05A,EXCESSIVE FORCE / ON DUTY - INJURY,05A,EXCESSIVE FORCE / ON DUTY - INJURY,PENDING INVESTIGATIVE REVIEW,SUSTAINED,GARDNER,TERRY ,,,UNKNOWN,23,MALE,BLACK,apr2016,,,05,0,0,1
1056161,834,KENNETH AVE,8441,ALLEY,07aug2012 19:15:00,07aug2012 19:15:00,08aug2012,,,,,,,,05A,EXCESSIVE FORCE / ON DUTY - INJURY,05A,EXCESSIVE FORCE / ON DUTY - INJURY,PENDING INVESTIGATIVE REVIEW,SUSTAINED,GARDNER,NANETTE,,,UNKNOWN,47,FEMALE,BLACK,apr2016,,,05,0,0,1
1056161,834,KENNETH AVE,8441,ALLEY,07aug2012 19:15:00,07aug2012 19:15:00,08aug2012,RODRIGO,LOPEZ,12573,008,,25aug2003,POLICE OFFICER,05A,EXCESSIVE FORCE / ON DUTY - INJURY,05A,EXCESSIVE FORCE / ON DUTY - INJURY,PENDING INVESTIGATIVE REVIEW,SUSTAINED,GARDNER,AKEEM ,,,UNKNOWN,25,MALE,BLACK,apr2016,,,05,0,0,1
1056161,834,KENNETH AVE,8441,ALLEY,07aug2012 19:15:00,07aug2012 19:15:00,08aug2012,RODRIGO,LOPEZ,12573,008,,25aug2003,POLICE OFFICER,05A,EXCESSIVE FORCE / ON DUTY - INJURY,05A,EXCESSIVE FORCE / ON DUTY - INJURY,PENDING INVESTIGATIVE REVIEW,EXONERATED,WALSH,JOSEPH,008,,POLICE OFFICER,,MALE,WHITE,apr2016,,,05,0,0,1
1056161,834,KENNETH AVE,8441,ALLEY,07aug2012 19:15:00,07aug2012 19:15:00,08aug2012,DWIGHT,JOY,18674,008,,05dec1994,POLICE OFFICER,05A,EXCESSIVE FORCE / ON DUTY - INJURY,05A,EXCESSIVE FORCE / ON DUTY - INJURY,PENDING INVESTIGATIVE REVIEW,EXONERATED,GARDNER,TERRY ,,,UNKNOWN,20,MALE,BLACK,apr2016,,,05,0,0,1
1056161,834,KENNETH AVE,8441,ALLEY,07aug2012 19:15:00,07aug2012 19:15:00,08aug2012,KEITH,BLAIR,18771,008,,14aug2000,POLICE OFFICER,05A,EXCESSIVE FORCE / ON DUTY - INJURY,05A,EXCESSIVE FORCE / ON DUTY - INJURY,PENDING INVESTIGATIVE REVIEW,SUSTAINED,GARDNER,NANETTE,,,UNKNOWN,44,FEMALE,BLACK,apr2016,,,05,0,0,1
1056161,834,KENNETH AVE,8441,ALLEY,07aug2012 19:15:00,07aug2012 19:15:00,08aug2012,KEITH,BLAIR,18771,008,,14aug2000,POLICE OFFICER,05A,EXCESSIVE FORCE / ON DUTY - INJURY,05A,EXCESSIVE FORCE / ON DUTY - INJURY,PENDING INVESTIGATIVE REVIEW,UNFOUNDED,WALSH,JOSEPH,008,,POLICE OFFICER,,MALE,WHITE,apr2016,,,05,0,0,1
1056161,834,KENNETH AVE,8441,ALLEY,07aug2012 19:15:00,07aug2012 19:15:00,08aug2012,,,,,,,,05A,EXCESSIVE FORCE / ON DUTY - INJURY,05A,EXCESSIVE FORCE / ON DUTY - INJURY,PENDING INVESTIGATIVE REVIEW,EXONERATED,GARDNER,AKEEM ,,,UNKNOWN,25,MALE,BLACK,apr2016,,,05,0,0,1
1056161,834,KENNETH AVE,8441,ALLEY,07aug2012 19:15:00,07aug2012 19:15:00,08aug2012,RODRIGO,LOPEZ,12573,008,,25aug2003,POLICE OFFICER,05A,EXCESSIVE FORCE / ON DUTY - INJURY,05A,EXCESSIVE FORCE / ON DUTY - INJURY,PENDING INVESTIGATIVE REVIEW,UNFOUNDED,GARDNER,TERRY ,,,UNKNOWN,20,MALE,BLACK,apr2016,,,05,0,0,1
1056161,834,KENNETH AVE,8441,ALLEY,07aug2012 19:15:00,07aug2012 19:15:00,08aug2012,MICHAEL,MALONE,259,051,,06may1985,LIEUTENANT OF POLICE,05A,EXCESSIVE FORCE / ON DUTY - INJURY,05A,EXCESSIVE FORCE / ON DUTY - INJURY,PENDING INVESTIGATIVE REVIEW,NOT SUSTAINED,WALSH,JOSEPH,008,,POLICE OFFICER,,MALE,WHITE,apr2016,,,05,0,0,1
1056161,834,KENNETH AVE,8441,ALLEY,07aug2012 19:15:00,07aug2012 19:15:00,08aug2012,LAWRENCE,GADE JR,1841,018,,29jun1992,SERGEANT OF POLICE,05A,EXCESSIVE FORCE / ON DUTY - INJURY,05A,EXCESSIVE FORCE / ON DUTY - INJURY,PENDING INVESTIGATIVE REVIEW,UNFOUNDED,GARDNER,TERRY ,,,UNKNOWN,20,MALE,BLACK,apr2016,,,05,0,0,1
1056161,834,KENNETH AVE,8441,ALLEY,07aug2012 19:15:00,07aug2012 19:15:00,08aug2012,MICHAEL,MALONE,259,051,,06may1985,LIEUTENANT OF POLICE,05A,EXCESSIVE FORCE / ON DUTY - INJURY,05A,EXCESSIVE FORCE / ON DUTY - INJURY,PENDING INVESTIGATIVE REVIEW,UNFOUNDED,GARDNER,TERRY ,,,UNKNOWN,23,MALE,BLACK,apr2016,,,05,0,0,1
1056161,834,KENNETH AVE,8441,ALLEY,07aug2012 19:15:00,07aug2012 19:15:00,08aug2012,KEITH,BLAIR,18771,008,,14aug2000,POLICE OFFICER,05A,EXCESSIVE FORCE / ON DUTY - INJURY,05A,EXCESSIVE FORCE / ON DUTY - INJURY,PENDING INVESTIGATIVE REVIEW,NOT SUSTAINED,GARDNER,NANETTE,,,UNKNOWN,47,FEMALE,BLACK,apr2016,,,05,0,0,1
1056161,834,KENNETH AVE,8441,ALLEY,07aug2012 19:15:00,07aug2012 19:15:00,08aug2012,MICHAEL,MALONE,259,051,,06may1985,LIEUTENANT OF POLICE,05A,EXCESSIVE FORCE / ON DUTY - INJURY,05A,EXCESSIVE FORCE / ON DUTY - INJURY,PENDING INVESTIGATIVE REVIEW,NOT SUSTAINED,GARDNER,NANETTE,,,UNKNOWN,47,FEMALE,BLACK,apr2016,,,05,0,0,1
1056161,834,KENNETH AVE,8441,ALLEY,07aug2012 19:15:00,07aug2012 19:15:00,08aug2012,,,,,,,,05A,EXCESSIVE FORCE / ON DUTY - INJURY,05A,EXCESSIVE FORCE / ON DUTY - INJURY,PENDING INVESTIGATIVE REVIEW,UNFOUNDED,GARDNER,AKEEM ,,,UNKNOWN,22,MALE,BLACK,apr2016,,,05,0,0,1
1056161,834,KENNETH AVE,8441,ALLEY,07aug2012 19:15:00,07aug2012 19:15:00,08aug2012,DWIGHT,JOY,18674,008,,05dec1994,POLICE OFFICER,05A,EXCESSIVE FORCE / ON DUTY - INJURY,05A,EXCESSIVE FORCE / ON DUTY - INJURY,PENDING INVESTIGATIVE REVIEW,EXONERATED,GARDNER,AKEEM ,,,UNKNOWN,22,MALE,BLACK,apr2016,,,05,0,0,1
1056161,834,KENNETH AVE,8441,ALLEY,07aug2012 19:15:00,07aug2012 19:15:00,08aug2012,DWIGHT,JOY,18674,008,,05dec1994,POLICE OFFICER,05A,EXCESSIVE FORCE / ON DUTY - INJURY,05A,EXCESSIVE FORCE / ON DUTY - INJURY,PENDING INVESTIGATIVE REVIEW,EXONERATED,GARDNER,NANETTE,,,UNKNOWN,47,FEMALE,BLACK,apr2016,,,05,0,0,1
1056161,834,KENNETH AVE,8441,ALLEY,07aug2012 19:15:00,07aug2012 19:15:00,08aug2012,LAWRENCE,GADE JR,1841,018,,29jun1992,SERGEANT OF POLICE,05A,EXCESSIVE FORCE / ON DUTY - INJURY,05A,EXCESSIVE FORCE / ON DUTY - INJURY,PENDING INVESTIGATIVE REVIEW,NOT SUSTAINED,GARDNER,TERRY ,,,UNKNOWN,23,MALE,BLACK,apr2016,,,05,0,0,1
1056161,834,KENNETH AVE,8441,ALLEY,07aug2012 19:15:00,07aug2012 19:15:00,08aug2012,LAWRENCE,GADE JR,1841,018,,29jun1992,SERGEANT OF POLICE,05A,EXCESSIVE FORCE / ON DUTY - INJURY,05A,EXCESSIVE FORCE / ON DUTY - INJURY,PENDING INVESTIGATIVE REVIEW,EXONERATED,GARDNER,TERRY ,,,UNKNOWN,20,MALE,BLACK,apr2016,,,05,0,0,1
1056161,834,KENNETH AVE,8441,ALLEY,07aug2012 19:15:00,07aug2012 19:15:00,08aug2012,LAWRENCE,GADE JR,1841,018,,29jun1992,SERGEANT OF POLICE,05A,EXCESSIVE FORCE / ON DUTY - INJURY,05A,EXCESSIVE FORCE / ON DUTY - INJURY,PENDING INVESTIGATIVE REVIEW,EXONERATED,GARDNER,AKEEM ,,,UNKNOWN,25,MALE,BLACK,apr2016,,,05,0,0,1
1056161,834,KENNETH AVE,8441,ALLEY,07aug2012 19:15:00,07aug2012 19:15:00,08aug2012,KEITH,BLAIR,18771,008,,14aug2000,POLICE OFFICER,05A,EXCESSIVE FORCE / ON DUTY - INJURY,05A,EXCESSIVE FORCE / ON DUTY - INJURY,PENDING INVESTIGATIVE REVIEW,SUSTAINED,GARDNER,AKEEM ,,,UNKNOWN,25,MALE,BLACK,apr2016,,,05,0,0,1
1056161,834,KENNETH AVE,8441,ALLEY,07aug2012 19:15:00,07aug2012 19:15:00,08aug2012,MICHAEL,MALONE,259,051,,06may1985,LIEUTENANT OF POLICE,05A,EXCESSIVE FORCE / ON DUTY - INJURY,05A,EXCESSIVE FORCE / ON DUTY - INJURY,PENDING INVESTIGATIVE REVIEW,EXONERATED,GARDNER,TERRY ,,,UNKNOWN,23,MALE,BLACK,apr2016,,,05,0,0,1
1056161,834,KENNETH AVE,8441,ALLEY,07aug2012 19:15:00,07aug2012 19:15:00,08aug2012,MICHAEL,MALONE,259,051,,06may1985,LIEUTENANT OF POLICE,05A,EXCESSIVE FORCE / ON DUTY - INJURY,05A,EXCESSIVE FORCE / ON DUTY - INJURY,PENDING INVESTIGATIVE REVIEW,EXONERATED,GARDNER,NANETTE,,,UNKNOWN,44,FEMALE,BLACK,apr2016,,,05,0,0,1
1056161,834,KENNETH AVE,8441,ALLEY,07aug2012 19:15:00,07aug2012 19:15:00,08aug2012,DWIGHT,JOY,18674,008,,05dec1994,POLICE OFFICER,05A,EXCESSIVE FORCE / ON DUTY - INJURY,05A,EXCESSIVE FORCE / ON DUTY - INJURY,PENDING INVESTIGATIVE REVIEW,NOT SUSTAINED,GARDNER,NANETTE,,,UNKNOWN,44,FEMALE,BLACK,apr2016,,,05,0,0,1
1056161,834,KENNETH AVE,8441,ALLEY,07aug2012 19:15:00,07aug2012 19:15:00,08aug2012,DWIGHT,JOY,18674,008,,05dec1994,POLICE OFFICER,05A,EXCESSIVE FORCE / ON DUTY - INJURY,05A,EXCESSIVE FORCE / ON DUTY - INJURY,PENDING INVESTIGATIVE REVIEW,NOT SUSTAINED,GARDNER,NANETTE,,,UNKNOWN,47,FEMALE,BLACK,apr2016,,,05,0,0,1
1056161,834,KENNETH AVE,8441,ALLEY,07aug2012 19:15:00,07aug2012 19:15:00,08aug2012,,,,,,,,05A,EXCESSIVE FORCE / ON DUTY - INJURY,05A,EXCESSIVE FORCE / ON DUTY - INJURY,PENDING INVESTIGATIVE REVIEW,SUSTAINED,GARDNER,TERRY ,,,UNKNOWN,20,MALE,BLACK,apr2016,,,05,0,0,1
1056161,834,KENNETH AVE,8441,ALLEY,07aug2012 19:15:00,07aug2012 19:15:00,08aug2012,RODRIGO,LOPEZ,12573,008,,25aug2003,POLICE OFFICER,05A,EXCESSIVE FORCE / ON DUTY - INJURY,05A,EXCESSIVE FORCE / ON DUTY - INJURY,PENDING INVESTIGATIVE REVIEW,UNFOUNDED,GARDNER,NANETTE,,,UNKNOWN,47,FEMALE,BLACK,apr2016,,,05,0,0,1
1056161,834,KENNETH AVE,8441,ALLEY,07aug2012 19:15:00,07aug2012 19:15:00,08aug2012,LAWRENCE,GADE JR,1841,018,,29jun1992,SERGEANT OF POLICE,05A,EXCESSIVE FORCE / ON DUTY - INJURY,05A,EXCESSIVE FORCE / ON DUTY - INJURY,PENDING INVESTIGATIVE REVIEW,UNFOUNDED,GARDNER,NANETTE,,,UNKNOWN,44,FEMALE,BLACK,apr2016,,,05,0,0,1
1056161,834,KENNETH AVE,8441,ALLEY,07aug2012 19:15:00,07aug2012 19:15:00,08aug2012,RODRIGO,LOPEZ,12573,008,,25aug2003,POLICE OFFICER,05A,EXCESSIVE FORCE / ON DUTY - INJURY,05A,EXCESSIVE FORCE / ON DUTY - INJURY,PENDING INVESTIGATIVE REVIEW,EXONERATED,GARDNER,AKEEM ,,,UNKNOWN,25,MALE,BLACK,apr2016,,,05,0,0,1
1056161,834,KENNETH AVE,8441,ALLEY,07aug2012 19:15:00,07aug2012 19:15:00,08aug2012,RODRIGO,LOPEZ,12573,008,,25aug2003,POLICE OFFICER,05A,EXCESSIVE FORCE / ON DUTY - INJURY,05A,EXCESSIVE FORCE / ON DUTY - INJURY,PENDING INVESTIGATIVE REVIEW,SUSTAINED,GARDNER,NANETTE,,,UNKNOWN,44,FEMALE,BLACK,apr2016,,,05,0,0,1
1056161,834,KENNETH AVE,8441,ALLEY,07aug2012 19:15:00,07aug2012 19:15:00,08aug2012,DWIGHT,JOY,18674,008,,05dec1994,POLICE OFFICER,05A,EXCESSIVE FORCE / ON DUTY - INJURY,05A,EXCESSIVE FORCE / ON DUTY - INJURY,PENDING INVESTIGATIVE REVIEW,EXONERATED,GARDNER,AKEEM ,,,UNKNOWN,25,MALE,BLACK,apr2016,,,05,0,0,1
1056161,834,KENNETH AVE,8441,ALLEY,07aug2012 19:15:00,07aug2012 19:15:00,08aug2012,DWIGHT,JOY,18674,008,,05dec1994,POLICE OFFICER,05A,EXCESSIVE FORCE / ON DUTY - INJURY,05A,EXCESSIVE FORCE / ON DUTY - INJURY,PENDING INVESTIGATIVE REVIEW,UNFOUNDED,GARDNER,TERRY ,,,UNKNOWN,23,MALE,BLACK,apr2016,,,05,0,0,1
1056161,834,KENNETH AVE,8441,ALLEY,07aug2012 19:15:00,07aug2012 19:15:00,08aug2012,KEITH,BLAIR,18771,008,,14aug2000,POLICE OFFICER,05A,EXCESSIVE FORCE / ON DUTY - INJURY,05A,EXCESSIVE FORCE / ON DUTY - INJURY,PENDING INVESTIGATIVE REVIEW,NOT SUSTAINED,GARDNER,AKEEM ,,,UNKNOWN,25,MALE,BLACK,apr2016,,,05,0,0,1
1056161,834,KENNETH AVE,8441,ALLEY,07aug2012 19:15:00,07aug2012 19:15:00,08aug2012,RODRIGO,LOPEZ,12573,008,,25aug2003,POLICE OFFICER,05A,EXCESSIVE FORCE / ON DUTY - INJURY,05A,EXCESSIVE FORCE / ON DUTY - INJURY,PENDING INVESTIGATIVE REVIEW,EXONERATED,GARDNER,TERRY ,,,UNKNOWN,20,MALE,BLACK,apr2016,,,05,0,0,1
1056161,834,KENNETH AVE,8441,ALLEY,07aug2012 19:15:00,07aug2012 19:15:00,08aug2012,KEITH,BLAIR,18771,008,,14aug2000,POLICE OFFICER,05A,EXCESSIVE FORCE / ON DUTY - INJURY,05A,EXCESSIVE FORCE / ON DUTY - INJURY,PENDING INVESTIGATIVE REVIEW,SUSTAINED,GARDNER,NANETTE,,,UNKNOWN,47,FEMALE,BLACK,apr2016,,,05,0,0,1
1056161,834,KENNETH AVE,8441,ALLEY,07aug2012 19:15:00,07aug2012 19:15:00,08aug2012,MICHAEL,MALONE,259,051,,06may1985,LIEUTENANT OF POLICE,05A,EXCESSIVE FORCE / ON DUTY - INJURY,05A,EXCESSIVE FORCE / ON DUTY - INJURY,PENDING INVESTIGATIVE REVIEW,UNFOUNDED,WALSH,JOSEPH,008,,POLICE OFFICER,,MALE,WHITE,apr2016,,,05,0,0,1
1056161,834,KENNETH AVE,8441,ALLEY,07aug2012 19:15:00,07aug2012 19:15:00,08aug2012,DWIGHT,JOY,18674,008,,05dec1994,POLICE OFFICER,05A,EXCESSIVE FORCE / ON DUTY - INJURY,05A,EXCESSIVE FORCE / ON DUTY - INJURY,PENDING INVESTIGATIVE REVIEW,UNFOUNDED,GARDNER,AKEEM ,,,UNKNOWN,22,MALE,BLACK,apr2016,,,05,0,0,1
1056161,834,KENNETH AVE,8441,ALLEY,07aug2012 19:15:00,07aug2012 19:15:00,08aug2012,LAWRENCE,GADE JR,1841,018,,29jun1992,SERGEANT OF POLICE,05A,EXCESSIVE FORCE / ON DUTY - INJURY,05A,EXCESSIVE FORCE / ON DUTY - INJURY,PENDING INVESTIGATIVE REVIEW,UNFOUNDED,GARDNER,AKEEM ,,,UNKNOWN,25,MALE,BLACK,apr2016,,,05,0,0,1
1056161,834,KENNETH AVE,8441,ALLEY,07aug2012 19:15:00,07aug2012 19:15:00,08aug2012,DWIGHT,JOY,18674,008,,05dec1994,POLICE OFFICER,05A,EXCESSIVE FORCE / ON DUTY - INJURY,05A,EXCESSIVE FORCE / ON DUTY - INJURY,PENDING INVESTIGATIVE REVIEW,UNFOUNDED,GARDNER,NANETTE,,,UNKNOWN,47,FEMALE,BLACK,apr2016,,,05,0,0,1
1056161,834,KENNETH AVE,8441,ALLEY,07aug2012 19:15:00,07aug2012 19:15:00,08aug2012,DWIGHT,JOY,18674,008,,05dec1994,POLICE OFFICER,05A,EXCESSIVE FORCE / ON DUTY - INJURY,05A,EXCESSIVE FORCE / ON DUTY - INJURY,PENDING INVESTIGATIVE REVIEW,UNFOUNDED,GARDNER,TERRY ,,,UNKNOWN,20,MALE,BLACK,apr2016,,,05,0,0,1
1056161,834,KENNETH AVE,8441,ALLEY,07aug2012 19:15:00,07aug2012 19:15:00,08aug2012,LAWRENCE,GADE JR,1841,018,,29jun1992,SERGEANT OF POLICE,05A,EXCESSIVE FORCE / ON DUTY - INJURY,05A,EXCESSIVE FORCE / ON DUTY - INJURY,PENDING INVESTIGATIVE REVIEW,NOT SUSTAINED,WALSH,JOSEPH,008,,POLICE OFFICER,,MALE,WHITE,apr2016,,,05,0,0,1
1056161,834,KENNETH AVE,8441,ALLEY,07aug2012 19:15:00,07aug2012 19:15:00,08aug2012,,,,,,,,05A,EXCESSIVE FORCE / ON DUTY - INJURY,05A,EXCESSIVE FORCE / ON DUTY - INJURY,PENDING INVESTIGATIVE REVIEW,UNFOUNDED,WALSH,JOSEPH,008,,POLICE OFFICER,,MALE,WHITE,apr2016,,,05,0,0,1
1056161,834,KENNETH AVE,8441,ALLEY,07aug2012 19:15:00,07aug2012 19:15:00,08aug2012,LAWRENCE,GADE JR,1841,018,,29jun1992,SERGEANT OF POLICE,05A,EXCESSIVE FORCE / ON DUTY - INJURY,05A,EXCESSIVE FORCE / ON DUTY - INJURY,PENDING INVESTIGATIVE REVIEW,NOT SUSTAINED,GARDNER,TERRY ,,,UNKNOWN,20,MALE,BLACK,apr2016,,,05,0,0,1
1056161,834,KENNETH AVE,8441,ALLEY,07aug2012 19:15:00,07aug2012 19:15:00,08aug2012,LAWRENCE,GADE JR,1841,018,,29jun1992,SERGEANT OF POLICE,05A,EXCESSIVE FORCE / ON DUTY - INJURY,05A,EXCESSIVE FORCE / ON DUTY - INJURY,PENDING INVESTIGATIVE REVIEW,UNFOUNDED,GARDNER,AKEEM ,,,UNKNOWN,22,MALE,BLACK,apr2016,,,05,0,0,1
1056161,834,KENNETH AVE,8441,ALLEY,07aug2012 19:15:00,07aug2012 19:15:00,08aug2012,RODRIGO,LOPEZ,12573,008,,25aug2003,POLICE OFFICER,05A,EXCESSIVE FORCE / ON DUTY - INJURY,05A,EXCESSIVE FORCE / ON DUTY - INJURY,PENDING INVESTIGATIVE REVIEW,UNFOUNDED,GARDNER,AKEEM ,,,UNKNOWN,25,MALE,BLACK,apr2016,,,05,0,0,1
1056161,834,KENNETH AVE,8441,ALLEY,07aug2012 19:15:00,07aug2012 19:15:00,08aug2012,DWIGHT,JOY,18674,008,,05dec1994,POLICE OFFICER,05A,EXCESSIVE FORCE / ON DUTY - INJURY,05A,EXCESSIVE FORCE / ON DUTY - INJURY,PENDING INVESTIGATIVE REVIEW,NOT SUSTAINED,GARDNER,AKEEM ,,,UNKNOWN,25,MALE,BLACK,apr2016,,,05,0,0,1
1056161,834,KENNETH AVE,8441,ALLEY,07aug2012 19:15:00,07aug2012 19:15:00,08aug2012,LAWRENCE,GADE JR,1841,018,,29jun1992,SERGEANT OF POLICE,05A,EXCESSIVE FORCE / ON DUTY - INJURY,05A,EXCESSIVE FORCE / ON DUTY - INJURY,PENDING INVESTIGATIVE REVIEW,NOT SUSTAINED,GARDNER,NANETTE,,,UNKNOWN,44,FEMALE,BLACK,apr2016,,,05,0,0,1
1056161,834,KENNETH AVE,8441,ALLEY,07aug2012 19:15:00,07aug2012 19:15:00,08aug2012,MICHAEL,MALONE,259,051,,06may1985,LIEUTENANT OF POLICE,05A,EXCESSIVE FORCE / ON DUTY - INJURY,05A,EXCESSIVE FORCE / ON DUTY - INJURY,PENDING INVESTIGATIVE REVIEW,NOT SUSTAINED,GARDNER,TERRY ,,,UNKNOWN,23,MALE,BLACK,apr2016,,,05,0,0,1
1056161,834,KENNETH AVE,8441,ALLEY,07aug2012 19:15:00,07aug2012 19:15:00,08aug2012,RODRIGO,LOPEZ,12573,008,,25aug2003,POLICE OFFICER,05A,EXCESSIVE FORCE / ON DUTY - INJURY,05A,EXCESSIVE FORCE / ON DUTY - INJURY,PENDING INVESTIGATIVE REVIEW,SUSTAINED,GARDNER,NANETTE,,,UNKNOWN,47,FEMALE,BLACK,apr2016,,,05,0,0,1
1056161,834,KENNETH AVE,8441,ALLEY,07aug2012 19:15:00,07aug2012 19:15:00,08aug2012,LAWRENCE,GADE JR,1841,018,,29jun1992,SERGEANT OF POLICE,05A,EXCESSIVE FORCE / ON DUTY - INJURY,05A,EXCESSIVE FORCE / ON DUTY - INJURY,PENDING INVESTIGATIVE REVIEW,NOT SUSTAINED,GARDNER,AKEEM ,,,UNKNOWN,22,MALE,BLACK,apr2016,,,05,0,0,1
1056161,834,KENNETH AVE,8441,ALLEY,07aug2012 19:15:00,07aug2012 19:15:00,08aug2012,KEITH,BLAIR,18771,008,,14aug2000,POLICE OFFICER,05A,EXCESSIVE FORCE / ON DUTY - INJURY,05A,EXCESSIVE FORCE / ON DUTY - INJURY,PENDING INVESTIGATIVE REVIEW,NOT SUSTAINED,GARDNER,AKEEM ,,,UNKNOWN,22,MALE,BLACK,apr2016,,,05,0,0,1
1056161,834,KENNETH AVE,8441,ALLEY,07aug2012 19:15:00,07aug2012 19:15:00,08aug2012,DWIGHT,JOY,18674,008,,05dec1994,POLICE OFFICER,05A,EXCESSIVE FORCE / ON DUTY - INJURY,05A,EXCESSIVE FORCE / ON DUTY - INJURY,PENDING INVESTIGATIVE REVIEW,EXONERATED,WALSH,JOSEPH,008,,POLICE OFFICER,,MALE,WHITE,apr2016,,,05,0,0,1
1056161,834,KENNETH AVE,8441,ALLEY,07aug2012 19:15:00,07aug2012 19:15:00,08aug2012,RODRIGO,LOPEZ,12573,008,,25aug2003,POLICE OFFICER,05A,EXCESSIVE FORCE / ON DUTY - INJURY,05A,EXCESSIVE FORCE / ON DUTY - INJURY,PENDING INVESTIGATIVE REVIEW,UNFOUNDED,WALSH,JOSEPH,008,,POLICE OFFICER,,MALE,WHITE,apr2016,,,05,0,0,1
1056161,834,KENNETH AVE,8441,ALLEY,07aug2012 19:15:00,07aug2012 19:15:00,08aug2012,MICHAEL,MALONE,259,051,,06may1985,LIEUTENANT OF POLICE,05A,EXCESSIVE FORCE / ON DUTY - INJURY,05A,EXCESSIVE FORCE / ON DUTY - INJURY,PENDING INVESTIGATIVE REVIEW,UNFOUNDED,GARDNER,NANETTE,,,UNKNOWN,47,FEMALE,BLACK,apr2016,,,05,0,0,1
1056161,834,KENNETH AVE,8441,ALLEY,07aug2012 19:15:00,07aug2012 19:15:00,08aug2012,LAWRENCE,GADE JR,1841,018,,29jun1992,SERGEANT OF POLICE,05A,EXCESSIVE FORCE / ON DUTY - INJURY,05A,EXCESSIVE FORCE / ON DUTY - INJURY,PENDING INVESTIGATIVE REVIEW,NOT SUSTAINED,GARDNER,AKEEM ,,,UNKNOWN,25,MALE,BLACK,apr2016,,,05,0,0,1
1056161,834,KENNETH AVE,8441,ALLEY,07aug2012 19:15:00,07aug2012 19:15:00,08aug2012,KEITH,BLAIR,18771,008,,14aug2000,POLICE OFFICER,05A,EXCESSIVE FORCE / ON DUTY - INJURY,05A,EXCESSIVE FORCE / ON DUTY - INJURY,PENDING INVESTIGATIVE REVIEW,NOT SUSTAINED,GARDNER,NANETTE,,,UNKNOWN,44,FEMALE,BLACK,apr2016,,,05,0,0,1
1056161,834,KENNETH AVE,8441,ALLEY,07aug2012 19:15:00,07aug2012 19:15:00,08aug2012,KEITH,BLAIR,18771,008,,14aug2000,POLICE OFFICER,05A,EXCESSIVE FORCE / ON DUTY - INJURY,05A,EXCESSIVE FORCE / ON DUTY - INJURY,PENDING INVESTIGATIVE REVIEW,NOT SUSTAINED,GARDNER,TERRY ,,,UNKNOWN,20,MALE,BLACK,apr2016,,,05,0,0,1
1056161,834,KENNETH AVE,8441,ALLEY,07aug2012 19:15:00,07aug2012 19:15:00,08aug2012,RODRIGO,LOPEZ,12573,008,,25aug2003,POLICE OFFICER,05A,EXCESSIVE FORCE / ON DUTY - INJURY,05A,EXCESSIVE FORCE / ON DUTY - INJURY,PENDING INVESTIGATIVE REVIEW,UNFOUNDED,GARDNER,NANETTE,,,UNKNOWN,44,FEMALE,BLACK,apr2016,,,05,0,0,1
1056161,834,KENNETH AVE,8441,ALLEY,07aug2012 19:15:00,07aug2012 19:15:00,08aug2012,LAWRENCE,GADE JR,1841,018,,29jun1992,SERGEANT OF POLICE,05A,EXCESSIVE FORCE / ON DUTY - INJURY,05A,EXCESSIVE FORCE / ON DUTY - INJURY,PENDING INVESTIGATIVE REVIEW,EXONERATED,GARDNER,NANETTE,,,UNKNOWN,47,FEMALE,BLACK,apr2016,,,05,0,0,1
1056161,834,KENNETH AVE,8441,ALLEY,07aug2012 19:15:00,07aug2012 19:15:00,08aug2012,MICHAEL,MALONE,259,051,,06may1985,LIEUTENANT OF POLICE,05A,EXCESSIVE FORCE / ON DUTY - INJURY,05A,EXCESSIVE FORCE / ON DUTY - INJURY,PENDING INVESTIGATIVE REVIEW,NOT SUSTAINED,GARDNER,NANETTE,,,UNKNOWN,44,FEMALE,BLACK,apr2016,,,05,0,0,1
1056161,834,KENNETH AVE,8441,ALLEY,07aug2012 19:15:00,07aug2012 19:15:00,08aug2012,KEITH,BLAIR,18771,008,,14aug2000,POLICE OFFICER,05A,EXCESSIVE FORCE / ON DUTY - INJURY,05A,EXCESSIVE FORCE / ON DUTY - INJURY,PENDING INVESTIGATIVE REVIEW,NOT SUSTAINED,WALSH,JOSEPH,008,,POLICE OFFICER,,MALE,WHITE,apr2016,,,05,0,0,1
1056161,834,KENNETH AVE,8441,ALLEY,07aug2012 19:15:00,07aug2012 19:15:00,08aug2012,DWIGHT,JOY,18674,008,,05dec1994,POLICE OFFICER,05A,EXCESSIVE FORCE / ON DUTY - INJURY,05A,EXCESSIVE FORCE / ON DUTY - INJURY,PENDING INVESTIGATIVE REVIEW,NOT SUSTAINED,GARDNER,TERRY ,,,UNKNOWN,23,MALE,BLACK,apr2016,,,05,0,0,1
1056161,834,KENNETH AVE,8441,ALLEY,07aug2012 19:15:00,07aug2012 19:15:00,08aug2012,DWIGHT,JOY,18674,008,,05dec1994,POLICE OFFICER,05A,EXCESSIVE FORCE / ON DUTY - INJURY,05A,EXCESSIVE FORCE / ON DUTY - INJURY,PENDING INVESTIGATIVE REVIEW,NOT SUSTAINED,GARDNER,AKEEM ,,,UNKNOWN,22,MALE,BLACK,apr2016,,,05,0,0,1
1056161,834,KENNETH AVE,8441,ALLEY,07aug2012 19:15:00,07aug2012 19:15:00,08aug2012,DWIGHT,JOY,18674,008,,05dec1994,POLICE OFFICER,05A,EXCESSIVE FORCE / ON DUTY - INJURY,05A,EXCESSIVE FORCE / ON DUTY - INJURY,PENDING INVESTIGATIVE REVIEW,NOT SUSTAINED,GARDNER,TERRY ,,,UNKNOWN,20,MALE,BLACK,apr2016,,,05,0,0,1
1056161,834,KENNETH AVE,8441,ALLEY,07aug2012 19:15:00,07aug2012 19:15:00,08aug2012,LAWRENCE,GADE JR,1841,018,,29jun1992,SERGEANT OF POLICE,05A,EXCESSIVE FORCE / ON DUTY - INJURY,05A,EXCESSIVE FORCE / ON DUTY - INJURY,PENDING INVESTIGATIVE REVIEW,EXONERATED,GARDNER,TERRY ,,,UNKNOWN,23,MALE,BLACK,apr2016,,,05,0,0,1
1056161,834,KENNETH AVE,8441,ALLEY,07aug2012 19:15:00,07aug2012 19:15:00,08aug2012,,,,,,,,05A,EXCESSIVE FORCE / ON DUTY - INJURY,05A,EXCESSIVE FORCE / ON DUTY - INJURY,PENDING INVESTIGATIVE REVIEW,EXONERATED,WALSH,JOSEPH,008,,POLICE OFFICER,,MALE,WHITE,apr2016,,,05,0,0,1
1056161,834,KENNETH AVE,8441,ALLEY,07aug2012 19:15:00,07aug2012 19:15:00,08aug2012,KEITH,BLAIR,18771,008,,14aug2000,POLICE OFFICER,05A,EXCESSIVE FORCE / ON DUTY - INJURY,05A,EXCESSIVE FORCE / ON DUTY - INJURY,PENDING INVESTIGATIVE REVIEW,SUSTAINED,GARDNER,AKEEM ,,,UNKNOWN,22,MALE,BLACK,apr2016,,,05,0,0,1
1056161,834,KENNETH AVE,8441,ALLEY,07aug2012 19:15:00,07aug2012 19:15:00,08aug2012,LAWRENCE,GADE JR,1841,018,,29jun1992,SERGEANT OF POLICE,05A,EXCESSIVE FORCE / ON DUTY - INJURY,05A,EXCESSIVE FORCE / ON DUTY - INJURY,PENDING INVESTIGATIVE REVIEW,EXONERATED,GARDNER,AKEEM ,,,UNKNOWN,22,MALE,BLACK,apr2016,,,05,0,0,1
1056161,834,KENNETH AVE,8441,ALLEY,07aug2012 19:15:00,07aug2012 19:15:00,08aug2012,,,,,,,,05A,EXCESSIVE FORCE / ON DUTY - INJURY,05A,EXCESSIVE FORCE / ON DUTY - INJURY,PENDING INVESTIGATIVE REVIEW,UNFOUNDED,GARDNER,NANETTE,,,UNKNOWN,47,FEMALE,BLACK,apr2016,,,05,0,0,1
1056161,834,KENNETH AVE,8441,ALLEY,07aug2012 19:15:00,07aug2012 19:15:00,08aug2012,RODRIGO,LOPEZ,12573,008,,25aug2003,POLICE OFFICER,05A,EXCESSIVE FORCE / ON DUTY - INJURY,05A,EXCESSIVE FORCE / ON DUTY - INJURY,PENDING INVESTIGATIVE REVIEW,SUSTAINED,GARDNER,TERRY ,,,UNKNOWN,20,MALE,BLACK,apr2016,,,05,0,0,1
1056161,834,KENNETH AVE,8441,ALLEY,07aug2012 19:15:00,07aug2012 19:15:00,08aug2012,KEITH,BLAIR,18771,008,,14aug2000,POLICE OFFICER,05A,EXCESSIVE FORCE / ON DUTY - INJURY,05A,EXCESSIVE FORCE / ON DUTY - INJURY,PENDING INVESTIGATIVE REVIEW,SUSTAINED,WALSH,JOSEPH,008,,POLICE OFFICER,,MALE,WHITE,apr2016,,,05,0,0,1
1056161,834,KENNETH AVE,8441,ALLEY,07aug2012 19:15:00,07aug2012 19:15:00,08aug2012,RODRIGO,LOPEZ,12573,008,,25aug2003,POLICE OFFICER,05A,EXCESSIVE FORCE / ON DUTY - INJURY,05A,EXCESSIVE FORCE / ON DUTY - INJURY,PENDING INVESTIGATIVE REVIEW,EXONERATED,GARDNER,NANETTE,,,UNKNOWN,47,FEMALE,BLACK,apr2016,,,05,0,0,1
1056161,834,KENNETH AVE,8441,ALLEY,07aug2012 19:15:00,07aug2012 19:15:00,08aug2012,KEITH,BLAIR,18771,008,,14aug2000,POLICE OFFICER,05A,EXCESSIVE FORCE / ON DUTY - INJURY,05A,EXCESSIVE FORCE / ON DUTY - INJURY,PENDING INVESTIGATIVE REVIEW,UNFOUNDED,GARDNER,AKEEM ,,,UNKNOWN,25,MALE,BLACK,apr2016,,,05,0,0,1
1056161,834,KENNETH AVE,8441,ALLEY,07aug2012 19:15:00,07aug2012 19:15:00,08aug2012,LAWRENCE,GADE JR,1841,018,,29jun1992,SERGEANT OF POLICE,05A,EXCESSIVE FORCE / ON DUTY - INJURY,05A,EXCESSIVE FORCE / ON DUTY - INJURY,PENDING INVESTIGATIVE REVIEW,UNFOUNDED,WALSH,JOSEPH,008,,POLICE OFFICER,,MALE,WHITE,apr2016,,,05,0,0,1
1056161,834,KENNETH AVE,8441,ALLEY,07aug2012 19:15:00,07aug2012 19:15:00,08aug2012,,,,,,,,05A,EXCESSIVE FORCE / ON DUTY - INJURY,05A,EXCESSIVE FORCE / ON DUTY - INJURY,PENDING INVESTIGATIVE REVIEW,EXONERATED,GARDNER,AKEEM ,,,UNKNOWN,22,MALE,BLACK,apr2016,,,05,0,1,1
1056161,834,KENNETH AVE,8441,ALLEY,07aug2012 19:15:00,07aug2012 19:15:00,08aug2012,LAWRENCE,GADE JR,1841,018,,29jun1992,SERGEANT OF POLICE,05A,EXCESSIVE FORCE / ON DUTY - INJURY,05A,EXCESSIVE FORCE / ON DUTY - INJURY,PENDING INVESTIGATIVE REVIEW,UNFOUNDED,GARDNER,TERRY ,,,UNKNOWN,23,MALE,BLACK,apr2016,,,05,0,0,1
1056161,834,KENNETH AVE,8441,ALLEY,07aug2012 19:15:00,07aug2012 19:15:00,08aug2012,LAWRENCE,GADE JR,1841,018,,29jun1992,SERGEANT OF POLICE,05A,EXCESSIVE FORCE / ON DUTY - INJURY,05A,EXCESSIVE FORCE / ON DUTY - INJURY,PENDING INVESTIGATIVE REVIEW,UNFOUNDED,GARDNER,NANETTE,,,UNKNOWN,47,FEMALE,BLACK,apr2016,,,05,0,0,1
1056161,834,KENNETH AVE,8441,ALLEY,07aug2012 19:15:00,07aug2012 19:15:00,08aug2012,KEITH,BLAIR,18771,008,,14aug2000,POLICE OFFICER,05A,EXCESSIVE FORCE / ON DUTY - INJURY,05A,EXCESSIVE FORCE / ON DUTY - INJURY,PENDING INVESTIGATIVE REVIEW,UNFOUNDED,GARDNER,AKEEM ,,,UNKNOWN,22,MALE,BLACK,apr2016,,,05,0,0,1
1056161,834,KENNETH AVE,8441,ALLEY,07aug2012 19:15:00,07aug2012 19:15:00,08aug2012,MICHAEL,MALONE,259,051,,06may1985,LIEUTENANT OF POLICE,05A,EXCESSIVE FORCE / ON DUTY - INJURY,05A,EXCESSIVE FORCE / ON DUTY - INJURY,PENDING INVESTIGATIVE REVIEW,UNFOUNDED,GARDNER,NANETTE,,,UNKNOWN,44,FEMALE,BLACK,apr2016,,,05,0,0,1
1056161,834,KENNETH AVE,8441,ALLEY,07aug2012 19:15:00,07aug2012 19:15:00,08aug2012,MICHAEL,MALONE,259,051,,06may1985,LIEUTENANT OF POLICE,05A,EXCESSIVE FORCE / ON DUTY - INJURY,05A,EXCESSIVE FORCE / ON DUTY - INJURY,PENDING INVESTIGATIVE REVIEW,EXONERATED,GARDNER,AKEEM ,,,UNKNOWN,22,MALE,BLACK,apr2016,,,05,0,0,1
1056161,834,KENNETH AVE,8441,ALLEY,07aug2012 19:15:00,07aug2012 19:15:00,08aug2012,KEITH,BLAIR,18771,008,,14aug2000,POLICE OFFICER,05A,EXCESSIVE FORCE / ON DUTY - INJURY,05A,EXCESSIVE FORCE / ON DUTY - INJURY,PENDING INVESTIGATIVE REVIEW,UNFOUNDED,GARDNER,NANETTE,,,UNKNOWN,44,FEMALE,BLACK,apr2016,,,05,0,0,1
1056161,834,KENNETH AVE,8441,ALLEY,07aug2012 19:15:00,07aug2012 19:15:00,08aug2012,LAWRENCE,GADE JR,1841,018,,29jun1992,SERGEANT OF POLICE,05A,EXCESSIVE FORCE / ON DUTY - INJURY,05A,EXCESSIVE FORCE / ON DUTY - INJURY,PENDING INVESTIGATIVE REVIEW,EXONERATED,GARDNER,NANETTE,,,UNKNOWN,44,FEMALE,BLACK,apr2016,,,05,0,0,1
1056161,834,KENNETH AVE,8441,ALLEY,07aug2012 19:15:00,07aug2012 19:15:00,08aug2012,,,,,,,,05A,EXCESSIVE FORCE / ON DUTY - INJURY,05A,EXCESSIVE FORCE / ON DUTY - INJURY,PENDING INVESTIGATIVE REVIEW,UNFOUNDED,GARDNER,NANETTE,,,UNKNOWN,44,FEMALE,BLACK,apr2016,,,05,0,0,1
1056161,834,KENNETH AVE,8441,ALLEY,07aug2012 19:15:00,07aug2012 19:15:00,08aug2012,DWIGHT,JOY,18674,008,,05dec1994,POLICE OFFICER,05A,EXCESSIVE FORCE / ON DUTY - INJURY,05A,EXCESSIVE FORCE / ON DUTY - INJURY,PENDING INVESTIGATIVE REVIEW,UNFOUNDED,GARDNER,AKEEM ,,,UNKNOWN,25,MALE,BLACK,apr2016,,,05,0,0,1
1056161,834,KENNETH AVE,8441,ALLEY,07aug2012 19:15:00,07aug2012 19:15:00,08aug2012,MICHAEL,MALONE,259,051,,06may1985,LIEUTENANT OF POLICE,05A,EXCESSIVE FORCE / ON DUTY - INJURY,05A,EXCESSIVE FORCE / ON DUTY - INJURY,PENDING INVESTIGATIVE REVIEW,EXONERATED,GARDNER,TERRY ,,,UNKNOWN,20,MALE,BLACK,apr2016,,,05,0,0,1
1056161,834,KENNETH AVE,8441,ALLEY,07aug2012 19:15:00,07aug2012 19:15:00,08aug2012,,,,,,,,05A,EXCESSIVE FORCE / ON DUTY - INJURY,05A,EXCESSIVE FORCE / ON DUTY - INJURY,PENDING INVESTIGATIVE REVIEW,UNFOUNDED,GARDNER,TERRY ,,,UNKNOWN,23,MALE,BLACK,apr2016,,,05,0,0,1
1056161,834,KENNETH AVE,8441,ALLEY,07aug2012 19:15:00,07aug2012 19:15:00,08aug2012,RODRIGO,LOPEZ,12573,008,,25aug2003,POLICE OFFICER,05A,EXCESSIVE FORCE / ON DUTY - INJURY,05A,EXCESSIVE FORCE / ON DUTY - INJURY,PENDING INVESTIGATIVE REVIEW,EXONERATED,GARDNER,NANETTE,,,UNKNOWN,44,FEMALE,BLACK,apr2016,,,05,0,0,1
1056161,834,KENNETH AVE,8441,ALLEY,07aug2012 19:15:00,07aug2012 19:15:00,08aug2012,MICHAEL,MALONE,259,051,,06may1985,LIEUTENANT OF POLICE,05A,EXCESSIVE FORCE / ON DUTY - INJURY,05A,EXCESSIVE FORCE / ON DUTY - INJURY,PENDING INVESTIGATIVE REVIEW,UNFOUNDED,GARDNER,TERRY ,,,UNKNOWN,20,MALE,BLACK,apr2016,,,05,0,0,1
1056161,834,KENNETH AVE,8441,ALLEY,07aug2012 19:15:00,07aug2012 19:15:00,08aug2012,,,,,,,,05A,EXCESSIVE FORCE / ON DUTY - INJURY,05A,EXCESSIVE FORCE / ON DUTY - INJURY,PENDING INVESTIGATIVE REVIEW,EXONERATED,GARDNER,NANETTE,,,UNKNOWN,44,FEMALE,BLACK,apr2016,,,05,0,0,1
1056161,834,KENNETH AVE,8441,ALLEY,07aug2012 19:15:00,07aug2012 19:15:00,08aug2012,KEITH,BLAIR,18771,008,,14aug2000,POLICE OFFICER,05A,EXCESSIVE FORCE / ON DUTY - INJURY,05A,EXCESSIVE FORCE / ON DUTY - INJURY,PENDING INVESTIGATIVE REVIEW,NOT SUSTAINED,GARDNER,TERRY ,,,UNKNOWN,23,MALE,BLACK,apr2016,,,05,0,0,1
1056161,834,KENNETH AVE,8441,ALLEY,07aug2012 19:15:00,07aug2012 19:15:00,08aug2012,,,,,,,,05A,EXCESSIVE FORCE / ON DUTY - INJURY,05A,EXCESSIVE FORCE / ON DUTY - INJURY,PENDING INVESTIGATIVE REVIEW,UNFOUNDED,GARDNER,AKEEM ,,,UNKNOWN,25,MALE,BLACK,apr2016,,,05,0,0,1
1056161,834,KENNETH AVE,8441,ALLEY,07aug2012 19:15:00,07aug2012 19:15:00,08aug2012,RODRIGO,LOPEZ,12573,008,,25aug2003,POLICE OFFICER,05A,EXCESSIVE FORCE / ON DUTY - INJURY,05A,EXCESSIVE FORCE / ON DUTY - INJURY,PENDING INVESTIGATIVE REVIEW,SUSTAINED,WALSH,JOSEPH,008,,POLICE OFFICER,,MALE,WHITE,apr2016,,,05,0,0,1
1056161,834,KENNETH AVE,8441,ALLEY,07aug2012 19:15:00,07aug2012 19:15:00,08aug2012,DWIGHT,JOY,18674,008,,05dec1994,POLICE OFFICER,05A,EXCESSIVE FORCE / ON DUTY - INJURY,05A,EXCESSIVE FORCE / ON DUTY - INJURY,PENDING INVESTIGATIVE REVIEW,UNFOUNDED,GARDNER,NANETTE,,,UNKNOWN,44,FEMALE,BLACK,apr2016,,,05,0,0,1
1056161,834,KENNETH AVE,8441,ALLEY,07aug2012 19:15:00,07aug2012 19:15:00,08aug2012,KEITH,BLAIR,18771,008,,14aug2000,POLICE OFFICER,05A,EXCESSIVE FORCE / ON DUTY - INJURY,05A,EXCESSIVE FORCE / ON DUTY - INJURY,PENDING INVESTIGATIVE REVIEW,SUSTAINED,GARDNER,TERRY ,,,UNKNOWN,23,MALE,BLACK,apr2016,,,05,0,0,1
1056161,834,KENNETH AVE,8441,ALLEY,07aug2012 19:15:00,07aug2012 19:15:00,08aug2012,KEITH,BLAIR,18771,008,,14aug2000,POLICE OFFICER,05A,EXCESSIVE FORCE / ON DUTY - INJURY,05A,EXCESSIVE FORCE / ON DUTY - INJURY,PENDING INVESTIGATIVE REVIEW,UNFOUNDED,GARDNER,TERRY ,,,UNKNOWN,23,MALE,BLACK,apr2016,,,05,0,0,1
1056161,834,KENNETH AVE,8441,ALLEY,07aug2012 19:15:00,07aug2012 19:15:00,08aug2012,RODRIGO,LOPEZ,12573,008,,25aug2003,POLICE OFFICER,05A,EXCESSIVE FORCE / ON DUTY - INJURY,05A,EXCESSIVE FORCE / ON DUTY - INJURY,PENDING INVESTIGATIVE REVIEW,SUSTAINED,GARDNER,AKEEM ,,,UNKNOWN,22,MALE,BLACK,apr2016,,,05,0,0,1
1056161,834,KENNETH AVE,8441,ALLEY,07aug2012 19:15:00,07aug2012 19:15:00,08aug2012,,,,,,,,05A,EXCESSIVE FORCE / ON DUTY - INJURY,05A,EXCESSIVE FORCE / ON DUTY - INJURY,PENDING INVESTIGATIVE REVIEW,SUSTAINED,GARDNER,NANETTE,,,UNKNOWN,44,FEMALE,BLACK,apr2016,,,05,0,0,1
1056161,834,KENNETH AVE,8441,ALLEY,07aug2012 19:15:00,07aug2012 19:15:00,08aug2012,MICHAEL,MALONE,259,051,,06may1985,LIEUTENANT OF POLICE,05A,EXCESSIVE FORCE / ON DUTY - INJURY,05A,EXCESSIVE FORCE / ON DUTY - INJURY,PENDING INVESTIGATIVE REVIEW,NOT SUSTAINED,GARDNER,AKEEM ,,,UNKNOWN,22,MALE,BLACK,apr2016,,,05,0,0,1
1056161,834,KENNETH AVE,8441,ALLEY,07aug2012 19:15:00,07aug2012 19:15:00,08aug2012,MICHAEL,MALONE,259,051,,06may1985,LIEUTENANT OF POLICE,05A,EXCESSIVE FORCE / ON DUTY - INJURY,05A,EXCESSIVE FORCE / ON DUTY - INJURY,PENDING INVESTIGATIVE REVIEW,EXONERATED,WALSH,JOSEPH,008,,POLICE OFFICER,,MALE,WHITE,apr2016,,,05,0,0,1
1056161,834,KENNETH AVE,8441,ALLEY,07aug2012 19:15:00,07aug2012 19:15:00,08aug2012,KEITH,BLAIR,18771,008,,14aug2000,POLICE OFFICER,05A,EXCESSIVE FORCE / ON DUTY - INJURY,05A,EXCESSIVE FORCE / ON DUTY - INJURY,PENDING INVESTIGATIVE REVIEW,UNFOUNDED,GARDNER,TERRY ,,,UNKNOWN,20,MALE,BLACK,apr2016,,,05,0,0,1
1056161,834,KENNETH AVE,8441,ALLEY,07aug2012 19:15:00,07aug2012 19:15:00,08aug2012,MICHAEL,MALONE,259,051,,06may1985,LIEUTENANT OF POLICE,05A,EXCESSIVE FORCE / ON DUTY - INJURY,05A,EXCESSIVE FORCE / ON DUTY - INJURY,PENDING INVESTIGATIVE REVIEW,EXONERATED,GARDNER,AKEEM ,,,UNKNOWN,25,MALE,BLACK,apr2016,,,05,0,0,1
1056161,834,KENNETH AVE,8441,ALLEY,07aug2012 19:15:00,07aug2012 19:15:00,08aug2012,MICHAEL,MALONE,259,051,,06may1985,LIEUTENANT OF POLICE,05A,EXCESSIVE FORCE / ON DUTY - INJURY,05A,EXCESSIVE FORCE / ON DUTY - INJURY,PENDING INVESTIGATIVE REVIEW,UNFOUNDED,GARDNER,AKEEM ,,,UNKNOWN,25,MALE,BLACK,apr2016,,,05,0,0,1
1056161,834,KENNETH AVE,8441,ALLEY,07aug2012 19:15:00,07aug2012 19:15:00,08aug2012,KEITH,BLAIR,18771,008,,14aug2000,POLICE OFFICER,05A,EXCESSIVE FORCE / ON DUTY - INJURY,05A,EXCESSIVE FORCE / ON DUTY - INJURY,PENDING INVESTIGATIVE REVIEW,SUSTAINED,GARDNER,TERRY ,,,UNKNOWN,20,MALE,BLACK,apr2016,,,05,0,0,1
1056161,834,KENNETH AVE,8441,ALLEY,07aug2012 19:15:00,07aug2012 19:15:00,08aug2012,RODRIGO,LOPEZ,12573,008,,25aug2003,POLICE OFFICER,05A,EXCESSIVE FORCE / ON DUTY - INJURY,05A,EXCESSIVE FORCE / ON DUTY - INJURY,PENDING INVESTIGATIVE REVIEW,EXONERATED,GARDNER,TERRY ,,,UNKNOWN,23,MALE,BLACK,apr2016,,,05,0,0,1
1056161,834,KENNETH AVE,8441,ALLEY,07aug2012 19:15:00,07aug2012 19:15:00,08aug2012,RODRIGO,LOPEZ,12573,008,,25aug2003,POLICE OFFICER,05A,EXCESSIVE FORCE / ON DUTY - INJURY,05A,EXCESSIVE FORCE / ON DUTY - INJURY,PENDING INVESTIGATIVE REVIEW,UNFOUNDED,GARDNER,TERRY ,,,UNKNOWN,23,MALE,BLACK,apr2016,,,05,0,0,1
1056161,834,KENNETH AVE,8441,ALLEY,07aug2012 19:15:00,07aug2012 19:15:00,08aug2012,DWIGHT,JOY,18674,008,,05dec1994,POLICE OFFICER,05A,EXCESSIVE FORCE / ON DUTY - INJURY,05A,EXCESSIVE FORCE / ON DUTY - INJURY,PENDING INVESTIGATIVE REVIEW,EXONERATED,GARDNER,TERRY ,,,UNKNOWN,23,MALE,BLACK,apr2016,,,05,0,0,1
1056161,834,KENNETH AVE,8441,ALLEY,07aug2012 19:15:00,07aug2012 19:15:00,08aug2012,,,,,,,,05A,EXCESSIVE FORCE / ON DUTY - INJURY,05A,EXCESSIVE FORCE / ON DUTY - INJURY,PENDING INVESTIGATIVE REVIEW,SUSTAINED,GARDNER,TERRY ,,,UNKNOWN,23,MALE,BLACK,apr2016,,,05,0,0,1
1056161,834,KENNETH AVE,8441,ALLEY,07aug2012 19:15:00,07aug2012 19:15:00,08aug2012,MICHAEL,MALONE,259,051,,06may1985,LIEUTENANT OF POLICE,05A,EXCESSIVE FORCE / ON DUTY - INJURY,05A,EXCESSIVE FORCE / ON DUTY - INJURY,PENDING INVESTIGATIVE REVIEW,EXONERATED,GARDNER,NANETTE,,,UNKNOWN,47,FEMALE,BLACK,apr2016,,,05,0,0,1
1056161,834,KENNETH AVE,8441,ALLEY,07aug2012 19:15:00,07aug2012 19:15:00,08aug2012,LAWRENCE,GADE JR,1841,018,,29jun1992,SERGEANT OF POLICE,05A,EXCESSIVE FORCE / ON DUTY - INJURY,05A,EXCESSIVE FORCE / ON DUTY - INJURY,PENDING INVESTIGATIVE REVIEW,EXONERATED,WALSH,JOSEPH,008,,POLICE OFFICER,,MALE,WHITE,apr2016,,,05,0,0,1
1056161,834,KENNETH AVE,8441,ALLEY,07aug2012 19:15:00,07aug2012 19:15:00,08aug2012,,,,,,,,05A,EXCESSIVE FORCE / ON DUTY - INJURY,05A,EXCESSIVE FORCE / ON DUTY - INJURY,PENDING INVESTIGATIVE REVIEW,EXONERATED,GARDNER,TERRY ,,,UNKNOWN,23,MALE,BLACK,apr2016,,,05,0,0,1
1056161,834,KENNETH AVE,8441,ALLEY,07aug2012 19:15:00,07aug2012 19:15:00,08aug2012,MICHAEL,MALONE,259,051,,06may1985,LIEUTENANT OF POLICE,05A,EXCESSIVE FORCE / ON DUTY - INJURY,05A,EXCESSIVE FORCE / ON DUTY - INJURY,PENDING INVESTIGATIVE REVIEW,NOT SUSTAINED,GARDNER,AKEEM ,,,UNKNOWN,25,MALE,BLACK,apr2016,,,05,0,0,1
1056161,834,KENNETH AVE,8441,ALLEY,07aug2012 19:15:00,07aug2012 19:15:00,08aug2012,,,,,,,,05A,EXCESSIVE FORCE / ON DUTY - INJURY,05A,EXCESSIVE FORCE / ON DUTY - INJURY,PENDING INVESTIGATIVE REVIEW,SUSTAINED,GARDNER,AKEEM ,,,UNKNOWN,25,MALE,BLACK,apr2016,,,05,0,0,1
1056161,834,KENNETH AVE,8441,ALLEY,07aug2012 19:15:00,07aug2012 19:15:00,08aug2012,DWIGHT,JOY,18674,008,,05dec1994,POLICE OFFICER,05A,EXCESSIVE FORCE / ON DUTY - INJURY,05A,EXCESSIVE FORCE / ON DUTY - INJURY,PENDING INVESTIGATIVE REVIEW,UNFOUNDED,WALSH,JOSEPH,008,,POLICE OFFICER,,MALE,WHITE,apr2016,,,05,0,0,1
1056161,834,KENNETH AVE,8441,ALLEY,07aug2012 19:15:00,07aug2012 19:15:00,08aug2012,,,,,,,,05A,EXCESSIVE FORCE / ON DUTY - INJURY,05A,EXCESSIVE FORCE / ON DUTY - INJURY,PENDING INVESTIGATIVE REVIEW,EXONERATED,GARDNER,TERRY ,,,UNKNOWN,20,MALE,BLACK,apr2016,,,05,0,0,1
1056161,834,KENNETH AVE,8441,ALLEY,07aug2012 19:15:00,07aug2012 19:15:00,08aug2012,MICHAEL,MALONE,259,051,,06may1985,LIEUTENANT OF POLICE,05A,EXCESSIVE FORCE / ON DUTY - INJURY,05A,EXCESSIVE FORCE / ON DUTY - INJURY,PENDING INVESTIGATIVE REVIEW,UNFOUNDED,GARDNER,AKEEM ,,,UNKNOWN,22,MALE,BLACK,apr2016,,,05,0,0,1
1056161,834,KENNETH AVE,8441,ALLEY,07aug2012 19:15:00,07aug2012 19:15:00,08aug2012,DWIGHT,JOY,18674,008,,05dec1994,POLICE OFFICER,05A,EXCESSIVE FORCE / ON DUTY - INJURY,05A,EXCESSIVE FORCE / ON DUTY - INJURY,PENDING INVESTIGATIVE REVIEW,EXONERATED,GARDNER,NANETTE,,,UNKNOWN,44,FEMALE,BLACK,apr2016,,,05,0,0,1
1056161,834,KENNETH AVE,8441,ALLEY,07aug2012 19:15:00,07aug2012 19:15:00,08aug2012,,,,,,,,05A,EXCESSIVE FORCE / ON DUTY - INJURY,05A,EXCESSIVE FORCE / ON DUTY - INJURY,PENDING INVESTIGATIVE REVIEW,UNFOUNDED,GARDNER,TERRY ,,,UNKNOWN,20,MALE,BLACK,apr2016,,,05,0,0,1
1056161,834,KENNETH AVE,8441,ALLEY,07aug2012 19:15:00,07aug2012 19:15:00,08aug2012,KEITH,BLAIR,18771,008,,14aug2000,POLICE OFFICER,05A,EXCESSIVE FORCE / ON DUTY - INJURY,05A,EXCESSIVE FORCE / ON DUTY - INJURY,PENDING INVESTIGATIVE REVIEW,UNFOUNDED,GARDNER,NANETTE,,,UNKNOWN,47,FEMALE,BLACK,apr2016,,,05,0,0,1
1056161,834,KENNETH AVE,8441,ALLEY,07aug2012 19:15:00,07aug2012 19:15:00,08aug2012,RODRIGO,LOPEZ,12573,008,,25aug2003,POLICE OFFICER,05A,EXCESSIVE FORCE / ON DUTY - INJURY,05A,EXCESSIVE FORCE / ON DUTY - INJURY,PENDING INVESTIGATIVE REVIEW,UNFOUNDED,GARDNER,AKEEM ,,,UNKNOWN,22,MALE,BLACK,apr2016,,,05,0,0,1
1056161,834,KENNETH AVE,8441,ALLEY,07aug2012 19:15:00,07aug2012 19:15:00,08aug2012,MICHAEL,MALONE,259,051,,06may1985,LIEUTENANT OF POLICE,05A,EXCESSIVE FORCE / ON DUTY - INJURY,05A,EXCESSIVE FORCE / ON DUTY - INJURY,PENDING INVESTIGATIVE REVIEW,NOT SUSTAINED,GARDNER,TERRY ,,,UNKNOWN,20,MALE,BLACK,apr2016,,,05,0,0,1
1056161,834,KENNETH AVE,8441,ALLEY,07aug2012 19:15:00,07aug2012 19:15:00,08aug2012,DWIGHT,JOY,18674,008,,05dec1994,POLICE OFFICER,05A,EXCESSIVE FORCE / ON DUTY - INJURY,05A,EXCESSIVE FORCE / ON DUTY - INJURY,PENDING INVESTIGATIVE REVIEW,NOT SUSTAINED,WALSH,JOSEPH,008,,POLICE OFFICER,,MALE,WHITE,apr2016,,,05,0,0,1
