COMPLAINT_NUMBER,BEAT,STREET,ADDRESS,LOCATION_CODE,INCIDENT_TIME_START,INCIDENT_TIME_END,NOTIFICATION_DATE,ACCSUEDOFFICER_FNAME,ACCUSEDOFFICER_LNAME,ACCUSED_STAR,ACCUSED_UNIT,ACCUSED_DETAIL,ACCUSED_APPOINTMENT_DATE,ACCUSED_POSITION,INITIAL_CATEGORY_CODE,INITIAL_CATEGORY,CURRENT_CATEGORY_CODE,CURRENT_CATEGORY,CURRENT_STATUS,FINDING_CODE,INVOLVED_OFFICER_LNAME,INVOLVED_OFFICER_FNAME,INVOLVED_OFFICER_UNIT,INVOLVED_OFFICER_DETAIL,INVOLVED_OFFICER_POSITION,INVOLVED_OFFICER_AGE,INVOLVED_OFFICER_SEX,INVOLVED_OFFICER_RACE,foia,INVOLVED_OFFICER_DESCRIPTION,INVOLVED_OFFICER_TYPE,start_code_2,start_code_1,rec,sum_rec
1053994,1522,LOCKWOOD AVE,14,RESIDENCE,13may2012 21:14:59,13may2012 21:14:59,13may2012,ROBERTO,DELCID,19548,313,,05feb2001,POLICE OFFICER,S123,TWISTED EXTREMITIES (WRIST/ARM/LEG),S123,TWISTED EXTREMITIES (WRIST/ARM/LEG),CLOSED/FINAL,UNFOUNDED,WATSON,WILLIAM,,,UNKNOWN,28,MALE,BLACK,apr2016,,,S1,S,0,1
1053994,1522,LOCKWOOD AVE,14,RESIDENCE,13may2012 21:14:59,13may2012 21:14:59,13may2012,ROBERTO,DELCID,19548,313,,05feb2001,POLICE OFFICER,S123,TWISTED EXTREMITIES (WRIST/ARM/LEG),S123,TWISTED EXTREMITIES (WRIST/ARM/LEG),CLOSED/FINAL,UNFOUNDED,WATSON,WILLIAM,,,UNKNOWN,27,MALE,BLACK,apr2016,,,S1,S,0,1
1053994,1522,LOCKWOOD AVE,14,RESIDENCE,13may2012 21:14:59,13may2012 21:14:59,13may2012,,,,,,,,S123,TWISTED EXTREMITIES (WRIST/ARM/LEG),S123,TWISTED EXTREMITIES (WRIST/ARM/LEG),CLOSED/FINAL,UNFOUNDED,WATSON,WILLIAM,,,UNKNOWN,28,MALE,BLACK,apr2016,,,S1,S,0,1
1053994,1522,LOCKWOOD AVE,14,RESIDENCE,13may2012 21:14:59,13may2012 21:14:59,13may2012,NICHOLAUS,LESCH,13061,313,,29nov2004,POLICE OFFICER,S123,TWISTED EXTREMITIES (WRIST/ARM/LEG),S123,TWISTED EXTREMITIES (WRIST/ARM/LEG),CLOSED/FINAL,NOT SUSTAINED,WATSON,WILLIAM,,,UNKNOWN,28,MALE,BLACK,apr2016,,,S1,S,0,1
1053994,1522,LOCKWOOD AVE,14,RESIDENCE,13may2012 21:14:59,13may2012 21:14:59,13may2012,,,,,,,,S123,TWISTED EXTREMITIES (WRIST/ARM/LEG),S123,TWISTED EXTREMITIES (WRIST/ARM/LEG),CLOSED/FINAL,UNFOUNDED,WATSON,WILLIAM,,,UNKNOWN,27,MALE,BLACK,apr2016,,,S1,S,0,1
1053994,1522,LOCKWOOD AVE,14,RESIDENCE,13may2012 21:14:59,13may2012 21:14:59,13may2012,MARK,STRUKE,1039,015,,04aug1997,SERGEANT OF POLICE,S123,TWISTED EXTREMITIES (WRIST/ARM/LEG),S123,TWISTED EXTREMITIES (WRIST/ARM/LEG),CLOSED/FINAL,NOT SUSTAINED,WATSON,WILLIAM,,,UNKNOWN,27,MALE,BLACK,apr2016,,,S1,S,0,1
1053994,1522,LOCKWOOD AVE,14,RESIDENCE,13may2012 21:14:59,13may2012 21:14:59,13may2012,MARK,STRUKE,1039,015,,04aug1997,SERGEANT OF POLICE,S123,TWISTED EXTREMITIES (WRIST/ARM/LEG),S123,TWISTED EXTREMITIES (WRIST/ARM/LEG),CLOSED/FINAL,NOT SUSTAINED,WATSON,WILLIAM,,,UNKNOWN,28,MALE,BLACK,apr2016,,,S1,S,0,1
1053994,1522,LOCKWOOD AVE,14,RESIDENCE,13may2012 21:14:59,13may2012 21:14:59,13may2012,NICHOLAUS,LESCH,13061,313,,29nov2004,POLICE OFFICER,S123,TWISTED EXTREMITIES (WRIST/ARM/LEG),S123,TWISTED EXTREMITIES (WRIST/ARM/LEG),CLOSED/FINAL,NOT SUSTAINED,WATSON,WILLIAM,,,UNKNOWN,27,MALE,BLACK,apr2016,,,S1,S,0,1
