COMPLAINT_NUMBER,BEAT,STREET,ADDRESS,LOCATION_CODE,INCIDENT_TIME_START,INCIDENT_TIME_END,NOTIFICATION_DATE,ACCSUEDOFFICER_FNAME,ACCUSEDOFFICER_LNAME,ACCUSED_STAR,ACCUSED_UNIT,ACCUSED_DETAIL,ACCUSED_APPOINTMENT_DATE,ACCUSED_POSITION,INITIAL_CATEGORY_CODE,INITIAL_CATEGORY,CURRENT_CATEGORY_CODE,CURRENT_CATEGORY,CURRENT_STATUS,FINDING_CODE,INVOLVED_OFFICER_LNAME,INVOLVED_OFFICER_FNAME,INVOLVED_OFFICER_UNIT,INVOLVED_OFFICER_DETAIL,INVOLVED_OFFICER_POSITION,INVOLVED_OFFICER_AGE,INVOLVED_OFFICER_SEX,INVOLVED_OFFICER_RACE,foia,INVOLVED_OFFICER_DESCRIPTION,INVOLVED_OFFICER_TYPE,start_code_2,start_code_1,rec,sum_rec
1060937,1924,CLARK ST,3407,STREET,24mar2013 02:41:00,24mar2013 02:41:00,24mar2013,,DAQUILANTE,13095,019,,15nov1999,POLICE OFFICER,S005,KICKED,05A,EXCESSIVE FORCE / ON DUTY - INJURY,CLOSED/FINAL,NOT SUSTAINED,KNOX,DARIUS,,,,26,MALE,BLACK,apr2016,,,S0,S,0,1
1060937,1924,CLARK ST,3407,STREET,24mar2013 02:41:00,24mar2013 02:41:00,24mar2013,,,,,,,,S005,KICKED,05A,EXCESSIVE FORCE / ON DUTY - INJURY,CLOSED/FINAL,UNFOUNDED,KNOX,DARIUS,,,,26,MALE,BLACK,apr2016,,,S0,S,0,1
1060937,1924,CLARK ST,3407,STREET,24mar2013 02:41:00,24mar2013 02:41:00,24mar2013,,DAQUILANTE,13095,019,,15nov1999,POLICE OFFICER,S005,KICKED,05A,EXCESSIVE FORCE / ON DUTY - INJURY,CLOSED/FINAL,NOT SUSTAINED,CALDERON,ALFREDO,019,,POLICE OFFICER,,MALE,SPANISH (DO NOT USE),apr2016,,,S0,S,0,1
1060937,1924,CLARK ST,3407,STREET,24mar2013 02:41:00,24mar2013 02:41:00,24mar2013,,,,,,,,S005,KICKED,05A,EXCESSIVE FORCE / ON DUTY - INJURY,CLOSED/FINAL,UNFOUNDED,ROMERO,IDA,,,UNKNOWN,30,FEMALE,WHITE HISPANIC,apr2016,,,S0,S,0,1
1060937,1924,CLARK ST,3407,STREET,24mar2013 02:41:00,24mar2013 02:41:00,24mar2013,,DAQUILANTE,13095,019,,15nov1999,POLICE OFFICER,S005,KICKED,05A,EXCESSIVE FORCE / ON DUTY - INJURY,CLOSED/FINAL,NOT SUSTAINED,ROMERO,IDA,,,UNKNOWN,30,FEMALE,WHITE HISPANIC,apr2016,,,S0,S,0,1
1060937,1924,CLARK ST,3407,STREET,24mar2013 02:41:00,24mar2013 02:41:00,24mar2013,,,,,,,,S005,KICKED,05A,EXCESSIVE FORCE / ON DUTY - INJURY,CLOSED/FINAL,UNFOUNDED,CALDERON,ALFREDO,019,,POLICE OFFICER,,MALE,SPANISH (DO NOT USE),apr2016,,,S0,S,0,1
