COMPLAINT_NUMBER,BEAT,STREET,ADDRESS,LOCATION_CODE,INCIDENT_TIME_START,INCIDENT_TIME_END,NOTIFICATION_DATE,ACCSUEDOFFICER_FNAME,ACCUSEDOFFICER_LNAME,ACCUSED_STAR,ACCUSED_UNIT,ACCUSED_DETAIL,ACCUSED_APPOINTMENT_DATE,ACCUSED_POSITION,INITIAL_CATEGORY_CODE,INITIAL_CATEGORY,CURRENT_CATEGORY_CODE,CURRENT_CATEGORY,CURRENT_STATUS,FINDING_CODE,INVOLVED_OFFICER_LNAME,INVOLVED_OFFICER_FNAME,INVOLVED_OFFICER_UNIT,INVOLVED_OFFICER_DETAIL,INVOLVED_OFFICER_POSITION,INVOLVED_OFFICER_AGE,INVOLVED_OFFICER_SEX,INVOLVED_OFFICER_RACE,foia,INVOLVED_OFFICER_DESCRIPTION,INVOLVED_OFFICER_TYPE,start_code_2,start_code_1,rec,sum_rec
1054831,321,WOODLAWN AVE,6611,RESIDENCE PORCH/HALLWAY,16jun2012 23:29:59,16jun2012 23:29:59,17jun2012,,,,,,,,05M,UNNECESSARY PHYSICAL CONTACT / ON DUTY - NO INJURY,S117,PUSH/PULL/GRAB,CLOSED/FINAL,EXONERATED,BROWN,DAVID,003,,POLICE OFFICER,,MALE,BLACK,apr2016,,,05,0,1,1
1054831,321,WOODLAWN AVE,6611,RESIDENCE PORCH/HALLWAY,16jun2012 23:29:59,16jun2012 23:29:59,17jun2012,IVAR,MONDRAGON,16929,003,,27aug2007,POLICE OFFICER,05M,UNNECESSARY PHYSICAL CONTACT / ON DUTY - NO INJURY,S117,PUSH/PULL/GRAB,CLOSED/FINAL,NOT SUSTAINED,BROWN,DAVID,003,,POLICE OFFICER,,MALE,BLACK,apr2016,,,05,0,0,1
1054831,321,WOODLAWN AVE,6611,RESIDENCE PORCH/HALLWAY,16jun2012 23:29:59,16jun2012 23:29:59,17jun2012,IVAR,MONDRAGON,16929,003,,27aug2007,POLICE OFFICER,05M,UNNECESSARY PHYSICAL CONTACT / ON DUTY - NO INJURY,S117,PUSH/PULL/GRAB,CLOSED/FINAL,NOT SUSTAINED,POSEY,ANTOINE,,,UNKNOWN,33,MALE,BLACK,apr2016,,,05,0,0,1
1054831,321,WOODLAWN AVE,6611,RESIDENCE PORCH/HALLWAY,16jun2012 23:29:59,16jun2012 23:29:59,17jun2012,,,,,,,,05M,UNNECESSARY PHYSICAL CONTACT / ON DUTY - NO INJURY,S117,PUSH/PULL/GRAB,CLOSED/FINAL,EXONERATED,POSEY,ANTOINE,,,UNKNOWN,33,MALE,BLACK,apr2016,,,05,0,0,1
