COMPLAINT_NUMBER,BEAT,STREET,ADDRESS,LOCATION_CODE,INCIDENT_TIME_START,INCIDENT_TIME_END,NOTIFICATION_DATE,ACCSUEDOFFICER_FNAME,ACCUSEDOFFICER_LNAME,ACCUSED_STAR,ACCUSED_UNIT,ACCUSED_DETAIL,ACCUSED_APPOINTMENT_DATE,ACCUSED_POSITION,INITIAL_CATEGORY_CODE,INITIAL_CATEGORY,CURRENT_CATEGORY_CODE,CURRENT_CATEGORY,CURRENT_STATUS,FINDING_CODE,INVOLVED_OFFICER_LNAME,INVOLVED_OFFICER_FNAME,INVOLVED_OFFICER_UNIT,INVOLVED_OFFICER_DETAIL,INVOLVED_OFFICER_POSITION,INVOLVED_OFFICER_AGE,INVOLVED_OFFICER_SEX,INVOLVED_OFFICER_RACE,foia,INVOLVED_OFFICER_DESCRIPTION,INVOLVED_OFFICER_TYPE,start_code_2,start_code_1,rec,sum_rec
1059456,323,PRAIRIE AVE,7116,RESIDENCE,07jan2013 09:00:00,07jan2013 09:00:00,11jan2013,,PAPAIOANNOU,1686,018,,21jun1999,SERGEANT OF POLICE,S008,TAKE DOWN (THROWN TO GROUND),05A,EXCESSIVE FORCE / ON DUTY - INJURY,CLOSED/FINAL,UNFOUNDED,MCDONALD,SADE,,,,23,FEMALE,BLACK,apr2016,,,S0,S,0,1
1059456,323,PRAIRIE AVE,7116,RESIDENCE,07jan2013 09:00:00,07jan2013 09:00:00,11jan2013,,SCHNIER,1273,189,,30nov1998,SERGEANT OF POLICE,S008,TAKE DOWN (THROWN TO GROUND),05A,EXCESSIVE FORCE / ON DUTY - INJURY,CLOSED/FINAL,NOT SUSTAINED,GUETTLER,JOHN,014,,POLICE OFFICER,,MALE,WHITE,apr2016,,,S0,S,0,1
1059456,323,PRAIRIE AVE,7116,RESIDENCE,07jan2013 09:00:00,07jan2013 09:00:00,11jan2013,,PAPAIOANNOU,1686,018,,21jun1999,SERGEANT OF POLICE,S008,TAKE DOWN (THROWN TO GROUND),05A,EXCESSIVE FORCE / ON DUTY - INJURY,CLOSED/FINAL,NOT SUSTAINED,HAMPTON,OLAJUWAN,,,UNKNOWN,23,MALE,BLACK,apr2016,,,S0,S,0,1
1059456,323,PRAIRIE AVE,7116,RESIDENCE,07jan2013 09:00:00,07jan2013 09:00:00,11jan2013,,,,,,,,S008,TAKE DOWN (THROWN TO GROUND),05A,EXCESSIVE FORCE / ON DUTY - INJURY,CLOSED/FINAL,UNFOUNDED,ALVAREZ,RICHARD,007,,SERGEANT OF POLICE,,MALE,SPANISH (DO NOT USE),apr2016,,,S0,S,0,1
1059456,323,PRAIRIE AVE,7116,RESIDENCE,07jan2013 09:00:00,07jan2013 09:00:00,11jan2013,,SCHNIER,1273,189,,30nov1998,SERGEANT OF POLICE,S008,TAKE DOWN (THROWN TO GROUND),05A,EXCESSIVE FORCE / ON DUTY - INJURY,CLOSED/FINAL,UNFOUNDED,GUETTLER,JOHN,014,,POLICE OFFICER,,MALE,WHITE,apr2016,,,S0,S,0,1
1059456,323,PRAIRIE AVE,7116,RESIDENCE,07jan2013 09:00:00,07jan2013 09:00:00,11jan2013,,PAPAIOANNOU,1686,018,,21jun1999,SERGEANT OF POLICE,S008,TAKE DOWN (THROWN TO GROUND),05A,EXCESSIVE FORCE / ON DUTY - INJURY,CLOSED/FINAL,NOT SUSTAINED,MCDONALD,SADE,,,,23,FEMALE,BLACK,apr2016,,,S0,S,0,1
1059456,323,PRAIRIE AVE,7116,RESIDENCE,07jan2013 09:00:00,07jan2013 09:00:00,11jan2013,,,,,,,,S008,TAKE DOWN (THROWN TO GROUND),05A,EXCESSIVE FORCE / ON DUTY - INJURY,CLOSED/FINAL,UNFOUNDED,DOHERTY,BRIAN,011,211,POLICE OFFICER,,MALE,SPANISH (DO NOT USE),apr2016,,,S0,S,0,1
1059456,323,PRAIRIE AVE,7116,RESIDENCE,07jan2013 09:00:00,07jan2013 09:00:00,11jan2013,,,,,,,,S008,TAKE DOWN (THROWN TO GROUND),05A,EXCESSIVE FORCE / ON DUTY - INJURY,CLOSED/FINAL,UNFOUNDED,HAMPTON,OLAJUWAN,,,UNKNOWN,23,MALE,BLACK,apr2016,,,S0,S,0,1
1059456,323,PRAIRIE AVE,7116,RESIDENCE,07jan2013 09:00:00,07jan2013 09:00:00,11jan2013,,COLEMAN,13056,006,211,31oct2005,POLICE OFFICER,S008,TAKE DOWN (THROWN TO GROUND),05A,EXCESSIVE FORCE / ON DUTY - INJURY,CLOSED/FINAL,EXONERATED,ALVAREZ,RICHARD,007,,SERGEANT OF POLICE,,MALE,SPANISH (DO NOT USE),apr2016,,,S0,S,0,1
1059456,323,PRAIRIE AVE,7116,RESIDENCE,07jan2013 09:00:00,07jan2013 09:00:00,11jan2013,,PAPAIOANNOU,1686,018,,21jun1999,SERGEANT OF POLICE,S008,TAKE DOWN (THROWN TO GROUND),05A,EXCESSIVE FORCE / ON DUTY - INJURY,CLOSED/FINAL,NOT SUSTAINED,PANAGIOTOPOULOS,ANGELO,018,211,POLICE OFFICER,,MALE,WHITE,apr2016,,,S0,S,0,1
1059456,323,PRAIRIE AVE,7116,RESIDENCE,07jan2013 09:00:00,07jan2013 09:00:00,11jan2013,,,,,,,,S008,TAKE DOWN (THROWN TO GROUND),05A,EXCESSIVE FORCE / ON DUTY - INJURY,CLOSED/FINAL,NOT SUSTAINED,ALVAREZ,RICHARD,007,,SERGEANT OF POLICE,,MALE,SPANISH (DO NOT USE),apr2016,,,S0,S,0,1
1059456,323,PRAIRIE AVE,7116,RESIDENCE,07jan2013 09:00:00,07jan2013 09:00:00,11jan2013,,SCHNIER,1273,189,,30nov1998,SERGEANT OF POLICE,S008,TAKE DOWN (THROWN TO GROUND),05A,EXCESSIVE FORCE / ON DUTY - INJURY,CLOSED/FINAL,UNFOUNDED,ALVAREZ,RICHARD,007,,SERGEANT OF POLICE,,MALE,SPANISH (DO NOT USE),apr2016,,,S0,S,0,1
1059456,323,PRAIRIE AVE,7116,RESIDENCE,07jan2013 09:00:00,07jan2013 09:00:00,11jan2013,,PAPAIOANNOU,1686,018,,21jun1999,SERGEANT OF POLICE,S008,TAKE DOWN (THROWN TO GROUND),05A,EXCESSIVE FORCE / ON DUTY - INJURY,CLOSED/FINAL,NOT SUSTAINED,DOHERTY,BRIAN,011,211,POLICE OFFICER,,MALE,SPANISH (DO NOT USE),apr2016,,,S0,S,0,1
1059456,323,PRAIRIE AVE,7116,RESIDENCE,07jan2013 09:00:00,07jan2013 09:00:00,11jan2013,,,,,,,,S008,TAKE DOWN (THROWN TO GROUND),05A,EXCESSIVE FORCE / ON DUTY - INJURY,CLOSED/FINAL,NOT SUSTAINED,HAMPTON,OLAJUWAN,,,UNKNOWN,23,MALE,BLACK,apr2016,,,S0,S,0,1
1059456,323,PRAIRIE AVE,7116,RESIDENCE,07jan2013 09:00:00,07jan2013 09:00:00,11jan2013,,,,,,,,S008,TAKE DOWN (THROWN TO GROUND),05A,EXCESSIVE FORCE / ON DUTY - INJURY,CLOSED/FINAL,UNFOUNDED,PANAGIOTOPOULOS,ANGELO,018,211,POLICE OFFICER,,MALE,WHITE,apr2016,,,S0,S,0,1
1059456,323,PRAIRIE AVE,7116,RESIDENCE,07jan2013 09:00:00,07jan2013 09:00:00,11jan2013,,PAPAIOANNOU,1686,018,,21jun1999,SERGEANT OF POLICE,S008,TAKE DOWN (THROWN TO GROUND),05A,EXCESSIVE FORCE / ON DUTY - INJURY,CLOSED/FINAL,UNFOUNDED,ALVAREZ,RICHARD,007,,SERGEANT OF POLICE,,MALE,SPANISH (DO NOT USE),apr2016,,,S0,S,0,1
1059456,323,PRAIRIE AVE,7116,RESIDENCE,07jan2013 09:00:00,07jan2013 09:00:00,11jan2013,,COLEMAN,13056,006,211,31oct2005,POLICE OFFICER,S008,TAKE DOWN (THROWN TO GROUND),05A,EXCESSIVE FORCE / ON DUTY - INJURY,CLOSED/FINAL,NOT SUSTAINED,PANAGIOTOPOULOS,ANGELO,018,211,POLICE OFFICER,,MALE,WHITE,apr2016,,,S0,S,0,1
1059456,323,PRAIRIE AVE,7116,RESIDENCE,07jan2013 09:00:00,07jan2013 09:00:00,11jan2013,,COLEMAN,13056,006,211,31oct2005,POLICE OFFICER,S008,TAKE DOWN (THROWN TO GROUND),05A,EXCESSIVE FORCE / ON DUTY - INJURY,CLOSED/FINAL,EXONERATED,PANAGIOTOPOULOS,ANGELO,018,211,POLICE OFFICER,,MALE,WHITE,apr2016,,,S0,S,0,1
1059456,323,PRAIRIE AVE,7116,RESIDENCE,07jan2013 09:00:00,07jan2013 09:00:00,11jan2013,,PAPAIOANNOU,1686,018,,21jun1999,SERGEANT OF POLICE,S008,TAKE DOWN (THROWN TO GROUND),05A,EXCESSIVE FORCE / ON DUTY - INJURY,CLOSED/FINAL,UNFOUNDED,GUETTLER,JOHN,014,,POLICE OFFICER,,MALE,WHITE,apr2016,,,S0,S,0,1
1059456,323,PRAIRIE AVE,7116,RESIDENCE,07jan2013 09:00:00,07jan2013 09:00:00,11jan2013,,PAPAIOANNOU,1686,018,,21jun1999,SERGEANT OF POLICE,S008,TAKE DOWN (THROWN TO GROUND),05A,EXCESSIVE FORCE / ON DUTY - INJURY,CLOSED/FINAL,UNFOUNDED,PANAGIOTOPOULOS,ANGELO,018,211,POLICE OFFICER,,MALE,WHITE,apr2016,,,S0,S,0,1
1059456,323,PRAIRIE AVE,7116,RESIDENCE,07jan2013 09:00:00,07jan2013 09:00:00,11jan2013,,PAPAIOANNOU,1686,018,,21jun1999,SERGEANT OF POLICE,S008,TAKE DOWN (THROWN TO GROUND),05A,EXCESSIVE FORCE / ON DUTY - INJURY,CLOSED/FINAL,NOT SUSTAINED,ALVAREZ,RICHARD,007,,SERGEANT OF POLICE,,MALE,SPANISH (DO NOT USE),apr2016,,,S0,S,0,1
1059456,323,PRAIRIE AVE,7116,RESIDENCE,07jan2013 09:00:00,07jan2013 09:00:00,11jan2013,,SCHNIER,1273,189,,30nov1998,SERGEANT OF POLICE,S008,TAKE DOWN (THROWN TO GROUND),05A,EXCESSIVE FORCE / ON DUTY - INJURY,CLOSED/FINAL,NOT SUSTAINED,ALVAREZ,RICHARD,007,,SERGEANT OF POLICE,,MALE,SPANISH (DO NOT USE),apr2016,,,S0,S,0,1
1059456,323,PRAIRIE AVE,7116,RESIDENCE,07jan2013 09:00:00,07jan2013 09:00:00,11jan2013,,,,,,,,S008,TAKE DOWN (THROWN TO GROUND),05A,EXCESSIVE FORCE / ON DUTY - INJURY,CLOSED/FINAL,NOT SUSTAINED,PANAGIOTOPOULOS,ANGELO,018,211,POLICE OFFICER,,MALE,WHITE,apr2016,,,S0,S,0,1
1059456,323,PRAIRIE AVE,7116,RESIDENCE,07jan2013 09:00:00,07jan2013 09:00:00,11jan2013,,COLEMAN,13056,006,211,31oct2005,POLICE OFFICER,S008,TAKE DOWN (THROWN TO GROUND),05A,EXCESSIVE FORCE / ON DUTY - INJURY,CLOSED/FINAL,NOT SUSTAINED,MCDONALD,SADE,,,,23,FEMALE,BLACK,apr2016,,,S0,S,0,1
1059456,323,PRAIRIE AVE,7116,RESIDENCE,07jan2013 09:00:00,07jan2013 09:00:00,11jan2013,,PAPAIOANNOU,1686,018,,21jun1999,SERGEANT OF POLICE,S008,TAKE DOWN (THROWN TO GROUND),05A,EXCESSIVE FORCE / ON DUTY - INJURY,CLOSED/FINAL,NOT SUSTAINED,GUETTLER,JOHN,014,,POLICE OFFICER,,MALE,WHITE,apr2016,,,S0,S,0,1
1059456,323,PRAIRIE AVE,7116,RESIDENCE,07jan2013 09:00:00,07jan2013 09:00:00,11jan2013,,SCHNIER,1273,189,,30nov1998,SERGEANT OF POLICE,S008,TAKE DOWN (THROWN TO GROUND),05A,EXCESSIVE FORCE / ON DUTY - INJURY,CLOSED/FINAL,UNFOUNDED,MCDONALD,SADE,,,,23,FEMALE,BLACK,apr2016,,,S0,S,0,1
1059456,323,PRAIRIE AVE,7116,RESIDENCE,07jan2013 09:00:00,07jan2013 09:00:00,11jan2013,,SCHNIER,1273,189,,30nov1998,SERGEANT OF POLICE,S008,TAKE DOWN (THROWN TO GROUND),05A,EXCESSIVE FORCE / ON DUTY - INJURY,CLOSED/FINAL,NOT SUSTAINED,MCDONALD,SADE,,,,23,FEMALE,BLACK,apr2016,,,S0,S,0,1
1059456,323,PRAIRIE AVE,7116,RESIDENCE,07jan2013 09:00:00,07jan2013 09:00:00,11jan2013,,,,,,,,S008,TAKE DOWN (THROWN TO GROUND),05A,EXCESSIVE FORCE / ON DUTY - INJURY,CLOSED/FINAL,UNFOUNDED,MCDONALD,SADE,,,,23,FEMALE,BLACK,apr2016,,,S0,S,0,1
1059456,323,PRAIRIE AVE,7116,RESIDENCE,07jan2013 09:00:00,07jan2013 09:00:00,11jan2013,,,,,,,,S008,TAKE DOWN (THROWN TO GROUND),05A,EXCESSIVE FORCE / ON DUTY - INJURY,CLOSED/FINAL,NOT SUSTAINED,MCDONALD,SADE,,,,23,FEMALE,BLACK,apr2016,,,S0,S,0,1
1059456,323,PRAIRIE AVE,7116,RESIDENCE,07jan2013 09:00:00,07jan2013 09:00:00,11jan2013,,COLEMAN,13056,006,211,31oct2005,POLICE OFFICER,S008,TAKE DOWN (THROWN TO GROUND),05A,EXCESSIVE FORCE / ON DUTY - INJURY,CLOSED/FINAL,EXONERATED,HAMPTON,OLAJUWAN,,,UNKNOWN,23,MALE,BLACK,apr2016,,,S0,S,0,1
1059456,323,PRAIRIE AVE,7116,RESIDENCE,07jan2013 09:00:00,07jan2013 09:00:00,11jan2013,,COLEMAN,13056,006,211,31oct2005,POLICE OFFICER,S008,TAKE DOWN (THROWN TO GROUND),05A,EXCESSIVE FORCE / ON DUTY - INJURY,CLOSED/FINAL,EXONERATED,DOHERTY,BRIAN,011,211,POLICE OFFICER,,MALE,SPANISH (DO NOT USE),apr2016,,,S0,S,0,1
1059456,323,PRAIRIE AVE,7116,RESIDENCE,07jan2013 09:00:00,07jan2013 09:00:00,11jan2013,,PAPAIOANNOU,1686,018,,21jun1999,SERGEANT OF POLICE,S008,TAKE DOWN (THROWN TO GROUND),05A,EXCESSIVE FORCE / ON DUTY - INJURY,CLOSED/FINAL,UNFOUNDED,HAMPTON,OLAJUWAN,,,UNKNOWN,23,MALE,BLACK,apr2016,,,S0,S,0,1
1059456,323,PRAIRIE AVE,7116,RESIDENCE,07jan2013 09:00:00,07jan2013 09:00:00,11jan2013,,PAPAIOANNOU,1686,018,,21jun1999,SERGEANT OF POLICE,S008,TAKE DOWN (THROWN TO GROUND),05A,EXCESSIVE FORCE / ON DUTY - INJURY,CLOSED/FINAL,UNFOUNDED,DOHERTY,BRIAN,011,211,POLICE OFFICER,,MALE,SPANISH (DO NOT USE),apr2016,,,S0,S,0,1
1059456,323,PRAIRIE AVE,7116,RESIDENCE,07jan2013 09:00:00,07jan2013 09:00:00,11jan2013,,COLEMAN,13056,006,211,31oct2005,POLICE OFFICER,S008,TAKE DOWN (THROWN TO GROUND),05A,EXCESSIVE FORCE / ON DUTY - INJURY,CLOSED/FINAL,NOT SUSTAINED,HAMPTON,OLAJUWAN,,,UNKNOWN,23,MALE,BLACK,apr2016,,,S0,S,0,1
1059456,323,PRAIRIE AVE,7116,RESIDENCE,07jan2013 09:00:00,07jan2013 09:00:00,11jan2013,,COLEMAN,13056,006,211,31oct2005,POLICE OFFICER,S008,TAKE DOWN (THROWN TO GROUND),05A,EXCESSIVE FORCE / ON DUTY - INJURY,CLOSED/FINAL,NOT SUSTAINED,DOHERTY,BRIAN,011,211,POLICE OFFICER,,MALE,SPANISH (DO NOT USE),apr2016,,,S0,S,0,1
1059456,323,PRAIRIE AVE,7116,RESIDENCE,07jan2013 09:00:00,07jan2013 09:00:00,11jan2013,,,,,,,,S008,TAKE DOWN (THROWN TO GROUND),05A,EXCESSIVE FORCE / ON DUTY - INJURY,CLOSED/FINAL,UNFOUNDED,GUETTLER,JOHN,014,,POLICE OFFICER,,MALE,WHITE,apr2016,,,S0,S,0,1
1059456,323,PRAIRIE AVE,7116,RESIDENCE,07jan2013 09:00:00,07jan2013 09:00:00,11jan2013,,SCHNIER,1273,189,,30nov1998,SERGEANT OF POLICE,S008,TAKE DOWN (THROWN TO GROUND),05A,EXCESSIVE FORCE / ON DUTY - INJURY,CLOSED/FINAL,NOT SUSTAINED,PANAGIOTOPOULOS,ANGELO,018,211,POLICE OFFICER,,MALE,WHITE,apr2016,,,S0,S,0,1
1059456,323,PRAIRIE AVE,7116,RESIDENCE,07jan2013 09:00:00,07jan2013 09:00:00,11jan2013,,SCHNIER,1273,189,,30nov1998,SERGEANT OF POLICE,S008,TAKE DOWN (THROWN TO GROUND),05A,EXCESSIVE FORCE / ON DUTY - INJURY,CLOSED/FINAL,UNFOUNDED,PANAGIOTOPOULOS,ANGELO,018,211,POLICE OFFICER,,MALE,WHITE,apr2016,,,S0,S,0,1
1059456,323,PRAIRIE AVE,7116,RESIDENCE,07jan2013 09:00:00,07jan2013 09:00:00,11jan2013,,COLEMAN,13056,006,211,31oct2005,POLICE OFFICER,S008,TAKE DOWN (THROWN TO GROUND),05A,EXCESSIVE FORCE / ON DUTY - INJURY,CLOSED/FINAL,EXONERATED,GUETTLER,JOHN,014,,POLICE OFFICER,,MALE,WHITE,apr2016,,,S0,S,0,1
1059456,323,PRAIRIE AVE,7116,RESIDENCE,07jan2013 09:00:00,07jan2013 09:00:00,11jan2013,,,,,,,,S008,TAKE DOWN (THROWN TO GROUND),05A,EXCESSIVE FORCE / ON DUTY - INJURY,CLOSED/FINAL,NOT SUSTAINED,GUETTLER,JOHN,014,,POLICE OFFICER,,MALE,WHITE,apr2016,,,S0,S,0,1
1059456,323,PRAIRIE AVE,7116,RESIDENCE,07jan2013 09:00:00,07jan2013 09:00:00,11jan2013,,SCHNIER,1273,189,,30nov1998,SERGEANT OF POLICE,S008,TAKE DOWN (THROWN TO GROUND),05A,EXCESSIVE FORCE / ON DUTY - INJURY,CLOSED/FINAL,UNFOUNDED,HAMPTON,OLAJUWAN,,,UNKNOWN,23,MALE,BLACK,apr2016,,,S0,S,0,1
1059456,323,PRAIRIE AVE,7116,RESIDENCE,07jan2013 09:00:00,07jan2013 09:00:00,11jan2013,,,,,,,,S008,TAKE DOWN (THROWN TO GROUND),05A,EXCESSIVE FORCE / ON DUTY - INJURY,CLOSED/FINAL,NOT SUSTAINED,DOHERTY,BRIAN,011,211,POLICE OFFICER,,MALE,SPANISH (DO NOT USE),apr2016,,,S0,S,0,1
1059456,323,PRAIRIE AVE,7116,RESIDENCE,07jan2013 09:00:00,07jan2013 09:00:00,11jan2013,,COLEMAN,13056,006,211,31oct2005,POLICE OFFICER,S008,TAKE DOWN (THROWN TO GROUND),05A,EXCESSIVE FORCE / ON DUTY - INJURY,CLOSED/FINAL,NOT SUSTAINED,GUETTLER,JOHN,014,,POLICE OFFICER,,MALE,WHITE,apr2016,,,S0,S,0,1
1059456,323,PRAIRIE AVE,7116,RESIDENCE,07jan2013 09:00:00,07jan2013 09:00:00,11jan2013,,SCHNIER,1273,189,,30nov1998,SERGEANT OF POLICE,S008,TAKE DOWN (THROWN TO GROUND),05A,EXCESSIVE FORCE / ON DUTY - INJURY,CLOSED/FINAL,UNFOUNDED,DOHERTY,BRIAN,011,211,POLICE OFFICER,,MALE,SPANISH (DO NOT USE),apr2016,,,S0,S,0,1
1059456,323,PRAIRIE AVE,7116,RESIDENCE,07jan2013 09:00:00,07jan2013 09:00:00,11jan2013,,COLEMAN,13056,006,211,31oct2005,POLICE OFFICER,S008,TAKE DOWN (THROWN TO GROUND),05A,EXCESSIVE FORCE / ON DUTY - INJURY,CLOSED/FINAL,EXONERATED,MCDONALD,SADE,,,,23,FEMALE,BLACK,apr2016,,,S0,S,0,1
1059456,323,PRAIRIE AVE,7116,RESIDENCE,07jan2013 09:00:00,07jan2013 09:00:00,11jan2013,,SCHNIER,1273,189,,30nov1998,SERGEANT OF POLICE,S008,TAKE DOWN (THROWN TO GROUND),05A,EXCESSIVE FORCE / ON DUTY - INJURY,CLOSED/FINAL,NOT SUSTAINED,HAMPTON,OLAJUWAN,,,UNKNOWN,23,MALE,BLACK,apr2016,,,S0,S,0,1
1059456,323,PRAIRIE AVE,7116,RESIDENCE,07jan2013 09:00:00,07jan2013 09:00:00,11jan2013,,COLEMAN,13056,006,211,31oct2005,POLICE OFFICER,S008,TAKE DOWN (THROWN TO GROUND),05A,EXCESSIVE FORCE / ON DUTY - INJURY,CLOSED/FINAL,NOT SUSTAINED,ALVAREZ,RICHARD,007,,SERGEANT OF POLICE,,MALE,SPANISH (DO NOT USE),apr2016,,,S0,S,0,1
1059456,323,PRAIRIE AVE,7116,RESIDENCE,07jan2013 09:00:00,07jan2013 09:00:00,11jan2013,,SCHNIER,1273,189,,30nov1998,SERGEANT OF POLICE,S008,TAKE DOWN (THROWN TO GROUND),05A,EXCESSIVE FORCE / ON DUTY - INJURY,CLOSED/FINAL,NOT SUSTAINED,DOHERTY,BRIAN,011,211,POLICE OFFICER,,MALE,SPANISH (DO NOT USE),apr2016,,,S0,S,0,1
