COMPLAINT_NUMBER,BEAT,STREET,ADDRESS,LOCATION_CODE,INCIDENT_TIME_START,INCIDENT_TIME_END,NOTIFICATION_DATE,ACCSUEDOFFICER_FNAME,ACCUSEDOFFICER_LNAME,ACCUSED_STAR,ACCUSED_UNIT,ACCUSED_DETAIL,ACCUSED_APPOINTMENT_DATE,ACCUSED_POSITION,INITIAL_CATEGORY_CODE,INITIAL_CATEGORY,CURRENT_CATEGORY_CODE,CURRENT_CATEGORY,CURRENT_STATUS,FINDING_CODE,INVOLVED_OFFICER_LNAME,INVOLVED_OFFICER_FNAME,INVOLVED_OFFICER_UNIT,INVOLVED_OFFICER_DETAIL,INVOLVED_OFFICER_POSITION,INVOLVED_OFFICER_AGE,INVOLVED_OFFICER_SEX,INVOLVED_OFFICER_RACE,foia,INVOLVED_OFFICER_DESCRIPTION,INVOLVED_OFFICER_TYPE,start_code_2,start_code_1,rec,sum_rec
1057465,2433,SHERIDAN RD,6033,RESTAURANT,,,01oct2012,LOENDRI,RODRIGUEZ,19440,019,,23oct1995,POLICE OFFICER,S110,NO INJURY,05N,UNNECESSARY PHYSICAL CONTACT / OFF DUTY - NO INJURY,CLOSED/FINAL,UNFOUNDED,"GARCIA JR, ",EARNEST,,,UNKNOWN,7,MALE,WHITE HISPANIC,apr2016,,,S1,S,0,1
1057465,2433,SHERIDAN RD,6033,RESTAURANT,,,01oct2012,LOENDRI,RODRIGUEZ,19440,019,,23oct1995,POLICE OFFICER,S110,NO INJURY,05N,UNNECESSARY PHYSICAL CONTACT / OFF DUTY - NO INJURY,CLOSED/FINAL,UNFOUNDED,GARCIA,EARNEST,,,UNKNOWN,,MALE,WHITE HISPANIC,apr2016,,,S1,S,0,1
1057465,2433,SHERIDAN RD,6033,RESTAURANT,,,01oct2012,LOENDRI,RODRIGUEZ,19440,019,,23oct1995,POLICE OFFICER,S110,NO INJURY,05N,UNNECESSARY PHYSICAL CONTACT / OFF DUTY - NO INJURY,CLOSED/FINAL,UNFOUNDED,GARCIA ,EARNEST,,,UNKNOWN,44,MALE,WHITE HISPANIC,apr2016,,,S1,S,0,1
1057465,2433,SHERIDAN RD,6033,RESTAURANT,,,01oct2012,LOENDRI,RODRIGUEZ,19440,019,,23oct1995,POLICE OFFICER,S110,NO INJURY,05N,UNNECESSARY PHYSICAL CONTACT / OFF DUTY - NO INJURY,CLOSED/FINAL,UNFOUNDED,GARCIA,ADRIAN,,,,5,MALE,WHITE HISPANIC,apr2016,,,S1,S,0,1
