COMPLAINT_NUMBER,BEAT,STREET,ADDRESS,LOCATION_CODE,INCIDENT_TIME_START,INCIDENT_TIME_END,NOTIFICATION_DATE,ACCSUEDOFFICER_FNAME,ACCUSEDOFFICER_LNAME,ACCUSED_STAR,ACCUSED_UNIT,ACCUSED_DETAIL,ACCUSED_APPOINTMENT_DATE,ACCUSED_POSITION,INITIAL_CATEGORY_CODE,INITIAL_CATEGORY,CURRENT_CATEGORY_CODE,CURRENT_CATEGORY,CURRENT_STATUS,FINDING_CODE,INVOLVED_OFFICER_LNAME,INVOLVED_OFFICER_FNAME,INVOLVED_OFFICER_UNIT,INVOLVED_OFFICER_DETAIL,INVOLVED_OFFICER_POSITION,INVOLVED_OFFICER_AGE,INVOLVED_OFFICER_SEX,INVOLVED_OFFICER_RACE,foia,INVOLVED_OFFICER_DESCRIPTION,INVOLVED_OFFICER_TYPE,start_code_2,start_code_1,rec,sum_rec
1058556,2535,CENTRAL PARK AVE,1600,GAS STATION,21nov2012 19:20:00,21nov2012 19:20:00,21nov2012,,,,,,,,05P,UNNECESSARY DISPLAY OF WEAPON / ON DUTY,05P,UNNECESSARY DISPLAY OF WEAPON / ON DUTY,CLOSED/FINAL,NOT SUSTAINED,CASSIDY,MONTY,014,,POLICE OFFICER,,MALE,ASIAN/PACIFIC ISLANDER,apr2016,,,05,0,0,1
1058556,2535,CENTRAL PARK AVE,1600,GAS STATION,21nov2012 19:20:00,21nov2012 19:20:00,21nov2012,REGINALD,RANDLE,16624,014,,16mar1998,POLICE OFFICER,05P,UNNECESSARY DISPLAY OF WEAPON / ON DUTY,05P,UNNECESSARY DISPLAY OF WEAPON / ON DUTY,CLOSED/FINAL,NOT SUSTAINED,PENNY,MICHAEL,,,UNKNOWN,27,MALE,BLACK,apr2016,,,05,0,0,1
1058556,2535,CENTRAL PARK AVE,1600,GAS STATION,21nov2012 19:20:00,21nov2012 19:20:00,21nov2012,REGINALD,RANDLE,16624,014,,16mar1998,POLICE OFFICER,05P,UNNECESSARY DISPLAY OF WEAPON / ON DUTY,05P,UNNECESSARY DISPLAY OF WEAPON / ON DUTY,CLOSED/FINAL,NOT SUSTAINED,PENNY,MICHAEL,,,UNKNOWN,26,MALE,BLACK,apr2016,,,05,0,0,1
1058556,2535,CENTRAL PARK AVE,1600,GAS STATION,21nov2012 19:20:00,21nov2012 19:20:00,21nov2012,REGINALD,RANDLE,16624,014,,16mar1998,POLICE OFFICER,05P,UNNECESSARY DISPLAY OF WEAPON / ON DUTY,05P,UNNECESSARY DISPLAY OF WEAPON / ON DUTY,CLOSED/FINAL,NOT SUSTAINED,CASSIDY,MONTY,014,,POLICE OFFICER,,MALE,ASIAN/PACIFIC ISLANDER,apr2016,,,05,0,0,1
1058556,2535,CENTRAL PARK AVE,1600,GAS STATION,21nov2012 19:20:00,21nov2012 19:20:00,21nov2012,REGINALD,RANDLE,16624,014,,16mar1998,POLICE OFFICER,05P,UNNECESSARY DISPLAY OF WEAPON / ON DUTY,05P,UNNECESSARY DISPLAY OF WEAPON / ON DUTY,CLOSED/FINAL,UNFOUNDED,PENNY,MICHAEL,,,UNKNOWN,26,MALE,BLACK,apr2016,,,05,0,0,1
1058556,2535,CENTRAL PARK AVE,1600,GAS STATION,21nov2012 19:20:00,21nov2012 19:20:00,21nov2012,REGINALD,RANDLE,16624,014,,16mar1998,POLICE OFFICER,05P,UNNECESSARY DISPLAY OF WEAPON / ON DUTY,05P,UNNECESSARY DISPLAY OF WEAPON / ON DUTY,CLOSED/FINAL,UNFOUNDED,PENNY,MICHAEL,,,UNKNOWN,27,MALE,BLACK,apr2016,,,05,0,0,1
1058556,2535,CENTRAL PARK AVE,1600,GAS STATION,21nov2012 19:20:00,21nov2012 19:20:00,21nov2012,,,,,,,,05P,UNNECESSARY DISPLAY OF WEAPON / ON DUTY,05P,UNNECESSARY DISPLAY OF WEAPON / ON DUTY,CLOSED/FINAL,UNFOUNDED,PENNY,MICHAEL,,,UNKNOWN,27,MALE,BLACK,apr2016,,,05,0,0,1
1058556,2535,CENTRAL PARK AVE,1600,GAS STATION,21nov2012 19:20:00,21nov2012 19:20:00,21nov2012,REGINALD,RANDLE,16624,014,,16mar1998,POLICE OFFICER,05P,UNNECESSARY DISPLAY OF WEAPON / ON DUTY,05P,UNNECESSARY DISPLAY OF WEAPON / ON DUTY,CLOSED/FINAL,UNFOUNDED,CASSIDY,MONTY,014,,POLICE OFFICER,,MALE,ASIAN/PACIFIC ISLANDER,apr2016,,,05,0,0,1
1058556,2535,CENTRAL PARK AVE,1600,GAS STATION,21nov2012 19:20:00,21nov2012 19:20:00,21nov2012,,,,,,,,05P,UNNECESSARY DISPLAY OF WEAPON / ON DUTY,05P,UNNECESSARY DISPLAY OF WEAPON / ON DUTY,CLOSED/FINAL,UNFOUNDED,CASSIDY,MONTY,014,,POLICE OFFICER,,MALE,ASIAN/PACIFIC ISLANDER,apr2016,,,05,0,0,1
1058556,2535,CENTRAL PARK AVE,1600,GAS STATION,21nov2012 19:20:00,21nov2012 19:20:00,21nov2012,,,,,,,,05P,UNNECESSARY DISPLAY OF WEAPON / ON DUTY,05P,UNNECESSARY DISPLAY OF WEAPON / ON DUTY,CLOSED/FINAL,NOT SUSTAINED,PENNY,MICHAEL,,,UNKNOWN,26,MALE,BLACK,apr2016,,,05,0,0,1
1058556,2535,CENTRAL PARK AVE,1600,GAS STATION,21nov2012 19:20:00,21nov2012 19:20:00,21nov2012,,,,,,,,05P,UNNECESSARY DISPLAY OF WEAPON / ON DUTY,05P,UNNECESSARY DISPLAY OF WEAPON / ON DUTY,CLOSED/FINAL,NOT SUSTAINED,PENNY,MICHAEL,,,UNKNOWN,27,MALE,BLACK,apr2016,,,05,0,0,1
1058556,2535,CENTRAL PARK AVE,1600,GAS STATION,21nov2012 19:20:00,21nov2012 19:20:00,21nov2012,,,,,,,,05P,UNNECESSARY DISPLAY OF WEAPON / ON DUTY,05P,UNNECESSARY DISPLAY OF WEAPON / ON DUTY,CLOSED/FINAL,UNFOUNDED,PENNY,MICHAEL,,,UNKNOWN,26,MALE,BLACK,apr2016,,,05,0,0,1
