COMPLAINT_NUMBER,BEAT,STREET,ADDRESS,LOCATION_CODE,INCIDENT_TIME_START,INCIDENT_TIME_END,NOTIFICATION_DATE,ACCSUEDOFFICER_FNAME,ACCUSEDOFFICER_LNAME,ACCUSED_STAR,ACCUSED_UNIT,ACCUSED_DETAIL,ACCUSED_APPOINTMENT_DATE,ACCUSED_POSITION,INITIAL_CATEGORY_CODE,INITIAL_CATEGORY,CURRENT_CATEGORY_CODE,CURRENT_CATEGORY,CURRENT_STATUS,FINDING_CODE,INVOLVED_OFFICER_LNAME,INVOLVED_OFFICER_FNAME,INVOLVED_OFFICER_UNIT,INVOLVED_OFFICER_DETAIL,INVOLVED_OFFICER_POSITION,INVOLVED_OFFICER_AGE,INVOLVED_OFFICER_SEX,INVOLVED_OFFICER_RACE,foia,INVOLVED_OFFICER_DESCRIPTION,INVOLVED_OFFICER_TYPE,start_code_2,start_code_1,rec,sum_rec
1061968,935,UNION AVE,4747,"SCHOOL, PUBLIC, BUILDING",01may2013 11:29:59,01may2013 11:29:59,03may2013,,BAILEY,4268,009,,05dec1988,POLICE OFFICER,S121,HANDCUFF TOO TIGHT,05A,EXCESSIVE FORCE / ON DUTY - INJURY,CLOSED/FINAL,EXONERATED,JACKSON,RONALD,,,UNKNOWN,50,MALE,BLACK,apr2016,,,S1,S,0,1
1061968,935,UNION AVE,4747,"SCHOOL, PUBLIC, BUILDING",01may2013 11:29:59,01may2013 11:29:59,03may2013,,,,,,,,S121,HANDCUFF TOO TIGHT,05A,EXCESSIVE FORCE / ON DUTY - INJURY,CLOSED/FINAL,NOT SUSTAINED,JACKSON,DONALD,,,UNKNOWN,50,MALE,BLACK,apr2016,,,S1,S,0,1
1061968,935,UNION AVE,4747,"SCHOOL, PUBLIC, BUILDING",01may2013 11:29:59,01may2013 11:29:59,03may2013,,SORAGHAN,7755,009,,05sep1995,POLICE OFFICER,S121,HANDCUFF TOO TIGHT,05A,EXCESSIVE FORCE / ON DUTY - INJURY,CLOSED/FINAL,NOT SUSTAINED,JACKSON,DONALD,,,UNKNOWN,50,MALE,BLACK,apr2016,,,S1,S,0,1
1061968,935,UNION AVE,4747,"SCHOOL, PUBLIC, BUILDING",01may2013 11:29:59,01may2013 11:29:59,03may2013,,SORAGHAN,7755,009,,05sep1995,POLICE OFFICER,S121,HANDCUFF TOO TIGHT,05A,EXCESSIVE FORCE / ON DUTY - INJURY,CLOSED/FINAL,NOT SUSTAINED,BASS,DERRICK,,,,30,MALE,BLACK,apr2016,,,S1,S,0,1
1061968,935,UNION AVE,4747,"SCHOOL, PUBLIC, BUILDING",01may2013 11:29:59,01may2013 11:29:59,03may2013,,SORAGHAN,7755,009,,05sep1995,POLICE OFFICER,S121,HANDCUFF TOO TIGHT,05A,EXCESSIVE FORCE / ON DUTY - INJURY,CLOSED/FINAL,NOT SUSTAINED,JACKSON,RONALD,,,UNKNOWN,50,MALE,BLACK,apr2016,,,S1,S,0,1
1061968,935,UNION AVE,4747,"SCHOOL, PUBLIC, BUILDING",01may2013 11:29:59,01may2013 11:29:59,03may2013,,BAILEY,4268,009,,05dec1988,POLICE OFFICER,S121,HANDCUFF TOO TIGHT,05A,EXCESSIVE FORCE / ON DUTY - INJURY,CLOSED/FINAL,EXONERATED,JACKSON,DONALD,,,UNKNOWN,50,MALE,BLACK,apr2016,,,S1,S,0,1
1061968,935,UNION AVE,4747,"SCHOOL, PUBLIC, BUILDING",01may2013 11:29:59,01may2013 11:29:59,03may2013,,BAILEY,4268,009,,05dec1988,POLICE OFFICER,S121,HANDCUFF TOO TIGHT,05A,EXCESSIVE FORCE / ON DUTY - INJURY,CLOSED/FINAL,EXONERATED,BASS,DERRICK,,,,30,MALE,BLACK,apr2016,,,S1,S,0,1
1061968,935,UNION AVE,4747,"SCHOOL, PUBLIC, BUILDING",01may2013 11:29:59,01may2013 11:29:59,03may2013,,SORAGHAN,7755,009,,05sep1995,POLICE OFFICER,S121,HANDCUFF TOO TIGHT,05A,EXCESSIVE FORCE / ON DUTY - INJURY,CLOSED/FINAL,NOT SUSTAINED,HEDRICK,CLARENCE,,,,53,MALE,BLACK,apr2016,,,S1,S,0,1
1061968,935,UNION AVE,4747,"SCHOOL, PUBLIC, BUILDING",01may2013 11:29:59,01may2013 11:29:59,03may2013,,BAILEY,4268,009,,05dec1988,POLICE OFFICER,S121,HANDCUFF TOO TIGHT,05A,EXCESSIVE FORCE / ON DUTY - INJURY,CLOSED/FINAL,EXONERATED,HEDRICK,CLARENCE,,,,53,MALE,BLACK,apr2016,,,S1,S,0,1
1061968,935,UNION AVE,4747,"SCHOOL, PUBLIC, BUILDING",01may2013 11:29:59,01may2013 11:29:59,03may2013,,,,,,,,S121,HANDCUFF TOO TIGHT,05A,EXCESSIVE FORCE / ON DUTY - INJURY,CLOSED/FINAL,NOT SUSTAINED,HEDRICK,CLARENCE,,,,53,MALE,BLACK,apr2016,,,S1,S,0,1
1061968,935,UNION AVE,4747,"SCHOOL, PUBLIC, BUILDING",01may2013 11:29:59,01may2013 11:29:59,03may2013,,,,,,,,S121,HANDCUFF TOO TIGHT,05A,EXCESSIVE FORCE / ON DUTY - INJURY,CLOSED/FINAL,NOT SUSTAINED,SWINNEY,MAURICE,,,,34,MALE,BLACK,apr2016,,,S1,S,0,1
1061968,935,UNION AVE,4747,"SCHOOL, PUBLIC, BUILDING",01may2013 11:29:59,01may2013 11:29:59,03may2013,,BAILEY,4268,009,,05dec1988,POLICE OFFICER,S121,HANDCUFF TOO TIGHT,05A,EXCESSIVE FORCE / ON DUTY - INJURY,CLOSED/FINAL,EXONERATED,SWINNEY,MAURICE,,,,34,MALE,BLACK,apr2016,,,S1,S,0,1
1061968,935,UNION AVE,4747,"SCHOOL, PUBLIC, BUILDING",01may2013 11:29:59,01may2013 11:29:59,03may2013,,,,,,,,S121,HANDCUFF TOO TIGHT,05A,EXCESSIVE FORCE / ON DUTY - INJURY,CLOSED/FINAL,NOT SUSTAINED,JACKSON,RONALD,,,UNKNOWN,50,MALE,BLACK,apr2016,,,S1,S,0,1
1061968,935,UNION AVE,4747,"SCHOOL, PUBLIC, BUILDING",01may2013 11:29:59,01may2013 11:29:59,03may2013,,,,,,,,S121,HANDCUFF TOO TIGHT,05A,EXCESSIVE FORCE / ON DUTY - INJURY,CLOSED/FINAL,NOT SUSTAINED,BASS,DERRICK,,,,30,MALE,BLACK,apr2016,,,S1,S,0,1
1061968,935,UNION AVE,4747,"SCHOOL, PUBLIC, BUILDING",01may2013 11:29:59,01may2013 11:29:59,03may2013,,SORAGHAN,7755,009,,05sep1995,POLICE OFFICER,S121,HANDCUFF TOO TIGHT,05A,EXCESSIVE FORCE / ON DUTY - INJURY,CLOSED/FINAL,NOT SUSTAINED,SWINNEY,MAURICE,,,,34,MALE,BLACK,apr2016,,,S1,S,0,1
