COMPLAINT_NUMBER,BEAT,STREET,ADDRESS,LOCATION_CODE,INCIDENT_TIME_START,INCIDENT_TIME_END,NOTIFICATION_DATE,ACCSUEDOFFICER_FNAME,ACCUSEDOFFICER_LNAME,ACCUSED_STAR,ACCUSED_UNIT,ACCUSED_DETAIL,ACCUSED_APPOINTMENT_DATE,ACCUSED_POSITION,INITIAL_CATEGORY_CODE,INITIAL_CATEGORY,CURRENT_CATEGORY_CODE,CURRENT_CATEGORY,CURRENT_STATUS,FINDING_CODE,INVOLVED_OFFICER_LNAME,INVOLVED_OFFICER_FNAME,INVOLVED_OFFICER_UNIT,INVOLVED_OFFICER_DETAIL,INVOLVED_OFFICER_POSITION,INVOLVED_OFFICER_AGE,INVOLVED_OFFICER_SEX,INVOLVED_OFFICER_RACE,foia,INVOLVED_OFFICER_DESCRIPTION,INVOLVED_OFFICER_TYPE,start_code_2,start_code_1,rec,sum_rec
1053258,621,HALSTED ST,7900,STREET,11apr2012 21:00:00,11apr2012 21:00:00,12apr2012,,,,,,,,05A,EXCESSIVE FORCE / ON DUTY - INJURY,S117,PUSH/PULL/GRAB,CLOSED/FINAL,UNFOUNDED,HARREL,BAYRON,,,UNKNOWN,22,MALE,BLACK,apr2016,,,05,0,0,1
1053258,621,HALSTED ST,7900,STREET,11apr2012 21:00:00,11apr2012 21:00:00,12apr2012,,,,,,,,05A,EXCESSIVE FORCE / ON DUTY - INJURY,S117,PUSH/PULL/GRAB,CLOSED/FINAL,EXONERATED,JONES,PAUL,,,UNKNOWN,19,MALE,BLACK,apr2016,,,05,0,0,1
1053258,621,HALSTED ST,7900,STREET,11apr2012 21:00:00,11apr2012 21:00:00,12apr2012,,,,,,,,05A,EXCESSIVE FORCE / ON DUTY - INJURY,S117,PUSH/PULL/GRAB,CLOSED/FINAL,UNFOUNDED,HARREL,BAYRON,,,UNKNOWN,20,MALE,BLACK,apr2016,,,05,0,0,1
1053258,621,HALSTED ST,7900,STREET,11apr2012 21:00:00,11apr2012 21:00:00,12apr2012,,,,,,,,05A,EXCESSIVE FORCE / ON DUTY - INJURY,S117,PUSH/PULL/GRAB,CLOSED/FINAL,UNFOUNDED,JONES,PAUL,,,UNKNOWN,19,MALE,BLACK,apr2016,,,05,0,0,1
1053258,621,HALSTED ST,7900,STREET,11apr2012 21:00:00,11apr2012 21:00:00,12apr2012,SANTOS,REYES,17832,006,,27sep2004,POLICE OFFICER,05A,EXCESSIVE FORCE / ON DUTY - INJURY,S117,PUSH/PULL/GRAB,CLOSED/FINAL,EXONERATED,JONES,PAUL,,,UNKNOWN,21,MALE,BLACK,apr2016,,,05,0,0,1
1053258,621,HALSTED ST,7900,STREET,11apr2012 21:00:00,11apr2012 21:00:00,12apr2012,SANTOS,REYES,17832,006,,27sep2004,POLICE OFFICER,05A,EXCESSIVE FORCE / ON DUTY - INJURY,S117,PUSH/PULL/GRAB,CLOSED/FINAL,EXONERATED,HARREL,BAYRON,,,UNKNOWN,22,MALE,BLACK,apr2016,,,05,0,0,1
1053258,621,HALSTED ST,7900,STREET,11apr2012 21:00:00,11apr2012 21:00:00,12apr2012,TODD,MUELLER,15562,312,,03jan2005,POLICE OFFICER,05A,EXCESSIVE FORCE / ON DUTY - INJURY,S117,PUSH/PULL/GRAB,CLOSED/FINAL,UNFOUNDED,HARREL,BAYRON,,,UNKNOWN,22,MALE,BLACK,apr2016,,,05,0,0,1
1053258,621,HALSTED ST,7900,STREET,11apr2012 21:00:00,11apr2012 21:00:00,12apr2012,,,,,,,,05A,EXCESSIVE FORCE / ON DUTY - INJURY,S117,PUSH/PULL/GRAB,CLOSED/FINAL,EXONERATED,HARREL,BAYRON,,,UNKNOWN,20,MALE,BLACK,apr2016,,,05,0,1,1
1053258,621,HALSTED ST,7900,STREET,11apr2012 21:00:00,11apr2012 21:00:00,12apr2012,TODD,MUELLER,15562,312,,03jan2005,POLICE OFFICER,05A,EXCESSIVE FORCE / ON DUTY - INJURY,S117,PUSH/PULL/GRAB,CLOSED/FINAL,UNFOUNDED,JONES,PAUL,,,UNKNOWN,21,MALE,BLACK,apr2016,,,05,0,0,1
1053258,621,HALSTED ST,7900,STREET,11apr2012 21:00:00,11apr2012 21:00:00,12apr2012,TODD,MUELLER,15562,312,,03jan2005,POLICE OFFICER,05A,EXCESSIVE FORCE / ON DUTY - INJURY,S117,PUSH/PULL/GRAB,CLOSED/FINAL,UNFOUNDED,HARREL,BAYRON,,,UNKNOWN,20,MALE,BLACK,apr2016,,,05,0,0,1
1053258,621,HALSTED ST,7900,STREET,11apr2012 21:00:00,11apr2012 21:00:00,12apr2012,,,,,,,,05A,EXCESSIVE FORCE / ON DUTY - INJURY,S117,PUSH/PULL/GRAB,CLOSED/FINAL,EXONERATED,HARREL,BAYRON,,,UNKNOWN,22,MALE,BLACK,apr2016,,,05,0,0,1
1053258,621,HALSTED ST,7900,STREET,11apr2012 21:00:00,11apr2012 21:00:00,12apr2012,SANTOS,REYES,17832,006,,27sep2004,POLICE OFFICER,05A,EXCESSIVE FORCE / ON DUTY - INJURY,S117,PUSH/PULL/GRAB,CLOSED/FINAL,UNFOUNDED,JONES,PAUL,,,UNKNOWN,21,MALE,BLACK,apr2016,,,05,0,0,1
1053258,621,HALSTED ST,7900,STREET,11apr2012 21:00:00,11apr2012 21:00:00,12apr2012,SANTOS,REYES,17832,006,,27sep2004,POLICE OFFICER,05A,EXCESSIVE FORCE / ON DUTY - INJURY,S117,PUSH/PULL/GRAB,CLOSED/FINAL,UNFOUNDED,HARREL,BAYRON,,,UNKNOWN,20,MALE,BLACK,apr2016,,,05,0,0,1
1053258,621,HALSTED ST,7900,STREET,11apr2012 21:00:00,11apr2012 21:00:00,12apr2012,SANTOS,REYES,17832,006,,27sep2004,POLICE OFFICER,05A,EXCESSIVE FORCE / ON DUTY - INJURY,S117,PUSH/PULL/GRAB,CLOSED/FINAL,UNFOUNDED,HARREL,BAYRON,,,UNKNOWN,22,MALE,BLACK,apr2016,,,05,0,0,1
1053258,621,HALSTED ST,7900,STREET,11apr2012 21:00:00,11apr2012 21:00:00,12apr2012,SANTOS,REYES,17832,006,,27sep2004,POLICE OFFICER,05A,EXCESSIVE FORCE / ON DUTY - INJURY,S117,PUSH/PULL/GRAB,CLOSED/FINAL,UNFOUNDED,JONES,PAUL,,,UNKNOWN,19,MALE,BLACK,apr2016,,,05,0,0,1
1053258,621,HALSTED ST,7900,STREET,11apr2012 21:00:00,11apr2012 21:00:00,12apr2012,SANTOS,REYES,17832,006,,27sep2004,POLICE OFFICER,05A,EXCESSIVE FORCE / ON DUTY - INJURY,S117,PUSH/PULL/GRAB,CLOSED/FINAL,EXONERATED,HARREL,BAYRON,,,UNKNOWN,20,MALE,BLACK,apr2016,,,05,0,0,1
1053258,621,HALSTED ST,7900,STREET,11apr2012 21:00:00,11apr2012 21:00:00,12apr2012,,,,,,,,05A,EXCESSIVE FORCE / ON DUTY - INJURY,S117,PUSH/PULL/GRAB,CLOSED/FINAL,EXONERATED,JONES,PAUL,,,UNKNOWN,21,MALE,BLACK,apr2016,,,05,0,0,1
1053258,621,HALSTED ST,7900,STREET,11apr2012 21:00:00,11apr2012 21:00:00,12apr2012,TODD,MUELLER,15562,312,,03jan2005,POLICE OFFICER,05A,EXCESSIVE FORCE / ON DUTY - INJURY,S117,PUSH/PULL/GRAB,CLOSED/FINAL,NOT SUSTAINED,HARREL,BAYRON,,,UNKNOWN,20,MALE,BLACK,apr2016,,,05,0,0,1
1053258,621,HALSTED ST,7900,STREET,11apr2012 21:00:00,11apr2012 21:00:00,12apr2012,,,,,,,,05A,EXCESSIVE FORCE / ON DUTY - INJURY,S117,PUSH/PULL/GRAB,CLOSED/FINAL,UNFOUNDED,JONES,PAUL,,,UNKNOWN,21,MALE,BLACK,apr2016,,,05,0,0,1
1053258,621,HALSTED ST,7900,STREET,11apr2012 21:00:00,11apr2012 21:00:00,12apr2012,TODD,MUELLER,15562,312,,03jan2005,POLICE OFFICER,05A,EXCESSIVE FORCE / ON DUTY - INJURY,S117,PUSH/PULL/GRAB,CLOSED/FINAL,UNFOUNDED,JONES,PAUL,,,UNKNOWN,19,MALE,BLACK,apr2016,,,05,0,0,1
1053258,621,HALSTED ST,7900,STREET,11apr2012 21:00:00,11apr2012 21:00:00,12apr2012,TODD,MUELLER,15562,312,,03jan2005,POLICE OFFICER,05A,EXCESSIVE FORCE / ON DUTY - INJURY,S117,PUSH/PULL/GRAB,CLOSED/FINAL,NOT SUSTAINED,JONES,PAUL,,,UNKNOWN,21,MALE,BLACK,apr2016,,,05,0,0,1
1053258,621,HALSTED ST,7900,STREET,11apr2012 21:00:00,11apr2012 21:00:00,12apr2012,SANTOS,REYES,17832,006,,27sep2004,POLICE OFFICER,05A,EXCESSIVE FORCE / ON DUTY - INJURY,S117,PUSH/PULL/GRAB,CLOSED/FINAL,EXONERATED,JONES,PAUL,,,UNKNOWN,19,MALE,BLACK,apr2016,,,05,0,0,1
1053258,621,HALSTED ST,7900,STREET,11apr2012 21:00:00,11apr2012 21:00:00,12apr2012,TODD,MUELLER,15562,312,,03jan2005,POLICE OFFICER,05A,EXCESSIVE FORCE / ON DUTY - INJURY,S117,PUSH/PULL/GRAB,CLOSED/FINAL,NOT SUSTAINED,HARREL,BAYRON,,,UNKNOWN,22,MALE,BLACK,apr2016,,,05,0,0,1
1053258,621,HALSTED ST,7900,STREET,11apr2012 21:00:00,11apr2012 21:00:00,12apr2012,TODD,MUELLER,15562,312,,03jan2005,POLICE OFFICER,05A,EXCESSIVE FORCE / ON DUTY - INJURY,S117,PUSH/PULL/GRAB,CLOSED/FINAL,NOT SUSTAINED,JONES,PAUL,,,UNKNOWN,19,MALE,BLACK,apr2016,,,05,0,0,1
