COMPLAINT_NUMBER,BEAT,STREET,ADDRESS,LOCATION_CODE,INCIDENT_TIME_START,INCIDENT_TIME_END,NOTIFICATION_DATE,ACCSUEDOFFICER_FNAME,ACCUSEDOFFICER_LNAME,ACCUSED_STAR,ACCUSED_UNIT,ACCUSED_DETAIL,ACCUSED_APPOINTMENT_DATE,ACCUSED_POSITION,INITIAL_CATEGORY_CODE,INITIAL_CATEGORY,CURRENT_CATEGORY_CODE,CURRENT_CATEGORY,CURRENT_STATUS,FINDING_CODE,INVOLVED_OFFICER_LNAME,INVOLVED_OFFICER_FNAME,INVOLVED_OFFICER_UNIT,INVOLVED_OFFICER_DETAIL,INVOLVED_OFFICER_POSITION,INVOLVED_OFFICER_AGE,INVOLVED_OFFICER_SEX,INVOLVED_OFFICER_RACE,foia,INVOLVED_OFFICER_DESCRIPTION,INVOLVED_OFFICER_TYPE,start_code_2,start_code_1,rec,sum_rec
1061655,213,MICHIGAN AVE,3510,POLICE FACILITY/VEH PARKING LOT,22apr2013 14:29:59,22apr2013 14:29:59,22apr2013,,QUARTERMAN,2877,002,,03jan1995,POLICE OFFICER,05L,DOMESTIC INCIDENT - NOT PHYSICAL,05L,DOMESTIC INCIDENT - NOT PHYSICAL,CLOSED/FINAL,UNFOUNDED,QUARTERMAN,SEAN,003,166,POLICE OFFICER,,MALE,BLACK,apr2016,,,05,0,0,1
1061655,213,MICHIGAN AVE,3510,POLICE FACILITY/VEH PARKING LOT,22apr2013 14:29:59,22apr2013 14:29:59,22apr2013,,QUARTERMAN,2877,002,,03jan1995,POLICE OFFICER,05L,DOMESTIC INCIDENT - NOT PHYSICAL,05L,DOMESTIC INCIDENT - NOT PHYSICAL,CLOSED/FINAL,EXONERATED,QUARTERMAN,SEAN,003,166,POLICE OFFICER,,MALE,BLACK,apr2016,,,05,0,1,1
1061655,213,MICHIGAN AVE,3510,POLICE FACILITY/VEH PARKING LOT,22apr2013 14:29:59,22apr2013 14:29:59,22apr2013,,QUARTERMAN,2877,002,,03jan1995,POLICE OFFICER,05L,DOMESTIC INCIDENT - NOT PHYSICAL,05L,DOMESTIC INCIDENT - NOT PHYSICAL,CLOSED/FINAL,UNFOUNDED,TAYLOR,CHRISTINE,011,,POLICE OFFICER,,FEMALE,BLACK,apr2016,,,05,0,0,1
1061655,213,MICHIGAN AVE,3510,POLICE FACILITY/VEH PARKING LOT,22apr2013 14:29:59,22apr2013 14:29:59,22apr2013,,QUARTERMAN,2877,002,,03jan1995,POLICE OFFICER,05L,DOMESTIC INCIDENT - NOT PHYSICAL,05L,DOMESTIC INCIDENT - NOT PHYSICAL,CLOSED/FINAL,EXONERATED,TAYLOR,CHRISTINE,011,,POLICE OFFICER,,FEMALE,BLACK,apr2016,,,05,0,0,1
