COMPLAINT_NUMBER,BEAT,STREET,ADDRESS,LOCATION_CODE,INCIDENT_TIME_START,INCIDENT_TIME_END,NOTIFICATION_DATE,ACCSUEDOFFICER_FNAME,ACCUSEDOFFICER_LNAME,ACCUSED_STAR,ACCUSED_UNIT,ACCUSED_DETAIL,ACCUSED_APPOINTMENT_DATE,ACCUSED_POSITION,INITIAL_CATEGORY_CODE,INITIAL_CATEGORY,CURRENT_CATEGORY_CODE,CURRENT_CATEGORY,CURRENT_STATUS,FINDING_CODE,INVOLVED_OFFICER_LNAME,INVOLVED_OFFICER_FNAME,INVOLVED_OFFICER_UNIT,INVOLVED_OFFICER_DETAIL,INVOLVED_OFFICER_POSITION,INVOLVED_OFFICER_AGE,INVOLVED_OFFICER_SEX,INVOLVED_OFFICER_RACE,foia,INVOLVED_OFFICER_DESCRIPTION,INVOLVED_OFFICER_TYPE,start_code_2,start_code_1,rec,sum_rec
1062305,1833,CHICAGO AVE,10,RESTAURANT,19may2013 11:25:00,19may2013 11:45:00,19may2013,,EVANS,3676,018,,02may1988,POLICE OFFICER,05E,EXCESSIVE FORCE - USE OF FIREARM / ON DUTY - INJURY,S012,FIREARM USED AS AN IMPACT WEAPON,CLOSED/FINAL,NOT SUSTAINED,JOHNSON,NICOLE,,,,25,FEMALE,BLACK,apr2016,,,05,0,0,1
1062305,1833,CHICAGO AVE,10,RESTAURANT,19may2013 11:25:00,19may2013 11:45:00,19may2013,,EVANS,3676,018,,02may1988,POLICE OFFICER,05E,EXCESSIVE FORCE - USE OF FIREARM / ON DUTY - INJURY,S012,FIREARM USED AS AN IMPACT WEAPON,CLOSED/FINAL,NOT SUSTAINED,EGGERSON,DALE,,,UNKNOWN,23,MALE,BLACK,apr2016,,,05,0,0,1
1062305,1833,CHICAGO AVE,10,RESTAURANT,19may2013 11:25:00,19may2013 11:45:00,19may2013,,EVANS,3676,018,,02may1988,POLICE OFFICER,05E,EXCESSIVE FORCE - USE OF FIREARM / ON DUTY - INJURY,S012,FIREARM USED AS AN IMPACT WEAPON,CLOSED/FINAL,NOT SUSTAINED,EGGERSON,DALE,,,UNKNOWN,22,MALE,BLACK,apr2016,,,05,0,0,1
1062305,1833,CHICAGO AVE,10,RESTAURANT,19may2013 11:25:00,19may2013 11:45:00,19may2013,,EVANS,3676,018,,02may1988,POLICE OFFICER,05E,EXCESSIVE FORCE - USE OF FIREARM / ON DUTY - INJURY,S012,FIREARM USED AS AN IMPACT WEAPON,CLOSED/FINAL,UNFOUNDED,EGGERSON,DALE,,,UNKNOWN,22,MALE,BLACK,apr2016,,,05,0,0,1
1062305,1833,CHICAGO AVE,10,RESTAURANT,19may2013 11:25:00,19may2013 11:45:00,19may2013,,EVANS,3676,018,,02may1988,POLICE OFFICER,05E,EXCESSIVE FORCE - USE OF FIREARM / ON DUTY - INJURY,S012,FIREARM USED AS AN IMPACT WEAPON,CLOSED/FINAL,UNFOUNDED,EGGERSON,DALE,,,UNKNOWN,23,MALE,BLACK,apr2016,,,05,0,0,1
1062305,1833,CHICAGO AVE,10,RESTAURANT,19may2013 11:25:00,19may2013 11:45:00,19may2013,,EVANS,3676,018,,02may1988,POLICE OFFICER,05E,EXCESSIVE FORCE - USE OF FIREARM / ON DUTY - INJURY,S012,FIREARM USED AS AN IMPACT WEAPON,CLOSED/FINAL,UNFOUNDED,JOHNSON,NICOLE,,,,25,FEMALE,BLACK,apr2016,,,05,0,0,1
