COMPLAINT_NUMBER,BEAT,STREET,ADDRESS,LOCATION_CODE,INCIDENT_TIME_START,INCIDENT_TIME_END,NOTIFICATION_DATE,ACCSUEDOFFICER_FNAME,ACCUSEDOFFICER_LNAME,ACCUSED_STAR,ACCUSED_UNIT,ACCUSED_DETAIL,ACCUSED_APPOINTMENT_DATE,ACCUSED_POSITION,INITIAL_CATEGORY_CODE,INITIAL_CATEGORY,CURRENT_CATEGORY_CODE,CURRENT_CATEGORY,CURRENT_STATUS,FINDING_CODE,INVOLVED_OFFICER_LNAME,INVOLVED_OFFICER_FNAME,INVOLVED_OFFICER_UNIT,INVOLVED_OFFICER_DETAIL,INVOLVED_OFFICER_POSITION,INVOLVED_OFFICER_AGE,INVOLVED_OFFICER_SEX,INVOLVED_OFFICER_RACE,foia,INVOLVED_OFFICER_DESCRIPTION,INVOLVED_OFFICER_TYPE,start_code_2,start_code_1,rec,sum_rec
1055381,2232,NORMAL AVE,10000,STREET,05jul2012 15:59:59,05jul2012 15:59:59,09jul2012,,,,,,,,S009,DRAGGED,05A,EXCESSIVE FORCE / ON DUTY - INJURY,CLOSED/FINAL,UNFOUNDED,JONES ,LATRICIA ,,,,54,FEMALE,BLACK,apr2016,,,S0,S,0,1
1055381,2232,NORMAL AVE,10000,STREET,05jul2012 15:59:59,05jul2012 15:59:59,09jul2012,MICHAEL,HURLEY,9657,022,,31jul2006,POLICE OFFICER,S009,DRAGGED,05A,EXCESSIVE FORCE / ON DUTY - INJURY,CLOSED/FINAL,UNFOUNDED,JONES,MARQUIS ,,,UNKNOWN,14,MALE,BLACK,apr2016,,,S0,S,0,1
1055381,2232,NORMAL AVE,10000,STREET,05jul2012 15:59:59,05jul2012 15:59:59,09jul2012,DANIEL,PULIA,10218,022,,28apr2008,POLICE OFFICER,S009,DRAGGED,05A,EXCESSIVE FORCE / ON DUTY - INJURY,CLOSED/FINAL,UNFOUNDED,JONES,MONIQUE,,,UNKNOWN,34,FEMALE,BLACK,apr2016,,,S0,S,0,1
1055381,2232,NORMAL AVE,10000,STREET,05jul2012 15:59:59,05jul2012 15:59:59,09jul2012,,,,,,,,S009,DRAGGED,05A,EXCESSIVE FORCE / ON DUTY - INJURY,CLOSED/FINAL,UNFOUNDED,JONES,MONIQUE,,,UNKNOWN,34,FEMALE,BLACK,apr2016,,,S0,S,0,1
1055381,2232,NORMAL AVE,10000,STREET,05jul2012 15:59:59,05jul2012 15:59:59,09jul2012,DANIEL,PULIA,10218,022,,28apr2008,POLICE OFFICER,S009,DRAGGED,05A,EXCESSIVE FORCE / ON DUTY - INJURY,CLOSED/FINAL,UNFOUNDED,JONES ,LATRICIA ,,,,54,FEMALE,BLACK,apr2016,,,S0,S,0,1
1055381,2232,NORMAL AVE,10000,STREET,05jul2012 15:59:59,05jul2012 15:59:59,09jul2012,,,,,,,,S009,DRAGGED,05A,EXCESSIVE FORCE / ON DUTY - INJURY,CLOSED/FINAL,UNFOUNDED,JONES ,EDITH ,,,,74,FEMALE,BLACK,apr2016,,,S0,S,0,1
1055381,2232,NORMAL AVE,10000,STREET,05jul2012 15:59:59,05jul2012 15:59:59,09jul2012,DANIEL,PULIA,10218,022,,28apr2008,POLICE OFFICER,S009,DRAGGED,05A,EXCESSIVE FORCE / ON DUTY - INJURY,CLOSED/FINAL,UNFOUNDED,JONES,MARQUIS ,,,UNKNOWN,15,MALE,BLACK,apr2016,,,S0,S,0,1
1055381,2232,NORMAL AVE,10000,STREET,05jul2012 15:59:59,05jul2012 15:59:59,09jul2012,DANIEL,PULIA,10218,022,,28apr2008,POLICE OFFICER,S009,DRAGGED,05A,EXCESSIVE FORCE / ON DUTY - INJURY,CLOSED/FINAL,UNFOUNDED,JONES ,EDITH ,,,,74,FEMALE,BLACK,apr2016,,,S0,S,0,1
1055381,2232,NORMAL AVE,10000,STREET,05jul2012 15:59:59,05jul2012 15:59:59,09jul2012,DANIEL,PULIA,10218,022,,28apr2008,POLICE OFFICER,S009,DRAGGED,05A,EXCESSIVE FORCE / ON DUTY - INJURY,CLOSED/FINAL,UNFOUNDED,JONES,MARQUIS ,,,UNKNOWN,14,MALE,BLACK,apr2016,,,S0,S,0,1
1055381,2232,NORMAL AVE,10000,STREET,05jul2012 15:59:59,05jul2012 15:59:59,09jul2012,MICHAEL,HURLEY,9657,022,,31jul2006,POLICE OFFICER,S009,DRAGGED,05A,EXCESSIVE FORCE / ON DUTY - INJURY,CLOSED/FINAL,UNFOUNDED,JONES ,EDITH ,,,,74,FEMALE,BLACK,apr2016,,,S0,S,0,1
1055381,2232,NORMAL AVE,10000,STREET,05jul2012 15:59:59,05jul2012 15:59:59,09jul2012,MICHAEL,HURLEY,9657,022,,31jul2006,POLICE OFFICER,S009,DRAGGED,05A,EXCESSIVE FORCE / ON DUTY - INJURY,CLOSED/FINAL,UNFOUNDED,JONES ,LATRICIA ,,,,54,FEMALE,BLACK,apr2016,,,S0,S,0,1
1055381,2232,NORMAL AVE,10000,STREET,05jul2012 15:59:59,05jul2012 15:59:59,09jul2012,MICHAEL,HURLEY,9657,022,,31jul2006,POLICE OFFICER,S009,DRAGGED,05A,EXCESSIVE FORCE / ON DUTY - INJURY,CLOSED/FINAL,UNFOUNDED,JONES,MARQUIS ,,,UNKNOWN,15,MALE,BLACK,apr2016,,,S0,S,0,1
1055381,2232,NORMAL AVE,10000,STREET,05jul2012 15:59:59,05jul2012 15:59:59,09jul2012,MICHAEL,HURLEY,9657,022,,31jul2006,POLICE OFFICER,S009,DRAGGED,05A,EXCESSIVE FORCE / ON DUTY - INJURY,CLOSED/FINAL,UNFOUNDED,JONES,MONIQUE,,,UNKNOWN,34,FEMALE,BLACK,apr2016,,,S0,S,0,1
1055381,2232,NORMAL AVE,10000,STREET,05jul2012 15:59:59,05jul2012 15:59:59,09jul2012,,,,,,,,S009,DRAGGED,05A,EXCESSIVE FORCE / ON DUTY - INJURY,CLOSED/FINAL,UNFOUNDED,JONES,MARQUIS ,,,UNKNOWN,15,MALE,BLACK,apr2016,,,S0,S,0,1
1055381,2232,NORMAL AVE,10000,STREET,05jul2012 15:59:59,05jul2012 15:59:59,09jul2012,,,,,,,,S009,DRAGGED,05A,EXCESSIVE FORCE / ON DUTY - INJURY,CLOSED/FINAL,UNFOUNDED,JONES,MARQUIS ,,,UNKNOWN,14,MALE,BLACK,apr2016,,,S0,S,0,1
