COMPLAINT_NUMBER,BEAT,STREET,ADDRESS,LOCATION_CODE,INCIDENT_TIME_START,INCIDENT_TIME_END,NOTIFICATION_DATE,ACCSUEDOFFICER_FNAME,ACCUSEDOFFICER_LNAME,ACCUSED_STAR,ACCUSED_UNIT,ACCUSED_DETAIL,ACCUSED_APPOINTMENT_DATE,ACCUSED_POSITION,INITIAL_CATEGORY_CODE,INITIAL_CATEGORY,CURRENT_CATEGORY_CODE,CURRENT_CATEGORY,CURRENT_STATUS,FINDING_CODE,INVOLVED_OFFICER_LNAME,INVOLVED_OFFICER_FNAME,INVOLVED_OFFICER_UNIT,INVOLVED_OFFICER_DETAIL,INVOLVED_OFFICER_POSITION,INVOLVED_OFFICER_AGE,INVOLVED_OFFICER_SEX,INVOLVED_OFFICER_RACE,foia,INVOLVED_OFFICER_DESCRIPTION,INVOLVED_OFFICER_TYPE,start_code_2,start_code_1,rec,sum_rec
1060242,632,87TH ST,29,PARKING LOT/GARAGE(NON.RESID.),17feb2013 06:45:00,17feb2013 07:15:00,19feb2013,,WATKINS,13054,006,,07dec1987,POLICE OFFICER,05B,EXCESSIVE FORCE / ON DUTY - NO INJURY,S042,MISCELLANEOUS,CLOSED/FINAL,NOT SUSTAINED,GIBSON,DONALD,,,UNKNOWN,45,MALE,BLACK,apr2016,,,05,0,0,1
1060242,632,87TH ST,29,PARKING LOT/GARAGE(NON.RESID.),17feb2013 06:45:00,17feb2013 07:15:00,19feb2013,,WATKINS,13054,006,,07dec1987,POLICE OFFICER,05B,EXCESSIVE FORCE / ON DUTY - NO INJURY,S042,MISCELLANEOUS,CLOSED/FINAL,NOT SUSTAINED,GIBSON,DONALD,,,UNKNOWN,47,MALE,BLACK,apr2016,,,05,0,0,1
1060242,632,87TH ST,29,PARKING LOT/GARAGE(NON.RESID.),17feb2013 06:45:00,17feb2013 07:15:00,19feb2013,,,,,,,,05B,EXCESSIVE FORCE / ON DUTY - NO INJURY,S042,MISCELLANEOUS,CLOSED/FINAL,UNFOUNDED,GIBSON,DONALD,,,UNKNOWN,47,MALE,BLACK,apr2016,,,05,0,0,1
1060242,632,87TH ST,29,PARKING LOT/GARAGE(NON.RESID.),17feb2013 06:45:00,17feb2013 07:15:00,19feb2013,,,,,,,,05B,EXCESSIVE FORCE / ON DUTY - NO INJURY,S042,MISCELLANEOUS,CLOSED/FINAL,UNFOUNDED,GIBSON,DONALD,,,UNKNOWN,45,MALE,BLACK,apr2016,,,05,0,0,1
