COMPLAINT_NUMBER,BEAT,STREET,ADDRESS,LOCATION_CODE,INCIDENT_TIME_START,INCIDENT_TIME_END,NOTIFICATION_DATE,ACCSUEDOFFICER_FNAME,ACCUSEDOFFICER_LNAME,ACCUSED_STAR,ACCUSED_UNIT,ACCUSED_DETAIL,ACCUSED_APPOINTMENT_DATE,ACCUSED_POSITION,INITIAL_CATEGORY_CODE,INITIAL_CATEGORY,CURRENT_CATEGORY_CODE,CURRENT_CATEGORY,CURRENT_STATUS,FINDING_CODE,INVOLVED_OFFICER_LNAME,INVOLVED_OFFICER_FNAME,INVOLVED_OFFICER_UNIT,INVOLVED_OFFICER_DETAIL,INVOLVED_OFFICER_POSITION,INVOLVED_OFFICER_AGE,INVOLVED_OFFICER_SEX,INVOLVED_OFFICER_RACE,foia,INVOLVED_OFFICER_DESCRIPTION,INVOLVED_OFFICER_TYPE,start_code_2,start_code_1,rec,sum_rec
1057793,2524,KOSTNER AVE,2629,PARK PROPERTY,15oct2012 15:45:00,15oct2012 15:45:00,15oct2012,JOHN,MEER,8720,025,,05jul1994,POLICE OFFICER,01A,USE OF PROFANITY,01B,"RACIAL / ETHNIC, ETC.",CLOSED/FINAL,NOT SUSTAINED,YANEZ,CLAUDIA,,,UNKNOWN,42,FEMALE,WHITE HISPANIC,apr2016,,,01,0,0,1
1057793,2524,KOSTNER AVE,2629,PARK PROPERTY,15oct2012 15:45:00,15oct2012 15:45:00,15oct2012,JOHN,MEER,8720,025,,05jul1994,POLICE OFFICER,01A,USE OF PROFANITY,01B,"RACIAL / ETHNIC, ETC.",CLOSED/FINAL,NOT SUSTAINED,RODRIGUEZ,FELIX,,,UNKNOWN,,MALE,WHITE HISPANIC,apr2016,,,01,0,0,1
1057793,2524,KOSTNER AVE,2629,PARK PROPERTY,15oct2012 15:45:00,15oct2012 15:45:00,15oct2012,JOHN,MEER,8720,025,,05jul1994,POLICE OFFICER,01A,USE OF PROFANITY,01B,"RACIAL / ETHNIC, ETC.",CLOSED/FINAL,NOT SUSTAINED,SANCHEZ,DESIRE,,,UNKNOWN,,FEMALE,WHITE HISPANIC,apr2016,,,01,0,0,1
1057793,2524,KOSTNER AVE,2629,PARK PROPERTY,15oct2012 15:45:00,15oct2012 15:45:00,15oct2012,KEVIN,MURPHY,9156,025,,13dec1993,POLICE OFFICER,01A,USE OF PROFANITY,01B,"RACIAL / ETHNIC, ETC.",CLOSED/FINAL,NOT SUSTAINED,GARCIA,PEDRO,,,UNKNOWN,18,MALE,WHITE HISPANIC,apr2016,,,01,0,0,1
1057793,2524,KOSTNER AVE,2629,PARK PROPERTY,15oct2012 15:45:00,15oct2012 15:45:00,15oct2012,KEVIN,MURPHY,9156,025,,13dec1993,POLICE OFFICER,01A,USE OF PROFANITY,01B,"RACIAL / ETHNIC, ETC.",CLOSED/FINAL,NOT SUSTAINED,YANEZ,CLAUDIA,,,UNKNOWN,42,FEMALE,WHITE HISPANIC,apr2016,,,01,0,0,1
1057793,2524,KOSTNER AVE,2629,PARK PROPERTY,15oct2012 15:45:00,15oct2012 15:45:00,15oct2012,KEVIN,MURPHY,9156,025,,13dec1993,POLICE OFFICER,01A,USE OF PROFANITY,01B,"RACIAL / ETHNIC, ETC.",CLOSED/FINAL,NOT SUSTAINED,RODRIGUEZ,FELIX,,,UNKNOWN,,MALE,WHITE HISPANIC,apr2016,,,01,0,0,1
1057793,2524,KOSTNER AVE,2629,PARK PROPERTY,15oct2012 15:45:00,15oct2012 15:45:00,15oct2012,JOHN,MEER,8720,025,,05jul1994,POLICE OFFICER,01A,USE OF PROFANITY,01B,"RACIAL / ETHNIC, ETC.",CLOSED/FINAL,NOT SUSTAINED,YAN,CLAUDIA,,,UNKNOWN,42,FEMALE,WHITE HISPANIC,apr2016,,,01,0,0,1
1057793,2524,KOSTNER AVE,2629,PARK PROPERTY,15oct2012 15:45:00,15oct2012 15:45:00,15oct2012,JOHN,MEER,8720,025,,05jul1994,POLICE OFFICER,01A,USE OF PROFANITY,01B,"RACIAL / ETHNIC, ETC.",CLOSED/FINAL,NOT SUSTAINED,GARCIA,PEDRO,,,UNKNOWN,18,MALE,WHITE HISPANIC,apr2016,,,01,0,1,1
1057793,2524,KOSTNER AVE,2629,PARK PROPERTY,15oct2012 15:45:00,15oct2012 15:45:00,15oct2012,KEVIN,MURPHY,9156,025,,13dec1993,POLICE OFFICER,01A,USE OF PROFANITY,01B,"RACIAL / ETHNIC, ETC.",CLOSED/FINAL,NOT SUSTAINED,YAN,CLAUDIA,,,UNKNOWN,42,FEMALE,WHITE HISPANIC,apr2016,,,01,0,0,1
1057793,2524,KOSTNER AVE,2629,PARK PROPERTY,15oct2012 15:45:00,15oct2012 15:45:00,15oct2012,KEVIN,MURPHY,9156,025,,13dec1993,POLICE OFFICER,01A,USE OF PROFANITY,01B,"RACIAL / ETHNIC, ETC.",CLOSED/FINAL,NOT SUSTAINED,SANCHEZ,DESIRE,,,UNKNOWN,,FEMALE,WHITE HISPANIC,apr2016,,,01,0,0,1
