COMPLAINT_NUMBER,BEAT,STREET,ADDRESS,LOCATION_CODE,INCIDENT_TIME_START,INCIDENT_TIME_END,NOTIFICATION_DATE,ACCSUEDOFFICER_FNAME,ACCUSEDOFFICER_LNAME,ACCUSED_STAR,ACCUSED_UNIT,ACCUSED_DETAIL,ACCUSED_APPOINTMENT_DATE,ACCUSED_POSITION,INITIAL_CATEGORY_CODE,INITIAL_CATEGORY,CURRENT_CATEGORY_CODE,CURRENT_CATEGORY,CURRENT_STATUS,FINDING_CODE,INVOLVED_OFFICER_LNAME,INVOLVED_OFFICER_FNAME,INVOLVED_OFFICER_UNIT,INVOLVED_OFFICER_DETAIL,INVOLVED_OFFICER_POSITION,INVOLVED_OFFICER_AGE,INVOLVED_OFFICER_SEX,INVOLVED_OFFICER_RACE,foia,INVOLVED_OFFICER_DESCRIPTION,INVOLVED_OFFICER_TYPE,start_code_2,start_code_1,rec,sum_rec
1056450,1422,HOMAN AVE,1233,STREET,20aug2012 16:30:00,20aug2012 16:30:00,20aug2012,JACQUELIN,RIOS,13766,014,,30sep2002,POLICE OFFICER,S117,PUSH/PULL/GRAB,05M,UNNECESSARY PHYSICAL CONTACT / ON DUTY - NO INJURY,CLOSED/FINAL,UNFOUNDED,SWARBRICK,JOHN,014,,POLICE OFFICER,,MALE,WHITE,apr2016,,,S1,S,0,1
1056450,1422,HOMAN AVE,1233,STREET,20aug2012 16:30:00,20aug2012 16:30:00,20aug2012,,,,,,,,S117,PUSH/PULL/GRAB,05M,UNNECESSARY PHYSICAL CONTACT / ON DUTY - NO INJURY,CLOSED/FINAL,UNFOUNDED,KILE,STEVEN,,,UNKNOWN,32,MALE,WHITE,apr2016,,,S1,S,0,1
1056450,1422,HOMAN AVE,1233,STREET,20aug2012 16:30:00,20aug2012 16:30:00,20aug2012,JACQUELIN,RIOS,13766,014,,30sep2002,POLICE OFFICER,S117,PUSH/PULL/GRAB,05M,UNNECESSARY PHYSICAL CONTACT / ON DUTY - NO INJURY,CLOSED/FINAL,UNFOUNDED,TLAPA,LISA,014,,POLICE OFFICER,,FEMALE,WHITE,apr2016,,,S1,S,0,1
1056450,1422,HOMAN AVE,1233,STREET,20aug2012 16:30:00,20aug2012 16:30:00,20aug2012,JACQUELIN,RIOS,13766,014,,30sep2002,POLICE OFFICER,S117,PUSH/PULL/GRAB,05M,UNNECESSARY PHYSICAL CONTACT / ON DUTY - NO INJURY,CLOSED/FINAL,UNFOUNDED,KILE,STEVEN,,,UNKNOWN,31,MALE,WHITE,apr2016,,,S1,S,0,1
1056450,1422,HOMAN AVE,1233,STREET,20aug2012 16:30:00,20aug2012 16:30:00,20aug2012,SEAN,HOULIHAN,4837,014,,30jul2007,POLICE OFFICER,S117,PUSH/PULL/GRAB,05M,UNNECESSARY PHYSICAL CONTACT / ON DUTY - NO INJURY,CLOSED/FINAL,UNFOUNDED,SILIUS,MICHAEL,014,,POLICE OFFICER,,MALE,WHITE,apr2016,,,S1,S,0,1
1056450,1422,HOMAN AVE,1233,STREET,20aug2012 16:30:00,20aug2012 16:30:00,20aug2012,SEAN,HOULIHAN,4837,014,,30jul2007,POLICE OFFICER,S117,PUSH/PULL/GRAB,05M,UNNECESSARY PHYSICAL CONTACT / ON DUTY - NO INJURY,CLOSED/FINAL,UNFOUNDED,VO,KELLY,014,,POLICE OFFICER,,FEMALE,WHITE,apr2016,,,S1,S,0,1
1056450,1422,HOMAN AVE,1233,STREET,20aug2012 16:30:00,20aug2012 16:30:00,20aug2012,,,,,,,,S117,PUSH/PULL/GRAB,05M,UNNECESSARY PHYSICAL CONTACT / ON DUTY - NO INJURY,CLOSED/FINAL,UNFOUNDED,SWARBRICK,JOHN,014,,POLICE OFFICER,,MALE,WHITE,apr2016,,,S1,S,0,1
1056450,1422,HOMAN AVE,1233,STREET,20aug2012 16:30:00,20aug2012 16:30:00,20aug2012,JACQUELIN,RIOS,13766,014,,30sep2002,POLICE OFFICER,S117,PUSH/PULL/GRAB,05M,UNNECESSARY PHYSICAL CONTACT / ON DUTY - NO INJURY,CLOSED/FINAL,UNFOUNDED,KILE,STEVEN,,,UNKNOWN,32,MALE,WHITE,apr2016,,,S1,S,0,1
1056450,1422,HOMAN AVE,1233,STREET,20aug2012 16:30:00,20aug2012 16:30:00,20aug2012,JACQUELIN,RIOS,13766,014,,30sep2002,POLICE OFFICER,S117,PUSH/PULL/GRAB,05M,UNNECESSARY PHYSICAL CONTACT / ON DUTY - NO INJURY,CLOSED/FINAL,UNFOUNDED,VO,KELLY,014,,POLICE OFFICER,,FEMALE,WHITE,apr2016,,,S1,S,0,1
1056450,1422,HOMAN AVE,1233,STREET,20aug2012 16:30:00,20aug2012 16:30:00,20aug2012,,,,,,,,S117,PUSH/PULL/GRAB,05M,UNNECESSARY PHYSICAL CONTACT / ON DUTY - NO INJURY,CLOSED/FINAL,UNFOUNDED,TLAPA,LISA,014,,POLICE OFFICER,,FEMALE,WHITE,apr2016,,,S1,S,0,1
1056450,1422,HOMAN AVE,1233,STREET,20aug2012 16:30:00,20aug2012 16:30:00,20aug2012,,,,,,,,S117,PUSH/PULL/GRAB,05M,UNNECESSARY PHYSICAL CONTACT / ON DUTY - NO INJURY,CLOSED/FINAL,UNFOUNDED,SILIUS,MICHAEL,014,,POLICE OFFICER,,MALE,WHITE,apr2016,,,S1,S,0,1
1056450,1422,HOMAN AVE,1233,STREET,20aug2012 16:30:00,20aug2012 16:30:00,20aug2012,JACQUELIN,RIOS,13766,014,,30sep2002,POLICE OFFICER,S117,PUSH/PULL/GRAB,05M,UNNECESSARY PHYSICAL CONTACT / ON DUTY - NO INJURY,CLOSED/FINAL,UNFOUNDED,SILIUS,MICHAEL,014,,POLICE OFFICER,,MALE,WHITE,apr2016,,,S1,S,0,1
1056450,1422,HOMAN AVE,1233,STREET,20aug2012 16:30:00,20aug2012 16:30:00,20aug2012,,,,,,,,S117,PUSH/PULL/GRAB,05M,UNNECESSARY PHYSICAL CONTACT / ON DUTY - NO INJURY,CLOSED/FINAL,UNFOUNDED,KILE,STEVEN,,,UNKNOWN,31,MALE,WHITE,apr2016,,,S1,S,0,1
1056450,1422,HOMAN AVE,1233,STREET,20aug2012 16:30:00,20aug2012 16:30:00,20aug2012,SEAN,HOULIHAN,4837,014,,30jul2007,POLICE OFFICER,S117,PUSH/PULL/GRAB,05M,UNNECESSARY PHYSICAL CONTACT / ON DUTY - NO INJURY,CLOSED/FINAL,UNFOUNDED,KONIOR,SCOTT,014,,POLICE OFFICER,,MALE,WHITE,apr2016,,,S1,S,0,1
1056450,1422,HOMAN AVE,1233,STREET,20aug2012 16:30:00,20aug2012 16:30:00,20aug2012,SEAN,HOULIHAN,4837,014,,30jul2007,POLICE OFFICER,S117,PUSH/PULL/GRAB,05M,UNNECESSARY PHYSICAL CONTACT / ON DUTY - NO INJURY,CLOSED/FINAL,UNFOUNDED,KILE,STEVEN,,,UNKNOWN,31,MALE,WHITE,apr2016,,,S1,S,0,1
1056450,1422,HOMAN AVE,1233,STREET,20aug2012 16:30:00,20aug2012 16:30:00,20aug2012,,,,,,,,S117,PUSH/PULL/GRAB,05M,UNNECESSARY PHYSICAL CONTACT / ON DUTY - NO INJURY,CLOSED/FINAL,UNFOUNDED,KONIOR,SCOTT,014,,POLICE OFFICER,,MALE,WHITE,apr2016,,,S1,S,0,1
1056450,1422,HOMAN AVE,1233,STREET,20aug2012 16:30:00,20aug2012 16:30:00,20aug2012,SEAN,HOULIHAN,4837,014,,30jul2007,POLICE OFFICER,S117,PUSH/PULL/GRAB,05M,UNNECESSARY PHYSICAL CONTACT / ON DUTY - NO INJURY,CLOSED/FINAL,UNFOUNDED,KILE,STEVEN,,,UNKNOWN,32,MALE,WHITE,apr2016,,,S1,S,0,1
1056450,1422,HOMAN AVE,1233,STREET,20aug2012 16:30:00,20aug2012 16:30:00,20aug2012,SEAN,HOULIHAN,4837,014,,30jul2007,POLICE OFFICER,S117,PUSH/PULL/GRAB,05M,UNNECESSARY PHYSICAL CONTACT / ON DUTY - NO INJURY,CLOSED/FINAL,UNFOUNDED,TLAPA,LISA,014,,POLICE OFFICER,,FEMALE,WHITE,apr2016,,,S1,S,0,1
1056450,1422,HOMAN AVE,1233,STREET,20aug2012 16:30:00,20aug2012 16:30:00,20aug2012,JACQUELIN,RIOS,13766,014,,30sep2002,POLICE OFFICER,S117,PUSH/PULL/GRAB,05M,UNNECESSARY PHYSICAL CONTACT / ON DUTY - NO INJURY,CLOSED/FINAL,UNFOUNDED,KONIOR,SCOTT,014,,POLICE OFFICER,,MALE,WHITE,apr2016,,,S1,S,0,1
1056450,1422,HOMAN AVE,1233,STREET,20aug2012 16:30:00,20aug2012 16:30:00,20aug2012,SEAN,HOULIHAN,4837,014,,30jul2007,POLICE OFFICER,S117,PUSH/PULL/GRAB,05M,UNNECESSARY PHYSICAL CONTACT / ON DUTY - NO INJURY,CLOSED/FINAL,UNFOUNDED,SWARBRICK,JOHN,014,,POLICE OFFICER,,MALE,WHITE,apr2016,,,S1,S,0,1
1056450,1422,HOMAN AVE,1233,STREET,20aug2012 16:30:00,20aug2012 16:30:00,20aug2012,,,,,,,,S117,PUSH/PULL/GRAB,05M,UNNECESSARY PHYSICAL CONTACT / ON DUTY - NO INJURY,CLOSED/FINAL,UNFOUNDED,VO,KELLY,014,,POLICE OFFICER,,FEMALE,WHITE,apr2016,,,S1,S,0,1
