COMPLAINT_NUMBER,BEAT,STREET,ADDRESS,LOCATION_CODE,INCIDENT_TIME_START,INCIDENT_TIME_END,NOTIFICATION_DATE,ACCSUEDOFFICER_FNAME,ACCUSEDOFFICER_LNAME,ACCUSED_STAR,ACCUSED_UNIT,ACCUSED_DETAIL,ACCUSED_APPOINTMENT_DATE,ACCUSED_POSITION,INITIAL_CATEGORY_CODE,INITIAL_CATEGORY,CURRENT_CATEGORY_CODE,CURRENT_CATEGORY,CURRENT_STATUS,FINDING_CODE,INVOLVED_OFFICER_LNAME,INVOLVED_OFFICER_FNAME,INVOLVED_OFFICER_UNIT,INVOLVED_OFFICER_DETAIL,INVOLVED_OFFICER_POSITION,INVOLVED_OFFICER_AGE,INVOLVED_OFFICER_SEX,INVOLVED_OFFICER_RACE,foia,INVOLVED_OFFICER_DESCRIPTION,INVOLVED_OFFICER_TYPE,start_code_2,start_code_1,rec,sum_rec
1060344,811,NATCHEZ AVE,5509,SIDEWALK,25feb2013 02:31:00,25feb2013 02:31:00,25feb2013,,GANA,14942,059,,03jan1995,PO/MARINE OFFICER,10M,INSUBORDINATION,05Z,MISCELLANEOUS,PENDING FINANCE DIVISION RESPONSE,SUSTAINED,DREFS,RACHEL,,,UNKNOWN,45,FEMALE,WHITE,apr2016,,,10,1,0,1
1060344,811,NATCHEZ AVE,5509,SIDEWALK,25feb2013 02:31:00,25feb2013 02:31:00,25feb2013,,GANA,14942,059,,03jan1995,PO/MARINE OFFICER,10M,INSUBORDINATION,05Z,MISCELLANEOUS,PENDING FINANCE DIVISION RESPONSE,SUSTAINED,DREFS,KENNETH,,,UNKNOWN,44,MALE,WHITE,apr2016,,,10,1,0,1
1060344,811,NATCHEZ AVE,5509,SIDEWALK,25feb2013 02:31:00,25feb2013 02:31:00,25feb2013,,GANA,14942,059,,03jan1995,PO/MARINE OFFICER,10M,INSUBORDINATION,05Z,MISCELLANEOUS,PENDING FINANCE DIVISION RESPONSE,SUSTAINED,DREFS,KENNETH,,,UNKNOWN,43,MALE,WHITE,apr2016,,,10,1,0,1
1060344,811,NATCHEZ AVE,5509,SIDEWALK,25feb2013 02:31:00,25feb2013 02:31:00,25feb2013,,GANA,14942,059,,03jan1995,PO/MARINE OFFICER,10M,INSUBORDINATION,05Z,MISCELLANEOUS,PENDING FINANCE DIVISION RESPONSE,SUSTAINED,DREFS,RACHEL,,,UNKNOWN,46,FEMALE,WHITE,apr2016,,,10,1,0,1
