COMPLAINT_NUMBER,BEAT,STREET,ADDRESS,LOCATION_CODE,INCIDENT_TIME_START,INCIDENT_TIME_END,NOTIFICATION_DATE,ACCSUEDOFFICER_FNAME,ACCUSEDOFFICER_LNAME,ACCUSED_STAR,ACCUSED_UNIT,ACCUSED_DETAIL,ACCUSED_APPOINTMENT_DATE,ACCUSED_POSITION,INITIAL_CATEGORY_CODE,INITIAL_CATEGORY,CURRENT_CATEGORY_CODE,CURRENT_CATEGORY,CURRENT_STATUS,FINDING_CODE,INVOLVED_OFFICER_LNAME,INVOLVED_OFFICER_FNAME,INVOLVED_OFFICER_UNIT,INVOLVED_OFFICER_DETAIL,INVOLVED_OFFICER_POSITION,INVOLVED_OFFICER_AGE,INVOLVED_OFFICER_SEX,INVOLVED_OFFICER_RACE,foia,INVOLVED_OFFICER_DESCRIPTION,INVOLVED_OFFICER_TYPE,start_code_2,start_code_1,rec,sum_rec
1055681,624,79TH ST,1001,STREET,16jul2012 17:00:00,16jul2012 18:00:00,19jul2012,SANTOS,REYES,17832,006,,27sep2004,POLICE OFFICER,01A,USE OF PROFANITY,05A,EXCESSIVE FORCE / ON DUTY - INJURY,CLOSED/FINAL,UNFOUNDED,THOMAS,DEMETRIOUS,,,UNKNOWN,29,MALE,BLACK,apr2016,,,01,0,0,1
1055681,624,79TH ST,1001,STREET,16jul2012 17:00:00,16jul2012 18:00:00,19jul2012,,,,,,,,01A,USE OF PROFANITY,05A,EXCESSIVE FORCE / ON DUTY - INJURY,CLOSED/FINAL,UNFOUNDED,THOMAS,DEMETRIOUS,,,UNKNOWN,29,MALE,BLACK,apr2016,,,01,0,0,1
1055681,624,79TH ST,1001,STREET,16jul2012 17:00:00,16jul2012 18:00:00,19jul2012,SANTOS,REYES,17832,006,,27sep2004,POLICE OFFICER,01A,USE OF PROFANITY,05A,EXCESSIVE FORCE / ON DUTY - INJURY,CLOSED/FINAL,UNFOUNDED,THOMAS,DEMETRIOUS,,,UNKNOWN,27,MALE,BLACK,apr2016,,,01,0,0,1
1055681,624,79TH ST,1001,STREET,16jul2012 17:00:00,16jul2012 18:00:00,19jul2012,TODD,MUELLER,15562,312,,03jan2005,POLICE OFFICER,01A,USE OF PROFANITY,05A,EXCESSIVE FORCE / ON DUTY - INJURY,CLOSED/FINAL,EXONERATED,THOMAS,DEMETRIOUS,,,UNKNOWN,27,MALE,BLACK,apr2016,,,01,0,0,1
1055681,624,79TH ST,1001,STREET,16jul2012 17:00:00,16jul2012 18:00:00,19jul2012,,,,,,,,01A,USE OF PROFANITY,05A,EXCESSIVE FORCE / ON DUTY - INJURY,CLOSED/FINAL,UNFOUNDED,THOMAS,DEMETRIOUS,,,UNKNOWN,27,MALE,BLACK,apr2016,,,01,0,0,1
1055681,624,79TH ST,1001,STREET,16jul2012 17:00:00,16jul2012 18:00:00,19jul2012,TODD,MUELLER,15562,312,,03jan2005,POLICE OFFICER,01A,USE OF PROFANITY,05A,EXCESSIVE FORCE / ON DUTY - INJURY,CLOSED/FINAL,EXONERATED,THOMAS,DEMETRIOUS,,,UNKNOWN,29,MALE,BLACK,apr2016,,,01,0,0,1
