COMPLAINT_NUMBER,BEAT,STREET,ADDRESS,LOCATION_CODE,INCIDENT_TIME_START,INCIDENT_TIME_END,NOTIFICATION_DATE,ACCSUEDOFFICER_FNAME,ACCUSEDOFFICER_LNAME,ACCUSED_STAR,ACCUSED_UNIT,ACCUSED_DETAIL,ACCUSED_APPOINTMENT_DATE,ACCUSED_POSITION,INITIAL_CATEGORY_CODE,INITIAL_CATEGORY,CURRENT_CATEGORY_CODE,CURRENT_CATEGORY,CURRENT_STATUS,FINDING_CODE,INVOLVED_OFFICER_LNAME,INVOLVED_OFFICER_FNAME,INVOLVED_OFFICER_UNIT,INVOLVED_OFFICER_DETAIL,INVOLVED_OFFICER_POSITION,INVOLVED_OFFICER_AGE,INVOLVED_OFFICER_SEX,INVOLVED_OFFICER_RACE,foia,INVOLVED_OFFICER_DESCRIPTION,INVOLVED_OFFICER_TYPE,start_code_2,start_code_1,rec,sum_rec
1062434,124,HARRISON ST,555,GOVERNMENT BUILDING/PROPERTY,06sep2013 09:59:59,06sep2013 11:45:00,23may2013,,DAVIS,16503,044,145,30nov2012,POLICE OFFICER,S109,INJURY,05K,DOMESTIC ALTERCATION - PHYSICAL ABUSE,CLOSED/FINAL,UNFOUNDED,WARREN,HELEN,,,,,FEMALE,BLACK,apr2016,,,S1,S,0,1
1062434,124,HARRISON ST,555,GOVERNMENT BUILDING/PROPERTY,06sep2013 09:59:59,06sep2013 11:45:00,23may2013,,DAVIS,16503,044,145,30nov2012,POLICE OFFICER,S109,INJURY,05K,DOMESTIC ALTERCATION - PHYSICAL ABUSE,CLOSED/FINAL,UNFOUNDED,DOBBINS-WOODS,MICHELLE,,,,,FEMALE,BLACK,apr2016,,,S1,S,0,1
1062434,124,HARRISON ST,555,GOVERNMENT BUILDING/PROPERTY,06sep2013 09:59:59,06sep2013 11:45:00,23may2013,,DAVIS,16503,044,145,30nov2012,POLICE OFFICER,S109,INJURY,05K,DOMESTIC ALTERCATION - PHYSICAL ABUSE,CLOSED/FINAL,NOT SUSTAINED,,,,,UNKNOWN,,,,apr2016,,,S1,S,0,1
1062434,124,HARRISON ST,555,GOVERNMENT BUILDING/PROPERTY,06sep2013 09:59:59,06sep2013 11:45:00,23may2013,,DAVIS,16503,044,145,30nov2012,POLICE OFFICER,S109,INJURY,05K,DOMESTIC ALTERCATION - PHYSICAL ABUSE,CLOSED/FINAL,NOT SUSTAINED,COPPLESON,CORDELIA,,,,43,FEMALE,WHITE,apr2016,,,S1,S,1,1
1062434,124,HARRISON ST,555,GOVERNMENT BUILDING/PROPERTY,06sep2013 09:59:59,06sep2013 11:45:00,23may2013,,DAVIS,16503,044,145,30nov2012,POLICE OFFICER,S109,INJURY,05K,DOMESTIC ALTERCATION - PHYSICAL ABUSE,CLOSED/FINAL,NOT SUSTAINED,DOBBINS-WOODS,MICHELLE,,,,,FEMALE,BLACK,apr2016,,,S1,S,0,1
1062434,124,HARRISON ST,555,GOVERNMENT BUILDING/PROPERTY,06sep2013 09:59:59,06sep2013 11:45:00,23may2013,,DAVIS,16503,044,145,30nov2012,POLICE OFFICER,S109,INJURY,05K,DOMESTIC ALTERCATION - PHYSICAL ABUSE,CLOSED/FINAL,NOT SUSTAINED,NAUJOKS,PATRICIA,135,,DOMESTIC VIOLENCE AD,,FEMALE,WHITE,apr2016,,,S1,S,0,1
1062434,124,HARRISON ST,555,GOVERNMENT BUILDING/PROPERTY,06sep2013 09:59:59,06sep2013 11:45:00,23may2013,,DAVIS,16503,044,145,30nov2012,POLICE OFFICER,S109,INJURY,05K,DOMESTIC ALTERCATION - PHYSICAL ABUSE,CLOSED/FINAL,NOT SUSTAINED,SHELTON,KRYSTAL,,,UNKNOWN,28,FEMALE,BLACK,apr2016,,,S1,S,0,1
1062434,124,HARRISON ST,555,GOVERNMENT BUILDING/PROPERTY,06sep2013 09:59:59,06sep2013 11:45:00,23may2013,,DAVIS,16503,044,145,30nov2012,POLICE OFFICER,S109,INJURY,05K,DOMESTIC ALTERCATION - PHYSICAL ABUSE,CLOSED/FINAL,NOT SUSTAINED,FLETCHER,MATTHEW,,,,29,MALE,WHITE,apr2016,,,S1,S,0,1
1062434,124,HARRISON ST,555,GOVERNMENT BUILDING/PROPERTY,06sep2013 09:59:59,06sep2013 11:45:00,23may2013,,DAVIS,16503,044,145,30nov2012,POLICE OFFICER,S109,INJURY,05K,DOMESTIC ALTERCATION - PHYSICAL ABUSE,CLOSED/FINAL,NOT SUSTAINED,ADAME,CAROLYNN,,,,,FEMALE,WHITE,apr2016,,,S1,S,0,1
1062434,124,HARRISON ST,555,GOVERNMENT BUILDING/PROPERTY,06sep2013 09:59:59,06sep2013 11:45:00,23may2013,,DAVIS,16503,044,145,30nov2012,POLICE OFFICER,S109,INJURY,05K,DOMESTIC ALTERCATION - PHYSICAL ABUSE,CLOSED/FINAL,NOT SUSTAINED,WARREN,HELEN,,,,,FEMALE,BLACK,apr2016,,,S1,S,0,1
1062434,124,HARRISON ST,555,GOVERNMENT BUILDING/PROPERTY,06sep2013 09:59:59,06sep2013 11:45:00,23may2013,,DAVIS,16503,044,145,30nov2012,POLICE OFFICER,S109,INJURY,05K,DOMESTIC ALTERCATION - PHYSICAL ABUSE,CLOSED/FINAL,NOT SUSTAINED,,,,,UNKNOWN,,FEMALE,,apr2016,,,S1,S,0,1
1062434,124,HARRISON ST,555,GOVERNMENT BUILDING/PROPERTY,06sep2013 09:59:59,06sep2013 11:45:00,23may2013,,DAVIS,16503,044,145,30nov2012,POLICE OFFICER,S109,INJURY,05K,DOMESTIC ALTERCATION - PHYSICAL ABUSE,CLOSED/FINAL,UNFOUNDED,NAUJOKS,PATRICIA,135,,DOMESTIC VIOLENCE AD,,FEMALE,WHITE,apr2016,,,S1,S,0,1
1062434,124,HARRISON ST,555,GOVERNMENT BUILDING/PROPERTY,06sep2013 09:59:59,06sep2013 11:45:00,23may2013,,DAVIS,16503,044,145,30nov2012,POLICE OFFICER,S109,INJURY,05K,DOMESTIC ALTERCATION - PHYSICAL ABUSE,CLOSED/FINAL,UNFOUNDED,SHELTON,KRYSTAL,,,UNKNOWN,28,FEMALE,BLACK,apr2016,,,S1,S,0,1
1062434,124,HARRISON ST,555,GOVERNMENT BUILDING/PROPERTY,06sep2013 09:59:59,06sep2013 11:45:00,23may2013,,DAVIS,16503,044,145,30nov2012,POLICE OFFICER,S109,INJURY,05K,DOMESTIC ALTERCATION - PHYSICAL ABUSE,CLOSED/FINAL,UNFOUNDED,COPPLESON,CORDELIA,,,,43,FEMALE,WHITE,apr2016,,,S1,S,0,1
1062434,124,HARRISON ST,555,GOVERNMENT BUILDING/PROPERTY,06sep2013 09:59:59,06sep2013 11:45:00,23may2013,,DAVIS,16503,044,145,30nov2012,POLICE OFFICER,S109,INJURY,05K,DOMESTIC ALTERCATION - PHYSICAL ABUSE,CLOSED/FINAL,UNFOUNDED,FLETCHER,MATTHEW,,,,29,MALE,WHITE,apr2016,,,S1,S,0,1
1062434,124,HARRISON ST,555,GOVERNMENT BUILDING/PROPERTY,06sep2013 09:59:59,06sep2013 11:45:00,23may2013,,DAVIS,16503,044,145,30nov2012,POLICE OFFICER,S109,INJURY,05K,DOMESTIC ALTERCATION - PHYSICAL ABUSE,CLOSED/FINAL,NOT SUSTAINED,MEYERS,ALEXCION,,,UNKNOWN,,MALE,,apr2016,,,S1,S,0,1
1062434,124,HARRISON ST,555,GOVERNMENT BUILDING/PROPERTY,06sep2013 09:59:59,06sep2013 11:45:00,23may2013,,DAVIS,16503,044,145,30nov2012,POLICE OFFICER,S109,INJURY,05K,DOMESTIC ALTERCATION - PHYSICAL ABUSE,CLOSED/FINAL,UNFOUNDED,,,,,UNKNOWN,,FEMALE,,apr2016,,,S1,S,0,1
1062434,124,HARRISON ST,555,GOVERNMENT BUILDING/PROPERTY,06sep2013 09:59:59,06sep2013 11:45:00,23may2013,,DAVIS,16503,044,145,30nov2012,POLICE OFFICER,S109,INJURY,05K,DOMESTIC ALTERCATION - PHYSICAL ABUSE,CLOSED/FINAL,NOT SUSTAINED,DAVIS,ANJENITA,,,,25,FEMALE,BLACK,apr2016,,,S1,S,0,1
1062434,124,HARRISON ST,555,GOVERNMENT BUILDING/PROPERTY,06sep2013 09:59:59,06sep2013 11:45:00,23may2013,,DAVIS,16503,044,145,30nov2012,POLICE OFFICER,S109,INJURY,05K,DOMESTIC ALTERCATION - PHYSICAL ABUSE,CLOSED/FINAL,UNFOUNDED,ADAME,CAROLYNN,,,,,FEMALE,WHITE,apr2016,,,S1,S,0,1
1062434,124,HARRISON ST,555,GOVERNMENT BUILDING/PROPERTY,06sep2013 09:59:59,06sep2013 11:45:00,23may2013,,DAVIS,16503,044,145,30nov2012,POLICE OFFICER,S109,INJURY,05K,DOMESTIC ALTERCATION - PHYSICAL ABUSE,CLOSED/FINAL,UNFOUNDED,MEYERS,ALEXCION,,,UNKNOWN,,MALE,,apr2016,,,S1,S,0,1
1062434,124,HARRISON ST,555,GOVERNMENT BUILDING/PROPERTY,06sep2013 09:59:59,06sep2013 11:45:00,23may2013,,DAVIS,16503,044,145,30nov2012,POLICE OFFICER,S109,INJURY,05K,DOMESTIC ALTERCATION - PHYSICAL ABUSE,CLOSED/FINAL,UNFOUNDED,,,,,UNKNOWN,,,,apr2016,,,S1,S,0,1
1062434,124,HARRISON ST,555,GOVERNMENT BUILDING/PROPERTY,06sep2013 09:59:59,06sep2013 11:45:00,23may2013,,DAVIS,16503,044,145,30nov2012,POLICE OFFICER,S109,INJURY,05K,DOMESTIC ALTERCATION - PHYSICAL ABUSE,CLOSED/FINAL,NOT SUSTAINED,PEREZ,MARTIN,,,,,MALE,WHITE HISPANIC,apr2016,,,S1,S,0,1
1062434,124,HARRISON ST,555,GOVERNMENT BUILDING/PROPERTY,06sep2013 09:59:59,06sep2013 11:45:00,23may2013,,DAVIS,16503,044,145,30nov2012,POLICE OFFICER,S109,INJURY,05K,DOMESTIC ALTERCATION - PHYSICAL ABUSE,CLOSED/FINAL,UNFOUNDED,PEREZ,MARTIN,,,,,MALE,WHITE HISPANIC,apr2016,,,S1,S,0,1
1062434,124,HARRISON ST,555,GOVERNMENT BUILDING/PROPERTY,06sep2013 09:59:59,06sep2013 11:45:00,23may2013,,DAVIS,16503,044,145,30nov2012,POLICE OFFICER,S109,INJURY,05K,DOMESTIC ALTERCATION - PHYSICAL ABUSE,CLOSED/FINAL,UNFOUNDED,DAVIS,ANJENITA,,,,25,FEMALE,BLACK,apr2016,,,S1,S,0,1
