COMPLAINT_NUMBER,BEAT,STREET,ADDRESS,LOCATION_CODE,INCIDENT_TIME_START,INCIDENT_TIME_END,NOTIFICATION_DATE,ACCSUEDOFFICER_FNAME,ACCUSEDOFFICER_LNAME,ACCUSED_STAR,ACCUSED_UNIT,ACCUSED_DETAIL,ACCUSED_APPOINTMENT_DATE,ACCUSED_POSITION,INITIAL_CATEGORY_CODE,INITIAL_CATEGORY,CURRENT_CATEGORY_CODE,CURRENT_CATEGORY,CURRENT_STATUS,FINDING_CODE,INVOLVED_OFFICER_LNAME,INVOLVED_OFFICER_FNAME,INVOLVED_OFFICER_UNIT,INVOLVED_OFFICER_DETAIL,INVOLVED_OFFICER_POSITION,INVOLVED_OFFICER_AGE,INVOLVED_OFFICER_SEX,INVOLVED_OFFICER_RACE,foia,INVOLVED_OFFICER_DESCRIPTION,INVOLVED_OFFICER_TYPE,start_code_2,start_code_1,rec,sum_rec
1062290,1723,RIDGEWAY AVE,4328,RESIDENCE,16may2013 15:00:00,16may2013 15:00:00,17may2013,,,,,,,,05P,UNNECESSARY DISPLAY OF WEAPON / ON DUTY,05P,UNNECESSARY DISPLAY OF WEAPON / ON DUTY,CLOSED/FINAL,NOT SUSTAINED,ADERMAN,TAHSEEN,,,UNKNOWN,,FEMALE,,apr2016,,,05,0,0,1
1062290,1723,RIDGEWAY AVE,4328,RESIDENCE,16may2013 15:00:00,16may2013 15:00:00,17may2013,,,,,,,,05P,UNNECESSARY DISPLAY OF WEAPON / ON DUTY,05P,UNNECESSARY DISPLAY OF WEAPON / ON DUTY,CLOSED/FINAL,UNFOUNDED,ADERMAN,TAHSEEN,,,UNKNOWN,,FEMALE,,apr2016,,,05,0,0,1
1062290,1723,RIDGEWAY AVE,4328,RESIDENCE,16may2013 15:00:00,16may2013 15:00:00,17may2013,,,,,,,,05P,UNNECESSARY DISPLAY OF WEAPON / ON DUTY,05P,UNNECESSARY DISPLAY OF WEAPON / ON DUTY,CLOSED/FINAL,NOT SUSTAINED,GARCIA,ANGEL,,,UNKNOWN,,MALE,,apr2016,,,05,0,0,1
1062290,1723,RIDGEWAY AVE,4328,RESIDENCE,16may2013 15:00:00,16may2013 15:00:00,17may2013,,CATO,1321,189,,16dec1991,SERGEANT OF POLICE,05P,UNNECESSARY DISPLAY OF WEAPON / ON DUTY,05P,UNNECESSARY DISPLAY OF WEAPON / ON DUTY,CLOSED/FINAL,NO AFFIDAVIT,ADERMAN,TAHSEEN,,,UNKNOWN,,FEMALE,,apr2016,,,05,0,0,1
1062290,1723,RIDGEWAY AVE,4328,RESIDENCE,16may2013 15:00:00,16may2013 15:00:00,17may2013,,CATO,1321,189,,16dec1991,SERGEANT OF POLICE,05P,UNNECESSARY DISPLAY OF WEAPON / ON DUTY,05P,UNNECESSARY DISPLAY OF WEAPON / ON DUTY,CLOSED/FINAL,UNFOUNDED,GARCIA,ANGEL,,,UNKNOWN,,MALE,,apr2016,,,05,0,0,1
1062290,1723,RIDGEWAY AVE,4328,RESIDENCE,16may2013 15:00:00,16may2013 15:00:00,17may2013,,CATO,1321,189,,16dec1991,SERGEANT OF POLICE,05P,UNNECESSARY DISPLAY OF WEAPON / ON DUTY,05P,UNNECESSARY DISPLAY OF WEAPON / ON DUTY,CLOSED/FINAL,UNFOUNDED,ADERMAN,TAHSEEN,,,UNKNOWN,,FEMALE,,apr2016,,,05,0,0,1
1062290,1723,RIDGEWAY AVE,4328,RESIDENCE,16may2013 15:00:00,16may2013 15:00:00,17may2013,,,,,,,,05P,UNNECESSARY DISPLAY OF WEAPON / ON DUTY,05P,UNNECESSARY DISPLAY OF WEAPON / ON DUTY,CLOSED/FINAL,UNFOUNDED,GARCIA,ANGEL,,,UNKNOWN,,MALE,,apr2016,,,05,0,0,1
1062290,1723,RIDGEWAY AVE,4328,RESIDENCE,16may2013 15:00:00,16may2013 15:00:00,17may2013,,CATO,1321,189,,16dec1991,SERGEANT OF POLICE,05P,UNNECESSARY DISPLAY OF WEAPON / ON DUTY,05P,UNNECESSARY DISPLAY OF WEAPON / ON DUTY,CLOSED/FINAL,NO AFFIDAVIT,GARCIA,ANGEL,,,UNKNOWN,,MALE,,apr2016,,,05,0,0,1
