COMPLAINT_NUMBER,BEAT,STREET,ADDRESS,LOCATION_CODE,INCIDENT_TIME_START,INCIDENT_TIME_END,NOTIFICATION_DATE,ACCSUEDOFFICER_FNAME,ACCUSEDOFFICER_LNAME,ACCUSED_STAR,ACCUSED_UNIT,ACCUSED_DETAIL,ACCUSED_APPOINTMENT_DATE,ACCUSED_POSITION,INITIAL_CATEGORY_CODE,INITIAL_CATEGORY,CURRENT_CATEGORY_CODE,CURRENT_CATEGORY,CURRENT_STATUS,FINDING_CODE,INVOLVED_OFFICER_LNAME,INVOLVED_OFFICER_FNAME,INVOLVED_OFFICER_UNIT,INVOLVED_OFFICER_DETAIL,INVOLVED_OFFICER_POSITION,INVOLVED_OFFICER_AGE,INVOLVED_OFFICER_SEX,INVOLVED_OFFICER_RACE,foia,INVOLVED_OFFICER_DESCRIPTION,INVOLVED_OFFICER_TYPE,start_code_2,start_code_1,rec,sum_rec
1058250,1023,WESTERN AVE,1920,STREET,30oct2012 20:50:00,30oct2012 20:50:00,07nov2012,,,,,,,,05M,UNNECESSARY PHYSICAL CONTACT / ON DUTY - NO INJURY,S117,PUSH/PULL/GRAB,CLOSED/FINAL,NOT SUSTAINED,LUNA,SOCORRO,,,UNKNOWN,54,FEMALE,WHITE HISPANIC,apr2016,,,05,0,0,1
1058250,1023,WESTERN AVE,1920,STREET,30oct2012 20:50:00,30oct2012 20:50:00,07nov2012,,,,,,,,05M,UNNECESSARY PHYSICAL CONTACT / ON DUTY - NO INJURY,S117,PUSH/PULL/GRAB,CLOSED/FINAL,NOT SUSTAINED,SOTO,JESSE,,,UNKNOWN,21,MALE,WHITE HISPANIC,apr2016,,,05,0,0,1
1058250,1023,WESTERN AVE,1920,STREET,30oct2012 20:50:00,30oct2012 20:50:00,07nov2012,TARA,RICHARDSON,3460,012,,30oct2006,POLICE OFFICER,05M,UNNECESSARY PHYSICAL CONTACT / ON DUTY - NO INJURY,S117,PUSH/PULL/GRAB,CLOSED/FINAL,UNFOUNDED,LUNA,SOCORRO,,,UNKNOWN,54,FEMALE,WHITE HISPANIC,apr2016,,,05,0,0,1
1058250,1023,WESTERN AVE,1920,STREET,30oct2012 20:50:00,30oct2012 20:50:00,07nov2012,ERIKA,WOOSLEY,7190,012,,25aug2003,POLICE OFFICER,05M,UNNECESSARY PHYSICAL CONTACT / ON DUTY - NO INJURY,S117,PUSH/PULL/GRAB,CLOSED/FINAL,UNFOUNDED,LUNA,SOCORRO,,,UNKNOWN,53,FEMALE,WHITE HISPANIC,apr2016,,,05,0,0,1
1058250,1023,WESTERN AVE,1920,STREET,30oct2012 20:50:00,30oct2012 20:50:00,07nov2012,,,,,,,,05M,UNNECESSARY PHYSICAL CONTACT / ON DUTY - NO INJURY,S117,PUSH/PULL/GRAB,CLOSED/FINAL,NOT SUSTAINED,LUNA,SOCORRO,,,UNKNOWN,53,FEMALE,WHITE HISPANIC,apr2016,,,05,0,1,1
1058250,1023,WESTERN AVE,1920,STREET,30oct2012 20:50:00,30oct2012 20:50:00,07nov2012,ERIKA,WOOSLEY,7190,012,,25aug2003,POLICE OFFICER,05M,UNNECESSARY PHYSICAL CONTACT / ON DUTY - NO INJURY,S117,PUSH/PULL/GRAB,CLOSED/FINAL,UNFOUNDED,SOTO,JESSE,,,UNKNOWN,21,MALE,WHITE HISPANIC,apr2016,,,05,0,0,1
1058250,1023,WESTERN AVE,1920,STREET,30oct2012 20:50:00,30oct2012 20:50:00,07nov2012,TARA,RICHARDSON,3460,012,,30oct2006,POLICE OFFICER,05M,UNNECESSARY PHYSICAL CONTACT / ON DUTY - NO INJURY,S117,PUSH/PULL/GRAB,CLOSED/FINAL,UNFOUNDED,SOTO,JESSE,,,UNKNOWN,21,MALE,WHITE HISPANIC,apr2016,,,05,0,0,1
1058250,1023,WESTERN AVE,1920,STREET,30oct2012 20:50:00,30oct2012 20:50:00,07nov2012,ERIKA,WOOSLEY,7190,012,,25aug2003,POLICE OFFICER,05M,UNNECESSARY PHYSICAL CONTACT / ON DUTY - NO INJURY,S117,PUSH/PULL/GRAB,CLOSED/FINAL,UNFOUNDED,LUNA,SOCORRO,,,UNKNOWN,54,FEMALE,WHITE HISPANIC,apr2016,,,05,0,0,1
1058250,1023,WESTERN AVE,1920,STREET,30oct2012 20:50:00,30oct2012 20:50:00,07nov2012,TARA,RICHARDSON,3460,012,,30oct2006,POLICE OFFICER,05M,UNNECESSARY PHYSICAL CONTACT / ON DUTY - NO INJURY,S117,PUSH/PULL/GRAB,CLOSED/FINAL,UNFOUNDED,LUNA,SOCORRO,,,UNKNOWN,53,FEMALE,WHITE HISPANIC,apr2016,,,05,0,0,1
