COMPLAINT_NUMBER,BEAT,STREET,ADDRESS,LOCATION_CODE,INCIDENT_TIME_START,INCIDENT_TIME_END,NOTIFICATION_DATE,ACCSUEDOFFICER_FNAME,ACCUSEDOFFICER_LNAME,ACCUSED_STAR,ACCUSED_UNIT,ACCUSED_DETAIL,ACCUSED_APPOINTMENT_DATE,ACCUSED_POSITION,INITIAL_CATEGORY_CODE,INITIAL_CATEGORY,CURRENT_CATEGORY_CODE,CURRENT_CATEGORY,CURRENT_STATUS,FINDING_CODE,INVOLVED_OFFICER_LNAME,INVOLVED_OFFICER_FNAME,INVOLVED_OFFICER_UNIT,INVOLVED_OFFICER_DETAIL,INVOLVED_OFFICER_POSITION,INVOLVED_OFFICER_AGE,INVOLVED_OFFICER_SEX,INVOLVED_OFFICER_RACE,foia,INVOLVED_OFFICER_DESCRIPTION,INVOLVED_OFFICER_TYPE,start_code_2,start_code_1,rec,sum_rec
1062788,1923,ADDISON ST,1060,SIDEWALK,10jun2013 19:30:00,10jun2013 19:30:00,10jun2013,,BANDYK,4423,145,,07dec1987,POLICE OFFICER,05M,UNNECESSARY PHYSICAL CONTACT / ON DUTY - NO INJURY,S117,PUSH/PULL/GRAB,CLOSED/FINAL,NOT SUSTAINED,PERRY,STEVE,,,UNKNOWN,44,MALE,WHITE,apr2016,,,05,0,0,1
1062788,1923,ADDISON ST,1060,SIDEWALK,10jun2013 19:30:00,10jun2013 19:30:00,10jun2013,,BANDYK,4423,145,,07dec1987,POLICE OFFICER,05M,UNNECESSARY PHYSICAL CONTACT / ON DUTY - NO INJURY,S117,PUSH/PULL/GRAB,CLOSED/FINAL,EXONERATED,KUZMANOVSKI,GEORGE,145,,POLICE OFFICER,,MALE,WHITE,apr2016,,,05,0,0,1
1062788,1923,ADDISON ST,1060,SIDEWALK,10jun2013 19:30:00,10jun2013 19:30:00,10jun2013,,ANDRADE,7697,145,,27mar1991,POLICE OFFICER,05M,UNNECESSARY PHYSICAL CONTACT / ON DUTY - NO INJURY,S117,PUSH/PULL/GRAB,CLOSED/FINAL,UNFOUNDED,KUZMANOVSKI,GEORGE,145,,POLICE OFFICER,,MALE,WHITE,apr2016,,,05,0,0,1
1062788,1923,ADDISON ST,1060,SIDEWALK,10jun2013 19:30:00,10jun2013 19:30:00,10jun2013,,,,,,,,05M,UNNECESSARY PHYSICAL CONTACT / ON DUTY - NO INJURY,S117,PUSH/PULL/GRAB,CLOSED/FINAL,UNFOUNDED,KUZMANOVSKI,GEORGE,145,,POLICE OFFICER,,MALE,WHITE,apr2016,,,05,0,0,1
1062788,1923,ADDISON ST,1060,SIDEWALK,10jun2013 19:30:00,10jun2013 19:30:00,10jun2013,,ANDRADE,7697,145,,27mar1991,POLICE OFFICER,05M,UNNECESSARY PHYSICAL CONTACT / ON DUTY - NO INJURY,S117,PUSH/PULL/GRAB,CLOSED/FINAL,NOT SUSTAINED,KUZMANOVSKI,GEORGE,145,,POLICE OFFICER,,MALE,WHITE,apr2016,,,05,0,0,1
1062788,1923,ADDISON ST,1060,SIDEWALK,10jun2013 19:30:00,10jun2013 19:30:00,10jun2013,,,,,,,,05M,UNNECESSARY PHYSICAL CONTACT / ON DUTY - NO INJURY,S117,PUSH/PULL/GRAB,CLOSED/FINAL,UNFOUNDED,PERRY,STEVE,,,UNKNOWN,44,MALE,WHITE,apr2016,,,05,0,0,1
1062788,1923,ADDISON ST,1060,SIDEWALK,10jun2013 19:30:00,10jun2013 19:30:00,10jun2013,,,,,,,,05M,UNNECESSARY PHYSICAL CONTACT / ON DUTY - NO INJURY,S117,PUSH/PULL/GRAB,CLOSED/FINAL,NOT SUSTAINED,KUZMANOVSKI,GEORGE,145,,POLICE OFFICER,,MALE,WHITE,apr2016,,,05,0,0,1
1062788,1923,ADDISON ST,1060,SIDEWALK,10jun2013 19:30:00,10jun2013 19:30:00,10jun2013,,ANDRADE,7697,145,,27mar1991,POLICE OFFICER,05M,UNNECESSARY PHYSICAL CONTACT / ON DUTY - NO INJURY,S117,PUSH/PULL/GRAB,CLOSED/FINAL,UNFOUNDED,PERRY,STEVE,,,UNKNOWN,44,MALE,WHITE,apr2016,,,05,0,0,1
1062788,1923,ADDISON ST,1060,SIDEWALK,10jun2013 19:30:00,10jun2013 19:30:00,10jun2013,,BANDYK,4423,145,,07dec1987,POLICE OFFICER,05M,UNNECESSARY PHYSICAL CONTACT / ON DUTY - NO INJURY,S117,PUSH/PULL/GRAB,CLOSED/FINAL,EXONERATED,PERRY,STEVE,,,UNKNOWN,44,MALE,WHITE,apr2016,,,05,0,0,1
1062788,1923,ADDISON ST,1060,SIDEWALK,10jun2013 19:30:00,10jun2013 19:30:00,10jun2013,,ANDRADE,7697,145,,27mar1991,POLICE OFFICER,05M,UNNECESSARY PHYSICAL CONTACT / ON DUTY - NO INJURY,S117,PUSH/PULL/GRAB,CLOSED/FINAL,NOT SUSTAINED,PERRY,STEVE,,,UNKNOWN,44,MALE,WHITE,apr2016,,,05,0,0,1
1062788,1923,ADDISON ST,1060,SIDEWALK,10jun2013 19:30:00,10jun2013 19:30:00,10jun2013,,HITIRIS,1043,019,,26mar1990,SERGEANT OF POLICE,05M,UNNECESSARY PHYSICAL CONTACT / ON DUTY - NO INJURY,S117,PUSH/PULL/GRAB,CLOSED/FINAL,EXONERATED,KUZMANOVSKI,GEORGE,145,,POLICE OFFICER,,MALE,WHITE,apr2016,,,05,0,0,1
1062788,1923,ADDISON ST,1060,SIDEWALK,10jun2013 19:30:00,10jun2013 19:30:00,10jun2013,,HITIRIS,1043,019,,26mar1990,SERGEANT OF POLICE,05M,UNNECESSARY PHYSICAL CONTACT / ON DUTY - NO INJURY,S117,PUSH/PULL/GRAB,CLOSED/FINAL,UNFOUNDED,PERRY,STEVE,,,UNKNOWN,44,MALE,WHITE,apr2016,,,05,0,0,1
1062788,1923,ADDISON ST,1060,SIDEWALK,10jun2013 19:30:00,10jun2013 19:30:00,10jun2013,,HITIRIS,1043,019,,26mar1990,SERGEANT OF POLICE,05M,UNNECESSARY PHYSICAL CONTACT / ON DUTY - NO INJURY,S117,PUSH/PULL/GRAB,CLOSED/FINAL,EXONERATED,PERRY,STEVE,,,UNKNOWN,44,MALE,WHITE,apr2016,,,05,0,0,1
1062788,1923,ADDISON ST,1060,SIDEWALK,10jun2013 19:30:00,10jun2013 19:30:00,10jun2013,,,,,,,,05M,UNNECESSARY PHYSICAL CONTACT / ON DUTY - NO INJURY,S117,PUSH/PULL/GRAB,CLOSED/FINAL,NOT SUSTAINED,PERRY,STEVE,,,UNKNOWN,44,MALE,WHITE,apr2016,,,05,0,0,1
1062788,1923,ADDISON ST,1060,SIDEWALK,10jun2013 19:30:00,10jun2013 19:30:00,10jun2013,,HITIRIS,1043,019,,26mar1990,SERGEANT OF POLICE,05M,UNNECESSARY PHYSICAL CONTACT / ON DUTY - NO INJURY,S117,PUSH/PULL/GRAB,CLOSED/FINAL,UNFOUNDED,KUZMANOVSKI,GEORGE,145,,POLICE OFFICER,,MALE,WHITE,apr2016,,,05,0,0,1
1062788,1923,ADDISON ST,1060,SIDEWALK,10jun2013 19:30:00,10jun2013 19:30:00,10jun2013,,BANDYK,4423,145,,07dec1987,POLICE OFFICER,05M,UNNECESSARY PHYSICAL CONTACT / ON DUTY - NO INJURY,S117,PUSH/PULL/GRAB,CLOSED/FINAL,NOT SUSTAINED,KUZMANOVSKI,GEORGE,145,,POLICE OFFICER,,MALE,WHITE,apr2016,,,05,0,0,1
