COMPLAINT_NUMBER,BEAT,STREET,ADDRESS,LOCATION_CODE,INCIDENT_TIME_START,INCIDENT_TIME_END,NOTIFICATION_DATE,ACCSUEDOFFICER_FNAME,ACCUSEDOFFICER_LNAME,ACCUSED_STAR,ACCUSED_UNIT,ACCUSED_DETAIL,ACCUSED_APPOINTMENT_DATE,ACCUSED_POSITION,INITIAL_CATEGORY_CODE,INITIAL_CATEGORY,CURRENT_CATEGORY_CODE,CURRENT_CATEGORY,CURRENT_STATUS,FINDING_CODE,INVOLVED_OFFICER_LNAME,INVOLVED_OFFICER_FNAME,INVOLVED_OFFICER_UNIT,INVOLVED_OFFICER_DETAIL,INVOLVED_OFFICER_POSITION,INVOLVED_OFFICER_AGE,INVOLVED_OFFICER_SEX,INVOLVED_OFFICER_RACE,foia,INVOLVED_OFFICER_DESCRIPTION,INVOLVED_OFFICER_TYPE,start_code_2,start_code_1,rec,sum_rec
1054999,1114,KARLOV AVE,133,RESIDENCE,21jun2012 17:00:59,21jun2012 17:00:59,23jun2012,SAMUEL,TRUESDALE,11035,011,,27mar2006,POLICE OFFICER,05P,UNNECESSARY DISPLAY OF WEAPON / ON DUTY,05A,EXCESSIVE FORCE / ON DUTY - INJURY,CLOSED/FINAL,UNFOUNDED,BRACHO,ARTURO,011,,POLICE OFFICER,,MALE,SPANISH (DO NOT USE),apr2016,,,05,0,0,1
1054999,1114,KARLOV AVE,133,RESIDENCE,21jun2012 17:00:59,21jun2012 17:00:59,23jun2012,CHRISTOPH,DECANTO,16028,011,,29aug2005,POLICE OFFICER,05P,UNNECESSARY DISPLAY OF WEAPON / ON DUTY,05A,EXCESSIVE FORCE / ON DUTY - INJURY,CLOSED/FINAL,UNFOUNDED,JOLLIFF-BLAKE,MICHAEL,189,,POLICE OFFICER,,MALE,WHITE,apr2016,,,05,0,0,1
1054999,1114,KARLOV AVE,133,RESIDENCE,21jun2012 17:00:59,21jun2012 17:00:59,23jun2012,CHRISTOPH,DECANTO,16028,011,,29aug2005,POLICE OFFICER,05P,UNNECESSARY DISPLAY OF WEAPON / ON DUTY,05A,EXCESSIVE FORCE / ON DUTY - INJURY,CLOSED/FINAL,UNFOUNDED,TRUESDALE,SAMUEL,011,,POLICE OFFICER,,MALE,WHITE,apr2016,,,05,0,0,1
1054999,1114,KARLOV AVE,133,RESIDENCE,21jun2012 17:00:59,21jun2012 17:00:59,23jun2012,ANTHONY,BABICZ,12652,011,211,27sep2004,POLICE OFFICER,05P,UNNECESSARY DISPLAY OF WEAPON / ON DUTY,05A,EXCESSIVE FORCE / ON DUTY - INJURY,CLOSED/FINAL,UNFOUNDED,CONLEY,REFUSED ,,,UNKNOWN,,FEMALE,BLACK,apr2016,,,05,0,0,1
1054999,1114,KARLOV AVE,133,RESIDENCE,21jun2012 17:00:59,21jun2012 17:00:59,23jun2012,CHRISTOPH,DECANTO,16028,011,,29aug2005,POLICE OFFICER,05P,UNNECESSARY DISPLAY OF WEAPON / ON DUTY,05A,EXCESSIVE FORCE / ON DUTY - INJURY,CLOSED/FINAL,UNFOUNDED,SANCHEZ,CARLOS,011,,POLICE OFFICER,,MALE,SPANISH (DO NOT USE),apr2016,,,05,0,0,1
1054999,1114,KARLOV AVE,133,RESIDENCE,21jun2012 17:00:59,21jun2012 17:00:59,23jun2012,SAMUEL,TRUESDALE,11035,011,,27mar2006,POLICE OFFICER,05P,UNNECESSARY DISPLAY OF WEAPON / ON DUTY,05A,EXCESSIVE FORCE / ON DUTY - INJURY,CLOSED/FINAL,UNFOUNDED,BUCKNER,SHERRY,011,,POLICE OFFICER,,FEMALE,BLACK,apr2016,,,05,0,0,1
1054999,1114,KARLOV AVE,133,RESIDENCE,21jun2012 17:00:59,21jun2012 17:00:59,23jun2012,SAMUEL,TRUESDALE,11035,011,,27mar2006,POLICE OFFICER,05P,UNNECESSARY DISPLAY OF WEAPON / ON DUTY,05A,EXCESSIVE FORCE / ON DUTY - INJURY,CLOSED/FINAL,UNFOUNDED,LAGUNAS,ALEJANDRO,011,,POLICE OFFICER,,MALE,SPANISH (DO NOT USE),apr2016,,,05,0,0,1
1054999,1114,KARLOV AVE,133,RESIDENCE,21jun2012 17:00:59,21jun2012 17:00:59,23jun2012,CHRISTOPH,DECANTO,16028,011,,29aug2005,POLICE OFFICER,05P,UNNECESSARY DISPLAY OF WEAPON / ON DUTY,05A,EXCESSIVE FORCE / ON DUTY - INJURY,CLOSED/FINAL,UNFOUNDED,BRACHO,ARTURO,011,,POLICE OFFICER,,MALE,SPANISH (DO NOT USE),apr2016,,,05,0,0,1
1054999,1114,KARLOV AVE,133,RESIDENCE,21jun2012 17:00:59,21jun2012 17:00:59,23jun2012,CHRISTOPH,DECANTO,16028,011,,29aug2005,POLICE OFFICER,05P,UNNECESSARY DISPLAY OF WEAPON / ON DUTY,05A,EXCESSIVE FORCE / ON DUTY - INJURY,CLOSED/FINAL,UNFOUNDED,BELUSO,ANDREW,011,,POLICE OFFICER,,MALE,ASIAN/PACIFIC ISLANDER,apr2016,,,05,0,0,1
1054999,1114,KARLOV AVE,133,RESIDENCE,21jun2012 17:00:59,21jun2012 17:00:59,23jun2012,SAMUEL,TRUESDALE,11035,011,,27mar2006,POLICE OFFICER,05P,UNNECESSARY DISPLAY OF WEAPON / ON DUTY,05A,EXCESSIVE FORCE / ON DUTY - INJURY,CLOSED/FINAL,UNFOUNDED,JONES,ANDREW,011,,POLICE OFFICER,,MALE,BLACK,apr2016,,,05,0,0,1
1054999,1114,KARLOV AVE,133,RESIDENCE,21jun2012 17:00:59,21jun2012 17:00:59,23jun2012,,,,,,,,05P,UNNECESSARY DISPLAY OF WEAPON / ON DUTY,05A,EXCESSIVE FORCE / ON DUTY - INJURY,CLOSED/FINAL,NOT SUSTAINED,SULLINS,EDWARD,011,,SERGEANT OF POLICE,,MALE,ASIAN/PACIFIC ISLANDER,apr2016,,,05,0,0,1
1054999,1114,KARLOV AVE,133,RESIDENCE,21jun2012 17:00:59,21jun2012 17:00:59,23jun2012,CHRISTOPH,DECANTO,16028,011,,29aug2005,POLICE OFFICER,05P,UNNECESSARY DISPLAY OF WEAPON / ON DUTY,05A,EXCESSIVE FORCE / ON DUTY - INJURY,CLOSED/FINAL,UNFOUNDED,CONLEY ,ANTHONY,,,UNKNOWN,30,MALE,BLACK,apr2016,,,05,0,0,1
1054999,1114,KARLOV AVE,133,RESIDENCE,21jun2012 17:00:59,21jun2012 17:00:59,23jun2012,SAMUEL,TRUESDALE,11035,011,,27mar2006,POLICE OFFICER,05P,UNNECESSARY DISPLAY OF WEAPON / ON DUTY,05A,EXCESSIVE FORCE / ON DUTY - INJURY,CLOSED/FINAL,UNFOUNDED,TRUESDALE,SAMUEL,011,,POLICE OFFICER,,MALE,WHITE,apr2016,,,05,0,0,1
1054999,1114,KARLOV AVE,133,RESIDENCE,21jun2012 17:00:59,21jun2012 17:00:59,23jun2012,,,,,,,,05P,UNNECESSARY DISPLAY OF WEAPON / ON DUTY,05A,EXCESSIVE FORCE / ON DUTY - INJURY,CLOSED/FINAL,NOT SUSTAINED,BELUSO,ANDREW,011,,POLICE OFFICER,,MALE,ASIAN/PACIFIC ISLANDER,apr2016,,,05,0,0,1
1054999,1114,KARLOV AVE,133,RESIDENCE,21jun2012 17:00:59,21jun2012 17:00:59,23jun2012,ANTHONY,BABICZ,12652,011,211,27sep2004,POLICE OFFICER,05P,UNNECESSARY DISPLAY OF WEAPON / ON DUTY,05A,EXCESSIVE FORCE / ON DUTY - INJURY,CLOSED/FINAL,UNFOUNDED,JOLLIFF-BLAKE,MICHAEL,189,,POLICE OFFICER,,MALE,WHITE,apr2016,,,05,0,0,1
1054999,1114,KARLOV AVE,133,RESIDENCE,21jun2012 17:00:59,21jun2012 17:00:59,23jun2012,SAMUEL,TRUESDALE,11035,011,,27mar2006,POLICE OFFICER,05P,UNNECESSARY DISPLAY OF WEAPON / ON DUTY,05A,EXCESSIVE FORCE / ON DUTY - INJURY,CLOSED/FINAL,UNFOUNDED,JOLLIFF-BLAKE,MICHAEL,189,,POLICE OFFICER,,MALE,WHITE,apr2016,,,05,0,0,1
1054999,1114,KARLOV AVE,133,RESIDENCE,21jun2012 17:00:59,21jun2012 17:00:59,23jun2012,SAMUEL,TRUESDALE,11035,011,,27mar2006,POLICE OFFICER,05P,UNNECESSARY DISPLAY OF WEAPON / ON DUTY,05A,EXCESSIVE FORCE / ON DUTY - INJURY,CLOSED/FINAL,UNFOUNDED,CONLEY ,ANTHONY,,,UNKNOWN,30,MALE,BLACK,apr2016,,,05,0,0,1
1054999,1114,KARLOV AVE,133,RESIDENCE,21jun2012 17:00:59,21jun2012 17:00:59,23jun2012,,,,,,,,05P,UNNECESSARY DISPLAY OF WEAPON / ON DUTY,05A,EXCESSIVE FORCE / ON DUTY - INJURY,CLOSED/FINAL,NOT SUSTAINED,CONLEY ,ANTHONY,,,UNKNOWN,30,MALE,BLACK,apr2016,,,05,0,1,1
1054999,1114,KARLOV AVE,133,RESIDENCE,21jun2012 17:00:59,21jun2012 17:00:59,23jun2012,,,,,,,,05P,UNNECESSARY DISPLAY OF WEAPON / ON DUTY,05A,EXCESSIVE FORCE / ON DUTY - INJURY,CLOSED/FINAL,NOT SUSTAINED,KEANE,THOMAS,011,,SERGEANT OF POLICE,,MALE,WHITE,apr2016,,,05,0,0,1
1054999,1114,KARLOV AVE,133,RESIDENCE,21jun2012 17:00:59,21jun2012 17:00:59,23jun2012,,,,,,,,05P,UNNECESSARY DISPLAY OF WEAPON / ON DUTY,05A,EXCESSIVE FORCE / ON DUTY - INJURY,CLOSED/FINAL,NOT SUSTAINED,TRUESDALE,SAMUEL,011,,POLICE OFFICER,,MALE,WHITE,apr2016,,,05,0,0,1
1054999,1114,KARLOV AVE,133,RESIDENCE,21jun2012 17:00:59,21jun2012 17:00:59,23jun2012,SAMUEL,TRUESDALE,11035,011,,27mar2006,POLICE OFFICER,05P,UNNECESSARY DISPLAY OF WEAPON / ON DUTY,05A,EXCESSIVE FORCE / ON DUTY - INJURY,CLOSED/FINAL,UNFOUNDED,CARTER,RICO,011,,POLICE OFFICER,,MALE,BLACK,apr2016,,,05,0,0,1
1054999,1114,KARLOV AVE,133,RESIDENCE,21jun2012 17:00:59,21jun2012 17:00:59,23jun2012,,,,,,,,05P,UNNECESSARY DISPLAY OF WEAPON / ON DUTY,05A,EXCESSIVE FORCE / ON DUTY - INJURY,CLOSED/FINAL,NOT SUSTAINED,JOLLIFF-BLAKE,MICHAEL,189,,POLICE OFFICER,,MALE,WHITE,apr2016,,,05,0,0,1
1054999,1114,KARLOV AVE,133,RESIDENCE,21jun2012 17:00:59,21jun2012 17:00:59,23jun2012,,,,,,,,05P,UNNECESSARY DISPLAY OF WEAPON / ON DUTY,05A,EXCESSIVE FORCE / ON DUTY - INJURY,CLOSED/FINAL,NOT SUSTAINED,BRACHO,ARTURO,011,,POLICE OFFICER,,MALE,SPANISH (DO NOT USE),apr2016,,,05,0,0,1
1054999,1114,KARLOV AVE,133,RESIDENCE,21jun2012 17:00:59,21jun2012 17:00:59,23jun2012,ANTHONY,BABICZ,12652,011,211,27sep2004,POLICE OFFICER,05P,UNNECESSARY DISPLAY OF WEAPON / ON DUTY,05A,EXCESSIVE FORCE / ON DUTY - INJURY,CLOSED/FINAL,UNFOUNDED,KEANE,THOMAS,011,,SERGEANT OF POLICE,,MALE,WHITE,apr2016,,,05,0,0,1
1054999,1114,KARLOV AVE,133,RESIDENCE,21jun2012 17:00:59,21jun2012 17:00:59,23jun2012,ANTHONY,BABICZ,12652,011,211,27sep2004,POLICE OFFICER,05P,UNNECESSARY DISPLAY OF WEAPON / ON DUTY,05A,EXCESSIVE FORCE / ON DUTY - INJURY,CLOSED/FINAL,UNFOUNDED,BUCKNER,SHERRY,011,,POLICE OFFICER,,FEMALE,BLACK,apr2016,,,05,0,0,1
1054999,1114,KARLOV AVE,133,RESIDENCE,21jun2012 17:00:59,21jun2012 17:00:59,23jun2012,SAMUEL,TRUESDALE,11035,011,,27mar2006,POLICE OFFICER,05P,UNNECESSARY DISPLAY OF WEAPON / ON DUTY,05A,EXCESSIVE FORCE / ON DUTY - INJURY,CLOSED/FINAL,UNFOUNDED,SULLINS,EDWARD,011,,SERGEANT OF POLICE,,MALE,ASIAN/PACIFIC ISLANDER,apr2016,,,05,0,0,1
1054999,1114,KARLOV AVE,133,RESIDENCE,21jun2012 17:00:59,21jun2012 17:00:59,23jun2012,ANTHONY,BABICZ,12652,011,211,27sep2004,POLICE OFFICER,05P,UNNECESSARY DISPLAY OF WEAPON / ON DUTY,05A,EXCESSIVE FORCE / ON DUTY - INJURY,CLOSED/FINAL,UNFOUNDED,BILSKI,DENNIS,011,,POLICE OFFICER,,MALE,WHITE,apr2016,,,05,0,0,1
1054999,1114,KARLOV AVE,133,RESIDENCE,21jun2012 17:00:59,21jun2012 17:00:59,23jun2012,SAMUEL,TRUESDALE,11035,011,,27mar2006,POLICE OFFICER,05P,UNNECESSARY DISPLAY OF WEAPON / ON DUTY,05A,EXCESSIVE FORCE / ON DUTY - INJURY,CLOSED/FINAL,UNFOUNDED,CONLEY,REFUSED ,,,UNKNOWN,,FEMALE,BLACK,apr2016,,,05,0,0,1
1054999,1114,KARLOV AVE,133,RESIDENCE,21jun2012 17:00:59,21jun2012 17:00:59,23jun2012,CHRISTOPH,DECANTO,16028,011,,29aug2005,POLICE OFFICER,05P,UNNECESSARY DISPLAY OF WEAPON / ON DUTY,05A,EXCESSIVE FORCE / ON DUTY - INJURY,CLOSED/FINAL,UNFOUNDED,CONLEY ,ANTHONY,,,UNKNOWN,31,MALE,BLACK,apr2016,,,05,0,0,1
1054999,1114,KARLOV AVE,133,RESIDENCE,21jun2012 17:00:59,21jun2012 17:00:59,23jun2012,SAMUEL,TRUESDALE,11035,011,,27mar2006,POLICE OFFICER,05P,UNNECESSARY DISPLAY OF WEAPON / ON DUTY,05A,EXCESSIVE FORCE / ON DUTY - INJURY,CLOSED/FINAL,UNFOUNDED,REED,DARIUS,011,,POLICE OFFICER,,MALE,BLACK,apr2016,,,05,0,0,1
1054999,1114,KARLOV AVE,133,RESIDENCE,21jun2012 17:00:59,21jun2012 17:00:59,23jun2012,SAMUEL,TRUESDALE,11035,011,,27mar2006,POLICE OFFICER,05P,UNNECESSARY DISPLAY OF WEAPON / ON DUTY,05A,EXCESSIVE FORCE / ON DUTY - INJURY,CLOSED/FINAL,UNFOUNDED,CONLEY ,ANTHONY,,,UNKNOWN,31,MALE,BLACK,apr2016,,,05,0,0,1
1054999,1114,KARLOV AVE,133,RESIDENCE,21jun2012 17:00:59,21jun2012 17:00:59,23jun2012,CHRISTOPH,DECANTO,16028,011,,29aug2005,POLICE OFFICER,05P,UNNECESSARY DISPLAY OF WEAPON / ON DUTY,05A,EXCESSIVE FORCE / ON DUTY - INJURY,CLOSED/FINAL,UNFOUNDED,SULLINS,EDWARD,011,,SERGEANT OF POLICE,,MALE,ASIAN/PACIFIC ISLANDER,apr2016,,,05,0,0,1
1054999,1114,KARLOV AVE,133,RESIDENCE,21jun2012 17:00:59,21jun2012 17:00:59,23jun2012,,,,,,,,05P,UNNECESSARY DISPLAY OF WEAPON / ON DUTY,05A,EXCESSIVE FORCE / ON DUTY - INJURY,CLOSED/FINAL,NOT SUSTAINED,BUCKNER,SHERRY,011,,POLICE OFFICER,,FEMALE,BLACK,apr2016,,,05,0,0,1
1054999,1114,KARLOV AVE,133,RESIDENCE,21jun2012 17:00:59,21jun2012 17:00:59,23jun2012,,,,,,,,05P,UNNECESSARY DISPLAY OF WEAPON / ON DUTY,05A,EXCESSIVE FORCE / ON DUTY - INJURY,CLOSED/FINAL,NOT SUSTAINED,JONES,ANDREW,011,,POLICE OFFICER,,MALE,BLACK,apr2016,,,05,0,0,1
1054999,1114,KARLOV AVE,133,RESIDENCE,21jun2012 17:00:59,21jun2012 17:00:59,23jun2012,ANTHONY,BABICZ,12652,011,211,27sep2004,POLICE OFFICER,05P,UNNECESSARY DISPLAY OF WEAPON / ON DUTY,05A,EXCESSIVE FORCE / ON DUTY - INJURY,CLOSED/FINAL,UNFOUNDED,SULLINS,EDWARD,011,,SERGEANT OF POLICE,,MALE,ASIAN/PACIFIC ISLANDER,apr2016,,,05,0,0,1
1054999,1114,KARLOV AVE,133,RESIDENCE,21jun2012 17:00:59,21jun2012 17:00:59,23jun2012,,,,,,,,05P,UNNECESSARY DISPLAY OF WEAPON / ON DUTY,05A,EXCESSIVE FORCE / ON DUTY - INJURY,CLOSED/FINAL,NOT SUSTAINED,CARTER,RICO,011,,POLICE OFFICER,,MALE,BLACK,apr2016,,,05,0,0,1
1054999,1114,KARLOV AVE,133,RESIDENCE,21jun2012 17:00:59,21jun2012 17:00:59,23jun2012,SAMUEL,TRUESDALE,11035,011,,27mar2006,POLICE OFFICER,05P,UNNECESSARY DISPLAY OF WEAPON / ON DUTY,05A,EXCESSIVE FORCE / ON DUTY - INJURY,CLOSED/FINAL,UNFOUNDED,BILSKI,DENNIS,011,,POLICE OFFICER,,MALE,WHITE,apr2016,,,05,0,0,1
1054999,1114,KARLOV AVE,133,RESIDENCE,21jun2012 17:00:59,21jun2012 17:00:59,23jun2012,CHRISTOPH,DECANTO,16028,011,,29aug2005,POLICE OFFICER,05P,UNNECESSARY DISPLAY OF WEAPON / ON DUTY,05A,EXCESSIVE FORCE / ON DUTY - INJURY,CLOSED/FINAL,UNFOUNDED,CARTER,RICO,011,,POLICE OFFICER,,MALE,BLACK,apr2016,,,05,0,0,1
1054999,1114,KARLOV AVE,133,RESIDENCE,21jun2012 17:00:59,21jun2012 17:00:59,23jun2012,CHRISTOPH,DECANTO,16028,011,,29aug2005,POLICE OFFICER,05P,UNNECESSARY DISPLAY OF WEAPON / ON DUTY,05A,EXCESSIVE FORCE / ON DUTY - INJURY,CLOSED/FINAL,UNFOUNDED,BUCKNER,SHERRY,011,,POLICE OFFICER,,FEMALE,BLACK,apr2016,,,05,0,0,1
1054999,1114,KARLOV AVE,133,RESIDENCE,21jun2012 17:00:59,21jun2012 17:00:59,23jun2012,SAMUEL,TRUESDALE,11035,011,,27mar2006,POLICE OFFICER,05P,UNNECESSARY DISPLAY OF WEAPON / ON DUTY,05A,EXCESSIVE FORCE / ON DUTY - INJURY,CLOSED/FINAL,UNFOUNDED,KEANE,THOMAS,011,,SERGEANT OF POLICE,,MALE,WHITE,apr2016,,,05,0,0,1
1054999,1114,KARLOV AVE,133,RESIDENCE,21jun2012 17:00:59,21jun2012 17:00:59,23jun2012,,,,,,,,05P,UNNECESSARY DISPLAY OF WEAPON / ON DUTY,05A,EXCESSIVE FORCE / ON DUTY - INJURY,CLOSED/FINAL,NOT SUSTAINED,CONLEY ,ANTHONY,,,UNKNOWN,31,MALE,BLACK,apr2016,,,05,0,0,1
1054999,1114,KARLOV AVE,133,RESIDENCE,21jun2012 17:00:59,21jun2012 17:00:59,23jun2012,SAMUEL,TRUESDALE,11035,011,,27mar2006,POLICE OFFICER,05P,UNNECESSARY DISPLAY OF WEAPON / ON DUTY,05A,EXCESSIVE FORCE / ON DUTY - INJURY,CLOSED/FINAL,UNFOUNDED,SANCHEZ,CARLOS,011,,POLICE OFFICER,,MALE,SPANISH (DO NOT USE),apr2016,,,05,0,0,1
1054999,1114,KARLOV AVE,133,RESIDENCE,21jun2012 17:00:59,21jun2012 17:00:59,23jun2012,,,,,,,,05P,UNNECESSARY DISPLAY OF WEAPON / ON DUTY,05A,EXCESSIVE FORCE / ON DUTY - INJURY,CLOSED/FINAL,NOT SUSTAINED,BILSKI,DENNIS,011,,POLICE OFFICER,,MALE,WHITE,apr2016,,,05,0,0,1
1054999,1114,KARLOV AVE,133,RESIDENCE,21jun2012 17:00:59,21jun2012 17:00:59,23jun2012,ANTHONY,BABICZ,12652,011,211,27sep2004,POLICE OFFICER,05P,UNNECESSARY DISPLAY OF WEAPON / ON DUTY,05A,EXCESSIVE FORCE / ON DUTY - INJURY,CLOSED/FINAL,UNFOUNDED,JONES,ANDREW,011,,POLICE OFFICER,,MALE,BLACK,apr2016,,,05,0,0,1
1054999,1114,KARLOV AVE,133,RESIDENCE,21jun2012 17:00:59,21jun2012 17:00:59,23jun2012,,,,,,,,05P,UNNECESSARY DISPLAY OF WEAPON / ON DUTY,05A,EXCESSIVE FORCE / ON DUTY - INJURY,CLOSED/FINAL,NOT SUSTAINED,CONLEY,REFUSED ,,,UNKNOWN,,FEMALE,BLACK,apr2016,,,05,0,0,1
1054999,1114,KARLOV AVE,133,RESIDENCE,21jun2012 17:00:59,21jun2012 17:00:59,23jun2012,SAMUEL,TRUESDALE,11035,011,,27mar2006,POLICE OFFICER,05P,UNNECESSARY DISPLAY OF WEAPON / ON DUTY,05A,EXCESSIVE FORCE / ON DUTY - INJURY,CLOSED/FINAL,UNFOUNDED,BELUSO,ANDREW,011,,POLICE OFFICER,,MALE,ASIAN/PACIFIC ISLANDER,apr2016,,,05,0,0,1
1054999,1114,KARLOV AVE,133,RESIDENCE,21jun2012 17:00:59,21jun2012 17:00:59,23jun2012,ANTHONY,BABICZ,12652,011,211,27sep2004,POLICE OFFICER,05P,UNNECESSARY DISPLAY OF WEAPON / ON DUTY,05A,EXCESSIVE FORCE / ON DUTY - INJURY,CLOSED/FINAL,UNFOUNDED,CARTER,RICO,011,,POLICE OFFICER,,MALE,BLACK,apr2016,,,05,0,0,1
1054999,1114,KARLOV AVE,133,RESIDENCE,21jun2012 17:00:59,21jun2012 17:00:59,23jun2012,ANTHONY,BABICZ,12652,011,211,27sep2004,POLICE OFFICER,05P,UNNECESSARY DISPLAY OF WEAPON / ON DUTY,05A,EXCESSIVE FORCE / ON DUTY - INJURY,CLOSED/FINAL,UNFOUNDED,LAGUNAS,ALEJANDRO,011,,POLICE OFFICER,,MALE,SPANISH (DO NOT USE),apr2016,,,05,0,0,1
1054999,1114,KARLOV AVE,133,RESIDENCE,21jun2012 17:00:59,21jun2012 17:00:59,23jun2012,ANTHONY,BABICZ,12652,011,211,27sep2004,POLICE OFFICER,05P,UNNECESSARY DISPLAY OF WEAPON / ON DUTY,05A,EXCESSIVE FORCE / ON DUTY - INJURY,CLOSED/FINAL,UNFOUNDED,BELUSO,ANDREW,011,,POLICE OFFICER,,MALE,ASIAN/PACIFIC ISLANDER,apr2016,,,05,0,0,1
1054999,1114,KARLOV AVE,133,RESIDENCE,21jun2012 17:00:59,21jun2012 17:00:59,23jun2012,,,,,,,,05P,UNNECESSARY DISPLAY OF WEAPON / ON DUTY,05A,EXCESSIVE FORCE / ON DUTY - INJURY,CLOSED/FINAL,NOT SUSTAINED,REED,DARIUS,011,,POLICE OFFICER,,MALE,BLACK,apr2016,,,05,0,0,1
1054999,1114,KARLOV AVE,133,RESIDENCE,21jun2012 17:00:59,21jun2012 17:00:59,23jun2012,CHRISTOPH,DECANTO,16028,011,,29aug2005,POLICE OFFICER,05P,UNNECESSARY DISPLAY OF WEAPON / ON DUTY,05A,EXCESSIVE FORCE / ON DUTY - INJURY,CLOSED/FINAL,UNFOUNDED,CONLEY,REFUSED ,,,UNKNOWN,,FEMALE,BLACK,apr2016,,,05,0,0,1
1054999,1114,KARLOV AVE,133,RESIDENCE,21jun2012 17:00:59,21jun2012 17:00:59,23jun2012,CHRISTOPH,DECANTO,16028,011,,29aug2005,POLICE OFFICER,05P,UNNECESSARY DISPLAY OF WEAPON / ON DUTY,05A,EXCESSIVE FORCE / ON DUTY - INJURY,CLOSED/FINAL,UNFOUNDED,BILSKI,DENNIS,011,,POLICE OFFICER,,MALE,WHITE,apr2016,,,05,0,0,1
1054999,1114,KARLOV AVE,133,RESIDENCE,21jun2012 17:00:59,21jun2012 17:00:59,23jun2012,ANTHONY,BABICZ,12652,011,211,27sep2004,POLICE OFFICER,05P,UNNECESSARY DISPLAY OF WEAPON / ON DUTY,05A,EXCESSIVE FORCE / ON DUTY - INJURY,CLOSED/FINAL,UNFOUNDED,CONLEY ,ANTHONY,,,UNKNOWN,31,MALE,BLACK,apr2016,,,05,0,0,1
1054999,1114,KARLOV AVE,133,RESIDENCE,21jun2012 17:00:59,21jun2012 17:00:59,23jun2012,ANTHONY,BABICZ,12652,011,211,27sep2004,POLICE OFFICER,05P,UNNECESSARY DISPLAY OF WEAPON / ON DUTY,05A,EXCESSIVE FORCE / ON DUTY - INJURY,CLOSED/FINAL,UNFOUNDED,TRUESDALE,SAMUEL,011,,POLICE OFFICER,,MALE,WHITE,apr2016,,,05,0,0,1
1054999,1114,KARLOV AVE,133,RESIDENCE,21jun2012 17:00:59,21jun2012 17:00:59,23jun2012,ANTHONY,BABICZ,12652,011,211,27sep2004,POLICE OFFICER,05P,UNNECESSARY DISPLAY OF WEAPON / ON DUTY,05A,EXCESSIVE FORCE / ON DUTY - INJURY,CLOSED/FINAL,UNFOUNDED,SANCHEZ,CARLOS,011,,POLICE OFFICER,,MALE,SPANISH (DO NOT USE),apr2016,,,05,0,0,1
1054999,1114,KARLOV AVE,133,RESIDENCE,21jun2012 17:00:59,21jun2012 17:00:59,23jun2012,CHRISTOPH,DECANTO,16028,011,,29aug2005,POLICE OFFICER,05P,UNNECESSARY DISPLAY OF WEAPON / ON DUTY,05A,EXCESSIVE FORCE / ON DUTY - INJURY,CLOSED/FINAL,UNFOUNDED,REED,DARIUS,011,,POLICE OFFICER,,MALE,BLACK,apr2016,,,05,0,0,1
1054999,1114,KARLOV AVE,133,RESIDENCE,21jun2012 17:00:59,21jun2012 17:00:59,23jun2012,ANTHONY,BABICZ,12652,011,211,27sep2004,POLICE OFFICER,05P,UNNECESSARY DISPLAY OF WEAPON / ON DUTY,05A,EXCESSIVE FORCE / ON DUTY - INJURY,CLOSED/FINAL,UNFOUNDED,REED,DARIUS,011,,POLICE OFFICER,,MALE,BLACK,apr2016,,,05,0,0,1
1054999,1114,KARLOV AVE,133,RESIDENCE,21jun2012 17:00:59,21jun2012 17:00:59,23jun2012,ANTHONY,BABICZ,12652,011,211,27sep2004,POLICE OFFICER,05P,UNNECESSARY DISPLAY OF WEAPON / ON DUTY,05A,EXCESSIVE FORCE / ON DUTY - INJURY,CLOSED/FINAL,UNFOUNDED,CONLEY ,ANTHONY,,,UNKNOWN,30,MALE,BLACK,apr2016,,,05,0,0,1
1054999,1114,KARLOV AVE,133,RESIDENCE,21jun2012 17:00:59,21jun2012 17:00:59,23jun2012,CHRISTOPH,DECANTO,16028,011,,29aug2005,POLICE OFFICER,05P,UNNECESSARY DISPLAY OF WEAPON / ON DUTY,05A,EXCESSIVE FORCE / ON DUTY - INJURY,CLOSED/FINAL,UNFOUNDED,JONES,ANDREW,011,,POLICE OFFICER,,MALE,BLACK,apr2016,,,05,0,0,1
1054999,1114,KARLOV AVE,133,RESIDENCE,21jun2012 17:00:59,21jun2012 17:00:59,23jun2012,CHRISTOPH,DECANTO,16028,011,,29aug2005,POLICE OFFICER,05P,UNNECESSARY DISPLAY OF WEAPON / ON DUTY,05A,EXCESSIVE FORCE / ON DUTY - INJURY,CLOSED/FINAL,UNFOUNDED,LAGUNAS,ALEJANDRO,011,,POLICE OFFICER,,MALE,SPANISH (DO NOT USE),apr2016,,,05,0,0,1
1054999,1114,KARLOV AVE,133,RESIDENCE,21jun2012 17:00:59,21jun2012 17:00:59,23jun2012,,,,,,,,05P,UNNECESSARY DISPLAY OF WEAPON / ON DUTY,05A,EXCESSIVE FORCE / ON DUTY - INJURY,CLOSED/FINAL,NOT SUSTAINED,LAGUNAS,ALEJANDRO,011,,POLICE OFFICER,,MALE,SPANISH (DO NOT USE),apr2016,,,05,0,0,1
1054999,1114,KARLOV AVE,133,RESIDENCE,21jun2012 17:00:59,21jun2012 17:00:59,23jun2012,,,,,,,,05P,UNNECESSARY DISPLAY OF WEAPON / ON DUTY,05A,EXCESSIVE FORCE / ON DUTY - INJURY,CLOSED/FINAL,NOT SUSTAINED,SANCHEZ,CARLOS,011,,POLICE OFFICER,,MALE,SPANISH (DO NOT USE),apr2016,,,05,0,0,1
1054999,1114,KARLOV AVE,133,RESIDENCE,21jun2012 17:00:59,21jun2012 17:00:59,23jun2012,CHRISTOPH,DECANTO,16028,011,,29aug2005,POLICE OFFICER,05P,UNNECESSARY DISPLAY OF WEAPON / ON DUTY,05A,EXCESSIVE FORCE / ON DUTY - INJURY,CLOSED/FINAL,UNFOUNDED,KEANE,THOMAS,011,,SERGEANT OF POLICE,,MALE,WHITE,apr2016,,,05,0,0,1
1054999,1114,KARLOV AVE,133,RESIDENCE,21jun2012 17:00:59,21jun2012 17:00:59,23jun2012,ANTHONY,BABICZ,12652,011,211,27sep2004,POLICE OFFICER,05P,UNNECESSARY DISPLAY OF WEAPON / ON DUTY,05A,EXCESSIVE FORCE / ON DUTY - INJURY,CLOSED/FINAL,UNFOUNDED,BRACHO,ARTURO,011,,POLICE OFFICER,,MALE,SPANISH (DO NOT USE),apr2016,,,05,0,0,1
