COMPLAINT_NUMBER,BEAT,STREET,ADDRESS,LOCATION_CODE,INCIDENT_TIME_START,INCIDENT_TIME_END,NOTIFICATION_DATE,ACCSUEDOFFICER_FNAME,ACCUSEDOFFICER_LNAME,ACCUSED_STAR,ACCUSED_UNIT,ACCUSED_DETAIL,ACCUSED_APPOINTMENT_DATE,ACCUSED_POSITION,INITIAL_CATEGORY_CODE,INITIAL_CATEGORY,CURRENT_CATEGORY_CODE,CURRENT_CATEGORY,CURRENT_STATUS,FINDING_CODE,INVOLVED_OFFICER_LNAME,INVOLVED_OFFICER_FNAME,INVOLVED_OFFICER_UNIT,INVOLVED_OFFICER_DETAIL,INVOLVED_OFFICER_POSITION,INVOLVED_OFFICER_AGE,INVOLVED_OFFICER_SEX,INVOLVED_OFFICER_RACE,foia,INVOLVED_OFFICER_DESCRIPTION,INVOLVED_OFFICER_TYPE,start_code_2,start_code_1,rec,sum_rec
1053615,825,ROCKWELL ST,6447,STREET,26apr2012 20:29:59,26apr2012 20:35:59,27apr2012,JOHN,SULLIVAN,8020,008,,30apr2001,POLICE OFFICER,05A,EXCESSIVE FORCE / ON DUTY - INJURY,S117,PUSH/PULL/GRAB,CLOSED/FINAL,NOT SUSTAINED,GRAY,MAURICE,,,UNKNOWN,39,MALE,BLACK,apr2016,,,05,0,0,1
1053615,825,ROCKWELL ST,6447,STREET,26apr2012 20:29:59,26apr2012 20:35:59,27apr2012,,,,,,,,05A,EXCESSIVE FORCE / ON DUTY - INJURY,S117,PUSH/PULL/GRAB,CLOSED/FINAL,NOT SUSTAINED,GRAY ,JASON ,,,UNKNOWN,27,MALE,BLACK,apr2016,,,05,0,0,1
1053615,825,ROCKWELL ST,6447,STREET,26apr2012 20:29:59,26apr2012 20:35:59,27apr2012,IVAN,LOPEZ,13516,008,,29aug2005,POLICE OFFICER,05A,EXCESSIVE FORCE / ON DUTY - INJURY,S117,PUSH/PULL/GRAB,CLOSED/FINAL,UNFOUNDED,GRAY,MAURICE,,,UNKNOWN,39,MALE,BLACK,apr2016,,,05,0,0,1
1053615,825,ROCKWELL ST,6447,STREET,26apr2012 20:29:59,26apr2012 20:35:59,27apr2012,JOHN,SULLIVAN,8020,008,,30apr2001,POLICE OFFICER,05A,EXCESSIVE FORCE / ON DUTY - INJURY,S117,PUSH/PULL/GRAB,CLOSED/FINAL,NOT SUSTAINED,GRAY ,JASON ,,,UNKNOWN,27,MALE,BLACK,apr2016,,,05,0,0,1
1053615,825,ROCKWELL ST,6447,STREET,26apr2012 20:29:59,26apr2012 20:35:59,27apr2012,IVAN,LOPEZ,13516,008,,29aug2005,POLICE OFFICER,05A,EXCESSIVE FORCE / ON DUTY - INJURY,S117,PUSH/PULL/GRAB,CLOSED/FINAL,UNFOUNDED,GRAY ,JASON ,,,UNKNOWN,27,MALE,BLACK,apr2016,,,05,0,0,1
1053615,825,ROCKWELL ST,6447,STREET,26apr2012 20:29:59,26apr2012 20:35:59,27apr2012,,,,,,,,05A,EXCESSIVE FORCE / ON DUTY - INJURY,S117,PUSH/PULL/GRAB,CLOSED/FINAL,NOT SUSTAINED,GRAY ,JASON ,,,UNKNOWN,25,MALE,BLACK,apr2016,,,05,0,1,1
1053615,825,ROCKWELL ST,6447,STREET,26apr2012 20:29:59,26apr2012 20:35:59,27apr2012,JOHN,SULLIVAN,8020,008,,30apr2001,POLICE OFFICER,05A,EXCESSIVE FORCE / ON DUTY - INJURY,S117,PUSH/PULL/GRAB,CLOSED/FINAL,NOT SUSTAINED,GRAY ,JASON ,,,UNKNOWN,25,MALE,BLACK,apr2016,,,05,0,0,1
1053615,825,ROCKWELL ST,6447,STREET,26apr2012 20:29:59,26apr2012 20:35:59,27apr2012,,,,,,,,05A,EXCESSIVE FORCE / ON DUTY - INJURY,S117,PUSH/PULL/GRAB,CLOSED/FINAL,NOT SUSTAINED,GRAY,MAURICE,,,UNKNOWN,39,MALE,BLACK,apr2016,,,05,0,0,1
1053615,825,ROCKWELL ST,6447,STREET,26apr2012 20:29:59,26apr2012 20:35:59,27apr2012,IVAN,LOPEZ,13516,008,,29aug2005,POLICE OFFICER,05A,EXCESSIVE FORCE / ON DUTY - INJURY,S117,PUSH/PULL/GRAB,CLOSED/FINAL,UNFOUNDED,GRAY ,JASON ,,,UNKNOWN,25,MALE,BLACK,apr2016,,,05,0,0,1
