COMPLAINT_NUMBER,BEAT,STREET,ADDRESS,LOCATION_CODE,INCIDENT_TIME_START,INCIDENT_TIME_END,NOTIFICATION_DATE,ACCSUEDOFFICER_FNAME,ACCUSEDOFFICER_LNAME,ACCUSED_STAR,ACCUSED_UNIT,ACCUSED_DETAIL,ACCUSED_APPOINTMENT_DATE,ACCUSED_POSITION,INITIAL_CATEGORY_CODE,INITIAL_CATEGORY,CURRENT_CATEGORY_CODE,CURRENT_CATEGORY,CURRENT_STATUS,FINDING_CODE,INVOLVED_OFFICER_LNAME,INVOLVED_OFFICER_FNAME,INVOLVED_OFFICER_UNIT,INVOLVED_OFFICER_DETAIL,INVOLVED_OFFICER_POSITION,INVOLVED_OFFICER_AGE,INVOLVED_OFFICER_SEX,INVOLVED_OFFICER_RACE,foia,INVOLVED_OFFICER_DESCRIPTION,INVOLVED_OFFICER_TYPE,start_code_2,start_code_1,rec,sum_rec
1059955,1522,GLADYS AVE,5422,SIDEWALK,30dec2011 22:44:59,30dec2011 22:44:59,05feb2013,,,,,,,,S001,CLOSED HAND STRIKE (PUNCH),05A,EXCESSIVE FORCE / ON DUTY - INJURY,CLOSED/FINAL,NO AFFIDAVIT,CRIM,AZIZ,,,UNKNOWN,33,MALE,BLACK,apr2016,,,S0,S,1,1
1059955,1522,GLADYS AVE,5422,SIDEWALK,30dec2011 22:44:59,30dec2011 22:44:59,05feb2013,,TANOVIC,9472,024,213,21feb2006,POLICE OFFICER,S001,CLOSED HAND STRIKE (PUNCH),05A,EXCESSIVE FORCE / ON DUTY - INJURY,CLOSED/FINAL,NOT SUSTAINED,CRIM,AZIZ,,,UNKNOWN,33,MALE,BLACK,apr2016,,,S0,S,0,1
1059955,1522,GLADYS AVE,5422,SIDEWALK,30dec2011 22:44:59,30dec2011 22:44:59,05feb2013,,,,,,,,S001,CLOSED HAND STRIKE (PUNCH),05A,EXCESSIVE FORCE / ON DUTY - INJURY,CLOSED/FINAL,NOT SUSTAINED,CRIM,AZIZ,,,UNKNOWN,33,MALE,BLACK,apr2016,,,S0,S,0,1
1059955,1522,GLADYS AVE,5422,SIDEWALK,30dec2011 22:44:59,30dec2011 22:44:59,05feb2013,,PACOCHA,6964,024,213,29aug2005,POLICE OFFICER,S001,CLOSED HAND STRIKE (PUNCH),05A,EXCESSIVE FORCE / ON DUTY - INJURY,CLOSED/FINAL,NO AFFIDAVIT,CRIM,AZIZ,,,UNKNOWN,33,MALE,BLACK,apr2016,,,S0,S,0,1
1059955,1522,GLADYS AVE,5422,SIDEWALK,30dec2011 22:44:59,30dec2011 22:44:59,05feb2013,,TANOVIC,9472,024,213,21feb2006,POLICE OFFICER,S001,CLOSED HAND STRIKE (PUNCH),05A,EXCESSIVE FORCE / ON DUTY - INJURY,CLOSED/FINAL,UNFOUNDED,CRIM,AZIZ,,,UNKNOWN,33,MALE,BLACK,apr2016,,,S0,S,0,1
1059955,1522,GLADYS AVE,5422,SIDEWALK,30dec2011 22:44:59,30dec2011 22:44:59,05feb2013,,PACOCHA,6964,024,213,29aug2005,POLICE OFFICER,S001,CLOSED HAND STRIKE (PUNCH),05A,EXCESSIVE FORCE / ON DUTY - INJURY,CLOSED/FINAL,UNFOUNDED,CRIM,AZIZ,,,UNKNOWN,33,MALE,BLACK,apr2016,,,S0,S,0,1
