COMPLAINT_NUMBER,BEAT,STREET,ADDRESS,LOCATION_CODE,INCIDENT_TIME_START,INCIDENT_TIME_END,NOTIFICATION_DATE,ACCSUEDOFFICER_FNAME,ACCUSEDOFFICER_LNAME,ACCUSED_STAR,ACCUSED_UNIT,ACCUSED_DETAIL,ACCUSED_APPOINTMENT_DATE,ACCUSED_POSITION,INITIAL_CATEGORY_CODE,INITIAL_CATEGORY,CURRENT_CATEGORY_CODE,CURRENT_CATEGORY,CURRENT_STATUS,FINDING_CODE,INVOLVED_OFFICER_LNAME,INVOLVED_OFFICER_FNAME,INVOLVED_OFFICER_UNIT,INVOLVED_OFFICER_DETAIL,INVOLVED_OFFICER_POSITION,INVOLVED_OFFICER_AGE,INVOLVED_OFFICER_SEX,INVOLVED_OFFICER_RACE,foia,INVOLVED_OFFICER_DESCRIPTION,INVOLVED_OFFICER_TYPE,start_code_2,start_code_1,rec,sum_rec
1056520,,,,,,,23aug2012,DANIEL,CASTILLO,12726,004,,31oct2005,POLICE OFFICER,18A,FIREARM DISCHARGE WITH HITS / ON DUTY,S249,FIREARM DISCHARGE WITH HITS - HANDGUN,CLOSED/FINAL,,ADAMS,MICHAEL,,,UNKNOWN,26,MALE,WHITE,may2016,,Victim,18,1,0,2
1056520,,,,,,,23aug2012,DANIEL,CASTILLO,12726,004,,31oct2005,POLICE OFFICER,18A,FIREARM DISCHARGE WITH HITS / ON DUTY,S249,FIREARM DISCHARGE WITH HITS - HANDGUN,CLOSED/FINAL,,MASON,HAROLD,004,,POLICE OFFICER,,MALE,SPANISH (DO NOT USE),may2016,,Witness,18,1,0,2
1056520,,,,,,,23aug2012,DANIEL,CASTILLO,12726,004,,31oct2005,POLICE OFFICER,18A,FIREARM DISCHARGE WITH HITS / ON DUTY,S249,FIREARM DISCHARGE WITH HITS - HANDGUN,CLOSED/FINAL,,LAWSON,JEFFREY,004,,POLICE OFFICER,,MALE,WHITE,may2016,,Witness,18,1,1,2
1056520,,,,,,,23aug2012,DANIEL,CASTILLO,12726,004,,31oct2005,POLICE OFFICER,18A,FIREARM DISCHARGE WITH HITS / ON DUTY,S249,FIREARM DISCHARGE WITH HITS - HANDGUN,CLOSED/FINAL,,CHRISTENSEN,AMY,004,,POLICE OFFICER,,FEMALE,WHITE,may2016,,Witness,18,1,0,2
1056520,,,,,,,23aug2012,DANIEL,CASTILLO,12726,004,,31oct2005,POLICE OFFICER,18A,FIREARM DISCHARGE WITH HITS / ON DUTY,S249,FIREARM DISCHARGE WITH HITS - HANDGUN,CLOSED/FINAL,,ADAMS,MICHAEL,,,UNKNOWN,24,MALE,WHITE,may2016,,Victim,18,1,0,2
1056520,432,110TH ST,3540,SIDEWALK,23aug2012,23aug2012,23aug2012,DANIEL,CASTILLO,12726,004,,31oct2005,POLICE OFFICER,18A,FIREARM DISCHARGE WITH HITS / ON DUTY,S249,FIREARM DISCHARGE WITH HITS - HANDGUN,CLOSED/FINAL,,,,,,,,,,may2016,,,18,1,0,2
1056520,,,,,,,23aug2012,DANIEL,CASTILLO,12726,004,,31oct2005,POLICE OFFICER,18A,FIREARM DISCHARGE WITH HITS / ON DUTY,S249,FIREARM DISCHARGE WITH HITS - HANDGUN,CLOSED/FINAL,,WILLIAMS,CHRISTOPH,004,,POLICE OFFICER,,MALE,BLACK,may2016,,Witness,18,1,0,2
1056520,,,,,,,23aug2012,DANIEL,CASTILLO,12726,004,,31oct2005,POLICE OFFICER,18A,FIREARM DISCHARGE WITH HITS / ON DUTY,S249,FIREARM DISCHARGE WITH HITS - HANDGUN,CLOSED/FINAL,,LOPEZ,ROBERT,215,213,COMMANDER,,MALE,SPANISH (DO NOT USE),may2016,,Complainant,18,1,0,2
