COMPLAINT_NUMBER,BEAT,STREET,ADDRESS,LOCATION_CODE,INCIDENT_TIME_START,INCIDENT_TIME_END,NOTIFICATION_DATE,ACCSUEDOFFICER_FNAME,ACCUSEDOFFICER_LNAME,ACCUSED_STAR,ACCUSED_UNIT,ACCUSED_DETAIL,ACCUSED_APPOINTMENT_DATE,ACCUSED_POSITION,INITIAL_CATEGORY_CODE,INITIAL_CATEGORY,CURRENT_CATEGORY_CODE,CURRENT_CATEGORY,CURRENT_STATUS,FINDING_CODE,INVOLVED_OFFICER_LNAME,INVOLVED_OFFICER_FNAME,INVOLVED_OFFICER_UNIT,INVOLVED_OFFICER_DETAIL,INVOLVED_OFFICER_POSITION,INVOLVED_OFFICER_AGE,INVOLVED_OFFICER_SEX,INVOLVED_OFFICER_RACE,foia,INVOLVED_OFFICER_DESCRIPTION,INVOLVED_OFFICER_TYPE,start_code_2,start_code_1,rec,sum_rec
1056655,1923,SHERIDAN RD,801,SIDEWALK,28aug2012 21:59:59,28aug2012 21:59:59,28aug2012,GEOFFREY,ROBERTS,3422,019,,30apr2001,POLICE OFFICER,05B,EXCESSIVE FORCE / ON DUTY - NO INJURY,S123,TWISTED EXTREMITIES (WRIST/ARM/LEG),CLOSED/FINAL,NOT SUSTAINED,LEAL,ERIC,019,,POLICE OFFICER,,MALE,SPANISH (DO NOT USE),apr2016,,,05,0,0,1
1056655,1923,SHERIDAN RD,801,SIDEWALK,28aug2012 21:59:59,28aug2012 21:59:59,28aug2012,GEOFFREY,ROBERTS,3422,019,,30apr2001,POLICE OFFICER,05B,EXCESSIVE FORCE / ON DUTY - NO INJURY,S123,TWISTED EXTREMITIES (WRIST/ARM/LEG),CLOSED/FINAL,NOT SUSTAINED,FRANKLIN,MICHAEL,,,UNKNOWN,,MALE,BLACK,apr2016,,,05,0,0,1
1056655,1923,SHERIDAN RD,801,SIDEWALK,28aug2012 21:59:59,28aug2012 21:59:59,28aug2012,,,,,,,,05B,EXCESSIVE FORCE / ON DUTY - NO INJURY,S123,TWISTED EXTREMITIES (WRIST/ARM/LEG),CLOSED/FINAL,NOT SUSTAINED,LEAL,ERIC,019,,POLICE OFFICER,,MALE,SPANISH (DO NOT USE),apr2016,,,05,0,0,1
1056655,1923,SHERIDAN RD,801,SIDEWALK,28aug2012 21:59:59,28aug2012 21:59:59,28aug2012,,,,,,,,05B,EXCESSIVE FORCE / ON DUTY - NO INJURY,S123,TWISTED EXTREMITIES (WRIST/ARM/LEG),CLOSED/FINAL,NOT SUSTAINED,FRANKLIN,MICHAEL,,,UNKNOWN,,MALE,BLACK,apr2016,,,05,0,0,1
