COMPLAINT_NUMBER,BEAT,STREET,ADDRESS,LOCATION_CODE,INCIDENT_TIME_START,INCIDENT_TIME_END,NOTIFICATION_DATE,ACCSUEDOFFICER_FNAME,ACCUSEDOFFICER_LNAME,ACCUSED_STAR,ACCUSED_UNIT,ACCUSED_DETAIL,ACCUSED_APPOINTMENT_DATE,ACCUSED_POSITION,INITIAL_CATEGORY_CODE,INITIAL_CATEGORY,CURRENT_CATEGORY_CODE,CURRENT_CATEGORY,CURRENT_STATUS,FINDING_CODE,INVOLVED_OFFICER_LNAME,INVOLVED_OFFICER_FNAME,INVOLVED_OFFICER_UNIT,INVOLVED_OFFICER_DETAIL,INVOLVED_OFFICER_POSITION,INVOLVED_OFFICER_AGE,INVOLVED_OFFICER_SEX,INVOLVED_OFFICER_RACE,foia,INVOLVED_OFFICER_DESCRIPTION,INVOLVED_OFFICER_TYPE,start_code_2,start_code_1,rec,sum_rec
1056615,1223,CULLERTON ST,2249,RESIDENCE,23aug2012 20:05:00,23aug2012 20:05:00,27aug2012,RAFAEL,OSTOS,3997,009,,25oct2004,POLICE OFFICER,05K,DOMESTIC ALTERCATION - PHYSICAL ABUSE,05L,DOMESTIC INCIDENT - NOT PHYSICAL,PENDING INVESTIGATION,SUSTAINED,VILLEGAS,MARICELA,,,UNKNOWN,32,FEMALE,WHITE,apr2016,,,05,0,0,1
1056615,1223,CULLERTON ST,2249,RESIDENCE,23aug2012 20:05:00,23aug2012 20:05:00,27aug2012,RAFAEL,OSTOS,3997,009,,25oct2004,POLICE OFFICER,05K,DOMESTIC ALTERCATION - PHYSICAL ABUSE,05L,DOMESTIC INCIDENT - NOT PHYSICAL,PENDING INVESTIGATION,SUSTAINED,VILLEGAS,MARICELA,,,UNKNOWN,34,FEMALE,WHITE,apr2016,,,05,0,0,1
1056615,1223,CULLERTON ST,2249,RESIDENCE,23aug2012 20:05:00,23aug2012 20:05:00,27aug2012,RAFAEL,OSTOS,3997,009,,25oct2004,POLICE OFFICER,05K,DOMESTIC ALTERCATION - PHYSICAL ABUSE,05L,DOMESTIC INCIDENT - NOT PHYSICAL,PENDING INVESTIGATION,SUSTAINED,BRODERDORF,RAY,121,,SERGEANT OF POLICE,,MALE,WHITE,apr2016,,,05,0,0,1
1056615,1223,CULLERTON ST,2249,RESIDENCE,23aug2012 20:05:00,23aug2012 20:05:00,27aug2012,RAFAEL,OSTOS,3997,009,,25oct2004,POLICE OFFICER,05K,DOMESTIC ALTERCATION - PHYSICAL ABUSE,05L,DOMESTIC INCIDENT - NOT PHYSICAL,PENDING INVESTIGATION,SUSTAINED,VILLEGAS,FERNANDO ,,,UNKNOWN,31,MALE,WHITE,apr2016,,,05,0,0,1
1056615,1223,CULLERTON ST,2249,RESIDENCE,23aug2012 20:05:00,23aug2012 20:05:00,27aug2012,RAFAEL,OSTOS,3997,009,,25oct2004,POLICE OFFICER,05K,DOMESTIC ALTERCATION - PHYSICAL ABUSE,05L,DOMESTIC INCIDENT - NOT PHYSICAL,PENDING INVESTIGATION,SUSTAINED,VILLEGAS,FERNANDO ,,,UNKNOWN,29,MALE,WHITE,apr2016,,,05,0,0,1
1056615,1223,CULLERTON ST,2249,RESIDENCE,23aug2012 20:05:00,23aug2012 20:05:00,27aug2012,RAFAEL,OSTOS,3997,009,,25oct2004,POLICE OFFICER,05K,DOMESTIC ALTERCATION - PHYSICAL ABUSE,05L,DOMESTIC INCIDENT - NOT PHYSICAL,PENDING INVESTIGATION,SUSTAINED,FLORES,ARLENE,,,,27,FEMALE,WHITE HISPANIC,apr2016,,,05,0,0,1
