COMPLAINT_NUMBER,BEAT,STREET,ADDRESS,LOCATION_CODE,INCIDENT_TIME_START,INCIDENT_TIME_END,NOTIFICATION_DATE,ACCSUEDOFFICER_FNAME,ACCUSEDOFFICER_LNAME,ACCUSED_STAR,ACCUSED_UNIT,ACCUSED_DETAIL,ACCUSED_APPOINTMENT_DATE,ACCUSED_POSITION,INITIAL_CATEGORY_CODE,INITIAL_CATEGORY,CURRENT_CATEGORY_CODE,CURRENT_CATEGORY,CURRENT_STATUS,FINDING_CODE,INVOLVED_OFFICER_LNAME,INVOLVED_OFFICER_FNAME,INVOLVED_OFFICER_UNIT,INVOLVED_OFFICER_DETAIL,INVOLVED_OFFICER_POSITION,INVOLVED_OFFICER_AGE,INVOLVED_OFFICER_SEX,INVOLVED_OFFICER_RACE,foia,INVOLVED_OFFICER_DESCRIPTION,INVOLVED_OFFICER_TYPE,start_code_2,start_code_1,rec,sum_rec
1056670,1923,CLARK ST,3600,STREET,26aug2012 23:29:59,26aug2012 23:29:59,29aug2012,,,,,,,,S065,FIREARM USED AS AN IMPACT WEAPON,05A,EXCESSIVE FORCE / ON DUTY - INJURY,CLOSED/FINAL,NOT SUSTAINED,ROOMI,MALICK,,,,43,MALE,ASIAN/PACIFIC ISLANDER,apr2016,,,S0,S,0,1
1056670,1923,CLARK ST,3600,STREET,26aug2012 23:29:59,26aug2012 23:29:59,29aug2012,,,,,,,,S065,FIREARM USED AS AN IMPACT WEAPON,05A,EXCESSIVE FORCE / ON DUTY - INJURY,CLOSED/FINAL,EXONERATED,SANCHEZ,EDWIN,,,UNKNOWN,26,MALE,WHITE HISPANIC,apr2016,,,S0,S,0,1
1056670,1923,CLARK ST,3600,STREET,26aug2012 23:29:59,26aug2012 23:29:59,29aug2012,,,,,,,,S065,FIREARM USED AS AN IMPACT WEAPON,05A,EXCESSIVE FORCE / ON DUTY - INJURY,CLOSED/FINAL,NOT SUSTAINED,FOYTIK,RICHARD,,,,24,MALE,UNKNOWN,apr2016,,,S0,S,0,1
1056670,1923,CLARK ST,3600,STREET,26aug2012 23:29:59,26aug2012 23:29:59,29aug2012,MARK,POKUTA,19595,019,,05feb2001,POLICE OFFICER,S065,FIREARM USED AS AN IMPACT WEAPON,05A,EXCESSIVE FORCE / ON DUTY - INJURY,CLOSED/FINAL,NOT SUSTAINED,SANCHEZ,EDWIN,,,UNKNOWN,26,MALE,WHITE HISPANIC,apr2016,,,S0,S,0,1
1056670,1923,CLARK ST,3600,STREET,26aug2012 23:29:59,26aug2012 23:29:59,29aug2012,,,,,,,,S065,FIREARM USED AS AN IMPACT WEAPON,05A,EXCESSIVE FORCE / ON DUTY - INJURY,CLOSED/FINAL,EXONERATED,SANCHEZ,EDWIN,,,UNKNOWN,27,MALE,WHITE HISPANIC,apr2016,,,S0,S,0,1
1056670,1923,CLARK ST,3600,STREET,26aug2012 23:29:59,26aug2012 23:29:59,29aug2012,MARK,POKUTA,19595,019,,05feb2001,POLICE OFFICER,S065,FIREARM USED AS AN IMPACT WEAPON,05A,EXCESSIVE FORCE / ON DUTY - INJURY,CLOSED/FINAL,EXONERATED,SANCHEZ,MICHAEL ,,,UNKNOWN,24,MALE,WHITE HISPANIC,apr2016,,,S0,S,0,1
1056670,1923,CLARK ST,3600,STREET,26aug2012 23:29:59,26aug2012 23:29:59,29aug2012,MARK,POKUTA,19595,019,,05feb2001,POLICE OFFICER,S065,FIREARM USED AS AN IMPACT WEAPON,05A,EXCESSIVE FORCE / ON DUTY - INJURY,CLOSED/FINAL,EXONERATED,SANCHEZ,EDWIN,,,UNKNOWN,26,MALE,WHITE HISPANIC,apr2016,,,S0,S,0,1
1056670,1923,CLARK ST,3600,STREET,26aug2012 23:29:59,26aug2012 23:29:59,29aug2012,,,,,,,,S065,FIREARM USED AS AN IMPACT WEAPON,05A,EXCESSIVE FORCE / ON DUTY - INJURY,CLOSED/FINAL,EXONERATED,SANCHEZ,EDMUNDO,,,UNKNOWN,55,MALE,WHITE HISPANIC,apr2016,,,S0,S,0,1
1056670,1923,CLARK ST,3600,STREET,26aug2012 23:29:59,26aug2012 23:29:59,29aug2012,MARK,POKUTA,19595,019,,05feb2001,POLICE OFFICER,S065,FIREARM USED AS AN IMPACT WEAPON,05A,EXCESSIVE FORCE / ON DUTY - INJURY,CLOSED/FINAL,EXONERATED,SANCHEZ,EDWIN,,,UNKNOWN,27,MALE,WHITE HISPANIC,apr2016,,,S0,S,0,1
1056670,1923,CLARK ST,3600,STREET,26aug2012 23:29:59,26aug2012 23:29:59,29aug2012,MARK,POKUTA,19595,019,,05feb2001,POLICE OFFICER,S065,FIREARM USED AS AN IMPACT WEAPON,05A,EXCESSIVE FORCE / ON DUTY - INJURY,CLOSED/FINAL,EXONERATED,ROOMI,MALICK,,,,43,MALE,ASIAN/PACIFIC ISLANDER,apr2016,,,S0,S,0,1
1056670,1923,CLARK ST,3600,STREET,26aug2012 23:29:59,26aug2012 23:29:59,29aug2012,,,,,,,,S065,FIREARM USED AS AN IMPACT WEAPON,05A,EXCESSIVE FORCE / ON DUTY - INJURY,CLOSED/FINAL,NOT SUSTAINED,SANCHEZ,MICHAEL ,,,UNKNOWN,24,MALE,WHITE HISPANIC,apr2016,,,S0,S,0,1
1056670,1923,CLARK ST,3600,STREET,26aug2012 23:29:59,26aug2012 23:29:59,29aug2012,MARK,POKUTA,19595,019,,05feb2001,POLICE OFFICER,S065,FIREARM USED AS AN IMPACT WEAPON,05A,EXCESSIVE FORCE / ON DUTY - INJURY,CLOSED/FINAL,NOT SUSTAINED,SANCHEZ,MICHAEL ,,,UNKNOWN,24,MALE,WHITE HISPANIC,apr2016,,,S0,S,0,1
1056670,1923,CLARK ST,3600,STREET,26aug2012 23:29:59,26aug2012 23:29:59,29aug2012,,,,,,,,S065,FIREARM USED AS AN IMPACT WEAPON,05A,EXCESSIVE FORCE / ON DUTY - INJURY,CLOSED/FINAL,NOT SUSTAINED,SANCHEZ,EDWIN,,,UNKNOWN,26,MALE,WHITE HISPANIC,apr2016,,,S0,S,0,1
1056670,1923,CLARK ST,3600,STREET,26aug2012 23:29:59,26aug2012 23:29:59,29aug2012,MARK,POKUTA,19595,019,,05feb2001,POLICE OFFICER,S065,FIREARM USED AS AN IMPACT WEAPON,05A,EXCESSIVE FORCE / ON DUTY - INJURY,CLOSED/FINAL,EXONERATED,SANCHEZ,EDMUNDO,,,UNKNOWN,56,MALE,WHITE HISPANIC,apr2016,,,S0,S,0,1
1056670,1923,CLARK ST,3600,STREET,26aug2012 23:29:59,26aug2012 23:29:59,29aug2012,,,,,,,,S065,FIREARM USED AS AN IMPACT WEAPON,05A,EXCESSIVE FORCE / ON DUTY - INJURY,CLOSED/FINAL,EXONERATED,ROOMI,MALICK,,,,43,MALE,ASIAN/PACIFIC ISLANDER,apr2016,,,S0,S,0,1
1056670,1923,CLARK ST,3600,STREET,26aug2012 23:29:59,26aug2012 23:29:59,29aug2012,,,,,,,,S065,FIREARM USED AS AN IMPACT WEAPON,05A,EXCESSIVE FORCE / ON DUTY - INJURY,CLOSED/FINAL,EXONERATED,SANCHEZ,EDMUNDO,,,UNKNOWN,56,MALE,WHITE HISPANIC,apr2016,,,S0,S,0,1
1056670,1923,CLARK ST,3600,STREET,26aug2012 23:29:59,26aug2012 23:29:59,29aug2012,MARK,POKUTA,19595,019,,05feb2001,POLICE OFFICER,S065,FIREARM USED AS AN IMPACT WEAPON,05A,EXCESSIVE FORCE / ON DUTY - INJURY,CLOSED/FINAL,NOT SUSTAINED,ROOMI,MALICK,,,,43,MALE,ASIAN/PACIFIC ISLANDER,apr2016,,,S0,S,0,1
1056670,1923,CLARK ST,3600,STREET,26aug2012 23:29:59,26aug2012 23:29:59,29aug2012,MARK,POKUTA,19595,019,,05feb2001,POLICE OFFICER,S065,FIREARM USED AS AN IMPACT WEAPON,05A,EXCESSIVE FORCE / ON DUTY - INJURY,CLOSED/FINAL,NOT SUSTAINED,FOYTIK,RICHARD,,,,24,MALE,UNKNOWN,apr2016,,,S0,S,0,1
1056670,1923,CLARK ST,3600,STREET,26aug2012 23:29:59,26aug2012 23:29:59,29aug2012,MARK,POKUTA,19595,019,,05feb2001,POLICE OFFICER,S065,FIREARM USED AS AN IMPACT WEAPON,05A,EXCESSIVE FORCE / ON DUTY - INJURY,CLOSED/FINAL,NOT SUSTAINED,SANCHEZ,EDMUNDO,,,UNKNOWN,56,MALE,WHITE HISPANIC,apr2016,,,S0,S,0,1
1056670,1923,CLARK ST,3600,STREET,26aug2012 23:29:59,26aug2012 23:29:59,29aug2012,,,,,,,,S065,FIREARM USED AS AN IMPACT WEAPON,05A,EXCESSIVE FORCE / ON DUTY - INJURY,CLOSED/FINAL,EXONERATED,SANCHEZ,MICHAEL ,,,UNKNOWN,24,MALE,WHITE HISPANIC,apr2016,,,S0,S,0,1
1056670,1923,CLARK ST,3600,STREET,26aug2012 23:29:59,26aug2012 23:29:59,29aug2012,,,,,,,,S065,FIREARM USED AS AN IMPACT WEAPON,05A,EXCESSIVE FORCE / ON DUTY - INJURY,CLOSED/FINAL,NOT SUSTAINED,SANCHEZ,MICHAEL ,,,UNKNOWN,25,MALE,WHITE HISPANIC,apr2016,,,S0,S,0,1
1056670,1923,CLARK ST,3600,STREET,26aug2012 23:29:59,26aug2012 23:29:59,29aug2012,MARK,POKUTA,19595,019,,05feb2001,POLICE OFFICER,S065,FIREARM USED AS AN IMPACT WEAPON,05A,EXCESSIVE FORCE / ON DUTY - INJURY,CLOSED/FINAL,NOT SUSTAINED,SANCHEZ,MICHAEL ,,,UNKNOWN,25,MALE,WHITE HISPANIC,apr2016,,,S0,S,0,1
1056670,1923,CLARK ST,3600,STREET,26aug2012 23:29:59,26aug2012 23:29:59,29aug2012,,,,,,,,S065,FIREARM USED AS AN IMPACT WEAPON,05A,EXCESSIVE FORCE / ON DUTY - INJURY,CLOSED/FINAL,EXONERATED,FOYTIK,RICHARD,,,,24,MALE,UNKNOWN,apr2016,,,S0,S,1,1
1056670,1923,CLARK ST,3600,STREET,26aug2012 23:29:59,26aug2012 23:29:59,29aug2012,,,,,,,,S065,FIREARM USED AS AN IMPACT WEAPON,05A,EXCESSIVE FORCE / ON DUTY - INJURY,CLOSED/FINAL,NOT SUSTAINED,SANCHEZ,EDWIN,,,UNKNOWN,27,MALE,WHITE HISPANIC,apr2016,,,S0,S,0,1
1056670,1923,CLARK ST,3600,STREET,26aug2012 23:29:59,26aug2012 23:29:59,29aug2012,,,,,,,,S065,FIREARM USED AS AN IMPACT WEAPON,05A,EXCESSIVE FORCE / ON DUTY - INJURY,CLOSED/FINAL,NOT SUSTAINED,SANCHEZ,EDMUNDO,,,UNKNOWN,56,MALE,WHITE HISPANIC,apr2016,,,S0,S,0,1
1056670,1923,CLARK ST,3600,STREET,26aug2012 23:29:59,26aug2012 23:29:59,29aug2012,MARK,POKUTA,19595,019,,05feb2001,POLICE OFFICER,S065,FIREARM USED AS AN IMPACT WEAPON,05A,EXCESSIVE FORCE / ON DUTY - INJURY,CLOSED/FINAL,EXONERATED,SANCHEZ,MICHAEL ,,,UNKNOWN,25,MALE,WHITE HISPANIC,apr2016,,,S0,S,0,1
1056670,1923,CLARK ST,3600,STREET,26aug2012 23:29:59,26aug2012 23:29:59,29aug2012,MARK,POKUTA,19595,019,,05feb2001,POLICE OFFICER,S065,FIREARM USED AS AN IMPACT WEAPON,05A,EXCESSIVE FORCE / ON DUTY - INJURY,CLOSED/FINAL,EXONERATED,SANCHEZ,EDMUNDO,,,UNKNOWN,55,MALE,WHITE HISPANIC,apr2016,,,S0,S,0,1
1056670,1923,CLARK ST,3600,STREET,26aug2012 23:29:59,26aug2012 23:29:59,29aug2012,,,,,,,,S065,FIREARM USED AS AN IMPACT WEAPON,05A,EXCESSIVE FORCE / ON DUTY - INJURY,CLOSED/FINAL,NOT SUSTAINED,SANCHEZ,EDMUNDO,,,UNKNOWN,55,MALE,WHITE HISPANIC,apr2016,,,S0,S,0,1
1056670,1923,CLARK ST,3600,STREET,26aug2012 23:29:59,26aug2012 23:29:59,29aug2012,MARK,POKUTA,19595,019,,05feb2001,POLICE OFFICER,S065,FIREARM USED AS AN IMPACT WEAPON,05A,EXCESSIVE FORCE / ON DUTY - INJURY,CLOSED/FINAL,NOT SUSTAINED,SANCHEZ,EDWIN,,,UNKNOWN,27,MALE,WHITE HISPANIC,apr2016,,,S0,S,0,1
1056670,1923,CLARK ST,3600,STREET,26aug2012 23:29:59,26aug2012 23:29:59,29aug2012,,,,,,,,S065,FIREARM USED AS AN IMPACT WEAPON,05A,EXCESSIVE FORCE / ON DUTY - INJURY,CLOSED/FINAL,EXONERATED,SANCHEZ,MICHAEL ,,,UNKNOWN,25,MALE,WHITE HISPANIC,apr2016,,,S0,S,0,1
1056670,1923,CLARK ST,3600,STREET,26aug2012 23:29:59,26aug2012 23:29:59,29aug2012,MARK,POKUTA,19595,019,,05feb2001,POLICE OFFICER,S065,FIREARM USED AS AN IMPACT WEAPON,05A,EXCESSIVE FORCE / ON DUTY - INJURY,CLOSED/FINAL,EXONERATED,FOYTIK,RICHARD,,,,24,MALE,UNKNOWN,apr2016,,,S0,S,0,1
1056670,1923,CLARK ST,3600,STREET,26aug2012 23:29:59,26aug2012 23:29:59,29aug2012,MARK,POKUTA,19595,019,,05feb2001,POLICE OFFICER,S065,FIREARM USED AS AN IMPACT WEAPON,05A,EXCESSIVE FORCE / ON DUTY - INJURY,CLOSED/FINAL,NOT SUSTAINED,SANCHEZ,EDMUNDO,,,UNKNOWN,55,MALE,WHITE HISPANIC,apr2016,,,S0,S,0,1
