COMPLAINT_NUMBER,BEAT,STREET,ADDRESS,LOCATION_CODE,INCIDENT_TIME_START,INCIDENT_TIME_END,NOTIFICATION_DATE,ACCSUEDOFFICER_FNAME,ACCUSEDOFFICER_LNAME,ACCUSED_STAR,ACCUSED_UNIT,ACCUSED_DETAIL,ACCUSED_APPOINTMENT_DATE,ACCUSED_POSITION,INITIAL_CATEGORY_CODE,INITIAL_CATEGORY,CURRENT_CATEGORY_CODE,CURRENT_CATEGORY,CURRENT_STATUS,FINDING_CODE,INVOLVED_OFFICER_LNAME,INVOLVED_OFFICER_FNAME,INVOLVED_OFFICER_UNIT,INVOLVED_OFFICER_DETAIL,INVOLVED_OFFICER_POSITION,INVOLVED_OFFICER_AGE,INVOLVED_OFFICER_SEX,INVOLVED_OFFICER_RACE,foia,INVOLVED_OFFICER_DESCRIPTION,INVOLVED_OFFICER_TYPE,start_code_2,start_code_1,rec,sum_rec
1059203,933,HALSTED ST,5000,STREET,03dec2012 22:14:00,03dec2012 22:14:00,27dec2012,JOSHUA,BERNSON,15360,009,,30sep2002,POLICE OFFICER,05A,EXCESSIVE FORCE / ON DUTY - INJURY,S001,CLOSED HAND STRIKE (PUNCH),CLOSED/FINAL,EXONERATED,BERRY,ERIC,,,UNKNOWN,42,MALE,BLACK,apr2016,,,05,0,0,1
1059203,933,HALSTED ST,5000,STREET,03dec2012 22:14:00,03dec2012 22:14:00,27dec2012,ANDREW,KEMPS,16145,009,,26apr2004,POLICE OFFICER,05A,EXCESSIVE FORCE / ON DUTY - INJURY,S001,CLOSED HAND STRIKE (PUNCH),CLOSED/FINAL,EXONERATED,BERRY,ERIC,,,UNKNOWN,42,MALE,BLACK,apr2016,,,05,0,0,1
1059203,933,HALSTED ST,5000,STREET,03dec2012 22:14:00,03dec2012 22:14:00,27dec2012,ANGEL,COLON,13373,009,,05dec2005,POLICE OFFICER,05A,EXCESSIVE FORCE / ON DUTY - INJURY,S001,CLOSED HAND STRIKE (PUNCH),CLOSED/FINAL,UNFOUNDED,BERRY,ERIC,,,UNKNOWN,42,MALE,BLACK,apr2016,,,05,0,0,1
1059203,933,HALSTED ST,5000,STREET,03dec2012 22:14:00,03dec2012 22:14:00,27dec2012,BRIAN,CAHILL,19478,009,,29nov2004,POLICE OFFICER,05A,EXCESSIVE FORCE / ON DUTY - INJURY,S001,CLOSED HAND STRIKE (PUNCH),CLOSED/FINAL,UNFOUNDED,BERRY,ERIC,,,UNKNOWN,42,MALE,BLACK,apr2016,,,05,0,0,1
1059203,933,HALSTED ST,5000,STREET,03dec2012 22:14:00,03dec2012 22:14:00,27dec2012,,,,,,,,05A,EXCESSIVE FORCE / ON DUTY - INJURY,S001,CLOSED HAND STRIKE (PUNCH),CLOSED/FINAL,UNFOUNDED,BERRY,ERIC,,,UNKNOWN,42,MALE,BLACK,apr2016,,,05,0,0,1
