COMPLAINT_NUMBER,BEAT,STREET,ADDRESS,LOCATION_CODE,INCIDENT_TIME_START,INCIDENT_TIME_END,NOTIFICATION_DATE,ACCSUEDOFFICER_FNAME,ACCUSEDOFFICER_LNAME,ACCUSED_STAR,ACCUSED_UNIT,ACCUSED_DETAIL,ACCUSED_APPOINTMENT_DATE,ACCUSED_POSITION,INITIAL_CATEGORY_CODE,INITIAL_CATEGORY,CURRENT_CATEGORY_CODE,CURRENT_CATEGORY,CURRENT_STATUS,FINDING_CODE,INVOLVED_OFFICER_LNAME,INVOLVED_OFFICER_FNAME,INVOLVED_OFFICER_UNIT,INVOLVED_OFFICER_DETAIL,INVOLVED_OFFICER_POSITION,INVOLVED_OFFICER_AGE,INVOLVED_OFFICER_SEX,INVOLVED_OFFICER_RACE,foia,INVOLVED_OFFICER_DESCRIPTION,INVOLVED_OFFICER_TYPE,start_code_2,start_code_1,rec,sum_rec
1053644,2413,CALIFORNIA AVE,6050,STREET,26apr2012 18:59:59,26apr2012 18:59:59,28apr2012,CARLOS,SANTIAGO,13158,024,,26jun2006,POLICE OFFICER,01B,"RACIAL / ETHNIC, ETC.",01B,"RACIAL / ETHNIC, ETC.",CLOSED/FINAL,NOT SUSTAINED,JAMES,YVETTE,,,,,FEMALE,BLACK,apr2016,,,01,0,0,1
1053644,2413,CALIFORNIA AVE,6050,STREET,26apr2012 18:59:59,26apr2012 18:59:59,28apr2012,CARLOS,SANTIAGO,13158,024,,26jun2006,POLICE OFFICER,01B,"RACIAL / ETHNIC, ETC.",01B,"RACIAL / ETHNIC, ETC.",CLOSED/FINAL,NOT SUSTAINED,CROSBY,TYRON ,,,UNKNOWN,,MALE,BLACK,apr2016,,,01,0,0,1
1053644,2413,CALIFORNIA AVE,6050,STREET,26apr2012 18:59:59,26apr2012 18:59:59,28apr2012,CARLOS,SANTIAGO,13158,024,,26jun2006,POLICE OFFICER,01B,"RACIAL / ETHNIC, ETC.",01B,"RACIAL / ETHNIC, ETC.",CLOSED/FINAL,NOT SUSTAINED,OMMUNDSON,STEVEN,024,,POLICE OFFICER,,MALE,WHITE,apr2016,,,01,0,0,1
1053644,2413,CALIFORNIA AVE,6050,STREET,26apr2012 18:59:59,26apr2012 18:59:59,28apr2012,CARLOS,SANTIAGO,13158,024,,26jun2006,POLICE OFFICER,01B,"RACIAL / ETHNIC, ETC.",01B,"RACIAL / ETHNIC, ETC.",CLOSED/FINAL,NOT SUSTAINED,JAMES,CLIFFORD,,,,,MALE,BLACK,apr2016,,,01,0,0,1
1053644,2413,CALIFORNIA AVE,6050,STREET,26apr2012 18:59:59,26apr2012 18:59:59,28apr2012,,,,,,,,01B,"RACIAL / ETHNIC, ETC.",01B,"RACIAL / ETHNIC, ETC.",CLOSED/FINAL,NOT SUSTAINED,JAMES,CLIFFORD,,,,,MALE,BLACK,apr2016,,,01,0,1,1
1053644,2413,CALIFORNIA AVE,6050,STREET,26apr2012 18:59:59,26apr2012 18:59:59,28apr2012,,,,,,,,01B,"RACIAL / ETHNIC, ETC.",01B,"RACIAL / ETHNIC, ETC.",CLOSED/FINAL,NOT SUSTAINED,JAMES,YVETTE,,,,,FEMALE,BLACK,apr2016,,,01,0,0,1
1053644,2413,CALIFORNIA AVE,6050,STREET,26apr2012 18:59:59,26apr2012 18:59:59,28apr2012,CARLOS,SANTIAGO,13158,024,,26jun2006,POLICE OFFICER,01B,"RACIAL / ETHNIC, ETC.",01B,"RACIAL / ETHNIC, ETC.",CLOSED/FINAL,NOT SUSTAINED,PRICE ,SHAKE ,,,UNKNOWN,,MALE,BLACK,apr2016,,,01,0,0,1
1053644,2413,CALIFORNIA AVE,6050,STREET,26apr2012 18:59:59,26apr2012 18:59:59,28apr2012,,,,,,,,01B,"RACIAL / ETHNIC, ETC.",01B,"RACIAL / ETHNIC, ETC.",CLOSED/FINAL,NOT SUSTAINED,OMMUNDSON,STEVEN,024,,POLICE OFFICER,,MALE,WHITE,apr2016,,,01,0,0,1
1053644,2413,CALIFORNIA AVE,6050,STREET,26apr2012 18:59:59,26apr2012 18:59:59,28apr2012,,,,,,,,01B,"RACIAL / ETHNIC, ETC.",01B,"RACIAL / ETHNIC, ETC.",CLOSED/FINAL,NOT SUSTAINED,PRICE ,SHAKE ,,,UNKNOWN,,MALE,BLACK,apr2016,,,01,0,0,1
1053644,2413,CALIFORNIA AVE,6050,STREET,26apr2012 18:59:59,26apr2012 18:59:59,28apr2012,,,,,,,,01B,"RACIAL / ETHNIC, ETC.",01B,"RACIAL / ETHNIC, ETC.",CLOSED/FINAL,NOT SUSTAINED,CROSBY,TYRON ,,,UNKNOWN,,MALE,BLACK,apr2016,,,01,0,0,1
