COMPLAINT_NUMBER,BEAT,STREET,ADDRESS,LOCATION_CODE,INCIDENT_TIME_START,INCIDENT_TIME_END,NOTIFICATION_DATE,ACCSUEDOFFICER_FNAME,ACCUSEDOFFICER_LNAME,ACCUSED_STAR,ACCUSED_UNIT,ACCUSED_DETAIL,ACCUSED_APPOINTMENT_DATE,ACCUSED_POSITION,INITIAL_CATEGORY_CODE,INITIAL_CATEGORY,CURRENT_CATEGORY_CODE,CURRENT_CATEGORY,CURRENT_STATUS,FINDING_CODE,INVOLVED_OFFICER_LNAME,INVOLVED_OFFICER_FNAME,INVOLVED_OFFICER_UNIT,INVOLVED_OFFICER_DETAIL,INVOLVED_OFFICER_POSITION,INVOLVED_OFFICER_AGE,INVOLVED_OFFICER_SEX,INVOLVED_OFFICER_RACE,foia,INVOLVED_OFFICER_DESCRIPTION,INVOLVED_OFFICER_TYPE,start_code_2,start_code_1,rec,sum_rec
1055677,1833,CHICAGO AVE,10,STREET,14jul2012 23:39:59,14jul2012 23:39:59,19jul2012,,,,,,,,S117,PUSH/PULL/GRAB,05M,UNNECESSARY PHYSICAL CONTACT / ON DUTY - NO INJURY,CLOSED/FINAL,NOT SUSTAINED,LAVIGNE,KALEB,,,UNKNOWN,17,MALE,BLACK,apr2016,,,S1,S,1,1
1055677,1833,CHICAGO AVE,10,STREET,14jul2012 23:39:59,14jul2012 23:39:59,19jul2012,PAUL,MACK,600,018,,19jun1991,LIEUTENANT OF POLICE,S117,PUSH/PULL/GRAB,05M,UNNECESSARY PHYSICAL CONTACT / ON DUTY - NO INJURY,CLOSED/FINAL,NOT SUSTAINED,RHEA,DARMONI ,,,UNKNOWN,,MALE,BLACK,apr2016,,,S1,S,0,1
1055677,1833,CHICAGO AVE,10,STREET,14jul2012 23:39:59,14jul2012 23:39:59,19jul2012,PAUL,MACK,600,018,,19jun1991,LIEUTENANT OF POLICE,S117,PUSH/PULL/GRAB,05M,UNNECESSARY PHYSICAL CONTACT / ON DUTY - NO INJURY,CLOSED/FINAL,NOT SUSTAINED,RHEA,DARMANI ,,,UNKNOWN,,MALE,BLACK,apr2016,,,S1,S,0,1
1055677,1833,CHICAGO AVE,10,STREET,14jul2012 23:39:59,14jul2012 23:39:59,19jul2012,PAUL,MACK,600,018,,19jun1991,LIEUTENANT OF POLICE,S117,PUSH/PULL/GRAB,05M,UNNECESSARY PHYSICAL CONTACT / ON DUTY - NO INJURY,CLOSED/FINAL,NOT SUSTAINED,LAVIGNE ,MINGON ,,,UNKNOWN,49,FEMALE,BLACK,apr2016,,,S1,S,0,1
1055677,1833,CHICAGO AVE,10,STREET,14jul2012 23:39:59,14jul2012 23:39:59,19jul2012,PAUL,MACK,600,018,,19jun1991,LIEUTENANT OF POLICE,S117,PUSH/PULL/GRAB,05M,UNNECESSARY PHYSICAL CONTACT / ON DUTY - NO INJURY,CLOSED/FINAL,NOT SUSTAINED,MEJIA,MARIO,018,,POLICE OFFICER,,MALE,SPANISH (DO NOT USE),apr2016,,,S1,S,0,1
1055677,1833,CHICAGO AVE,10,STREET,14jul2012 23:39:59,14jul2012 23:39:59,19jul2012,,,,,,,,S117,PUSH/PULL/GRAB,05M,UNNECESSARY PHYSICAL CONTACT / ON DUTY - NO INJURY,CLOSED/FINAL,NOT SUSTAINED,RHEA,DARMONI ,,,UNKNOWN,,MALE,BLACK,apr2016,,,S1,S,0,1
1055677,1833,CHICAGO AVE,10,STREET,14jul2012 23:39:59,14jul2012 23:39:59,19jul2012,,,,,,,,S117,PUSH/PULL/GRAB,05M,UNNECESSARY PHYSICAL CONTACT / ON DUTY - NO INJURY,CLOSED/FINAL,NOT SUSTAINED,RHEA,DARMANI ,,,UNKNOWN,,MALE,BLACK,apr2016,,,S1,S,0,1
1055677,1833,CHICAGO AVE,10,STREET,14jul2012 23:39:59,14jul2012 23:39:59,19jul2012,,,,,,,,S117,PUSH/PULL/GRAB,05M,UNNECESSARY PHYSICAL CONTACT / ON DUTY - NO INJURY,CLOSED/FINAL,NOT SUSTAINED,LAVIGNE ,MINGON ,,,UNKNOWN,49,FEMALE,BLACK,apr2016,,,S1,S,0,1
1055677,1833,CHICAGO AVE,10,STREET,14jul2012 23:39:59,14jul2012 23:39:59,19jul2012,PAUL,MACK,600,018,,19jun1991,LIEUTENANT OF POLICE,S117,PUSH/PULL/GRAB,05M,UNNECESSARY PHYSICAL CONTACT / ON DUTY - NO INJURY,CLOSED/FINAL,NOT SUSTAINED,QUINT,STEVEN,018,,POLICE OFFICER,,MALE,WHITE,apr2016,,,S1,S,0,1
1055677,1833,CHICAGO AVE,10,STREET,14jul2012 23:39:59,14jul2012 23:39:59,19jul2012,PAUL,MACK,600,018,,19jun1991,LIEUTENANT OF POLICE,S117,PUSH/PULL/GRAB,05M,UNNECESSARY PHYSICAL CONTACT / ON DUTY - NO INJURY,CLOSED/FINAL,NOT SUSTAINED,LAVIGNE,KALED ,,,UNKNOWN,16,MALE,BLACK,apr2016,,,S1,S,0,1
1055677,1833,CHICAGO AVE,10,STREET,14jul2012 23:39:59,14jul2012 23:39:59,19jul2012,,,,,,,,S117,PUSH/PULL/GRAB,05M,UNNECESSARY PHYSICAL CONTACT / ON DUTY - NO INJURY,CLOSED/FINAL,NOT SUSTAINED,LAVIGNE,KALED ,,,UNKNOWN,16,MALE,BLACK,apr2016,,,S1,S,0,1
1055677,1833,CHICAGO AVE,10,STREET,14jul2012 23:39:59,14jul2012 23:39:59,19jul2012,PAUL,MACK,600,018,,19jun1991,LIEUTENANT OF POLICE,S117,PUSH/PULL/GRAB,05M,UNNECESSARY PHYSICAL CONTACT / ON DUTY - NO INJURY,CLOSED/FINAL,NOT SUSTAINED,LAVIGNE,KALEB,,,UNKNOWN,17,MALE,BLACK,apr2016,,,S1,S,0,1
1055677,1833,CHICAGO AVE,10,STREET,14jul2012 23:39:59,14jul2012 23:39:59,19jul2012,,,,,,,,S117,PUSH/PULL/GRAB,05M,UNNECESSARY PHYSICAL CONTACT / ON DUTY - NO INJURY,CLOSED/FINAL,NOT SUSTAINED,QUINT,STEVEN,018,,POLICE OFFICER,,MALE,WHITE,apr2016,,,S1,S,0,1
1055677,1833,CHICAGO AVE,10,STREET,14jul2012 23:39:59,14jul2012 23:39:59,19jul2012,,,,,,,,S117,PUSH/PULL/GRAB,05M,UNNECESSARY PHYSICAL CONTACT / ON DUTY - NO INJURY,CLOSED/FINAL,NOT SUSTAINED,MEJIA,MARIO,018,,POLICE OFFICER,,MALE,SPANISH (DO NOT USE),apr2016,,,S1,S,0,1
