COMPLAINT_NUMBER,BEAT,STREET,ADDRESS,LOCATION_CODE,INCIDENT_TIME_START,INCIDENT_TIME_END,NOTIFICATION_DATE,ACCSUEDOFFICER_FNAME,ACCUSEDOFFICER_LNAME,ACCUSED_STAR,ACCUSED_UNIT,ACCUSED_DETAIL,ACCUSED_APPOINTMENT_DATE,ACCUSED_POSITION,INITIAL_CATEGORY_CODE,INITIAL_CATEGORY,CURRENT_CATEGORY_CODE,CURRENT_CATEGORY,CURRENT_STATUS,FINDING_CODE,INVOLVED_OFFICER_LNAME,INVOLVED_OFFICER_FNAME,INVOLVED_OFFICER_UNIT,INVOLVED_OFFICER_DETAIL,INVOLVED_OFFICER_POSITION,INVOLVED_OFFICER_AGE,INVOLVED_OFFICER_SEX,INVOLVED_OFFICER_RACE,foia,INVOLVED_OFFICER_DESCRIPTION,INVOLVED_OFFICER_TYPE,start_code_2,start_code_1,rec,sum_rec
1059792,1531,SUPERIOR ST,5030,RESIDENCE PORCH/HALLWAY,26jan2013 00:30:00,26jan2013 00:30:00,28jan2013,,,,,,,,05A,EXCESSIVE FORCE / ON DUTY - INJURY,S014,TASER (PROBE DISCHARGE),CLOSED/FINAL,EXONERATED,NOBLE,BERTHA,,,UNKNOWN,52,FEMALE,BLACK,apr2016,,,05,0,0,1
1059792,1531,SUPERIOR ST,5030,RESIDENCE PORCH/HALLWAY,26jan2013 00:30:00,26jan2013 00:30:00,28jan2013,,DOUGLAS,8755,015,,09mar2009,POLICE OFFICER,05A,EXCESSIVE FORCE / ON DUTY - INJURY,S014,TASER (PROBE DISCHARGE),CLOSED/FINAL,EXONERATED,NOBLE,BERTHA,,,UNKNOWN,52,FEMALE,BLACK,apr2016,,,05,0,0,1
1059792,1531,SUPERIOR ST,5030,RESIDENCE PORCH/HALLWAY,26jan2013 00:30:00,26jan2013 00:30:00,28jan2013,,,,,,,,05A,EXCESSIVE FORCE / ON DUTY - INJURY,S014,TASER (PROBE DISCHARGE),CLOSED/FINAL,EXONERATED,TOWERS,BRITTNEY,,,,23,FEMALE,BLACK,apr2016,,,05,0,0,1
1059792,1531,SUPERIOR ST,5030,RESIDENCE PORCH/HALLWAY,26jan2013 00:30:00,26jan2013 00:30:00,28jan2013,,,,,,,,05A,EXCESSIVE FORCE / ON DUTY - INJURY,S014,TASER (PROBE DISCHARGE),CLOSED/FINAL,UNFOUNDED,FOSTER,LATONIA,015,,POLICE OFFICER,,FEMALE,BLACK,apr2016,,,05,0,0,1
1059792,1531,SUPERIOR ST,5030,RESIDENCE PORCH/HALLWAY,26jan2013 00:30:00,26jan2013 00:30:00,28jan2013,,DOUGLAS,8755,015,,09mar2009,POLICE OFFICER,05A,EXCESSIVE FORCE / ON DUTY - INJURY,S014,TASER (PROBE DISCHARGE),CLOSED/FINAL,EXONERATED,BALFOUR,EMMETT,,,UNKNOWN,22,MALE,BLACK,apr2016,,,05,0,0,1
1059792,1531,SUPERIOR ST,5030,RESIDENCE PORCH/HALLWAY,26jan2013 00:30:00,26jan2013 00:30:00,28jan2013,,STRUKE,1039,015,,04aug1997,SERGEANT OF POLICE,05A,EXCESSIVE FORCE / ON DUTY - INJURY,S014,TASER (PROBE DISCHARGE),CLOSED/FINAL,EXONERATED,BALFOUR,EMMETT,,,UNKNOWN,22,MALE,BLACK,apr2016,,,05,0,0,1
1059792,1531,SUPERIOR ST,5030,RESIDENCE PORCH/HALLWAY,26jan2013 00:30:00,26jan2013 00:30:00,28jan2013,,DOUGLAS,8755,015,,09mar2009,POLICE OFFICER,05A,EXCESSIVE FORCE / ON DUTY - INJURY,S014,TASER (PROBE DISCHARGE),CLOSED/FINAL,UNFOUNDED,,,,,UNKNOWN,,FEMALE,BLACK,apr2016,,,05,0,0,1
1059792,1531,SUPERIOR ST,5030,RESIDENCE PORCH/HALLWAY,26jan2013 00:30:00,26jan2013 00:30:00,28jan2013,,DOUGLAS,8755,015,,09mar2009,POLICE OFFICER,05A,EXCESSIVE FORCE / ON DUTY - INJURY,S014,TASER (PROBE DISCHARGE),CLOSED/FINAL,UNFOUNDED,TOWERS,BRITTNEY,,,,23,FEMALE,BLACK,apr2016,,,05,0,0,1
1059792,1531,SUPERIOR ST,5030,RESIDENCE PORCH/HALLWAY,26jan2013 00:30:00,26jan2013 00:30:00,28jan2013,,,,,,,,05A,EXCESSIVE FORCE / ON DUTY - INJURY,S014,TASER (PROBE DISCHARGE),CLOSED/FINAL,EXONERATED,BALFOUR,EMMETT,,,UNKNOWN,22,MALE,BLACK,apr2016,,,05,0,1,1
1059792,1531,SUPERIOR ST,5030,RESIDENCE PORCH/HALLWAY,26jan2013 00:30:00,26jan2013 00:30:00,28jan2013,,,,,,,,05A,EXCESSIVE FORCE / ON DUTY - INJURY,S014,TASER (PROBE DISCHARGE),CLOSED/FINAL,UNFOUNDED,,,,,UNKNOWN,,FEMALE,BLACK,apr2016,,,05,0,0,1
1059792,1531,SUPERIOR ST,5030,RESIDENCE PORCH/HALLWAY,26jan2013 00:30:00,26jan2013 00:30:00,28jan2013,,,,,,,,05A,EXCESSIVE FORCE / ON DUTY - INJURY,S014,TASER (PROBE DISCHARGE),CLOSED/FINAL,UNFOUNDED,BALFOUR,EMMETT,,,UNKNOWN,22,MALE,BLACK,apr2016,,,05,0,0,1
1059792,1531,SUPERIOR ST,5030,RESIDENCE PORCH/HALLWAY,26jan2013 00:30:00,26jan2013 00:30:00,28jan2013,,DOUGLAS,8755,015,,09mar2009,POLICE OFFICER,05A,EXCESSIVE FORCE / ON DUTY - INJURY,S014,TASER (PROBE DISCHARGE),CLOSED/FINAL,EXONERATED,TOWERS,BRITTNEY,,,,23,FEMALE,BLACK,apr2016,,,05,0,0,1
1059792,1531,SUPERIOR ST,5030,RESIDENCE PORCH/HALLWAY,26jan2013 00:30:00,26jan2013 00:30:00,28jan2013,,STRUKE,1039,015,,04aug1997,SERGEANT OF POLICE,05A,EXCESSIVE FORCE / ON DUTY - INJURY,S014,TASER (PROBE DISCHARGE),CLOSED/FINAL,NOT SUSTAINED,TOWERS,BRITTNEY,,,,23,FEMALE,BLACK,apr2016,,,05,0,0,1
1059792,1531,SUPERIOR ST,5030,RESIDENCE PORCH/HALLWAY,26jan2013 00:30:00,26jan2013 00:30:00,28jan2013,,,,,,,,05A,EXCESSIVE FORCE / ON DUTY - INJURY,S014,TASER (PROBE DISCHARGE),CLOSED/FINAL,UNFOUNDED,TOWERS,BRITTNEY,,,,23,FEMALE,BLACK,apr2016,,,05,0,0,1
1059792,1531,SUPERIOR ST,5030,RESIDENCE PORCH/HALLWAY,26jan2013 00:30:00,26jan2013 00:30:00,28jan2013,,DOUGLAS,8755,015,,09mar2009,POLICE OFFICER,05A,EXCESSIVE FORCE / ON DUTY - INJURY,S014,TASER (PROBE DISCHARGE),CLOSED/FINAL,UNFOUNDED,FOSTER,LATONIA,015,,POLICE OFFICER,,FEMALE,BLACK,apr2016,,,05,0,0,1
1059792,1531,SUPERIOR ST,5030,RESIDENCE PORCH/HALLWAY,26jan2013 00:30:00,26jan2013 00:30:00,28jan2013,,,,,,,,05A,EXCESSIVE FORCE / ON DUTY - INJURY,S014,TASER (PROBE DISCHARGE),CLOSED/FINAL,EXONERATED,,,,,UNKNOWN,,FEMALE,BLACK,apr2016,,,05,0,0,1
1059792,1531,SUPERIOR ST,5030,RESIDENCE PORCH/HALLWAY,26jan2013 00:30:00,26jan2013 00:30:00,28jan2013,,STRUKE,1039,015,,04aug1997,SERGEANT OF POLICE,05A,EXCESSIVE FORCE / ON DUTY - INJURY,S014,TASER (PROBE DISCHARGE),CLOSED/FINAL,EXONERATED,TOWERS,BRITTNEY,,,,23,FEMALE,BLACK,apr2016,,,05,0,0,1
1059792,1531,SUPERIOR ST,5030,RESIDENCE PORCH/HALLWAY,26jan2013 00:30:00,26jan2013 00:30:00,28jan2013,,STRUKE,1039,015,,04aug1997,SERGEANT OF POLICE,05A,EXCESSIVE FORCE / ON DUTY - INJURY,S014,TASER (PROBE DISCHARGE),CLOSED/FINAL,EXONERATED,,,,,UNKNOWN,,FEMALE,BLACK,apr2016,,,05,0,0,1
1059792,1531,SUPERIOR ST,5030,RESIDENCE PORCH/HALLWAY,26jan2013 00:30:00,26jan2013 00:30:00,28jan2013,,STRUKE,1039,015,,04aug1997,SERGEANT OF POLICE,05A,EXCESSIVE FORCE / ON DUTY - INJURY,S014,TASER (PROBE DISCHARGE),CLOSED/FINAL,EXONERATED,NOBLE,BERTHA,,,UNKNOWN,52,FEMALE,BLACK,apr2016,,,05,0,0,1
1059792,1531,SUPERIOR ST,5030,RESIDENCE PORCH/HALLWAY,26jan2013 00:30:00,26jan2013 00:30:00,28jan2013,,STRUKE,1039,015,,04aug1997,SERGEANT OF POLICE,05A,EXCESSIVE FORCE / ON DUTY - INJURY,S014,TASER (PROBE DISCHARGE),CLOSED/FINAL,NOT SUSTAINED,BALFOUR,EMMETT,,,UNKNOWN,22,MALE,BLACK,apr2016,,,05,0,0,1
1059792,1531,SUPERIOR ST,5030,RESIDENCE PORCH/HALLWAY,26jan2013 00:30:00,26jan2013 00:30:00,28jan2013,,STRUKE,1039,015,,04aug1997,SERGEANT OF POLICE,05A,EXCESSIVE FORCE / ON DUTY - INJURY,S014,TASER (PROBE DISCHARGE),CLOSED/FINAL,NOT SUSTAINED,,,,,UNKNOWN,,FEMALE,BLACK,apr2016,,,05,0,0,1
1059792,1531,SUPERIOR ST,5030,RESIDENCE PORCH/HALLWAY,26jan2013 00:30:00,26jan2013 00:30:00,28jan2013,,STRUKE,1039,015,,04aug1997,SERGEANT OF POLICE,05A,EXCESSIVE FORCE / ON DUTY - INJURY,S014,TASER (PROBE DISCHARGE),CLOSED/FINAL,NOT SUSTAINED,FOSTER,LATONIA,015,,POLICE OFFICER,,FEMALE,BLACK,apr2016,,,05,0,0,1
1059792,1531,SUPERIOR ST,5030,RESIDENCE PORCH/HALLWAY,26jan2013 00:30:00,26jan2013 00:30:00,28jan2013,,STRUKE,1039,015,,04aug1997,SERGEANT OF POLICE,05A,EXCESSIVE FORCE / ON DUTY - INJURY,S014,TASER (PROBE DISCHARGE),CLOSED/FINAL,EXONERATED,FOSTER,LATONIA,015,,POLICE OFFICER,,FEMALE,BLACK,apr2016,,,05,0,0,1
1059792,1531,SUPERIOR ST,5030,RESIDENCE PORCH/HALLWAY,26jan2013 00:30:00,26jan2013 00:30:00,28jan2013,,,,,,,,05A,EXCESSIVE FORCE / ON DUTY - INJURY,S014,TASER (PROBE DISCHARGE),CLOSED/FINAL,UNFOUNDED,NOBLE,BERTHA,,,UNKNOWN,52,FEMALE,BLACK,apr2016,,,05,0,0,1
1059792,1531,SUPERIOR ST,5030,RESIDENCE PORCH/HALLWAY,26jan2013 00:30:00,26jan2013 00:30:00,28jan2013,,DOUGLAS,8755,015,,09mar2009,POLICE OFFICER,05A,EXCESSIVE FORCE / ON DUTY - INJURY,S014,TASER (PROBE DISCHARGE),CLOSED/FINAL,UNFOUNDED,BALFOUR,EMMETT,,,UNKNOWN,22,MALE,BLACK,apr2016,,,05,0,0,1
1059792,1531,SUPERIOR ST,5030,RESIDENCE PORCH/HALLWAY,26jan2013 00:30:00,26jan2013 00:30:00,28jan2013,,DOUGLAS,8755,015,,09mar2009,POLICE OFFICER,05A,EXCESSIVE FORCE / ON DUTY - INJURY,S014,TASER (PROBE DISCHARGE),CLOSED/FINAL,EXONERATED,,,,,UNKNOWN,,FEMALE,BLACK,apr2016,,,05,0,0,1
1059792,1531,SUPERIOR ST,5030,RESIDENCE PORCH/HALLWAY,26jan2013 00:30:00,26jan2013 00:30:00,28jan2013,,STRUKE,1039,015,,04aug1997,SERGEANT OF POLICE,05A,EXCESSIVE FORCE / ON DUTY - INJURY,S014,TASER (PROBE DISCHARGE),CLOSED/FINAL,NOT SUSTAINED,NOBLE,BERTHA,,,UNKNOWN,52,FEMALE,BLACK,apr2016,,,05,0,0,1
1059792,1531,SUPERIOR ST,5030,RESIDENCE PORCH/HALLWAY,26jan2013 00:30:00,26jan2013 00:30:00,28jan2013,,DOUGLAS,8755,015,,09mar2009,POLICE OFFICER,05A,EXCESSIVE FORCE / ON DUTY - INJURY,S014,TASER (PROBE DISCHARGE),CLOSED/FINAL,UNFOUNDED,NOBLE,BERTHA,,,UNKNOWN,52,FEMALE,BLACK,apr2016,,,05,0,0,1
1059792,1531,SUPERIOR ST,5030,RESIDENCE PORCH/HALLWAY,26jan2013 00:30:00,26jan2013 00:30:00,28jan2013,,,,,,,,05A,EXCESSIVE FORCE / ON DUTY - INJURY,S014,TASER (PROBE DISCHARGE),CLOSED/FINAL,EXONERATED,FOSTER,LATONIA,015,,POLICE OFFICER,,FEMALE,BLACK,apr2016,,,05,0,0,1
1059792,1531,SUPERIOR ST,5030,RESIDENCE PORCH/HALLWAY,26jan2013 00:30:00,26jan2013 00:30:00,28jan2013,,DOUGLAS,8755,015,,09mar2009,POLICE OFFICER,05A,EXCESSIVE FORCE / ON DUTY - INJURY,S014,TASER (PROBE DISCHARGE),CLOSED/FINAL,EXONERATED,FOSTER,LATONIA,015,,POLICE OFFICER,,FEMALE,BLACK,apr2016,,,05,0,0,1
