COMPLAINT_NUMBER,BEAT,STREET,ADDRESS,LOCATION_CODE,INCIDENT_TIME_START,INCIDENT_TIME_END,NOTIFICATION_DATE,ACCSUEDOFFICER_FNAME,ACCUSEDOFFICER_LNAME,ACCUSED_STAR,ACCUSED_UNIT,ACCUSED_DETAIL,ACCUSED_APPOINTMENT_DATE,ACCUSED_POSITION,INITIAL_CATEGORY_CODE,INITIAL_CATEGORY,CURRENT_CATEGORY_CODE,CURRENT_CATEGORY,CURRENT_STATUS,FINDING_CODE,INVOLVED_OFFICER_LNAME,INVOLVED_OFFICER_FNAME,INVOLVED_OFFICER_UNIT,INVOLVED_OFFICER_DETAIL,INVOLVED_OFFICER_POSITION,INVOLVED_OFFICER_AGE,INVOLVED_OFFICER_SEX,INVOLVED_OFFICER_RACE,foia,INVOLVED_OFFICER_DESCRIPTION,INVOLVED_OFFICER_TYPE,start_code_2,start_code_1,rec,sum_rec
1053917,323,75TH ST,606,STREET,10may2012 00:30:00,10may2012 00:30:00,10may2012,,,,,,,,S001,CLOSED HAND STRIKE (PUNCH),05A,EXCESSIVE FORCE / ON DUTY - INJURY,CLOSED/FINAL,UNFOUNDED,GILES,JASMINE,,,UNKNOWN,24,FEMALE,BLACK,apr2016,,,S0,S,0,1
1053917,323,75TH ST,606,STREET,10may2012 00:30:00,10may2012 00:30:00,10may2012,TAMICA,RAINEY,17689,003,606,26apr2004,POLICE OFFICER,S001,CLOSED HAND STRIKE (PUNCH),05A,EXCESSIVE FORCE / ON DUTY - INJURY,CLOSED/FINAL,NOT SUSTAINED,PATRICK ,CHANICE ,,,UNKNOWN,27,FEMALE,BLACK,apr2016,,,S0,S,0,1
1053917,323,75TH ST,606,STREET,10may2012 00:30:00,10may2012 00:30:00,10may2012,TAMICA,RAINEY,17689,003,606,26apr2004,POLICE OFFICER,S001,CLOSED HAND STRIKE (PUNCH),05A,EXCESSIVE FORCE / ON DUTY - INJURY,CLOSED/FINAL,UNFOUNDED,PATRICK ,CHANICE ,,,UNKNOWN,24,FEMALE,BLACK,apr2016,,,S0,S,0,1
1053917,323,75TH ST,606,STREET,10may2012 00:30:00,10may2012 00:30:00,10may2012,LAMONT,ERMON,5101,003,,09jul2007,POLICE OFFICER,S001,CLOSED HAND STRIKE (PUNCH),05A,EXCESSIVE FORCE / ON DUTY - INJURY,CLOSED/FINAL,NOT SUSTAINED,GILES,JASMINE,,,UNKNOWN,27,FEMALE,BLACK,apr2016,,,S0,S,0,1
1053917,323,75TH ST,606,STREET,10may2012 00:30:00,10may2012 00:30:00,10may2012,,,,,,,,S001,CLOSED HAND STRIKE (PUNCH),05A,EXCESSIVE FORCE / ON DUTY - INJURY,CLOSED/FINAL,UNFOUNDED,GILES,JASMINE,,,UNKNOWN,27,FEMALE,BLACK,apr2016,,,S0,S,0,1
1053917,323,75TH ST,606,STREET,10may2012 00:30:00,10may2012 00:30:00,10may2012,LAMONT,ERMON,5101,003,,09jul2007,POLICE OFFICER,S001,CLOSED HAND STRIKE (PUNCH),05A,EXCESSIVE FORCE / ON DUTY - INJURY,CLOSED/FINAL,EXONERATED,GILES,JASMINE,,,UNKNOWN,24,FEMALE,BLACK,apr2016,,,S0,S,0,1
1053917,323,75TH ST,606,STREET,10may2012 00:30:00,10may2012 00:30:00,10may2012,LAMONT,ERMON,5101,003,,09jul2007,POLICE OFFICER,S001,CLOSED HAND STRIKE (PUNCH),05A,EXCESSIVE FORCE / ON DUTY - INJURY,CLOSED/FINAL,EXONERATED,PATRICK ,CHANICE ,,,UNKNOWN,24,FEMALE,BLACK,apr2016,,,S0,S,0,1
1053917,323,75TH ST,606,STREET,10may2012 00:30:00,10may2012 00:30:00,10may2012,LAMONT,ERMON,5101,003,,09jul2007,POLICE OFFICER,S001,CLOSED HAND STRIKE (PUNCH),05A,EXCESSIVE FORCE / ON DUTY - INJURY,CLOSED/FINAL,NOT SUSTAINED,GILES,JASMINE,,,UNKNOWN,24,FEMALE,BLACK,apr2016,,,S0,S,0,1
1053917,323,75TH ST,606,STREET,10may2012 00:30:00,10may2012 00:30:00,10may2012,TAMICA,RAINEY,17689,003,606,26apr2004,POLICE OFFICER,S001,CLOSED HAND STRIKE (PUNCH),05A,EXCESSIVE FORCE / ON DUTY - INJURY,CLOSED/FINAL,UNFOUNDED,PATRICK ,CHANICE ,,,UNKNOWN,27,FEMALE,BLACK,apr2016,,,S0,S,0,1
1053917,323,75TH ST,606,STREET,10may2012 00:30:00,10may2012 00:30:00,10may2012,TAMICA,RAINEY,17689,003,606,26apr2004,POLICE OFFICER,S001,CLOSED HAND STRIKE (PUNCH),05A,EXCESSIVE FORCE / ON DUTY - INJURY,CLOSED/FINAL,NOT SUSTAINED,GILES,JASMINE,,,UNKNOWN,27,FEMALE,BLACK,apr2016,,,S0,S,0,1
1053917,323,75TH ST,606,STREET,10may2012 00:30:00,10may2012 00:30:00,10may2012,TIFFANY,ERMON,3899,003,,25sep2006,POLICE OFFICER,S001,CLOSED HAND STRIKE (PUNCH),05A,EXCESSIVE FORCE / ON DUTY - INJURY,CLOSED/FINAL,NOT SUSTAINED,PATRICK ,CHANICE ,,,UNKNOWN,24,FEMALE,BLACK,apr2016,,,S0,S,0,1
1053917,323,75TH ST,606,STREET,10may2012 00:30:00,10may2012 00:30:00,10may2012,TIFFANY,ERMON,3899,003,,25sep2006,POLICE OFFICER,S001,CLOSED HAND STRIKE (PUNCH),05A,EXCESSIVE FORCE / ON DUTY - INJURY,CLOSED/FINAL,EXONERATED,BANKS,BOBBY,003,,POLICE OFFICER,,MALE,BLACK,apr2016,,,S0,S,0,1
1053917,323,75TH ST,606,STREET,10may2012 00:30:00,10may2012 00:30:00,10may2012,TAMICA,RAINEY,17689,003,606,26apr2004,POLICE OFFICER,S001,CLOSED HAND STRIKE (PUNCH),05A,EXCESSIVE FORCE / ON DUTY - INJURY,CLOSED/FINAL,NOT SUSTAINED,GILES,JASMINE,,,UNKNOWN,24,FEMALE,BLACK,apr2016,,,S0,S,0,1
1053917,323,75TH ST,606,STREET,10may2012 00:30:00,10may2012 00:30:00,10may2012,TIFFANY,ERMON,3899,003,,25sep2006,POLICE OFFICER,S001,CLOSED HAND STRIKE (PUNCH),05A,EXCESSIVE FORCE / ON DUTY - INJURY,CLOSED/FINAL,NOT SUSTAINED,PATRICK ,CHANICE ,,,UNKNOWN,27,FEMALE,BLACK,apr2016,,,S0,S,0,1
1053917,323,75TH ST,606,STREET,10may2012 00:30:00,10may2012 00:30:00,10may2012,TAMICA,RAINEY,17689,003,606,26apr2004,POLICE OFFICER,S001,CLOSED HAND STRIKE (PUNCH),05A,EXCESSIVE FORCE / ON DUTY - INJURY,CLOSED/FINAL,UNFOUNDED,GILES,JASMINE,,,UNKNOWN,24,FEMALE,BLACK,apr2016,,,S0,S,0,1
1053917,323,75TH ST,606,STREET,10may2012 00:30:00,10may2012 00:30:00,10may2012,,,,,,,,S001,CLOSED HAND STRIKE (PUNCH),05A,EXCESSIVE FORCE / ON DUTY - INJURY,CLOSED/FINAL,UNFOUNDED,PATRICK ,CHANICE ,,,UNKNOWN,27,FEMALE,BLACK,apr2016,,,S0,S,0,1
1053917,323,75TH ST,606,STREET,10may2012 00:30:00,10may2012 00:30:00,10may2012,,,,,,,,S001,CLOSED HAND STRIKE (PUNCH),05A,EXCESSIVE FORCE / ON DUTY - INJURY,CLOSED/FINAL,UNFOUNDED,PATRICK ,CHANICE ,,,UNKNOWN,24,FEMALE,BLACK,apr2016,,,S0,S,0,1
1053917,323,75TH ST,606,STREET,10may2012 00:30:00,10may2012 00:30:00,10may2012,TAMICA,RAINEY,17689,003,606,26apr2004,POLICE OFFICER,S001,CLOSED HAND STRIKE (PUNCH),05A,EXCESSIVE FORCE / ON DUTY - INJURY,CLOSED/FINAL,UNFOUNDED,BANKS,BOBBY,003,,POLICE OFFICER,,MALE,BLACK,apr2016,,,S0,S,0,1
1053917,323,75TH ST,606,STREET,10may2012 00:30:00,10may2012 00:30:00,10may2012,TIFFANY,ERMON,3899,003,,25sep2006,POLICE OFFICER,S001,CLOSED HAND STRIKE (PUNCH),05A,EXCESSIVE FORCE / ON DUTY - INJURY,CLOSED/FINAL,NOT SUSTAINED,GILES,JASMINE,,,UNKNOWN,24,FEMALE,BLACK,apr2016,,,S0,S,0,1
1053917,323,75TH ST,606,STREET,10may2012 00:30:00,10may2012 00:30:00,10may2012,TIFFANY,ERMON,3899,003,,25sep2006,POLICE OFFICER,S001,CLOSED HAND STRIKE (PUNCH),05A,EXCESSIVE FORCE / ON DUTY - INJURY,CLOSED/FINAL,NOT SUSTAINED,BANKS,BOBBY,003,,POLICE OFFICER,,MALE,BLACK,apr2016,,,S0,S,0,1
1053917,323,75TH ST,606,STREET,10may2012 00:30:00,10may2012 00:30:00,10may2012,TAMICA,RAINEY,17689,003,606,26apr2004,POLICE OFFICER,S001,CLOSED HAND STRIKE (PUNCH),05A,EXCESSIVE FORCE / ON DUTY - INJURY,CLOSED/FINAL,NOT SUSTAINED,PATRICK ,CHANICE ,,,UNKNOWN,24,FEMALE,BLACK,apr2016,,,S0,S,0,1
1053917,323,75TH ST,606,STREET,10may2012 00:30:00,10may2012 00:30:00,10may2012,LAMONT,ERMON,5101,003,,09jul2007,POLICE OFFICER,S001,CLOSED HAND STRIKE (PUNCH),05A,EXCESSIVE FORCE / ON DUTY - INJURY,CLOSED/FINAL,NOT SUSTAINED,PATRICK ,CHANICE ,,,UNKNOWN,27,FEMALE,BLACK,apr2016,,,S0,S,0,1
1053917,323,75TH ST,606,STREET,10may2012 00:30:00,10may2012 00:30:00,10may2012,TAMICA,RAINEY,17689,003,606,26apr2004,POLICE OFFICER,S001,CLOSED HAND STRIKE (PUNCH),05A,EXCESSIVE FORCE / ON DUTY - INJURY,CLOSED/FINAL,UNFOUNDED,GILES,JASMINE,,,UNKNOWN,27,FEMALE,BLACK,apr2016,,,S0,S,0,1
1053917,323,75TH ST,606,STREET,10may2012 00:30:00,10may2012 00:30:00,10may2012,,,,,,,,S001,CLOSED HAND STRIKE (PUNCH),05A,EXCESSIVE FORCE / ON DUTY - INJURY,CLOSED/FINAL,EXONERATED,PATRICK ,CHANICE ,,,UNKNOWN,24,FEMALE,BLACK,apr2016,,,S0,S,0,1
1053917,323,75TH ST,606,STREET,10may2012 00:30:00,10may2012 00:30:00,10may2012,,,,,,,,S001,CLOSED HAND STRIKE (PUNCH),05A,EXCESSIVE FORCE / ON DUTY - INJURY,CLOSED/FINAL,EXONERATED,GILES,JASMINE,,,UNKNOWN,24,FEMALE,BLACK,apr2016,,,S0,S,0,1
1053917,323,75TH ST,606,STREET,10may2012 00:30:00,10may2012 00:30:00,10may2012,LAMONT,ERMON,5101,003,,09jul2007,POLICE OFFICER,S001,CLOSED HAND STRIKE (PUNCH),05A,EXCESSIVE FORCE / ON DUTY - INJURY,CLOSED/FINAL,EXONERATED,GILES,JASMINE,,,UNKNOWN,27,FEMALE,BLACK,apr2016,,,S0,S,0,1
1053917,323,75TH ST,606,STREET,10may2012 00:30:00,10may2012 00:30:00,10may2012,,,,,,,,S001,CLOSED HAND STRIKE (PUNCH),05A,EXCESSIVE FORCE / ON DUTY - INJURY,CLOSED/FINAL,EXONERATED,PATRICK ,CHANICE ,,,UNKNOWN,27,FEMALE,BLACK,apr2016,,,S0,S,0,1
1053917,323,75TH ST,606,STREET,10may2012 00:30:00,10may2012 00:30:00,10may2012,TIFFANY,ERMON,3899,003,,25sep2006,POLICE OFFICER,S001,CLOSED HAND STRIKE (PUNCH),05A,EXCESSIVE FORCE / ON DUTY - INJURY,CLOSED/FINAL,EXONERATED,GILES,JASMINE,,,UNKNOWN,24,FEMALE,BLACK,apr2016,,,S0,S,0,1
1053917,323,75TH ST,606,STREET,10may2012 00:30:00,10may2012 00:30:00,10may2012,TAMICA,RAINEY,17689,003,606,26apr2004,POLICE OFFICER,S001,CLOSED HAND STRIKE (PUNCH),05A,EXCESSIVE FORCE / ON DUTY - INJURY,CLOSED/FINAL,NOT SUSTAINED,BANKS,BOBBY,003,,POLICE OFFICER,,MALE,BLACK,apr2016,,,S0,S,0,1
1053917,323,75TH ST,606,STREET,10may2012 00:30:00,10may2012 00:30:00,10may2012,TIFFANY,ERMON,3899,003,,25sep2006,POLICE OFFICER,S001,CLOSED HAND STRIKE (PUNCH),05A,EXCESSIVE FORCE / ON DUTY - INJURY,CLOSED/FINAL,EXONERATED,PATRICK ,CHANICE ,,,UNKNOWN,24,FEMALE,BLACK,apr2016,,,S0,S,0,1
1053917,323,75TH ST,606,STREET,10may2012 00:30:00,10may2012 00:30:00,10may2012,LAMONT,ERMON,5101,003,,09jul2007,POLICE OFFICER,S001,CLOSED HAND STRIKE (PUNCH),05A,EXCESSIVE FORCE / ON DUTY - INJURY,CLOSED/FINAL,EXONERATED,PATRICK ,CHANICE ,,,UNKNOWN,27,FEMALE,BLACK,apr2016,,,S0,S,0,1
1053917,323,75TH ST,606,STREET,10may2012 00:30:00,10may2012 00:30:00,10may2012,,,,,,,,S001,CLOSED HAND STRIKE (PUNCH),05A,EXCESSIVE FORCE / ON DUTY - INJURY,CLOSED/FINAL,EXONERATED,GILES,JASMINE,,,UNKNOWN,27,FEMALE,BLACK,apr2016,,,S0,S,0,1
1053917,323,75TH ST,606,STREET,10may2012 00:30:00,10may2012 00:30:00,10may2012,TIFFANY,ERMON,3899,003,,25sep2006,POLICE OFFICER,S001,CLOSED HAND STRIKE (PUNCH),05A,EXCESSIVE FORCE / ON DUTY - INJURY,CLOSED/FINAL,NOT SUSTAINED,GILES,JASMINE,,,UNKNOWN,27,FEMALE,BLACK,apr2016,,,S0,S,0,1
1053917,323,75TH ST,606,STREET,10may2012 00:30:00,10may2012 00:30:00,10may2012,LAMONT,ERMON,5101,003,,09jul2007,POLICE OFFICER,S001,CLOSED HAND STRIKE (PUNCH),05A,EXCESSIVE FORCE / ON DUTY - INJURY,CLOSED/FINAL,EXONERATED,BANKS,BOBBY,003,,POLICE OFFICER,,MALE,BLACK,apr2016,,,S0,S,0,1
1053917,323,75TH ST,606,STREET,10may2012 00:30:00,10may2012 00:30:00,10may2012,LAMONT,ERMON,5101,003,,09jul2007,POLICE OFFICER,S001,CLOSED HAND STRIKE (PUNCH),05A,EXCESSIVE FORCE / ON DUTY - INJURY,CLOSED/FINAL,NOT SUSTAINED,PATRICK ,CHANICE ,,,UNKNOWN,24,FEMALE,BLACK,apr2016,,,S0,S,0,1
1053917,323,75TH ST,606,STREET,10may2012 00:30:00,10may2012 00:30:00,10may2012,LAMONT,ERMON,5101,003,,09jul2007,POLICE OFFICER,S001,CLOSED HAND STRIKE (PUNCH),05A,EXCESSIVE FORCE / ON DUTY - INJURY,CLOSED/FINAL,NOT SUSTAINED,BANKS,BOBBY,003,,POLICE OFFICER,,MALE,BLACK,apr2016,,,S0,S,0,1
1053917,323,75TH ST,606,STREET,10may2012 00:30:00,10may2012 00:30:00,10may2012,TIFFANY,ERMON,3899,003,,25sep2006,POLICE OFFICER,S001,CLOSED HAND STRIKE (PUNCH),05A,EXCESSIVE FORCE / ON DUTY - INJURY,CLOSED/FINAL,EXONERATED,PATRICK ,CHANICE ,,,UNKNOWN,27,FEMALE,BLACK,apr2016,,,S0,S,0,1
1053917,323,75TH ST,606,STREET,10may2012 00:30:00,10may2012 00:30:00,10may2012,,,,,,,,S001,CLOSED HAND STRIKE (PUNCH),05A,EXCESSIVE FORCE / ON DUTY - INJURY,CLOSED/FINAL,UNFOUNDED,BANKS,BOBBY,003,,POLICE OFFICER,,MALE,BLACK,apr2016,,,S0,S,0,1
1053917,323,75TH ST,606,STREET,10may2012 00:30:00,10may2012 00:30:00,10may2012,,,,,,,,S001,CLOSED HAND STRIKE (PUNCH),05A,EXCESSIVE FORCE / ON DUTY - INJURY,CLOSED/FINAL,EXONERATED,BANKS,BOBBY,003,,POLICE OFFICER,,MALE,BLACK,apr2016,,,S0,S,1,1
1053917,323,75TH ST,606,STREET,10may2012 00:30:00,10may2012 00:30:00,10may2012,TIFFANY,ERMON,3899,003,,25sep2006,POLICE OFFICER,S001,CLOSED HAND STRIKE (PUNCH),05A,EXCESSIVE FORCE / ON DUTY - INJURY,CLOSED/FINAL,EXONERATED,GILES,JASMINE,,,UNKNOWN,27,FEMALE,BLACK,apr2016,,,S0,S,0,1
