COMPLAINT_NUMBER,BEAT,STREET,ADDRESS,LOCATION_CODE,INCIDENT_TIME_START,INCIDENT_TIME_END,NOTIFICATION_DATE,ACCSUEDOFFICER_FNAME,ACCUSEDOFFICER_LNAME,ACCUSED_STAR,ACCUSED_UNIT,ACCUSED_DETAIL,ACCUSED_APPOINTMENT_DATE,ACCUSED_POSITION,INITIAL_CATEGORY_CODE,INITIAL_CATEGORY,CURRENT_CATEGORY_CODE,CURRENT_CATEGORY,CURRENT_STATUS,FINDING_CODE,INVOLVED_OFFICER_LNAME,INVOLVED_OFFICER_FNAME,INVOLVED_OFFICER_UNIT,INVOLVED_OFFICER_DETAIL,INVOLVED_OFFICER_POSITION,INVOLVED_OFFICER_AGE,INVOLVED_OFFICER_SEX,INVOLVED_OFFICER_RACE,foia,INVOLVED_OFFICER_DESCRIPTION,INVOLVED_OFFICER_TYPE,start_code_2,start_code_1,rec,sum_rec
1062575,522,LAFAYETTE AVE,11600,STREET,23may2013 17:00:00,23may2013 18:00:00,30may2013,,MATLOCK,3891,007,212,16dec2009,POLICE OFFICER,05M,UNNECESSARY PHYSICAL CONTACT / ON DUTY - NO INJURY,S117,PUSH/PULL/GRAB,CLOSED/FINAL,NOT SUSTAINED,GAINES,DOMINIQUE,,,UNKNOWN,,FEMALE,BLACK,apr2016,,,05,0,0,1
1062575,522,LAFAYETTE AVE,11600,STREET,23may2013 17:00:00,23may2013 18:00:00,30may2013,,,,,,,,05M,UNNECESSARY PHYSICAL CONTACT / ON DUTY - NO INJURY,S117,PUSH/PULL/GRAB,CLOSED/FINAL,UNFOUNDED,GAINES,DANTE,,,UNKNOWN,20,MALE,BLACK,apr2016,,,05,0,0,1
1062575,522,LAFAYETTE AVE,11600,STREET,23may2013 17:00:00,23may2013 18:00:00,30may2013,,MATLOCK,3891,007,212,16dec2009,POLICE OFFICER,05M,UNNECESSARY PHYSICAL CONTACT / ON DUTY - NO INJURY,S117,PUSH/PULL/GRAB,CLOSED/FINAL,NOT SUSTAINED,GAINES,DICKEY,,,UNKNOWN,,MALE,BLACK,apr2016,,,05,0,0,1
1062575,522,LAFAYETTE AVE,11600,STREET,23may2013 17:00:00,23may2013 18:00:00,30may2013,,SYKES,14658,005,,30oct2006,POLICE OFFICER,05M,UNNECESSARY PHYSICAL CONTACT / ON DUTY - NO INJURY,S117,PUSH/PULL/GRAB,CLOSED/FINAL,UNFOUNDED,GAINES,DOMINIQUE,,,UNKNOWN,,FEMALE,BLACK,apr2016,,,05,0,0,1
1062575,522,LAFAYETTE AVE,11600,STREET,23may2013 17:00:00,23may2013 18:00:00,30may2013,,SYKES,14658,005,,30oct2006,POLICE OFFICER,05M,UNNECESSARY PHYSICAL CONTACT / ON DUTY - NO INJURY,S117,PUSH/PULL/GRAB,CLOSED/FINAL,UNFOUNDED,GAINES,DICKEY,,,UNKNOWN,,MALE,BLACK,apr2016,,,05,0,0,1
1062575,522,LAFAYETTE AVE,11600,STREET,23may2013 17:00:00,23may2013 18:00:00,30may2013,,,,,,,,05M,UNNECESSARY PHYSICAL CONTACT / ON DUTY - NO INJURY,S117,PUSH/PULL/GRAB,CLOSED/FINAL,UNFOUNDED,GAINES,DICKEY,,,UNKNOWN,,MALE,BLACK,apr2016,,,05,0,0,1
1062575,522,LAFAYETTE AVE,11600,STREET,23may2013 17:00:00,23may2013 18:00:00,30may2013,,SYKES,14658,005,,30oct2006,POLICE OFFICER,05M,UNNECESSARY PHYSICAL CONTACT / ON DUTY - NO INJURY,S117,PUSH/PULL/GRAB,CLOSED/FINAL,UNFOUNDED,GAINES,DANTE,,,UNKNOWN,20,MALE,BLACK,apr2016,,,05,0,0,1
1062575,522,LAFAYETTE AVE,11600,STREET,23may2013 17:00:00,23may2013 18:00:00,30may2013,,,,,,,,05M,UNNECESSARY PHYSICAL CONTACT / ON DUTY - NO INJURY,S117,PUSH/PULL/GRAB,CLOSED/FINAL,UNFOUNDED,GAINES,DOMINIQUE,,,UNKNOWN,,FEMALE,BLACK,apr2016,,,05,0,0,1
1062575,522,LAFAYETTE AVE,11600,STREET,23may2013 17:00:00,23may2013 18:00:00,30may2013,,MATLOCK,3891,007,212,16dec2009,POLICE OFFICER,05M,UNNECESSARY PHYSICAL CONTACT / ON DUTY - NO INJURY,S117,PUSH/PULL/GRAB,CLOSED/FINAL,NOT SUSTAINED,GAINES,DANTE,,,UNKNOWN,20,MALE,BLACK,apr2016,,,05,0,0,1
