COMPLAINT_NUMBER,BEAT,STREET,ADDRESS,LOCATION_CODE,INCIDENT_TIME_START,INCIDENT_TIME_END,NOTIFICATION_DATE,ACCSUEDOFFICER_FNAME,ACCUSEDOFFICER_LNAME,ACCUSED_STAR,ACCUSED_UNIT,ACCUSED_DETAIL,ACCUSED_APPOINTMENT_DATE,ACCUSED_POSITION,INITIAL_CATEGORY_CODE,INITIAL_CATEGORY,CURRENT_CATEGORY_CODE,CURRENT_CATEGORY,CURRENT_STATUS,FINDING_CODE,INVOLVED_OFFICER_LNAME,INVOLVED_OFFICER_FNAME,INVOLVED_OFFICER_UNIT,INVOLVED_OFFICER_DETAIL,INVOLVED_OFFICER_POSITION,INVOLVED_OFFICER_AGE,INVOLVED_OFFICER_SEX,INVOLVED_OFFICER_RACE,foia,INVOLVED_OFFICER_DESCRIPTION,INVOLVED_OFFICER_TYPE,start_code_2,start_code_1,rec,sum_rec
1062315,835,83RD ST,2619,RESIDENCE,18may2013 18:00:00,18may2013 18:00:00,19may2013,,BURNS,4029,019,,28feb2000,POLICE OFFICER,19B,COERCION - THREAT OF ARREST/CHARGES,05M,UNNECESSARY PHYSICAL CONTACT / ON DUTY - NO INJURY,CLOSED/FINAL,EXONERATED,EDWARDS,YVONNE,,,UNKNOWN,57,FEMALE,BLACK,apr2016,,,19,1,0,1
1062315,835,83RD ST,2619,RESIDENCE,18may2013 18:00:00,18may2013 18:00:00,19may2013,,LOMBARDO,19450,008,,23oct1995,POLICE OFFICER,19B,COERCION - THREAT OF ARREST/CHARGES,05M,UNNECESSARY PHYSICAL CONTACT / ON DUTY - NO INJURY,CLOSED/FINAL,UNFOUNDED,VILLANUEVA,MARK,,,UNKNOWN,18,MALE,BLACK,apr2016,,,19,1,0,1
1062315,835,83RD ST,2619,RESIDENCE,18may2013 18:00:00,18may2013 18:00:00,19may2013,,BURNS,4029,019,,28feb2000,POLICE OFFICER,19B,COERCION - THREAT OF ARREST/CHARGES,05M,UNNECESSARY PHYSICAL CONTACT / ON DUTY - NO INJURY,CLOSED/FINAL,EXONERATED,EDWARDS,YVONNE,,,UNKNOWN,56,FEMALE,BLACK,apr2016,,,19,1,0,1
1062315,835,83RD ST,2619,RESIDENCE,18may2013 18:00:00,18may2013 18:00:00,19may2013,,LOMBARDO,19450,008,,23oct1995,POLICE OFFICER,19B,COERCION - THREAT OF ARREST/CHARGES,05M,UNNECESSARY PHYSICAL CONTACT / ON DUTY - NO INJURY,CLOSED/FINAL,UNFOUNDED,EDWARDS,YVONNE,,,UNKNOWN,57,FEMALE,BLACK,apr2016,,,19,1,0,1
1062315,835,83RD ST,2619,RESIDENCE,18may2013 18:00:00,18may2013 18:00:00,19may2013,,LOMBARDO,19450,008,,23oct1995,POLICE OFFICER,19B,COERCION - THREAT OF ARREST/CHARGES,05M,UNNECESSARY PHYSICAL CONTACT / ON DUTY - NO INJURY,CLOSED/FINAL,UNFOUNDED,VILLANUEVA,MARK,,,UNKNOWN,19,MALE,BLACK,apr2016,,,19,1,0,1
1062315,835,83RD ST,2619,RESIDENCE,18may2013 18:00:00,18may2013 18:00:00,19may2013,,BURNS,4029,019,,28feb2000,POLICE OFFICER,19B,COERCION - THREAT OF ARREST/CHARGES,05M,UNNECESSARY PHYSICAL CONTACT / ON DUTY - NO INJURY,CLOSED/FINAL,EXONERATED,VILLANUEVA,MARK,,,UNKNOWN,19,MALE,BLACK,apr2016,,,19,1,0,1
1062315,835,83RD ST,2619,RESIDENCE,18may2013 18:00:00,18may2013 18:00:00,19may2013,,,,,,,,19B,COERCION - THREAT OF ARREST/CHARGES,05M,UNNECESSARY PHYSICAL CONTACT / ON DUTY - NO INJURY,CLOSED/FINAL,UNFOUNDED,EDWARDS,YVONNE,,,UNKNOWN,57,FEMALE,BLACK,apr2016,,,19,1,0,1
1062315,835,83RD ST,2619,RESIDENCE,18may2013 18:00:00,18may2013 18:00:00,19may2013,,,,,,,,19B,COERCION - THREAT OF ARREST/CHARGES,05M,UNNECESSARY PHYSICAL CONTACT / ON DUTY - NO INJURY,CLOSED/FINAL,UNFOUNDED,VILLANUEVA,MARK,,,UNKNOWN,19,MALE,BLACK,apr2016,,,19,1,0,1
1062315,835,83RD ST,2619,RESIDENCE,18may2013 18:00:00,18may2013 18:00:00,19may2013,,BURNS,4029,019,,28feb2000,POLICE OFFICER,19B,COERCION - THREAT OF ARREST/CHARGES,05M,UNNECESSARY PHYSICAL CONTACT / ON DUTY - NO INJURY,CLOSED/FINAL,EXONERATED,VILLANUEVA,MARK,,,UNKNOWN,18,MALE,BLACK,apr2016,,,19,1,0,1
1062315,835,83RD ST,2619,RESIDENCE,18may2013 18:00:00,18may2013 18:00:00,19may2013,,,,,,,,19B,COERCION - THREAT OF ARREST/CHARGES,05M,UNNECESSARY PHYSICAL CONTACT / ON DUTY - NO INJURY,CLOSED/FINAL,UNFOUNDED,VILLANUEVA,MARK,,,UNKNOWN,18,MALE,BLACK,apr2016,,,19,1,0,1
1062315,835,83RD ST,2619,RESIDENCE,18may2013 18:00:00,18may2013 18:00:00,19may2013,,,,,,,,19B,COERCION - THREAT OF ARREST/CHARGES,05M,UNNECESSARY PHYSICAL CONTACT / ON DUTY - NO INJURY,CLOSED/FINAL,UNFOUNDED,EDWARDS,YVONNE,,,UNKNOWN,56,FEMALE,BLACK,apr2016,,,19,1,0,1
1062315,835,83RD ST,2619,RESIDENCE,18may2013 18:00:00,18may2013 18:00:00,19may2013,,LOMBARDO,19450,008,,23oct1995,POLICE OFFICER,19B,COERCION - THREAT OF ARREST/CHARGES,05M,UNNECESSARY PHYSICAL CONTACT / ON DUTY - NO INJURY,CLOSED/FINAL,UNFOUNDED,EDWARDS,YVONNE,,,UNKNOWN,56,FEMALE,BLACK,apr2016,,,19,1,0,1
