COMPLAINT_NUMBER,BEAT,STREET,ADDRESS,LOCATION_CODE,INCIDENT_TIME_START,INCIDENT_TIME_END,NOTIFICATION_DATE,ACCSUEDOFFICER_FNAME,ACCUSEDOFFICER_LNAME,ACCUSED_STAR,ACCUSED_UNIT,ACCUSED_DETAIL,ACCUSED_APPOINTMENT_DATE,ACCUSED_POSITION,INITIAL_CATEGORY_CODE,INITIAL_CATEGORY,CURRENT_CATEGORY_CODE,CURRENT_CATEGORY,CURRENT_STATUS,FINDING_CODE,INVOLVED_OFFICER_LNAME,INVOLVED_OFFICER_FNAME,INVOLVED_OFFICER_UNIT,INVOLVED_OFFICER_DETAIL,INVOLVED_OFFICER_POSITION,INVOLVED_OFFICER_AGE,INVOLVED_OFFICER_SEX,INVOLVED_OFFICER_RACE,foia,INVOLVED_OFFICER_DESCRIPTION,INVOLVED_OFFICER_TYPE,start_code_2,start_code_1,rec,sum_rec
1055023,633,COTTAGE GROVE AVE,9050,STREET,24jun2012 14:19:59,24jun2012 14:19:59,24jun2012,TIFFANY,MEEKS,8051,006,,18dec2006,POLICE OFFICER,05A,EXCESSIVE FORCE / ON DUTY - INJURY,S030,DRAGGED,CLOSED/FINAL,UNFOUNDED,FRAZIER,EPSTAN,,,UNKNOWN,31,MALE,BLACK,apr2016,,,05,0,0,1
1055023,633,COTTAGE GROVE AVE,9050,STREET,24jun2012 14:19:59,24jun2012 14:19:59,24jun2012,MARCUS,MCGRONE,11649,006,,04jun2007,POLICE OFFICER,05A,EXCESSIVE FORCE / ON DUTY - INJURY,S030,DRAGGED,CLOSED/FINAL,UNFOUNDED,FRAZIER,EPSTAN,,,UNKNOWN,31,MALE,BLACK,apr2016,,,05,0,0,1
1055023,633,COTTAGE GROVE AVE,9050,STREET,24jun2012 14:19:59,24jun2012 14:19:59,24jun2012,,,,,,,,05A,EXCESSIVE FORCE / ON DUTY - INJURY,S030,DRAGGED,CLOSED/FINAL,NOT SUSTAINED,FRAZIER,EPSTAN,,,UNKNOWN,33,MALE,BLACK,apr2016,,,05,0,0,1
1055023,633,COTTAGE GROVE AVE,9050,STREET,24jun2012 14:19:59,24jun2012 14:19:59,24jun2012,,,,,,,,05A,EXCESSIVE FORCE / ON DUTY - INJURY,S030,DRAGGED,CLOSED/FINAL,NOT SUSTAINED,FRAZIER,EPSTAN,,,UNKNOWN,31,MALE,BLACK,apr2016,,,05,0,1,1
1055023,633,COTTAGE GROVE AVE,9050,STREET,24jun2012 14:19:59,24jun2012 14:19:59,24jun2012,TIFFANY,MEEKS,8051,006,,18dec2006,POLICE OFFICER,05A,EXCESSIVE FORCE / ON DUTY - INJURY,S030,DRAGGED,CLOSED/FINAL,UNFOUNDED,FRAZIER,EPSTAN,,,UNKNOWN,33,MALE,BLACK,apr2016,,,05,0,0,1
1055023,633,COTTAGE GROVE AVE,9050,STREET,24jun2012 14:19:59,24jun2012 14:19:59,24jun2012,MARCUS,MCGRONE,11649,006,,04jun2007,POLICE OFFICER,05A,EXCESSIVE FORCE / ON DUTY - INJURY,S030,DRAGGED,CLOSED/FINAL,UNFOUNDED,FRAZIER,EPSTAN,,,UNKNOWN,33,MALE,BLACK,apr2016,,,05,0,0,1
