COMPLAINT_NUMBER,BEAT,STREET,ADDRESS,LOCATION_CODE,INCIDENT_TIME_START,INCIDENT_TIME_END,NOTIFICATION_DATE,ACCSUEDOFFICER_FNAME,ACCUSEDOFFICER_LNAME,ACCUSED_STAR,ACCUSED_UNIT,ACCUSED_DETAIL,ACCUSED_APPOINTMENT_DATE,ACCUSED_POSITION,INITIAL_CATEGORY_CODE,INITIAL_CATEGORY,CURRENT_CATEGORY_CODE,CURRENT_CATEGORY,CURRENT_STATUS,FINDING_CODE,INVOLVED_OFFICER_LNAME,INVOLVED_OFFICER_FNAME,INVOLVED_OFFICER_UNIT,INVOLVED_OFFICER_DETAIL,INVOLVED_OFFICER_POSITION,INVOLVED_OFFICER_AGE,INVOLVED_OFFICER_SEX,INVOLVED_OFFICER_RACE,foia,INVOLVED_OFFICER_DESCRIPTION,INVOLVED_OFFICER_TYPE,start_code_2,start_code_1,rec,sum_rec
1054233,632,STATE ST,8700,GAS STATION,23oct2011 11:00:00,23oct2011 11:29:59,23may2012,NESTOR,PEREZ,14572,006,,09mar2009,POLICE OFFICER,01B,"RACIAL / ETHNIC, ETC.",01B,"RACIAL / ETHNIC, ETC.",CLOSED/FINAL,UNFOUNDED,LEE,RICHARD,,,UNKNOWN,49,MALE,BLACK,apr2016,,,01,0,0,1
1054233,632,STATE ST,8700,GAS STATION,23oct2011 11:00:00,23oct2011 11:29:59,23may2012,MILE,MANOJLOVIC,9119,006,,14aug2000,POLICE OFFICER,01B,"RACIAL / ETHNIC, ETC.",01B,"RACIAL / ETHNIC, ETC.",CLOSED/FINAL,UNFOUNDED,LEE,RICHARD,,,UNKNOWN,51,MALE,BLACK,apr2016,,,01,0,0,1
1054233,632,STATE ST,8700,GAS STATION,23oct2011 11:00:00,23oct2011 11:29:59,23may2012,NESTOR,PEREZ,14572,006,,09mar2009,POLICE OFFICER,01B,"RACIAL / ETHNIC, ETC.",01B,"RACIAL / ETHNIC, ETC.",CLOSED/FINAL,EXONERATED,LEE,RICHARD,,,UNKNOWN,49,MALE,BLACK,apr2016,,,01,0,0,1
1054233,632,STATE ST,8700,GAS STATION,23oct2011 11:00:00,23oct2011 11:29:59,23may2012,NESTOR,PEREZ,14572,006,,09mar2009,POLICE OFFICER,01B,"RACIAL / ETHNIC, ETC.",01B,"RACIAL / ETHNIC, ETC.",CLOSED/FINAL,UNFOUNDED,LEE,RICHARD,,,UNKNOWN,51,MALE,BLACK,apr2016,,,01,0,0,1
1054233,632,STATE ST,8700,GAS STATION,23oct2011 11:00:00,23oct2011 11:29:59,23may2012,MILE,MANOJLOVIC,9119,006,,14aug2000,POLICE OFFICER,01B,"RACIAL / ETHNIC, ETC.",01B,"RACIAL / ETHNIC, ETC.",CLOSED/FINAL,UNFOUNDED,LEE,RICHARD,,,UNKNOWN,49,MALE,BLACK,apr2016,,,01,0,0,1
1054233,632,STATE ST,8700,GAS STATION,23oct2011 11:00:00,23oct2011 11:29:59,23may2012,NESTOR,PEREZ,14572,006,,09mar2009,POLICE OFFICER,01B,"RACIAL / ETHNIC, ETC.",01B,"RACIAL / ETHNIC, ETC.",CLOSED/FINAL,EXONERATED,LEE,RICHARD,,,UNKNOWN,51,MALE,BLACK,apr2016,,,01,0,0,1
1054233,632,STATE ST,8700,GAS STATION,23oct2011 11:00:00,23oct2011 11:29:59,23may2012,MILE,MANOJLOVIC,9119,006,,14aug2000,POLICE OFFICER,01B,"RACIAL / ETHNIC, ETC.",01B,"RACIAL / ETHNIC, ETC.",CLOSED/FINAL,EXONERATED,LEE,RICHARD,,,UNKNOWN,51,MALE,BLACK,apr2016,,,01,0,0,1
1054233,632,STATE ST,8700,GAS STATION,23oct2011 11:00:00,23oct2011 11:29:59,23may2012,MILE,MANOJLOVIC,9119,006,,14aug2000,POLICE OFFICER,01B,"RACIAL / ETHNIC, ETC.",01B,"RACIAL / ETHNIC, ETC.",CLOSED/FINAL,EXONERATED,LEE,RICHARD,,,UNKNOWN,49,MALE,BLACK,apr2016,,,01,0,1,1
