COMPLAINT_NUMBER,BEAT,STREET,ADDRESS,LOCATION_CODE,INCIDENT_TIME_START,INCIDENT_TIME_END,NOTIFICATION_DATE,ACCSUEDOFFICER_FNAME,ACCUSEDOFFICER_LNAME,ACCUSED_STAR,ACCUSED_UNIT,ACCUSED_DETAIL,ACCUSED_APPOINTMENT_DATE,ACCUSED_POSITION,INITIAL_CATEGORY_CODE,INITIAL_CATEGORY,CURRENT_CATEGORY_CODE,CURRENT_CATEGORY,CURRENT_STATUS,FINDING_CODE,INVOLVED_OFFICER_LNAME,INVOLVED_OFFICER_FNAME,INVOLVED_OFFICER_UNIT,INVOLVED_OFFICER_DETAIL,INVOLVED_OFFICER_POSITION,INVOLVED_OFFICER_AGE,INVOLVED_OFFICER_SEX,INVOLVED_OFFICER_RACE,foia,INVOLVED_OFFICER_DESCRIPTION,INVOLVED_OFFICER_TYPE,start_code_2,start_code_1,rec,sum_rec
1054051,732,LOWE AVE,7142,STREET,15may2012 23:29:59,15may2012 23:29:59,16may2012,,,,,,,,05A,EXCESSIVE FORCE / ON DUTY - INJURY,S125,MISCELLANEOUS,CLOSED/FINAL,NO AFFIDAVIT,HOLDEN,MICHAEL ,,,UNKNOWN,26,MALE,BLACK,apr2016,,,05,0,0,1
1054051,732,LOWE AVE,7142,STREET,15may2012 23:29:59,15may2012 23:29:59,16may2012,DANIEL,DOWLING,12445,007,,26apr2004,POLICE OFFICER,05A,EXCESSIVE FORCE / ON DUTY - INJURY,S125,MISCELLANEOUS,CLOSED/FINAL,NOT SUSTAINED,HOLDEN,MICHAEL ,,,UNKNOWN,26,MALE,BLACK,apr2016,,,05,0,0,1
1054051,732,LOWE AVE,7142,STREET,15may2012 23:29:59,15may2012 23:29:59,16may2012,JOHN,DOWLING,12264,007,,26apr2004,POLICE OFFICER,05A,EXCESSIVE FORCE / ON DUTY - INJURY,S125,MISCELLANEOUS,CLOSED/FINAL,NOT SUSTAINED,HOLDEN,MICHAEL ,,,UNKNOWN,24,MALE,BLACK,apr2016,,,05,0,0,1
1054051,732,LOWE AVE,7142,STREET,15may2012 23:29:59,15may2012 23:29:59,16may2012,DANIEL,DOWLING,12445,007,,26apr2004,POLICE OFFICER,05A,EXCESSIVE FORCE / ON DUTY - INJURY,S125,MISCELLANEOUS,CLOSED/FINAL,NOT SUSTAINED,HOLDEN,MICHAEL ,,,UNKNOWN,24,MALE,BLACK,apr2016,,,05,0,0,1
1054051,732,LOWE AVE,7142,STREET,15may2012 23:29:59,15may2012 23:29:59,16may2012,JOHN,DOWLING,12264,007,,26apr2004,POLICE OFFICER,05A,EXCESSIVE FORCE / ON DUTY - INJURY,S125,MISCELLANEOUS,CLOSED/FINAL,NOT SUSTAINED,HOLDEN,MICHAEL ,,,UNKNOWN,26,MALE,BLACK,apr2016,,,05,0,0,1
1054051,732,LOWE AVE,7142,STREET,15may2012 23:29:59,15may2012 23:29:59,16may2012,,,,,,,,05A,EXCESSIVE FORCE / ON DUTY - INJURY,S125,MISCELLANEOUS,CLOSED/FINAL,NO AFFIDAVIT,HOLDEN,MICHAEL ,,,UNKNOWN,24,MALE,BLACK,apr2016,,,05,0,1,1
