COMPLAINT_NUMBER,BEAT,STREET,ADDRESS,LOCATION_CODE,INCIDENT_TIME_START,INCIDENT_TIME_END,NOTIFICATION_DATE,ACCSUEDOFFICER_FNAME,ACCUSEDOFFICER_LNAME,ACCUSED_STAR,ACCUSED_UNIT,ACCUSED_DETAIL,ACCUSED_APPOINTMENT_DATE,ACCUSED_POSITION,INITIAL_CATEGORY_CODE,INITIAL_CATEGORY,CURRENT_CATEGORY_CODE,CURRENT_CATEGORY,CURRENT_STATUS,FINDING_CODE,INVOLVED_OFFICER_LNAME,INVOLVED_OFFICER_FNAME,INVOLVED_OFFICER_UNIT,INVOLVED_OFFICER_DETAIL,INVOLVED_OFFICER_POSITION,INVOLVED_OFFICER_AGE,INVOLVED_OFFICER_SEX,INVOLVED_OFFICER_RACE,foia,INVOLVED_OFFICER_DESCRIPTION,INVOLVED_OFFICER_TYPE,start_code_2,start_code_1,rec,sum_rec
1058014,1422,ST LOUIS AVE,1400,STREET,24oct2012 20:29:59,24oct2012 20:29:59,25oct2012,MATTHEW,HOYAS,4067,014,,29apr2002,POLICE OFFICER,05A,EXCESSIVE FORCE / ON DUTY - INJURY,S021,MISCELLANEOUS,CLOSED/FINAL,UNFOUNDED,ORTEGA,ELVIS,010,,SERGEANT OF POLICE,,MALE,SPANISH (DO NOT USE),apr2016,,,05,0,0,1
1058014,1422,ST LOUIS AVE,1400,STREET,24oct2012 20:29:59,24oct2012 20:29:59,25oct2012,MATTHEW,HOYAS,4067,014,,29apr2002,POLICE OFFICER,05A,EXCESSIVE FORCE / ON DUTY - INJURY,S021,MISCELLANEOUS,CLOSED/FINAL,NOT SUSTAINED,MARTINEZ,HOMERO,014,,POLICE OFFICER,,MALE,SPANISH (DO NOT USE),apr2016,,,05,0,0,1
1058014,1422,ST LOUIS AVE,1400,STREET,24oct2012 20:29:59,24oct2012 20:29:59,25oct2012,MANUEL,GUZMAN,9798,014,,02dec2002,POLICE OFFICER,05A,EXCESSIVE FORCE / ON DUTY - INJURY,S021,MISCELLANEOUS,CLOSED/FINAL,EXONERATED,MARTINEZ,HOMERO,014,,POLICE OFFICER,,MALE,SPANISH (DO NOT USE),apr2016,,,05,0,0,1
1058014,1422,ST LOUIS AVE,1400,STREET,24oct2012 20:29:59,24oct2012 20:29:59,25oct2012,MANUEL,GUZMAN,9798,014,,02dec2002,POLICE OFFICER,05A,EXCESSIVE FORCE / ON DUTY - INJURY,S021,MISCELLANEOUS,CLOSED/FINAL,EXONERATED,ORTEGA,ELVIS,010,,SERGEANT OF POLICE,,MALE,SPANISH (DO NOT USE),apr2016,,,05,0,0,1
1058014,1422,ST LOUIS AVE,1400,STREET,24oct2012 20:29:59,24oct2012 20:29:59,25oct2012,MATTHEW,HOYAS,4067,014,,29apr2002,POLICE OFFICER,05A,EXCESSIVE FORCE / ON DUTY - INJURY,S021,MISCELLANEOUS,CLOSED/FINAL,UNFOUNDED,MARTINEZ,HOMERO,014,,POLICE OFFICER,,MALE,SPANISH (DO NOT USE),apr2016,,,05,0,0,1
1058014,1422,ST LOUIS AVE,1400,STREET,24oct2012 20:29:59,24oct2012 20:29:59,25oct2012,MANUEL,GUZMAN,9798,014,,02dec2002,POLICE OFFICER,05A,EXCESSIVE FORCE / ON DUTY - INJURY,S021,MISCELLANEOUS,CLOSED/FINAL,UNFOUNDED,ORTEGA,ELVIS,010,,SERGEANT OF POLICE,,MALE,SPANISH (DO NOT USE),apr2016,,,05,0,0,1
1058014,1422,ST LOUIS AVE,1400,STREET,24oct2012 20:29:59,24oct2012 20:29:59,25oct2012,MANUEL,GUZMAN,9798,014,,02dec2002,POLICE OFFICER,05A,EXCESSIVE FORCE / ON DUTY - INJURY,S021,MISCELLANEOUS,CLOSED/FINAL,UNFOUNDED,RAMOS,IVAN,014,213,POLICE OFFICER,,MALE,SPANISH (DO NOT USE),apr2016,,,05,0,0,1
1058014,1422,ST LOUIS AVE,1400,STREET,24oct2012 20:29:59,24oct2012 20:29:59,25oct2012,MATTHEW,HOYAS,4067,014,,29apr2002,POLICE OFFICER,05A,EXCESSIVE FORCE / ON DUTY - INJURY,S021,MISCELLANEOUS,CLOSED/FINAL,NOT SUSTAINED,ORTEGA,ELVIS,010,,SERGEANT OF POLICE,,MALE,SPANISH (DO NOT USE),apr2016,,,05,0,0,1
1058014,1422,ST LOUIS AVE,1400,STREET,24oct2012 20:29:59,24oct2012 20:29:59,25oct2012,MANUEL,GUZMAN,9798,014,,02dec2002,POLICE OFFICER,05A,EXCESSIVE FORCE / ON DUTY - INJURY,S021,MISCELLANEOUS,CLOSED/FINAL,UNFOUNDED,MARTINEZ,HOMERO,014,,POLICE OFFICER,,MALE,SPANISH (DO NOT USE),apr2016,,,05,0,0,1
1058014,1422,ST LOUIS AVE,1400,STREET,24oct2012 20:29:59,24oct2012 20:29:59,25oct2012,MATTHEW,HOYAS,4067,014,,29apr2002,POLICE OFFICER,05A,EXCESSIVE FORCE / ON DUTY - INJURY,S021,MISCELLANEOUS,CLOSED/FINAL,NOT SUSTAINED,ESTRADA,FELIX ,,,UNKNOWN,33,MALE,WHITE HISPANIC,apr2016,,,05,0,0,1
1058014,1422,ST LOUIS AVE,1400,STREET,24oct2012 20:29:59,24oct2012 20:29:59,25oct2012,MATTHEW,HOYAS,4067,014,,29apr2002,POLICE OFFICER,05A,EXCESSIVE FORCE / ON DUTY - INJURY,S021,MISCELLANEOUS,CLOSED/FINAL,NOT SUSTAINED,RAMOS,IVAN,014,213,POLICE OFFICER,,MALE,SPANISH (DO NOT USE),apr2016,,,05,0,0,1
1058014,1422,ST LOUIS AVE,1400,STREET,24oct2012 20:29:59,24oct2012 20:29:59,25oct2012,MATTHEW,HOYAS,4067,014,,29apr2002,POLICE OFFICER,05A,EXCESSIVE FORCE / ON DUTY - INJURY,S021,MISCELLANEOUS,CLOSED/FINAL,UNFOUNDED,ESTRADA,FELIX ,,,UNKNOWN,33,MALE,WHITE HISPANIC,apr2016,,,05,0,0,1
1058014,1422,ST LOUIS AVE,1400,STREET,24oct2012 20:29:59,24oct2012 20:29:59,25oct2012,MANUEL,GUZMAN,9798,014,,02dec2002,POLICE OFFICER,05A,EXCESSIVE FORCE / ON DUTY - INJURY,S021,MISCELLANEOUS,CLOSED/FINAL,EXONERATED,RAMOS,IVAN,014,213,POLICE OFFICER,,MALE,SPANISH (DO NOT USE),apr2016,,,05,0,0,1
1058014,1422,ST LOUIS AVE,1400,STREET,24oct2012 20:29:59,24oct2012 20:29:59,25oct2012,MANUEL,GUZMAN,9798,014,,02dec2002,POLICE OFFICER,05A,EXCESSIVE FORCE / ON DUTY - INJURY,S021,MISCELLANEOUS,CLOSED/FINAL,EXONERATED,ESTRADA,FELIX ,,,UNKNOWN,33,MALE,WHITE HISPANIC,apr2016,,,05,0,1,1
1058014,1422,ST LOUIS AVE,1400,STREET,24oct2012 20:29:59,24oct2012 20:29:59,25oct2012,MANUEL,GUZMAN,9798,014,,02dec2002,POLICE OFFICER,05A,EXCESSIVE FORCE / ON DUTY - INJURY,S021,MISCELLANEOUS,CLOSED/FINAL,UNFOUNDED,ESTRADA,FELIX ,,,UNKNOWN,33,MALE,WHITE HISPANIC,apr2016,,,05,0,0,1
1058014,1422,ST LOUIS AVE,1400,STREET,24oct2012 20:29:59,24oct2012 20:29:59,25oct2012,MATTHEW,HOYAS,4067,014,,29apr2002,POLICE OFFICER,05A,EXCESSIVE FORCE / ON DUTY - INJURY,S021,MISCELLANEOUS,CLOSED/FINAL,UNFOUNDED,RAMOS,IVAN,014,213,POLICE OFFICER,,MALE,SPANISH (DO NOT USE),apr2016,,,05,0,0,1
