COMPLAINT_NUMBER,BEAT,STREET,ADDRESS,LOCATION_CODE,INCIDENT_TIME_START,INCIDENT_TIME_END,NOTIFICATION_DATE,ACCSUEDOFFICER_FNAME,ACCUSEDOFFICER_LNAME,ACCUSED_STAR,ACCUSED_UNIT,ACCUSED_DETAIL,ACCUSED_APPOINTMENT_DATE,ACCUSED_POSITION,INITIAL_CATEGORY_CODE,INITIAL_CATEGORY,CURRENT_CATEGORY_CODE,CURRENT_CATEGORY,CURRENT_STATUS,FINDING_CODE,INVOLVED_OFFICER_LNAME,INVOLVED_OFFICER_FNAME,INVOLVED_OFFICER_UNIT,INVOLVED_OFFICER_DETAIL,INVOLVED_OFFICER_POSITION,INVOLVED_OFFICER_AGE,INVOLVED_OFFICER_SEX,INVOLVED_OFFICER_RACE,foia,INVOLVED_OFFICER_DESCRIPTION,INVOLVED_OFFICER_TYPE,start_code_2,start_code_1,rec,sum_rec
1060795,1114,LAKE ST,4000,CTA PLATFORM,15mar2013 12:10:00,15mar2013 12:10:00,18mar2013,,CLAY,11096,024,,23jan2006,POLICE OFFICER,05A,EXCESSIVE FORCE / ON DUTY - INJURY,S021,MISCELLANEOUS,CLOSED/FINAL,NOT SUSTAINED,MC LINN,VIRGINIA,608,,PO ASSGN TRAFF SPEC,,FEMALE,BLACK,apr2016,,,05,0,0,1
1060795,1114,LAKE ST,4000,CTA PLATFORM,15mar2013 12:10:00,15mar2013 12:10:00,18mar2013,,CLAY,11096,024,,23jan2006,POLICE OFFICER,05A,EXCESSIVE FORCE / ON DUTY - INJURY,S021,MISCELLANEOUS,CLOSED/FINAL,NOT SUSTAINED,JAMES,HAROLD ,,,UNKNOWN,61,MALE,BLACK,apr2016,,,05,0,0,1
1060795,1114,LAKE ST,4000,CTA PLATFORM,15mar2013 12:10:00,15mar2013 12:10:00,18mar2013,,,,,,,,05A,EXCESSIVE FORCE / ON DUTY - INJURY,S021,MISCELLANEOUS,CLOSED/FINAL,UNFOUNDED,JAMES,HAROLD ,,,UNKNOWN,61,MALE,BLACK,apr2016,,,05,0,0,1
1060795,1114,LAKE ST,4000,CTA PLATFORM,15mar2013 12:10:00,15mar2013 12:10:00,18mar2013,,,,,,,,05A,EXCESSIVE FORCE / ON DUTY - INJURY,S021,MISCELLANEOUS,CLOSED/FINAL,UNFOUNDED,MC LINN,VIRGINIA,608,,PO ASSGN TRAFF SPEC,,FEMALE,BLACK,apr2016,,,05,0,0,1
