COMPLAINT_NUMBER,BEAT,STREET,ADDRESS,LOCATION_CODE,INCIDENT_TIME_START,INCIDENT_TIME_END,NOTIFICATION_DATE,ACCSUEDOFFICER_FNAME,ACCUSEDOFFICER_LNAME,ACCUSED_STAR,ACCUSED_UNIT,ACCUSED_DETAIL,ACCUSED_APPOINTMENT_DATE,ACCUSED_POSITION,INITIAL_CATEGORY_CODE,INITIAL_CATEGORY,CURRENT_CATEGORY_CODE,CURRENT_CATEGORY,CURRENT_STATUS,FINDING_CODE,INVOLVED_OFFICER_LNAME,INVOLVED_OFFICER_FNAME,INVOLVED_OFFICER_UNIT,INVOLVED_OFFICER_DETAIL,INVOLVED_OFFICER_POSITION,INVOLVED_OFFICER_AGE,INVOLVED_OFFICER_SEX,INVOLVED_OFFICER_RACE,foia,INVOLVED_OFFICER_DESCRIPTION,INVOLVED_OFFICER_TYPE,start_code_2,start_code_1,rec,sum_rec
1054080,1613,HIGGINS AVE,6954,BAR OR TAVERN,15may2012 19:05:00,15may2012 19:05:00,17may2012,,,,,,,,S083,MISCELLANEOUS,05C,EXCESSIVE FORCE / OFF DUTY - INJURY,PENDING REVIEW AFTER SUPERINTENDENT DECISION,NOT SUSTAINED,CAFFERATA,JENNIFER,,,UNKNOWN,,FEMALE,WHITE,apr2016,,,S0,S,0,1
1054080,1613,HIGGINS AVE,6954,BAR OR TAVERN,15may2012 19:05:00,15may2012 19:05:00,17may2012,FRANCISCA,VERGARA,1078,016,,14aug2000,SERGEANT OF POLICE,S083,MISCELLANEOUS,05C,EXCESSIVE FORCE / OFF DUTY - INJURY,PENDING REVIEW AFTER SUPERINTENDENT DECISION,NOT SUSTAINED,FORTE,GARY,,,,46,MALE,WHITE,apr2016,,,S0,S,0,1
1054080,1613,HIGGINS AVE,6954,BAR OR TAVERN,15may2012 19:05:00,15may2012 19:05:00,17may2012,FRANCISCA,VERGARA,1078,016,,14aug2000,SERGEANT OF POLICE,S083,MISCELLANEOUS,05C,EXCESSIVE FORCE / OFF DUTY - INJURY,PENDING REVIEW AFTER SUPERINTENDENT DECISION,NOT SUSTAINED,SHANKS,DONALD,,,,45,MALE,WHITE,apr2016,,,S0,S,0,1
1054080,1613,HIGGINS AVE,6954,BAR OR TAVERN,15may2012 19:05:00,15may2012 19:05:00,17may2012,FRANCISCA,VERGARA,1078,016,,14aug2000,SERGEANT OF POLICE,S083,MISCELLANEOUS,05C,EXCESSIVE FORCE / OFF DUTY - INJURY,PENDING REVIEW AFTER SUPERINTENDENT DECISION,NOT SUSTAINED,CAFFERATA,JENNIFER,,,UNKNOWN,,FEMALE,WHITE,apr2016,,,S0,S,0,1
1054080,1613,HIGGINS AVE,6954,BAR OR TAVERN,15may2012 19:05:00,15may2012 19:05:00,17may2012,,,,,,,,S083,MISCELLANEOUS,05C,EXCESSIVE FORCE / OFF DUTY - INJURY,PENDING REVIEW AFTER SUPERINTENDENT DECISION,NOT SUSTAINED,SCRIVEN,ANTHONY,,,,26,MALE,WHITE,apr2016,,,S0,S,0,1
1054080,1613,HIGGINS AVE,6954,BAR OR TAVERN,15may2012 19:05:00,15may2012 19:05:00,17may2012,JOHN,SCHULER,14334,024,,18nov1991,POLICE OFFICER,S083,MISCELLANEOUS,05C,EXCESSIVE FORCE / OFF DUTY - INJURY,PENDING REVIEW AFTER SUPERINTENDENT DECISION,SUSTAINED,ZEMLIK,GLENN,,,UNKNOWN,54,MALE,WHITE,apr2016,,,S0,S,0,1
1054080,1613,HIGGINS AVE,6954,BAR OR TAVERN,15may2012 19:05:00,15may2012 19:05:00,17may2012,JOHN,SCHULER,14334,024,,18nov1991,POLICE OFFICER,S083,MISCELLANEOUS,05C,EXCESSIVE FORCE / OFF DUTY - INJURY,PENDING REVIEW AFTER SUPERINTENDENT DECISION,SUSTAINED,SCRIVEN,ANTHONY,,,,26,MALE,WHITE,apr2016,,,S0,S,0,1
1054080,1613,HIGGINS AVE,6954,BAR OR TAVERN,15may2012 19:05:00,15may2012 19:05:00,17may2012,,,,,,,,S083,MISCELLANEOUS,05C,EXCESSIVE FORCE / OFF DUTY - INJURY,PENDING REVIEW AFTER SUPERINTENDENT DECISION,NOT SUSTAINED,CAFFERATA,JENNIFER,,,UNKNOWN,27,FEMALE,WHITE,apr2016,,,S0,S,1,1
1054080,1613,HIGGINS AVE,6954,BAR OR TAVERN,15may2012 19:05:00,15may2012 19:05:00,17may2012,,,,,,,,S083,MISCELLANEOUS,05C,EXCESSIVE FORCE / OFF DUTY - INJURY,PENDING REVIEW AFTER SUPERINTENDENT DECISION,NOT SUSTAINED,KISCHNER,SNEJANA,,,,45,FEMALE,WHITE,apr2016,,,S0,S,0,1
1054080,1613,HIGGINS AVE,6954,BAR OR TAVERN,15may2012 19:05:00,15may2012 19:05:00,17may2012,,,,,,,,S083,MISCELLANEOUS,05C,EXCESSIVE FORCE / OFF DUTY - INJURY,PENDING REVIEW AFTER SUPERINTENDENT DECISION,NOT SUSTAINED,PRESNY,SARAH,,,UNKNOWN,,FEMALE,WHITE,apr2016,,,S0,S,0,1
1054080,1613,HIGGINS AVE,6954,BAR OR TAVERN,15may2012 19:05:00,15may2012 19:05:00,17may2012,,,,,,,,S083,MISCELLANEOUS,05C,EXCESSIVE FORCE / OFF DUTY - INJURY,PENDING REVIEW AFTER SUPERINTENDENT DECISION,NOT SUSTAINED,ZEMLIK,GLENN,,,UNKNOWN,54,MALE,WHITE,apr2016,,,S0,S,0,1
1054080,1613,HIGGINS AVE,6954,BAR OR TAVERN,15may2012 19:05:00,15may2012 19:05:00,17may2012,FRANCISCA,VERGARA,1078,016,,14aug2000,SERGEANT OF POLICE,S083,MISCELLANEOUS,05C,EXCESSIVE FORCE / OFF DUTY - INJURY,PENDING REVIEW AFTER SUPERINTENDENT DECISION,NOT SUSTAINED,SCRIVEN,ANTHONY,,,,26,MALE,WHITE,apr2016,,,S0,S,0,1
1054080,1613,HIGGINS AVE,6954,BAR OR TAVERN,15may2012 19:05:00,15may2012 19:05:00,17may2012,,,,,,,,S083,MISCELLANEOUS,05C,EXCESSIVE FORCE / OFF DUTY - INJURY,PENDING REVIEW AFTER SUPERINTENDENT DECISION,NOT SUSTAINED,ZEMLIK,GLENN,,,UNKNOWN,,MALE,WHITE,apr2016,,,S0,S,0,1
1054080,1613,HIGGINS AVE,6954,BAR OR TAVERN,15may2012 19:05:00,15may2012 19:05:00,17may2012,FRANCISCA,VERGARA,1078,016,,14aug2000,SERGEANT OF POLICE,S083,MISCELLANEOUS,05C,EXCESSIVE FORCE / OFF DUTY - INJURY,PENDING REVIEW AFTER SUPERINTENDENT DECISION,NOT SUSTAINED,PIGOTT,MICHAEL ,,,,69,MALE,WHITE,apr2016,,,S0,S,0,1
1054080,1613,HIGGINS AVE,6954,BAR OR TAVERN,15may2012 19:05:00,15may2012 19:05:00,17may2012,JOHN,SCHULER,14334,024,,18nov1991,POLICE OFFICER,S083,MISCELLANEOUS,05C,EXCESSIVE FORCE / OFF DUTY - INJURY,PENDING REVIEW AFTER SUPERINTENDENT DECISION,SUSTAINED,SANTANGELO,PAUL,014,,SERGEANT OF POLICE,,MALE,WHITE,apr2016,,,S0,S,0,1
1054080,1613,HIGGINS AVE,6954,BAR OR TAVERN,15may2012 19:05:00,15may2012 19:05:00,17may2012,FRANCISCA,VERGARA,1078,016,,14aug2000,SERGEANT OF POLICE,S083,MISCELLANEOUS,05C,EXCESSIVE FORCE / OFF DUTY - INJURY,PENDING REVIEW AFTER SUPERINTENDENT DECISION,NOT SUSTAINED,ZEMLIK,GLENN,,,UNKNOWN,54,MALE,WHITE,apr2016,,,S0,S,0,1
1054080,1613,HIGGINS AVE,6954,BAR OR TAVERN,15may2012 19:05:00,15may2012 19:05:00,17may2012,,,,,,,,S083,MISCELLANEOUS,05C,EXCESSIVE FORCE / OFF DUTY - INJURY,PENDING REVIEW AFTER SUPERINTENDENT DECISION,NOT SUSTAINED,FORTE,GARY,,,,46,MALE,WHITE,apr2016,,,S0,S,0,1
1054080,1613,HIGGINS AVE,6954,BAR OR TAVERN,15may2012 19:05:00,15may2012 19:05:00,17may2012,FRANCISCA,VERGARA,1078,016,,14aug2000,SERGEANT OF POLICE,S083,MISCELLANEOUS,05C,EXCESSIVE FORCE / OFF DUTY - INJURY,PENDING REVIEW AFTER SUPERINTENDENT DECISION,NOT SUSTAINED,SCHNOTALA,KENNETH,016,,POLICE OFFICER,,MALE,WHITE,apr2016,,,S0,S,0,1
1054080,1613,HIGGINS AVE,6954,BAR OR TAVERN,15may2012 19:05:00,15may2012 19:05:00,17may2012,JOHN,SCHULER,14334,024,,18nov1991,POLICE OFFICER,S083,MISCELLANEOUS,05C,EXCESSIVE FORCE / OFF DUTY - INJURY,PENDING REVIEW AFTER SUPERINTENDENT DECISION,SUSTAINED,SCHNOTALA,KENNETH,016,,POLICE OFFICER,,MALE,WHITE,apr2016,,,S0,S,0,1
1054080,1613,HIGGINS AVE,6954,BAR OR TAVERN,15may2012 19:05:00,15may2012 19:05:00,17may2012,JOHN,SCHULER,14334,024,,18nov1991,POLICE OFFICER,S083,MISCELLANEOUS,05C,EXCESSIVE FORCE / OFF DUTY - INJURY,PENDING REVIEW AFTER SUPERINTENDENT DECISION,SUSTAINED,SHANKS,DONALD,,,,45,MALE,WHITE,apr2016,,,S0,S,0,1
1054080,1613,HIGGINS AVE,6954,BAR OR TAVERN,15may2012 19:05:00,15may2012 19:05:00,17may2012,FRANCISCA,VERGARA,1078,016,,14aug2000,SERGEANT OF POLICE,S083,MISCELLANEOUS,05C,EXCESSIVE FORCE / OFF DUTY - INJURY,PENDING REVIEW AFTER SUPERINTENDENT DECISION,NOT SUSTAINED,KISCHNER,SNEJANA,,,,45,FEMALE,WHITE,apr2016,,,S0,S,0,1
1054080,1613,HIGGINS AVE,6954,BAR OR TAVERN,15may2012 19:05:00,15may2012 19:05:00,17may2012,JOHN,SCHULER,14334,024,,18nov1991,POLICE OFFICER,S083,MISCELLANEOUS,05C,EXCESSIVE FORCE / OFF DUTY - INJURY,PENDING REVIEW AFTER SUPERINTENDENT DECISION,SUSTAINED,PIGOTT,MICHAEL ,,,,69,MALE,WHITE,apr2016,,,S0,S,0,1
1054080,1613,HIGGINS AVE,6954,BAR OR TAVERN,15may2012 19:05:00,15may2012 19:05:00,17may2012,FRANCISCA,VERGARA,1078,016,,14aug2000,SERGEANT OF POLICE,S083,MISCELLANEOUS,05C,EXCESSIVE FORCE / OFF DUTY - INJURY,PENDING REVIEW AFTER SUPERINTENDENT DECISION,NOT SUSTAINED,CAFFERATA,JENNIFER,,,UNKNOWN,27,FEMALE,WHITE,apr2016,,,S0,S,0,1
1054080,1613,HIGGINS AVE,6954,BAR OR TAVERN,15may2012 19:05:00,15may2012 19:05:00,17may2012,JOHN,SCHULER,14334,024,,18nov1991,POLICE OFFICER,S083,MISCELLANEOUS,05C,EXCESSIVE FORCE / OFF DUTY - INJURY,PENDING REVIEW AFTER SUPERINTENDENT DECISION,SUSTAINED,DOYLE,ROBERT,,,,58,MALE,WHITE,apr2016,,,S0,S,0,1
1054080,1613,HIGGINS AVE,6954,BAR OR TAVERN,15may2012 19:05:00,15may2012 19:05:00,17may2012,FRANCISCA,VERGARA,1078,016,,14aug2000,SERGEANT OF POLICE,S083,MISCELLANEOUS,05C,EXCESSIVE FORCE / OFF DUTY - INJURY,PENDING REVIEW AFTER SUPERINTENDENT DECISION,NOT SUSTAINED,SANTANGELO,PAUL,014,,SERGEANT OF POLICE,,MALE,WHITE,apr2016,,,S0,S,0,1
1054080,1613,HIGGINS AVE,6954,BAR OR TAVERN,15may2012 19:05:00,15may2012 19:05:00,17may2012,JOHN,SCHULER,14334,024,,18nov1991,POLICE OFFICER,S083,MISCELLANEOUS,05C,EXCESSIVE FORCE / OFF DUTY - INJURY,PENDING REVIEW AFTER SUPERINTENDENT DECISION,SUSTAINED,ZEMLIK,GLENN,,,UNKNOWN,,MALE,WHITE,apr2016,,,S0,S,0,1
1054080,1613,HIGGINS AVE,6954,BAR OR TAVERN,15may2012 19:05:00,15may2012 19:05:00,17may2012,,,,,,,,S083,MISCELLANEOUS,05C,EXCESSIVE FORCE / OFF DUTY - INJURY,PENDING REVIEW AFTER SUPERINTENDENT DECISION,NOT SUSTAINED,PIGOTT,MICHAEL ,,,,69,MALE,WHITE,apr2016,,,S0,S,0,1
1054080,1613,HIGGINS AVE,6954,BAR OR TAVERN,15may2012 19:05:00,15may2012 19:05:00,17may2012,,,,,,,,S083,MISCELLANEOUS,05C,EXCESSIVE FORCE / OFF DUTY - INJURY,PENDING REVIEW AFTER SUPERINTENDENT DECISION,NOT SUSTAINED,SANTANGELO,PAUL,014,,SERGEANT OF POLICE,,MALE,WHITE,apr2016,,,S0,S,0,1
1054080,1613,HIGGINS AVE,6954,BAR OR TAVERN,15may2012 19:05:00,15may2012 19:05:00,17may2012,JOHN,SCHULER,14334,024,,18nov1991,POLICE OFFICER,S083,MISCELLANEOUS,05C,EXCESSIVE FORCE / OFF DUTY - INJURY,PENDING REVIEW AFTER SUPERINTENDENT DECISION,SUSTAINED,CAFFERATA,MICHAEL,,,,60,MALE,WHITE,apr2016,,,S0,S,0,1
1054080,1613,HIGGINS AVE,6954,BAR OR TAVERN,15may2012 19:05:00,15may2012 19:05:00,17may2012,,,,,,,,S083,MISCELLANEOUS,05C,EXCESSIVE FORCE / OFF DUTY - INJURY,PENDING REVIEW AFTER SUPERINTENDENT DECISION,NOT SUSTAINED,CAFFERATA,MICHAEL,,,,60,MALE,WHITE,apr2016,,,S0,S,0,1
1054080,1613,HIGGINS AVE,6954,BAR OR TAVERN,15may2012 19:05:00,15may2012 19:05:00,17may2012,JOHN,SCHULER,14334,024,,18nov1991,POLICE OFFICER,S083,MISCELLANEOUS,05C,EXCESSIVE FORCE / OFF DUTY - INJURY,PENDING REVIEW AFTER SUPERINTENDENT DECISION,SUSTAINED,CAFFERATA,JENNIFER,,,UNKNOWN,27,FEMALE,WHITE,apr2016,,,S0,S,0,1
1054080,1613,HIGGINS AVE,6954,BAR OR TAVERN,15may2012 19:05:00,15may2012 19:05:00,17may2012,,,,,,,,S083,MISCELLANEOUS,05C,EXCESSIVE FORCE / OFF DUTY - INJURY,PENDING REVIEW AFTER SUPERINTENDENT DECISION,NOT SUSTAINED,SCHNOTALA,KENNETH,016,,POLICE OFFICER,,MALE,WHITE,apr2016,,,S0,S,0,1
1054080,1613,HIGGINS AVE,6954,BAR OR TAVERN,15may2012 19:05:00,15may2012 19:05:00,17may2012,JOHN,SCHULER,14334,024,,18nov1991,POLICE OFFICER,S083,MISCELLANEOUS,05C,EXCESSIVE FORCE / OFF DUTY - INJURY,PENDING REVIEW AFTER SUPERINTENDENT DECISION,SUSTAINED,FORTE,GARY,,,,46,MALE,WHITE,apr2016,,,S0,S,0,1
1054080,1613,HIGGINS AVE,6954,BAR OR TAVERN,15may2012 19:05:00,15may2012 19:05:00,17may2012,,,,,,,,S083,MISCELLANEOUS,05C,EXCESSIVE FORCE / OFF DUTY - INJURY,PENDING REVIEW AFTER SUPERINTENDENT DECISION,NOT SUSTAINED,SHANKS,DONALD,,,,45,MALE,WHITE,apr2016,,,S0,S,0,1
1054080,1613,HIGGINS AVE,6954,BAR OR TAVERN,15may2012 19:05:00,15may2012 19:05:00,17may2012,FRANCISCA,VERGARA,1078,016,,14aug2000,SERGEANT OF POLICE,S083,MISCELLANEOUS,05C,EXCESSIVE FORCE / OFF DUTY - INJURY,PENDING REVIEW AFTER SUPERINTENDENT DECISION,NOT SUSTAINED,PRESNY,SARAH,,,UNKNOWN,,FEMALE,WHITE,apr2016,,,S0,S,0,1
1054080,1613,HIGGINS AVE,6954,BAR OR TAVERN,15may2012 19:05:00,15may2012 19:05:00,17may2012,FRANCISCA,VERGARA,1078,016,,14aug2000,SERGEANT OF POLICE,S083,MISCELLANEOUS,05C,EXCESSIVE FORCE / OFF DUTY - INJURY,PENDING REVIEW AFTER SUPERINTENDENT DECISION,NOT SUSTAINED,ZEMLIK,GLENN,,,UNKNOWN,,MALE,WHITE,apr2016,,,S0,S,0,1
1054080,1613,HIGGINS AVE,6954,BAR OR TAVERN,15may2012 19:05:00,15may2012 19:05:00,17may2012,JOHN,SCHULER,14334,024,,18nov1991,POLICE OFFICER,S083,MISCELLANEOUS,05C,EXCESSIVE FORCE / OFF DUTY - INJURY,PENDING REVIEW AFTER SUPERINTENDENT DECISION,SUSTAINED,CAFFERATA,JENNIFER,,,UNKNOWN,,FEMALE,WHITE,apr2016,,,S0,S,0,1
1054080,1613,HIGGINS AVE,6954,BAR OR TAVERN,15may2012 19:05:00,15may2012 19:05:00,17may2012,JOHN,SCHULER,14334,024,,18nov1991,POLICE OFFICER,S083,MISCELLANEOUS,05C,EXCESSIVE FORCE / OFF DUTY - INJURY,PENDING REVIEW AFTER SUPERINTENDENT DECISION,SUSTAINED,PRESNY,SARAH,,,UNKNOWN,,FEMALE,WHITE,apr2016,,,S0,S,0,1
1054080,1613,HIGGINS AVE,6954,BAR OR TAVERN,15may2012 19:05:00,15may2012 19:05:00,17may2012,FRANCISCA,VERGARA,1078,016,,14aug2000,SERGEANT OF POLICE,S083,MISCELLANEOUS,05C,EXCESSIVE FORCE / OFF DUTY - INJURY,PENDING REVIEW AFTER SUPERINTENDENT DECISION,NOT SUSTAINED,CAFFERATA,MICHAEL,,,,60,MALE,WHITE,apr2016,,,S0,S,0,1
1054080,1613,HIGGINS AVE,6954,BAR OR TAVERN,15may2012 19:05:00,15may2012 19:05:00,17may2012,FRANCISCA,VERGARA,1078,016,,14aug2000,SERGEANT OF POLICE,S083,MISCELLANEOUS,05C,EXCESSIVE FORCE / OFF DUTY - INJURY,PENDING REVIEW AFTER SUPERINTENDENT DECISION,NOT SUSTAINED,DOYLE,ROBERT,,,,58,MALE,WHITE,apr2016,,,S0,S,0,1
1054080,1613,HIGGINS AVE,6954,BAR OR TAVERN,15may2012 19:05:00,15may2012 19:05:00,17may2012,,,,,,,,S083,MISCELLANEOUS,05C,EXCESSIVE FORCE / OFF DUTY - INJURY,PENDING REVIEW AFTER SUPERINTENDENT DECISION,NOT SUSTAINED,DOYLE,ROBERT,,,,58,MALE,WHITE,apr2016,,,S0,S,0,1
1054080,1613,HIGGINS AVE,6954,BAR OR TAVERN,15may2012 19:05:00,15may2012 19:05:00,17may2012,JOHN,SCHULER,14334,024,,18nov1991,POLICE OFFICER,S083,MISCELLANEOUS,05C,EXCESSIVE FORCE / OFF DUTY - INJURY,PENDING REVIEW AFTER SUPERINTENDENT DECISION,SUSTAINED,KISCHNER,SNEJANA,,,,45,FEMALE,WHITE,apr2016,,,S0,S,0,1
