COMPLAINT_NUMBER,BEAT,STREET,ADDRESS,LOCATION_CODE,INCIDENT_TIME_START,INCIDENT_TIME_END,NOTIFICATION_DATE,ACCSUEDOFFICER_FNAME,ACCUSEDOFFICER_LNAME,ACCUSED_STAR,ACCUSED_UNIT,ACCUSED_DETAIL,ACCUSED_APPOINTMENT_DATE,ACCUSED_POSITION,INITIAL_CATEGORY_CODE,INITIAL_CATEGORY,CURRENT_CATEGORY_CODE,CURRENT_CATEGORY,CURRENT_STATUS,FINDING_CODE,INVOLVED_OFFICER_LNAME,INVOLVED_OFFICER_FNAME,INVOLVED_OFFICER_UNIT,INVOLVED_OFFICER_DETAIL,INVOLVED_OFFICER_POSITION,INVOLVED_OFFICER_AGE,INVOLVED_OFFICER_SEX,INVOLVED_OFFICER_RACE,foia,INVOLVED_OFFICER_DESCRIPTION,INVOLVED_OFFICER_TYPE,start_code_2,start_code_1,rec,sum_rec
1053487,733,ABERDEEN ST,6910,RESIDENCE,21apr2012 15:30:00,21apr2012 15:30:00,21apr2012,,,,,,,,S031,IMPACT WEAPON - AUTHORIZED (BATON / ASP),05B,EXCESSIVE FORCE / ON DUTY - NO INJURY,CLOSED/FINAL,NOT SUSTAINED,CRUZ,FELICIA,,,UNKNOWN,,FEMALE,WHITE HISPANIC,apr2016,,,S0,S,0,1
1053487,733,ABERDEEN ST,6910,RESIDENCE,21apr2012 15:30:00,21apr2012 15:30:00,21apr2012,CHRIS,FEIL,15981,393,,03jan2005,POLICE OFFICER,S031,IMPACT WEAPON - AUTHORIZED (BATON / ASP),05B,EXCESSIVE FORCE / ON DUTY - NO INJURY,CLOSED/FINAL,NOT SUSTAINED,STEEN,DARRICK,,,UNKNOWN,18,MALE,BLACK,apr2016,,,S0,S,0,1
1053487,733,ABERDEEN ST,6910,RESIDENCE,21apr2012 15:30:00,21apr2012 15:30:00,21apr2012,,,,,,,,S031,IMPACT WEAPON - AUTHORIZED (BATON / ASP),05B,EXCESSIVE FORCE / ON DUTY - NO INJURY,CLOSED/FINAL,NOT SUSTAINED,STEEN,DARRICK,,,UNKNOWN,18,MALE,BLACK,apr2016,,,S0,S,1,1
1053487,733,ABERDEEN ST,6910,RESIDENCE,21apr2012 15:30:00,21apr2012 15:30:00,21apr2012,CHRIS,FEIL,15981,393,,03jan2005,POLICE OFFICER,S031,IMPACT WEAPON - AUTHORIZED (BATON / ASP),05B,EXCESSIVE FORCE / ON DUTY - NO INJURY,CLOSED/FINAL,NOT SUSTAINED,CRUZ,FELICIA,,,UNKNOWN,,FEMALE,WHITE HISPANIC,apr2016,,,S0,S,0,1
1053487,733,ABERDEEN ST,6910,RESIDENCE,21apr2012 15:30:00,21apr2012 15:30:00,21apr2012,RICARDO,GONZALEZ,10516,315,393,25aug2003,POLICE OFFICER,S031,IMPACT WEAPON - AUTHORIZED (BATON / ASP),05B,EXCESSIVE FORCE / ON DUTY - NO INJURY,CLOSED/FINAL,NOT SUSTAINED,CRUZ,FELICIA,,,UNKNOWN,,FEMALE,WHITE HISPANIC,apr2016,,,S0,S,0,1
1053487,733,ABERDEEN ST,6910,RESIDENCE,21apr2012 15:30:00,21apr2012 15:30:00,21apr2012,RICARDO,GONZALEZ,10516,315,393,25aug2003,POLICE OFFICER,S031,IMPACT WEAPON - AUTHORIZED (BATON / ASP),05B,EXCESSIVE FORCE / ON DUTY - NO INJURY,CLOSED/FINAL,NOT SUSTAINED,STEEN,DARRICK,,,UNKNOWN,18,MALE,BLACK,apr2016,,,S0,S,0,1
