COMPLAINT_NUMBER,BEAT,STREET,ADDRESS,LOCATION_CODE,INCIDENT_TIME_START,INCIDENT_TIME_END,NOTIFICATION_DATE,ACCSUEDOFFICER_FNAME,ACCUSEDOFFICER_LNAME,ACCUSED_STAR,ACCUSED_UNIT,ACCUSED_DETAIL,ACCUSED_APPOINTMENT_DATE,ACCUSED_POSITION,INITIAL_CATEGORY_CODE,INITIAL_CATEGORY,CURRENT_CATEGORY_CODE,CURRENT_CATEGORY,CURRENT_STATUS,FINDING_CODE,INVOLVED_OFFICER_LNAME,INVOLVED_OFFICER_FNAME,INVOLVED_OFFICER_UNIT,INVOLVED_OFFICER_DETAIL,INVOLVED_OFFICER_POSITION,INVOLVED_OFFICER_AGE,INVOLVED_OFFICER_SEX,INVOLVED_OFFICER_RACE,foia,INVOLVED_OFFICER_DESCRIPTION,INVOLVED_OFFICER_TYPE,start_code_2,start_code_1,rec,sum_rec
1058606,1531,AUGUSTA BLVD,4925,RESIDENCE,24nov2012 08:00:00,24nov2012 08:00:00,24nov2012,JOSEPH,SCHACHELMAYER,1934,313,,02dec1996,SERGEANT OF POLICE,05M,UNNECESSARY PHYSICAL CONTACT / ON DUTY - NO INJURY,S117,PUSH/PULL/GRAB,CLOSED/FINAL,UNFOUNDED,INGLAM,GENEVA,,,UNKNOWN,,FEMALE,BLACK,apr2016,,,05,0,0,1
1058606,1531,AUGUSTA BLVD,4925,RESIDENCE,24nov2012 08:00:00,24nov2012 08:00:00,24nov2012,JOSEPH,SCHACHELMAYER,1934,313,,02dec1996,SERGEANT OF POLICE,05M,UNNECESSARY PHYSICAL CONTACT / ON DUTY - NO INJURY,S117,PUSH/PULL/GRAB,CLOSED/FINAL,UNFOUNDED,BLOODSON,LINDSAY,,,UNKNOWN,,MALE,BLACK,apr2016,,,05,0,0,1
1058606,1531,AUGUSTA BLVD,4925,RESIDENCE,24nov2012 08:00:00,24nov2012 08:00:00,24nov2012,JOSEPH,SCHACHELMAYER,1934,313,,02dec1996,SERGEANT OF POLICE,05M,UNNECESSARY PHYSICAL CONTACT / ON DUTY - NO INJURY,S117,PUSH/PULL/GRAB,CLOSED/FINAL,UNFOUNDED,AWE,BRIDGETTE,,,UNKNOWN,,FEMALE,BLACK,apr2016,,,05,0,0,1
1058606,1531,AUGUSTA BLVD,4925,RESIDENCE,24nov2012 08:00:00,24nov2012 08:00:00,24nov2012,,,,,,,,05M,UNNECESSARY PHYSICAL CONTACT / ON DUTY - NO INJURY,S117,PUSH/PULL/GRAB,CLOSED/FINAL,NOT SUSTAINED,BLOODSON,LINDSAY,,,UNKNOWN,,MALE,BLACK,apr2016,,,05,0,0,1
1058606,1531,AUGUSTA BLVD,4925,RESIDENCE,24nov2012 08:00:00,24nov2012 08:00:00,24nov2012,,,,,,,,05M,UNNECESSARY PHYSICAL CONTACT / ON DUTY - NO INJURY,S117,PUSH/PULL/GRAB,CLOSED/FINAL,NOT SUSTAINED,AWE,BRIDGETTE,,,UNKNOWN,,FEMALE,BLACK,apr2016,,,05,0,1,1
1058606,1531,AUGUSTA BLVD,4925,RESIDENCE,24nov2012 08:00:00,24nov2012 08:00:00,24nov2012,,,,,,,,05M,UNNECESSARY PHYSICAL CONTACT / ON DUTY - NO INJURY,S117,PUSH/PULL/GRAB,CLOSED/FINAL,NOT SUSTAINED,INGLAM,GENEVA,,,UNKNOWN,,FEMALE,BLACK,apr2016,,,05,0,0,1
