COMPLAINT_NUMBER,BEAT,STREET,ADDRESS,LOCATION_CODE,INCIDENT_TIME_START,INCIDENT_TIME_END,NOTIFICATION_DATE,ACCSUEDOFFICER_FNAME,ACCUSEDOFFICER_LNAME,ACCUSED_STAR,ACCUSED_UNIT,ACCUSED_DETAIL,ACCUSED_APPOINTMENT_DATE,ACCUSED_POSITION,INITIAL_CATEGORY_CODE,INITIAL_CATEGORY,CURRENT_CATEGORY_CODE,CURRENT_CATEGORY,CURRENT_STATUS,FINDING_CODE,INVOLVED_OFFICER_LNAME,INVOLVED_OFFICER_FNAME,INVOLVED_OFFICER_UNIT,INVOLVED_OFFICER_DETAIL,INVOLVED_OFFICER_POSITION,INVOLVED_OFFICER_AGE,INVOLVED_OFFICER_SEX,INVOLVED_OFFICER_RACE,foia,INVOLVED_OFFICER_DESCRIPTION,INVOLVED_OFFICER_TYPE,start_code_2,start_code_1,rec,sum_rec
1061306,121,CANAL ST,300,STREET,08apr2013 06:00:00,08apr2013 06:59:59,09apr2013,,TRAVERSO,19920,001,,08jul1996,POLICE OFFICER,05M,UNNECESSARY PHYSICAL CONTACT / ON DUTY - NO INJURY,S125,MISCELLANEOUS,CLOSED/FINAL,EXONERATED,RUTH,DANTEL,,,UNKNOWN,12,MALE,BLACK,apr2016,,,05,0,0,1
1061306,121,CANAL ST,300,STREET,08apr2013 06:00:00,08apr2013 06:59:59,09apr2013,,,,,,,,05M,UNNECESSARY PHYSICAL CONTACT / ON DUTY - NO INJURY,S125,MISCELLANEOUS,CLOSED/FINAL,UNFOUNDED,SMITH,KIMBERLY,,,UNKNOWN,,FEMALE,BLACK,apr2016,,,05,0,0,1
1061306,121,CANAL ST,300,STREET,08apr2013 06:00:00,08apr2013 06:59:59,09apr2013,,,,,,,,05M,UNNECESSARY PHYSICAL CONTACT / ON DUTY - NO INJURY,S125,MISCELLANEOUS,CLOSED/FINAL,UNFOUNDED,RUTH,DANTEL,,,UNKNOWN,12,MALE,BLACK,apr2016,,,05,0,0,1
1061306,121,CANAL ST,300,STREET,08apr2013 06:00:00,08apr2013 06:59:59,09apr2013,,LIAKOPOULOS,11135,022,,24sep2001,PO/FIELD TRNING OFF,05M,UNNECESSARY PHYSICAL CONTACT / ON DUTY - NO INJURY,S125,MISCELLANEOUS,CLOSED/FINAL,EXONERATED,RUTH,DANTEL,,,UNKNOWN,12,MALE,BLACK,apr2016,,,05,0,0,1
1061306,121,CANAL ST,300,STREET,08apr2013 06:00:00,08apr2013 06:59:59,09apr2013,,TRAVERSO,19920,001,,08jul1996,POLICE OFFICER,05M,UNNECESSARY PHYSICAL CONTACT / ON DUTY - NO INJURY,S125,MISCELLANEOUS,CLOSED/FINAL,EXONERATED,STOKES,NICHOLAS,,,UNKNOWN,26,MALE,BLACK,apr2016,,,05,0,0,1
1061306,121,CANAL ST,300,STREET,08apr2013 06:00:00,08apr2013 06:59:59,09apr2013,,LIAKOPOULOS,11135,022,,24sep2001,PO/FIELD TRNING OFF,05M,UNNECESSARY PHYSICAL CONTACT / ON DUTY - NO INJURY,S125,MISCELLANEOUS,CLOSED/FINAL,EXONERATED,STOKES,NICHOLAS,,,UNKNOWN,26,MALE,BLACK,apr2016,,,05,0,0,1
1061306,121,CANAL ST,300,STREET,08apr2013 06:00:00,08apr2013 06:59:59,09apr2013,,LIAKOPOULOS,11135,022,,24sep2001,PO/FIELD TRNING OFF,05M,UNNECESSARY PHYSICAL CONTACT / ON DUTY - NO INJURY,S125,MISCELLANEOUS,CLOSED/FINAL,EXONERATED,WHITE,LAKISHA,,,UNKNOWN,34,FEMALE,BLACK,apr2016,,,05,0,0,1
1061306,121,CANAL ST,300,STREET,08apr2013 06:00:00,08apr2013 06:59:59,09apr2013,,,,,,,,05M,UNNECESSARY PHYSICAL CONTACT / ON DUTY - NO INJURY,S125,MISCELLANEOUS,CLOSED/FINAL,UNFOUNDED,STOKES,NICHOLAS,,,UNKNOWN,26,MALE,BLACK,apr2016,,,05,0,0,1
1061306,121,CANAL ST,300,STREET,08apr2013 06:00:00,08apr2013 06:59:59,09apr2013,,TRAVERSO,19920,001,,08jul1996,POLICE OFFICER,05M,UNNECESSARY PHYSICAL CONTACT / ON DUTY - NO INJURY,S125,MISCELLANEOUS,CLOSED/FINAL,EXONERATED,SMITH,KIMBERLY,,,UNKNOWN,,FEMALE,BLACK,apr2016,,,05,0,0,1
1061306,121,CANAL ST,300,STREET,08apr2013 06:00:00,08apr2013 06:59:59,09apr2013,,LIAKOPOULOS,11135,022,,24sep2001,PO/FIELD TRNING OFF,05M,UNNECESSARY PHYSICAL CONTACT / ON DUTY - NO INJURY,S125,MISCELLANEOUS,CLOSED/FINAL,EXONERATED,SMITH,KIMBERLY,,,UNKNOWN,,FEMALE,BLACK,apr2016,,,05,0,0,1
1061306,121,CANAL ST,300,STREET,08apr2013 06:00:00,08apr2013 06:59:59,09apr2013,,,,,,,,05M,UNNECESSARY PHYSICAL CONTACT / ON DUTY - NO INJURY,S125,MISCELLANEOUS,CLOSED/FINAL,UNFOUNDED,WHITE,LAKISHA,,,UNKNOWN,34,FEMALE,BLACK,apr2016,,,05,0,0,1
1061306,121,CANAL ST,300,STREET,08apr2013 06:00:00,08apr2013 06:59:59,09apr2013,,TRAVERSO,19920,001,,08jul1996,POLICE OFFICER,05M,UNNECESSARY PHYSICAL CONTACT / ON DUTY - NO INJURY,S125,MISCELLANEOUS,CLOSED/FINAL,EXONERATED,WHITE,LAKISHA,,,UNKNOWN,34,FEMALE,BLACK,apr2016,,,05,0,0,1
