COMPLAINT_NUMBER,BEAT,STREET,ADDRESS,LOCATION_CODE,INCIDENT_TIME_START,INCIDENT_TIME_END,NOTIFICATION_DATE,ACCSUEDOFFICER_FNAME,ACCUSEDOFFICER_LNAME,ACCUSED_STAR,ACCUSED_UNIT,ACCUSED_DETAIL,ACCUSED_APPOINTMENT_DATE,ACCUSED_POSITION,INITIAL_CATEGORY_CODE,INITIAL_CATEGORY,CURRENT_CATEGORY_CODE,CURRENT_CATEGORY,CURRENT_STATUS,FINDING_CODE,INVOLVED_OFFICER_LNAME,INVOLVED_OFFICER_FNAME,INVOLVED_OFFICER_UNIT,INVOLVED_OFFICER_DETAIL,INVOLVED_OFFICER_POSITION,INVOLVED_OFFICER_AGE,INVOLVED_OFFICER_SEX,INVOLVED_OFFICER_RACE,foia,INVOLVED_OFFICER_DESCRIPTION,INVOLVED_OFFICER_TYPE,start_code_2,start_code_1,rec,sum_rec
1059820,1513,MADISON ST,5701,POLICE FACILITY/VEH PARKING LOT,29may2012 15:30:00,29may2012 15:30:00,29jan2013,,TOPCZEWSKI,3691,015,,04nov1996,POLICE OFFICER,05P,UNNECESSARY DISPLAY OF WEAPON / ON DUTY,05P,UNNECESSARY DISPLAY OF WEAPON / ON DUTY,CLOSED/FINAL,UNFOUNDED,ORR,KIHKAHI,,,UNKNOWN,31,MALE,BLACK,apr2016,,,05,0,0,1
1059820,1513,MADISON ST,5701,POLICE FACILITY/VEH PARKING LOT,29may2012 15:30:00,29may2012 15:30:00,29jan2013,,TOPCZEWSKI,3691,015,,04nov1996,POLICE OFFICER,05P,UNNECESSARY DISPLAY OF WEAPON / ON DUTY,05P,UNNECESSARY DISPLAY OF WEAPON / ON DUTY,CLOSED/FINAL,UNFOUNDED,NEELEY,LAMAR ,,,UNKNOWN,24,MALE,BLACK,apr2016,,,05,0,0,1
1059820,1513,MADISON ST,5701,POLICE FACILITY/VEH PARKING LOT,29may2012 15:30:00,29may2012 15:30:00,29jan2013,,,,,,,,05P,UNNECESSARY DISPLAY OF WEAPON / ON DUTY,05P,UNNECESSARY DISPLAY OF WEAPON / ON DUTY,CLOSED/FINAL,NOT SUSTAINED,ORR,KIHKAHI,,,UNKNOWN,31,MALE,BLACK,apr2016,,,05,0,0,1
1059820,1513,MADISON ST,5701,POLICE FACILITY/VEH PARKING LOT,29may2012 15:30:00,29may2012 15:30:00,29jan2013,,MANNING,15581,015,,27oct2003,POLICE OFFICER,05P,UNNECESSARY DISPLAY OF WEAPON / ON DUTY,05P,UNNECESSARY DISPLAY OF WEAPON / ON DUTY,CLOSED/FINAL,UNFOUNDED,NEELEY,LAMAR ,,,UNKNOWN,24,MALE,BLACK,apr2016,,,05,0,0,1
1059820,1513,MADISON ST,5701,POLICE FACILITY/VEH PARKING LOT,29may2012 15:30:00,29may2012 15:30:00,29jan2013,,MANNING,15581,015,,27oct2003,POLICE OFFICER,05P,UNNECESSARY DISPLAY OF WEAPON / ON DUTY,05P,UNNECESSARY DISPLAY OF WEAPON / ON DUTY,CLOSED/FINAL,UNFOUNDED,ORR,KIHKAHI,,,UNKNOWN,31,MALE,BLACK,apr2016,,,05,0,0,1
1059820,1513,MADISON ST,5701,POLICE FACILITY/VEH PARKING LOT,29may2012 15:30:00,29may2012 15:30:00,29jan2013,,,,,,,,05P,UNNECESSARY DISPLAY OF WEAPON / ON DUTY,05P,UNNECESSARY DISPLAY OF WEAPON / ON DUTY,CLOSED/FINAL,NOT SUSTAINED,NEELEY,LAMAR ,,,UNKNOWN,24,MALE,BLACK,apr2016,,,05,0,1,1
