COMPLAINT_NUMBER,BEAT,STREET,ADDRESS,LOCATION_CODE,INCIDENT_TIME_START,INCIDENT_TIME_END,NOTIFICATION_DATE,ACCSUEDOFFICER_FNAME,ACCUSEDOFFICER_LNAME,ACCUSED_STAR,ACCUSED_UNIT,ACCUSED_DETAIL,ACCUSED_APPOINTMENT_DATE,ACCUSED_POSITION,INITIAL_CATEGORY_CODE,INITIAL_CATEGORY,CURRENT_CATEGORY_CODE,CURRENT_CATEGORY,CURRENT_STATUS,FINDING_CODE,INVOLVED_OFFICER_LNAME,INVOLVED_OFFICER_FNAME,INVOLVED_OFFICER_UNIT,INVOLVED_OFFICER_DETAIL,INVOLVED_OFFICER_POSITION,INVOLVED_OFFICER_AGE,INVOLVED_OFFICER_SEX,INVOLVED_OFFICER_RACE,foia,INVOLVED_OFFICER_DESCRIPTION,INVOLVED_OFFICER_TYPE,start_code_2,start_code_1,rec,sum_rec
1062882,722,NORMAL BLVD,6456,STREET,13jun2013 21:04:59,13jun2013 21:04:59,14jun2013,,,,,,,,01B,"RACIAL / ETHNIC, ETC.",01B,"RACIAL / ETHNIC, ETC.",CLOSED/FINAL,UNFOUNDED,MALONE,LATASHA ,,,UNKNOWN,41,FEMALE,BLACK,apr2016,,,01,0,0,1
1062882,722,NORMAL BLVD,6456,STREET,13jun2013 21:04:59,13jun2013 21:04:59,14jun2013,,,,,,,,01B,"RACIAL / ETHNIC, ETC.",01B,"RACIAL / ETHNIC, ETC.",CLOSED/FINAL,UNFOUNDED,MALONE,LATASHA ,,,UNKNOWN,39,FEMALE,BLACK,apr2016,,,01,0,0,1
1062882,722,NORMAL BLVD,6456,STREET,13jun2013 21:04:59,13jun2013 21:04:59,14jun2013,,,,,,,,01B,"RACIAL / ETHNIC, ETC.",01B,"RACIAL / ETHNIC, ETC.",CLOSED/FINAL,UNFOUNDED,VICENCIO,YVETTE,191,,POLICE OFFICER,,FEMALE,SPANISH (DO NOT USE),apr2016,,,01,0,0,1
1062882,722,NORMAL BLVD,6456,STREET,13jun2013 21:04:59,13jun2013 21:04:59,14jun2013,,VARGAS,7624,007,,24sep2007,POLICE OFFICER,01B,"RACIAL / ETHNIC, ETC.",01B,"RACIAL / ETHNIC, ETC.",CLOSED/FINAL,UNFOUNDED,MALONE,LATASHA ,,,UNKNOWN,39,FEMALE,BLACK,apr2016,,,01,0,0,1
1062882,722,NORMAL BLVD,6456,STREET,13jun2013 21:04:59,13jun2013 21:04:59,14jun2013,,VARGAS,7624,007,,24sep2007,POLICE OFFICER,01B,"RACIAL / ETHNIC, ETC.",01B,"RACIAL / ETHNIC, ETC.",CLOSED/FINAL,UNFOUNDED,VICENCIO,YVETTE,191,,POLICE OFFICER,,FEMALE,SPANISH (DO NOT USE),apr2016,,,01,0,0,1
1062882,722,NORMAL BLVD,6456,STREET,13jun2013 21:04:59,13jun2013 21:04:59,14jun2013,,VARGAS,7624,007,,24sep2007,POLICE OFFICER,01B,"RACIAL / ETHNIC, ETC.",01B,"RACIAL / ETHNIC, ETC.",CLOSED/FINAL,UNFOUNDED,MALONE,LATASHA ,,,UNKNOWN,41,FEMALE,BLACK,apr2016,,,01,0,0,1
