COMPLAINT_NUMBER,BEAT,STREET,ADDRESS,LOCATION_CODE,INCIDENT_TIME_START,INCIDENT_TIME_END,NOTIFICATION_DATE,ACCSUEDOFFICER_FNAME,ACCUSEDOFFICER_LNAME,ACCUSED_STAR,ACCUSED_UNIT,ACCUSED_DETAIL,ACCUSED_APPOINTMENT_DATE,ACCUSED_POSITION,INITIAL_CATEGORY_CODE,INITIAL_CATEGORY,CURRENT_CATEGORY_CODE,CURRENT_CATEGORY,CURRENT_STATUS,FINDING_CODE,INVOLVED_OFFICER_LNAME,INVOLVED_OFFICER_FNAME,INVOLVED_OFFICER_UNIT,INVOLVED_OFFICER_DETAIL,INVOLVED_OFFICER_POSITION,INVOLVED_OFFICER_AGE,INVOLVED_OFFICER_SEX,INVOLVED_OFFICER_RACE,foia,INVOLVED_OFFICER_DESCRIPTION,INVOLVED_OFFICER_TYPE,start_code_2,start_code_1,rec,sum_rec
1053420,1031,KEDVALE AVE,3012,RESIDENTIAL YARD (FRONT/BACK),18apr2012 12:49:00,18apr2012 12:49:00,18apr2012,WILLIAM,MOLINA,19076,010,,14aug2000,POLICE OFFICER,S119,PUSHED TO GROUND,S119,PUSHED TO GROUND,CLOSED/FINAL,NOT SUSTAINED,PARRALES,CAMILO,010,,POLICE OFFICER,,MALE,SPANISH (DO NOT USE),apr2016,,,S1,S,0,1
1053420,1031,KEDVALE AVE,3012,RESIDENTIAL YARD (FRONT/BACK),18apr2012 12:49:00,18apr2012 12:49:00,18apr2012,WILLIAM,MOLINA,19076,010,,14aug2000,POLICE OFFICER,S119,PUSHED TO GROUND,S119,PUSHED TO GROUND,CLOSED/FINAL,EXONERATED,PARRALES,CAMILO,010,,POLICE OFFICER,,MALE,SPANISH (DO NOT USE),apr2016,,,S1,S,0,1
1053420,1031,KEDVALE AVE,3012,RESIDENTIAL YARD (FRONT/BACK),18apr2012 12:49:00,18apr2012 12:49:00,18apr2012,WILLIAM,MOLINA,19076,010,,14aug2000,POLICE OFFICER,S119,PUSHED TO GROUND,S119,PUSHED TO GROUND,CLOSED/FINAL,NOT SUSTAINED,MALDONADO,JOSE,,,UNKNOWN,50,MALE,WHITE HISPANIC,apr2016,,,S1,S,0,1
1053420,1031,KEDVALE AVE,3012,RESIDENTIAL YARD (FRONT/BACK),18apr2012 12:49:00,18apr2012 12:49:00,18apr2012,,,,,,,,S119,PUSHED TO GROUND,S119,PUSHED TO GROUND,CLOSED/FINAL,NOT SUSTAINED,MALDONADO,JOSE,,,UNKNOWN,50,MALE,WHITE HISPANIC,apr2016,,,S1,S,0,1
1053420,1031,KEDVALE AVE,3012,RESIDENTIAL YARD (FRONT/BACK),18apr2012 12:49:00,18apr2012 12:49:00,18apr2012,,,,,,,,S119,PUSHED TO GROUND,S119,PUSHED TO GROUND,CLOSED/FINAL,EXONERATED,PARRALES,CAMILO,010,,POLICE OFFICER,,MALE,SPANISH (DO NOT USE),apr2016,,,S1,S,0,1
1053420,1031,KEDVALE AVE,3012,RESIDENTIAL YARD (FRONT/BACK),18apr2012 12:49:00,18apr2012 12:49:00,18apr2012,,,,,,,,S119,PUSHED TO GROUND,S119,PUSHED TO GROUND,CLOSED/FINAL,EXONERATED,MALDONADO,JOSE,,,UNKNOWN,50,MALE,WHITE HISPANIC,apr2016,,,S1,S,1,1
1053420,1031,KEDVALE AVE,3012,RESIDENTIAL YARD (FRONT/BACK),18apr2012 12:49:00,18apr2012 12:49:00,18apr2012,WILLIAM,MOLINA,19076,010,,14aug2000,POLICE OFFICER,S119,PUSHED TO GROUND,S119,PUSHED TO GROUND,CLOSED/FINAL,EXONERATED,MALDONADO,JOSE,,,UNKNOWN,50,MALE,WHITE HISPANIC,apr2016,,,S1,S,0,1
1053420,1031,KEDVALE AVE,3012,RESIDENTIAL YARD (FRONT/BACK),18apr2012 12:49:00,18apr2012 12:49:00,18apr2012,,,,,,,,S119,PUSHED TO GROUND,S119,PUSHED TO GROUND,CLOSED/FINAL,NOT SUSTAINED,PARRALES,CAMILO,010,,POLICE OFFICER,,MALE,SPANISH (DO NOT USE),apr2016,,,S1,S,0,1
