COMPLAINT_NUMBER,BEAT,STREET,ADDRESS,LOCATION_CODE,INCIDENT_TIME_START,INCIDENT_TIME_END,NOTIFICATION_DATE,ACCSUEDOFFICER_FNAME,ACCUSEDOFFICER_LNAME,ACCUSED_STAR,ACCUSED_UNIT,ACCUSED_DETAIL,ACCUSED_APPOINTMENT_DATE,ACCUSED_POSITION,INITIAL_CATEGORY_CODE,INITIAL_CATEGORY,CURRENT_CATEGORY_CODE,CURRENT_CATEGORY,CURRENT_STATUS,FINDING_CODE,INVOLVED_OFFICER_LNAME,INVOLVED_OFFICER_FNAME,INVOLVED_OFFICER_UNIT,INVOLVED_OFFICER_DETAIL,INVOLVED_OFFICER_POSITION,INVOLVED_OFFICER_AGE,INVOLVED_OFFICER_SEX,INVOLVED_OFFICER_RACE,foia,INVOLVED_OFFICER_DESCRIPTION,INVOLVED_OFFICER_TYPE,start_code_2,start_code_1,rec,sum_rec
1056326,733,71ST ST,1111,STREET,14aug2012 18:30:00,14aug2012 18:30:00,15aug2012,DAVID,DUBOIS,2946,007,,17dec2001,POLICE OFFICER,05A,EXCESSIVE FORCE / ON DUTY - INJURY,S121,HANDCUFF TOO TIGHT,CLOSED/FINAL,UNFOUNDED,WESTHOUSE,ROBERT,007,,POLICE OFFICER,,MALE,WHITE,apr2016,,,05,0,0,1
1056326,733,71ST ST,1111,STREET,14aug2012 18:30:00,14aug2012 18:30:00,15aug2012,DAVID,DUBOIS,2946,007,,17dec2001,POLICE OFFICER,05A,EXCESSIVE FORCE / ON DUTY - INJURY,S121,HANDCUFF TOO TIGHT,CLOSED/FINAL,UNFOUNDED,LEAL ,OMAR,,,UNKNOWN,28,MALE,WHITE HISPANIC,apr2016,,,05,0,0,1
1056326,733,71ST ST,1111,STREET,14aug2012 18:30:00,14aug2012 18:30:00,15aug2012,,,,,,,,05A,EXCESSIVE FORCE / ON DUTY - INJURY,S121,HANDCUFF TOO TIGHT,CLOSED/FINAL,NOT SUSTAINED,WESTHOUSE,ROBERT,007,,POLICE OFFICER,,MALE,WHITE,apr2016,,,05,0,1,1
1056326,733,71ST ST,1111,STREET,14aug2012 18:30:00,14aug2012 18:30:00,15aug2012,,,,,,,,05A,EXCESSIVE FORCE / ON DUTY - INJURY,S121,HANDCUFF TOO TIGHT,CLOSED/FINAL,NOT SUSTAINED,LEAL ,OMAR,,,UNKNOWN,28,MALE,WHITE HISPANIC,apr2016,,,05,0,0,1
1056326,733,71ST ST,1111,STREET,14aug2012 18:30:00,14aug2012 18:30:00,15aug2012,,,,,,,,05A,EXCESSIVE FORCE / ON DUTY - INJURY,S121,HANDCUFF TOO TIGHT,CLOSED/FINAL,NOT SUSTAINED,LEAL ,OMAR,,,UNKNOWN,27,MALE,WHITE HISPANIC,apr2016,,,05,0,0,1
1056326,733,71ST ST,1111,STREET,14aug2012 18:30:00,14aug2012 18:30:00,15aug2012,DAVID,DUBOIS,2946,007,,17dec2001,POLICE OFFICER,05A,EXCESSIVE FORCE / ON DUTY - INJURY,S121,HANDCUFF TOO TIGHT,CLOSED/FINAL,UNFOUNDED,LEAL ,OMAR,,,UNKNOWN,27,MALE,WHITE HISPANIC,apr2016,,,05,0,0,1
