COMPLAINT_NUMBER,BEAT,STREET,ADDRESS,LOCATION_CODE,INCIDENT_TIME_START,INCIDENT_TIME_END,NOTIFICATION_DATE,ACCSUEDOFFICER_FNAME,ACCUSEDOFFICER_LNAME,ACCUSED_STAR,ACCUSED_UNIT,ACCUSED_DETAIL,ACCUSED_APPOINTMENT_DATE,ACCUSED_POSITION,INITIAL_CATEGORY_CODE,INITIAL_CATEGORY,CURRENT_CATEGORY_CODE,CURRENT_CATEGORY,CURRENT_STATUS,FINDING_CODE,INVOLVED_OFFICER_LNAME,INVOLVED_OFFICER_FNAME,INVOLVED_OFFICER_UNIT,INVOLVED_OFFICER_DETAIL,INVOLVED_OFFICER_POSITION,INVOLVED_OFFICER_AGE,INVOLVED_OFFICER_SEX,INVOLVED_OFFICER_RACE,foia,INVOLVED_OFFICER_DESCRIPTION,INVOLVED_OFFICER_TYPE,start_code_2,start_code_1,rec,sum_rec
1057483,1632,NOTTINGHAM AVE,3842,STREET,01oct2012 12:30:00,01oct2012 12:30:00,02oct2012,,,,,,,,01B,"RACIAL / ETHNIC, ETC.",01B,"RACIAL / ETHNIC, ETC.",CLOSED/FINAL,NOT SUSTAINED,GONZALEZ,RUDY,,,UNKNOWN,38,MALE,WHITE HISPANIC,apr2016,,,01,0,0,1
1057483,1632,NOTTINGHAM AVE,3842,STREET,01oct2012 12:30:00,01oct2012 12:30:00,02oct2012,MOHAMMED,HAMIDEH,13312,016,,30nov1998,POLICE OFFICER,01B,"RACIAL / ETHNIC, ETC.",01B,"RACIAL / ETHNIC, ETC.",CLOSED/FINAL,NOT SUSTAINED,CASTREJON,ESTEBAN,,,,,MALE,WHITE HISPANIC,apr2016,,,01,0,0,1
1057483,1632,NOTTINGHAM AVE,3842,STREET,01oct2012 12:30:00,01oct2012 12:30:00,02oct2012,,,,,,,,01B,"RACIAL / ETHNIC, ETC.",01B,"RACIAL / ETHNIC, ETC.",CLOSED/FINAL,NOT SUSTAINED,CASTREJON,ESTEBAN,,,,,MALE,WHITE HISPANIC,apr2016,,,01,0,0,1
1057483,1632,NOTTINGHAM AVE,3842,STREET,01oct2012 12:30:00,01oct2012 12:30:00,02oct2012,,,,,,,,01B,"RACIAL / ETHNIC, ETC.",01B,"RACIAL / ETHNIC, ETC.",CLOSED/FINAL,NOT SUSTAINED,MULLANY,DAVID,016,,POLICE OFFICER,,MALE,WHITE,apr2016,,,01,0,0,1
1057483,1632,NOTTINGHAM AVE,3842,STREET,01oct2012 12:30:00,01oct2012 12:30:00,02oct2012,MOHAMMED,HAMIDEH,13312,016,,30nov1998,POLICE OFFICER,01B,"RACIAL / ETHNIC, ETC.",01B,"RACIAL / ETHNIC, ETC.",CLOSED/FINAL,NOT SUSTAINED,GONZALEZ,RUDY,,,UNKNOWN,38,MALE,WHITE HISPANIC,apr2016,,,01,0,0,1
1057483,1632,NOTTINGHAM AVE,3842,STREET,01oct2012 12:30:00,01oct2012 12:30:00,02oct2012,MOHAMMED,HAMIDEH,13312,016,,30nov1998,POLICE OFFICER,01B,"RACIAL / ETHNIC, ETC.",01B,"RACIAL / ETHNIC, ETC.",CLOSED/FINAL,NOT SUSTAINED,MULLANY,DAVID,016,,POLICE OFFICER,,MALE,WHITE,apr2016,,,01,0,0,1
