COMPLAINT_NUMBER,BEAT,STREET,ADDRESS,LOCATION_CODE,INCIDENT_TIME_START,INCIDENT_TIME_END,NOTIFICATION_DATE,ACCSUEDOFFICER_FNAME,ACCUSEDOFFICER_LNAME,ACCUSED_STAR,ACCUSED_UNIT,ACCUSED_DETAIL,ACCUSED_APPOINTMENT_DATE,ACCUSED_POSITION,INITIAL_CATEGORY_CODE,INITIAL_CATEGORY,CURRENT_CATEGORY_CODE,CURRENT_CATEGORY,CURRENT_STATUS,FINDING_CODE,INVOLVED_OFFICER_LNAME,INVOLVED_OFFICER_FNAME,INVOLVED_OFFICER_UNIT,INVOLVED_OFFICER_DETAIL,INVOLVED_OFFICER_POSITION,INVOLVED_OFFICER_AGE,INVOLVED_OFFICER_SEX,INVOLVED_OFFICER_RACE,foia,INVOLVED_OFFICER_DESCRIPTION,INVOLVED_OFFICER_TYPE,start_code_2,start_code_1,rec,sum_rec
1059171,631,81ST ST,440,STREET,22dec2012 23:18:00,22dec2012 23:18:00,23dec2012,ANTONIO,DICARLO,17638,006,,18dec2000,POLICE OFFICER,S001,CLOSED HAND STRIKE (PUNCH),05A,EXCESSIVE FORCE / ON DUTY - INJURY,CLOSED/FINAL,UNFOUNDED,CARTER ,CHRISTOPHER ,,,UNKNOWN,34,MALE,BLACK,apr2016,,,S0,S,0,1
1059171,631,81ST ST,440,STREET,22dec2012 23:18:00,22dec2012 23:18:00,23dec2012,ANTONIO,DICARLO,17638,006,,18dec2000,POLICE OFFICER,S001,CLOSED HAND STRIKE (PUNCH),05A,EXCESSIVE FORCE / ON DUTY - INJURY,CLOSED/FINAL,UNFOUNDED,CARTER ,CHRISTOPHER ,,,UNKNOWN,36,MALE,BLACK,apr2016,,,S0,S,0,1
1059171,631,81ST ST,440,STREET,22dec2012 23:18:00,22dec2012 23:18:00,23dec2012,HERMAN,OTERO,11698,006,,28dec2009,POLICE OFFICER,S001,CLOSED HAND STRIKE (PUNCH),05A,EXCESSIVE FORCE / ON DUTY - INJURY,CLOSED/FINAL,EXONERATED,CARTER ,CHRISTOPHER ,,,UNKNOWN,34,MALE,BLACK,apr2016,,,S0,S,0,1
1059171,631,81ST ST,440,STREET,22dec2012 23:18:00,22dec2012 23:18:00,23dec2012,HERMAN,OTERO,11698,006,,28dec2009,POLICE OFFICER,S001,CLOSED HAND STRIKE (PUNCH),05A,EXCESSIVE FORCE / ON DUTY - INJURY,CLOSED/FINAL,NOT SUSTAINED,CARTER ,CHRISTOPHER ,,,UNKNOWN,34,MALE,BLACK,apr2016,,,S0,S,0,1
1059171,631,81ST ST,440,STREET,22dec2012 23:18:00,22dec2012 23:18:00,23dec2012,HERMAN,OTERO,11698,006,,28dec2009,POLICE OFFICER,S001,CLOSED HAND STRIKE (PUNCH),05A,EXCESSIVE FORCE / ON DUTY - INJURY,CLOSED/FINAL,NOT SUSTAINED,CARTER ,CHRISTOPHER ,,,UNKNOWN,36,MALE,BLACK,apr2016,,,S0,S,0,1
1059171,631,81ST ST,440,STREET,22dec2012 23:18:00,22dec2012 23:18:00,23dec2012,HERMAN,OTERO,11698,006,,28dec2009,POLICE OFFICER,S001,CLOSED HAND STRIKE (PUNCH),05A,EXCESSIVE FORCE / ON DUTY - INJURY,CLOSED/FINAL,EXONERATED,CARTER ,CHRISTOPHER ,,,UNKNOWN,36,MALE,BLACK,apr2016,,,S0,S,0,1
1059171,631,81ST ST,440,STREET,22dec2012 23:18:00,22dec2012 23:18:00,23dec2012,ANTONIO,DICARLO,17638,006,,18dec2000,POLICE OFFICER,S001,CLOSED HAND STRIKE (PUNCH),05A,EXCESSIVE FORCE / ON DUTY - INJURY,CLOSED/FINAL,EXONERATED,CARTER ,CHRISTOPHER ,,,UNKNOWN,36,MALE,BLACK,apr2016,,,S0,S,0,1
1059171,631,81ST ST,440,STREET,22dec2012 23:18:00,22dec2012 23:18:00,23dec2012,ANTONIO,DICARLO,17638,006,,18dec2000,POLICE OFFICER,S001,CLOSED HAND STRIKE (PUNCH),05A,EXCESSIVE FORCE / ON DUTY - INJURY,CLOSED/FINAL,EXONERATED,CARTER ,CHRISTOPHER ,,,UNKNOWN,34,MALE,BLACK,apr2016,,,S0,S,1,1
