COMPLAINT_NUMBER,BEAT,STREET,ADDRESS,LOCATION_CODE,INCIDENT_TIME_START,INCIDENT_TIME_END,NOTIFICATION_DATE,ACCSUEDOFFICER_FNAME,ACCUSEDOFFICER_LNAME,ACCUSED_STAR,ACCUSED_UNIT,ACCUSED_DETAIL,ACCUSED_APPOINTMENT_DATE,ACCUSED_POSITION,INITIAL_CATEGORY_CODE,INITIAL_CATEGORY,CURRENT_CATEGORY_CODE,CURRENT_CATEGORY,CURRENT_STATUS,FINDING_CODE,INVOLVED_OFFICER_LNAME,INVOLVED_OFFICER_FNAME,INVOLVED_OFFICER_UNIT,INVOLVED_OFFICER_DETAIL,INVOLVED_OFFICER_POSITION,INVOLVED_OFFICER_AGE,INVOLVED_OFFICER_SEX,INVOLVED_OFFICER_RACE,foia,INVOLVED_OFFICER_DESCRIPTION,INVOLVED_OFFICER_TYPE,start_code_2,start_code_1,rec,sum_rec
1056707,312,DR MARTIN LUTHER KING JR DR,6500,STREET,20aug2012 22:44:59,20aug2012 22:44:59,30aug2012,,,,,,,,,,10Q,MISUSE OF DEPARTMENT RECORDS,PENDING IMPLEMENT ACTION,UNFOUNDED,ROBINSON,SHERRELL ,,,UNKNOWN,26,FEMALE,BLACK,apr2016,,,,,0,1
1056707,312,DR MARTIN LUTHER KING JR DR,6500,STREET,20aug2012 22:44:59,20aug2012 22:44:59,30aug2012,,,,,,,,,,10Q,MISUSE OF DEPARTMENT RECORDS,PENDING IMPLEMENT ACTION,NOT SUSTAINED,ROBINSON,SHERRELL ,,,UNKNOWN,25,FEMALE,BLACK,apr2016,,,,,1,1
1056707,312,DR MARTIN LUTHER KING JR DR,6500,STREET,20aug2012 22:44:59,20aug2012 22:44:59,30aug2012,NELLIE,HARB,1656,017,,29jun1992,SERGEANT OF POLICE,,,10Q,MISUSE OF DEPARTMENT RECORDS,PENDING IMPLEMENT ACTION,UNFOUNDED,ROBINSON,SHERRELL ,,,UNKNOWN,26,FEMALE,BLACK,apr2016,,,,,0,1
1056707,312,DR MARTIN LUTHER KING JR DR,6500,STREET,20aug2012 22:44:59,20aug2012 22:44:59,30aug2012,,,,,,,,,,10Q,MISUSE OF DEPARTMENT RECORDS,PENDING IMPLEMENT ACTION,NOT SUSTAINED,ROBINSON,SHERRELL ,,,UNKNOWN,26,FEMALE,BLACK,apr2016,,,,,0,1
1056707,312,DR MARTIN LUTHER KING JR DR,6500,STREET,20aug2012 22:44:59,20aug2012 22:44:59,30aug2012,MELVIN,MICKENS,7421,003,,14feb1989,POLICE OFFICER,,,10Q,MISUSE OF DEPARTMENT RECORDS,PENDING IMPLEMENT ACTION,SUSTAINED,ROBINSON,SHERRELL ,,,UNKNOWN,25,FEMALE,BLACK,apr2016,,,,,0,1
1056707,312,DR MARTIN LUTHER KING JR DR,6500,STREET,20aug2012 22:44:59,20aug2012 22:44:59,30aug2012,MELVIN,MICKENS,7421,003,,14feb1989,POLICE OFFICER,,,10Q,MISUSE OF DEPARTMENT RECORDS,PENDING IMPLEMENT ACTION,NOT SUSTAINED,ROBINSON,SHERRELL ,,,UNKNOWN,26,FEMALE,BLACK,apr2016,,,,,0,1
1056707,312,DR MARTIN LUTHER KING JR DR,6500,STREET,20aug2012 22:44:59,20aug2012 22:44:59,30aug2012,ELIZABETH,MISHLER,1252,003,,30nov1998,SERGEANT OF POLICE,,,10Q,MISUSE OF DEPARTMENT RECORDS,PENDING IMPLEMENT ACTION,NOT SUSTAINED,ROBINSON,SHERRELL ,,,UNKNOWN,26,FEMALE,BLACK,apr2016,,,,,0,1
1056707,312,DR MARTIN LUTHER KING JR DR,6500,STREET,20aug2012 22:44:59,20aug2012 22:44:59,30aug2012,MELVIN,MICKENS,7421,003,,14feb1989,POLICE OFFICER,,,10Q,MISUSE OF DEPARTMENT RECORDS,PENDING IMPLEMENT ACTION,SUSTAINED,ROBINSON,SHERRELL ,,,UNKNOWN,26,FEMALE,BLACK,apr2016,,,,,0,1
1056707,312,DR MARTIN LUTHER KING JR DR,6500,STREET,20aug2012 22:44:59,20aug2012 22:44:59,30aug2012,,,,,,,,,,10Q,MISUSE OF DEPARTMENT RECORDS,PENDING IMPLEMENT ACTION,UNFOUNDED,ROBINSON,SHERRELL ,,,UNKNOWN,25,FEMALE,BLACK,apr2016,,,,,0,1
1056707,312,DR MARTIN LUTHER KING JR DR,6500,STREET,20aug2012 22:44:59,20aug2012 22:44:59,30aug2012,NELLIE,HARB,1656,017,,29jun1992,SERGEANT OF POLICE,,,10Q,MISUSE OF DEPARTMENT RECORDS,PENDING IMPLEMENT ACTION,NOT SUSTAINED,ROBINSON,SHERRELL ,,,UNKNOWN,25,FEMALE,BLACK,apr2016,,,,,0,1
1056707,312,DR MARTIN LUTHER KING JR DR,6500,STREET,20aug2012 22:44:59,20aug2012 22:44:59,30aug2012,ELIZABETH,MISHLER,1252,003,,30nov1998,SERGEANT OF POLICE,,,10Q,MISUSE OF DEPARTMENT RECORDS,PENDING IMPLEMENT ACTION,NOT SUSTAINED,ROBINSON,SHERRELL ,,,UNKNOWN,25,FEMALE,BLACK,apr2016,,,,,0,1
1056707,312,DR MARTIN LUTHER KING JR DR,6500,STREET,20aug2012 22:44:59,20aug2012 22:44:59,30aug2012,MELVIN,MICKENS,7421,003,,14feb1989,POLICE OFFICER,,,10Q,MISUSE OF DEPARTMENT RECORDS,PENDING IMPLEMENT ACTION,NOT SUSTAINED,ROBINSON,SHERRELL ,,,UNKNOWN,25,FEMALE,BLACK,apr2016,,,,,0,1
1056707,312,DR MARTIN LUTHER KING JR DR,6500,STREET,20aug2012 22:44:59,20aug2012 22:44:59,30aug2012,NELLIE,HARB,1656,017,,29jun1992,SERGEANT OF POLICE,,,10Q,MISUSE OF DEPARTMENT RECORDS,PENDING IMPLEMENT ACTION,UNFOUNDED,ROBINSON,SHERRELL ,,,UNKNOWN,25,FEMALE,BLACK,apr2016,,,,,0,1
1056707,312,DR MARTIN LUTHER KING JR DR,6500,STREET,20aug2012 22:44:59,20aug2012 22:44:59,30aug2012,ELIZABETH,MISHLER,1252,003,,30nov1998,SERGEANT OF POLICE,,,10Q,MISUSE OF DEPARTMENT RECORDS,PENDING IMPLEMENT ACTION,UNFOUNDED,ROBINSON,SHERRELL ,,,UNKNOWN,26,FEMALE,BLACK,apr2016,,,,,0,1
1056707,312,DR MARTIN LUTHER KING JR DR,6500,STREET,20aug2012 22:44:59,20aug2012 22:44:59,30aug2012,ELIZABETH,MISHLER,1252,003,,30nov1998,SERGEANT OF POLICE,,,10Q,MISUSE OF DEPARTMENT RECORDS,PENDING IMPLEMENT ACTION,UNFOUNDED,ROBINSON,SHERRELL ,,,UNKNOWN,25,FEMALE,BLACK,apr2016,,,,,0,1
1056707,312,DR MARTIN LUTHER KING JR DR,6500,STREET,20aug2012 22:44:59,20aug2012 22:44:59,30aug2012,NELLIE,HARB,1656,017,,29jun1992,SERGEANT OF POLICE,,,10Q,MISUSE OF DEPARTMENT RECORDS,PENDING IMPLEMENT ACTION,NOT SUSTAINED,ROBINSON,SHERRELL ,,,UNKNOWN,26,FEMALE,BLACK,apr2016,,,,,0,1
