COMPLAINT_NUMBER,BEAT,STREET,ADDRESS,LOCATION_CODE,INCIDENT_TIME_START,INCIDENT_TIME_END,NOTIFICATION_DATE,ACCSUEDOFFICER_FNAME,ACCUSEDOFFICER_LNAME,ACCUSED_STAR,ACCUSED_UNIT,ACCUSED_DETAIL,ACCUSED_APPOINTMENT_DATE,ACCUSED_POSITION,INITIAL_CATEGORY_CODE,INITIAL_CATEGORY,CURRENT_CATEGORY_CODE,CURRENT_CATEGORY,CURRENT_STATUS,FINDING_CODE,INVOLVED_OFFICER_LNAME,INVOLVED_OFFICER_FNAME,INVOLVED_OFFICER_UNIT,INVOLVED_OFFICER_DETAIL,INVOLVED_OFFICER_POSITION,INVOLVED_OFFICER_AGE,INVOLVED_OFFICER_SEX,INVOLVED_OFFICER_RACE,foia,INVOLVED_OFFICER_DESCRIPTION,INVOLVED_OFFICER_TYPE,start_code_2,start_code_1,rec,sum_rec
1053931,1135,ROOSEVELT RD,2410,ALLEY,10may2012 16:52:00,10may2012 16:52:00,10may2012,STEVEN,HEFEL,13074,011,211,01may2006,POLICE OFFICER,S043,CLOSED HAND STRIKE (PUNCH),05B,EXCESSIVE FORCE / ON DUTY - NO INJURY,CLOSED/FINAL,UNFOUNDED,CHRISTOPHERSEN,JON,,,UNKNOWN,28,MALE,WHITE,apr2016,,,S0,S,0,1
1053931,1135,ROOSEVELT RD,2410,ALLEY,10may2012 16:52:00,10may2012 16:52:00,10may2012,STEVEN,HEFEL,13074,011,211,01may2006,POLICE OFFICER,S043,CLOSED HAND STRIKE (PUNCH),05B,EXCESSIVE FORCE / ON DUTY - NO INJURY,CLOSED/FINAL,UNFOUNDED,MC DONALD,RYAN,,,UNKNOWN,28,MALE,WHITE,apr2016,,,S0,S,0,1
1053931,1135,ROOSEVELT RD,2410,ALLEY,10may2012 16:52:00,10may2012 16:52:00,10may2012,STEVEN,HEFEL,13074,011,211,01may2006,POLICE OFFICER,S043,CLOSED HAND STRIKE (PUNCH),05B,EXCESSIVE FORCE / ON DUTY - NO INJURY,CLOSED/FINAL,UNFOUNDED,MC DONALD,JENNIFER,,,UNKNOWN,28,FEMALE,WHITE,apr2016,,,S0,S,0,1
1053931,1135,ROOSEVELT RD,2410,ALLEY,10may2012 16:52:00,10may2012 16:52:00,10may2012,STEVEN,HEFEL,13074,011,211,01may2006,POLICE OFFICER,S043,CLOSED HAND STRIKE (PUNCH),05B,EXCESSIVE FORCE / ON DUTY - NO INJURY,CLOSED/FINAL,EXONERATED,MC DONALD,RYAN,,,UNKNOWN,27,MALE,WHITE,apr2016,,,S0,S,0,1
1053931,1135,ROOSEVELT RD,2410,ALLEY,10may2012 16:52:00,10may2012 16:52:00,10may2012,STEVEN,HEFEL,13074,011,211,01may2006,POLICE OFFICER,S043,CLOSED HAND STRIKE (PUNCH),05B,EXCESSIVE FORCE / ON DUTY - NO INJURY,CLOSED/FINAL,UNFOUNDED,MC DONALD,RYAN,,,UNKNOWN,27,MALE,WHITE,apr2016,,,S0,S,0,1
1053931,1135,ROOSEVELT RD,2410,ALLEY,10may2012 16:52:00,10may2012 16:52:00,10may2012,STEVEN,HEFEL,13074,011,211,01may2006,POLICE OFFICER,S043,CLOSED HAND STRIKE (PUNCH),05B,EXCESSIVE FORCE / ON DUTY - NO INJURY,CLOSED/FINAL,EXONERATED,CHRISTOPHERSEN,JON,,,UNKNOWN,28,MALE,WHITE,apr2016,,,S0,S,1,1
1053931,1135,ROOSEVELT RD,2410,ALLEY,10may2012 16:52:00,10may2012 16:52:00,10may2012,STEVEN,HEFEL,13074,011,211,01may2006,POLICE OFFICER,S043,CLOSED HAND STRIKE (PUNCH),05B,EXCESSIVE FORCE / ON DUTY - NO INJURY,CLOSED/FINAL,EXONERATED,MC DONALD,JENNIFER,,,UNKNOWN,28,FEMALE,WHITE,apr2016,,,S0,S,0,1
1053931,1135,ROOSEVELT RD,2410,ALLEY,10may2012 16:52:00,10may2012 16:52:00,10may2012,STEVEN,HEFEL,13074,011,211,01may2006,POLICE OFFICER,S043,CLOSED HAND STRIKE (PUNCH),05B,EXCESSIVE FORCE / ON DUTY - NO INJURY,CLOSED/FINAL,EXONERATED,MC DONALD,RYAN,,,UNKNOWN,28,MALE,WHITE,apr2016,,,S0,S,0,1
