COMPLAINT_NUMBER,BEAT,STREET,ADDRESS,LOCATION_CODE,INCIDENT_TIME_START,INCIDENT_TIME_END,NOTIFICATION_DATE,ACCSUEDOFFICER_FNAME,ACCUSEDOFFICER_LNAME,ACCUSED_STAR,ACCUSED_UNIT,ACCUSED_DETAIL,ACCUSED_APPOINTMENT_DATE,ACCUSED_POSITION,INITIAL_CATEGORY_CODE,INITIAL_CATEGORY,CURRENT_CATEGORY_CODE,CURRENT_CATEGORY,CURRENT_STATUS,FINDING_CODE,INVOLVED_OFFICER_LNAME,INVOLVED_OFFICER_FNAME,INVOLVED_OFFICER_UNIT,INVOLVED_OFFICER_DETAIL,INVOLVED_OFFICER_POSITION,INVOLVED_OFFICER_AGE,INVOLVED_OFFICER_SEX,INVOLVED_OFFICER_RACE,foia,INVOLVED_OFFICER_DESCRIPTION,INVOLVED_OFFICER_TYPE,start_code_2,start_code_1,rec,sum_rec
1057759,434,103RD ST,2255,POLICE FACILITY/VEH PARKING LOT,08oct2012 21:45:00,08oct2012 21:59:59,13oct2012,,,,,,,,S081,VEHICLE,05C,EXCESSIVE FORCE / OFF DUTY - INJURY,CLOSED/FINAL,UNFOUNDED,HANSON,WASHINGTO,004,010,POLICE OFFICER,,MALE,SPANISH (DO NOT USE),apr2016,,,S0,S,0,1
1057759,434,103RD ST,2255,POLICE FACILITY/VEH PARKING LOT,08oct2012 21:45:00,08oct2012 21:59:59,13oct2012,,,,,,,,S081,VEHICLE,05C,EXCESSIVE FORCE / OFF DUTY - INJURY,CLOSED/FINAL,UNFOUNDED,SCOTT,WILLIAM,,,UNKNOWN,24,MALE,BLACK,apr2016,,,S0,S,0,1
1057759,434,103RD ST,2255,POLICE FACILITY/VEH PARKING LOT,08oct2012 21:45:00,08oct2012 21:59:59,13oct2012,MICHAEL,DINEEN,1755,004,,10may1999,SERGEANT OF POLICE,S081,VEHICLE,05C,EXCESSIVE FORCE / OFF DUTY - INJURY,CLOSED/FINAL,NOT SUSTAINED,HANSON,WASHINGTO,004,010,POLICE OFFICER,,MALE,SPANISH (DO NOT USE),apr2016,,,S0,S,0,1
1057759,434,103RD ST,2255,POLICE FACILITY/VEH PARKING LOT,08oct2012 21:45:00,08oct2012 21:59:59,13oct2012,JAMES,SHERLOCK,10823,004,,30apr2007,POLICE OFFICER,S081,VEHICLE,05C,EXCESSIVE FORCE / OFF DUTY - INJURY,CLOSED/FINAL,NOT SUSTAINED,DAVY,CHRISTOPH,004,,SERGEANT OF POLICE,,MALE,WHITE,apr2016,,,S0,S,0,1
1057759,434,103RD ST,2255,POLICE FACILITY/VEH PARKING LOT,08oct2012 21:45:00,08oct2012 21:59:59,13oct2012,MICHAEL,DINEEN,1755,004,,10may1999,SERGEANT OF POLICE,S081,VEHICLE,05C,EXCESSIVE FORCE / OFF DUTY - INJURY,CLOSED/FINAL,NOT SUSTAINED,CASTRO,ALFREDO,004,,POLICE OFFICER,,MALE,SPANISH (DO NOT USE),apr2016,,,S0,S,0,1
1057759,434,103RD ST,2255,POLICE FACILITY/VEH PARKING LOT,08oct2012 21:45:00,08oct2012 21:59:59,13oct2012,,,,,,,,S081,VEHICLE,05C,EXCESSIVE FORCE / OFF DUTY - INJURY,CLOSED/FINAL,UNFOUNDED,DAVY,CHRISTOPH,004,,SERGEANT OF POLICE,,MALE,WHITE,apr2016,,,S0,S,0,1
1057759,434,103RD ST,2255,POLICE FACILITY/VEH PARKING LOT,08oct2012 21:45:00,08oct2012 21:59:59,13oct2012,JAMES,SHERLOCK,10823,004,,30apr2007,POLICE OFFICER,S081,VEHICLE,05C,EXCESSIVE FORCE / OFF DUTY - INJURY,CLOSED/FINAL,NOT SUSTAINED,ARELLANO,SOFIA,004,,POLICE OFFICER,,FEMALE,SPANISH (DO NOT USE),apr2016,,,S0,S,0,1
1057759,434,103RD ST,2255,POLICE FACILITY/VEH PARKING LOT,08oct2012 21:45:00,08oct2012 21:59:59,13oct2012,MICHAEL,DINEEN,1755,004,,10may1999,SERGEANT OF POLICE,S081,VEHICLE,05C,EXCESSIVE FORCE / OFF DUTY - INJURY,CLOSED/FINAL,NOT SUSTAINED,CLAUSSEN JR,JOSEPH,004,,POLICE OFFICER,,MALE,WHITE,apr2016,,,S0,S,0,1
1057759,434,103RD ST,2255,POLICE FACILITY/VEH PARKING LOT,08oct2012 21:45:00,08oct2012 21:59:59,13oct2012,MICHAEL,DINEEN,1755,004,,10may1999,SERGEANT OF POLICE,S081,VEHICLE,05C,EXCESSIVE FORCE / OFF DUTY - INJURY,CLOSED/FINAL,NOT SUSTAINED,DAVY,CHRISTOPH,004,,SERGEANT OF POLICE,,MALE,WHITE,apr2016,,,S0,S,0,1
1057759,434,103RD ST,2255,POLICE FACILITY/VEH PARKING LOT,08oct2012 21:45:00,08oct2012 21:59:59,13oct2012,MICHAEL,DINEEN,1755,004,,10may1999,SERGEANT OF POLICE,S081,VEHICLE,05C,EXCESSIVE FORCE / OFF DUTY - INJURY,CLOSED/FINAL,NOT SUSTAINED,SCOTT,WILLIAM,,,UNKNOWN,24,MALE,BLACK,apr2016,,,S0,S,0,1
1057759,434,103RD ST,2255,POLICE FACILITY/VEH PARKING LOT,08oct2012 21:45:00,08oct2012 21:59:59,13oct2012,,,,,,,,S081,VEHICLE,05C,EXCESSIVE FORCE / OFF DUTY - INJURY,CLOSED/FINAL,UNFOUNDED,CARTER,MARCHELLA,,,UNKNOWN,44,FEMALE,BLACK,apr2016,,,S0,S,0,1
1057759,434,103RD ST,2255,POLICE FACILITY/VEH PARKING LOT,08oct2012 21:45:00,08oct2012 21:59:59,13oct2012,JAMES,SHERLOCK,10823,004,,30apr2007,POLICE OFFICER,S081,VEHICLE,05C,EXCESSIVE FORCE / OFF DUTY - INJURY,CLOSED/FINAL,NOT SUSTAINED,SCOTT,WILLIAM,,,UNKNOWN,24,MALE,BLACK,apr2016,,,S0,S,0,1
1057759,434,103RD ST,2255,POLICE FACILITY/VEH PARKING LOT,08oct2012 21:45:00,08oct2012 21:59:59,13oct2012,MICHAEL,DINEEN,1755,004,,10may1999,SERGEANT OF POLICE,S081,VEHICLE,05C,EXCESSIVE FORCE / OFF DUTY - INJURY,CLOSED/FINAL,NOT SUSTAINED,CARTER,MARCHELLA,,,UNKNOWN,44,FEMALE,BLACK,apr2016,,,S0,S,0,1
1057759,434,103RD ST,2255,POLICE FACILITY/VEH PARKING LOT,08oct2012 21:45:00,08oct2012 21:59:59,13oct2012,,,,,,,,S081,VEHICLE,05C,EXCESSIVE FORCE / OFF DUTY - INJURY,CLOSED/FINAL,UNFOUNDED,CASTRO,ALFREDO,004,,POLICE OFFICER,,MALE,SPANISH (DO NOT USE),apr2016,,,S0,S,0,1
1057759,434,103RD ST,2255,POLICE FACILITY/VEH PARKING LOT,08oct2012 21:45:00,08oct2012 21:59:59,13oct2012,JAMES,SHERLOCK,10823,004,,30apr2007,POLICE OFFICER,S081,VEHICLE,05C,EXCESSIVE FORCE / OFF DUTY - INJURY,CLOSED/FINAL,NOT SUSTAINED,CARTER,MARCHELLA,,,UNKNOWN,44,FEMALE,BLACK,apr2016,,,S0,S,0,1
1057759,434,103RD ST,2255,POLICE FACILITY/VEH PARKING LOT,08oct2012 21:45:00,08oct2012 21:59:59,13oct2012,MICHAEL,DINEEN,1755,004,,10may1999,SERGEANT OF POLICE,S081,VEHICLE,05C,EXCESSIVE FORCE / OFF DUTY - INJURY,CLOSED/FINAL,NOT SUSTAINED,ARELLANO,SOFIA,004,,POLICE OFFICER,,FEMALE,SPANISH (DO NOT USE),apr2016,,,S0,S,0,1
1057759,434,103RD ST,2255,POLICE FACILITY/VEH PARKING LOT,08oct2012 21:45:00,08oct2012 21:59:59,13oct2012,JAMES,SHERLOCK,10823,004,,30apr2007,POLICE OFFICER,S081,VEHICLE,05C,EXCESSIVE FORCE / OFF DUTY - INJURY,CLOSED/FINAL,NOT SUSTAINED,HANSON,WASHINGTO,004,010,POLICE OFFICER,,MALE,SPANISH (DO NOT USE),apr2016,,,S0,S,0,1
1057759,434,103RD ST,2255,POLICE FACILITY/VEH PARKING LOT,08oct2012 21:45:00,08oct2012 21:59:59,13oct2012,,,,,,,,S081,VEHICLE,05C,EXCESSIVE FORCE / OFF DUTY - INJURY,CLOSED/FINAL,UNFOUNDED,CLAUSSEN JR,JOSEPH,004,,POLICE OFFICER,,MALE,WHITE,apr2016,,,S0,S,0,1
1057759,434,103RD ST,2255,POLICE FACILITY/VEH PARKING LOT,08oct2012 21:45:00,08oct2012 21:59:59,13oct2012,JAMES,SHERLOCK,10823,004,,30apr2007,POLICE OFFICER,S081,VEHICLE,05C,EXCESSIVE FORCE / OFF DUTY - INJURY,CLOSED/FINAL,NOT SUSTAINED,CASTRO,ALFREDO,004,,POLICE OFFICER,,MALE,SPANISH (DO NOT USE),apr2016,,,S0,S,0,1
1057759,434,103RD ST,2255,POLICE FACILITY/VEH PARKING LOT,08oct2012 21:45:00,08oct2012 21:59:59,13oct2012,JAMES,SHERLOCK,10823,004,,30apr2007,POLICE OFFICER,S081,VEHICLE,05C,EXCESSIVE FORCE / OFF DUTY - INJURY,CLOSED/FINAL,NOT SUSTAINED,CLAUSSEN JR,JOSEPH,004,,POLICE OFFICER,,MALE,WHITE,apr2016,,,S0,S,0,1
1057759,434,103RD ST,2255,POLICE FACILITY/VEH PARKING LOT,08oct2012 21:45:00,08oct2012 21:59:59,13oct2012,,,,,,,,S081,VEHICLE,05C,EXCESSIVE FORCE / OFF DUTY - INJURY,CLOSED/FINAL,UNFOUNDED,ARELLANO,SOFIA,004,,POLICE OFFICER,,FEMALE,SPANISH (DO NOT USE),apr2016,,,S0,S,0,1
