COMPLAINT_NUMBER,BEAT,STREET,ADDRESS,LOCATION_CODE,INCIDENT_TIME_START,INCIDENT_TIME_END,NOTIFICATION_DATE,ACCSUEDOFFICER_FNAME,ACCUSEDOFFICER_LNAME,ACCUSED_STAR,ACCUSED_UNIT,ACCUSED_DETAIL,ACCUSED_APPOINTMENT_DATE,ACCUSED_POSITION,INITIAL_CATEGORY_CODE,INITIAL_CATEGORY,CURRENT_CATEGORY_CODE,CURRENT_CATEGORY,CURRENT_STATUS,FINDING_CODE,INVOLVED_OFFICER_LNAME,INVOLVED_OFFICER_FNAME,INVOLVED_OFFICER_UNIT,INVOLVED_OFFICER_DETAIL,INVOLVED_OFFICER_POSITION,INVOLVED_OFFICER_AGE,INVOLVED_OFFICER_SEX,INVOLVED_OFFICER_RACE,foia,INVOLVED_OFFICER_DESCRIPTION,INVOLVED_OFFICER_TYPE,start_code_2,start_code_1,rec,sum_rec
1055598,434,TORRENCE AVE,10600,STREET,16jul2012 22:15:00,16jul2012 22:15:00,17jul2012,WASHINGTO,HANSON,8034,004,,23jan2006,POLICE OFFICER,S002,OPEN HAND STRIKE (SLAP),S002,OPEN HAND STRIKE (SLAP),CLOSED/FINAL,NOT SUSTAINED,REDFIELD,TIARA,,,UNKNOWN,24,FEMALE,BLACK,apr2016,,,S0,S,0,1
1055598,434,TORRENCE AVE,10600,STREET,16jul2012 22:15:00,16jul2012 22:15:00,17jul2012,WASHINGTO,HANSON,8034,004,,23jan2006,POLICE OFFICER,S002,OPEN HAND STRIKE (SLAP),S002,OPEN HAND STRIKE (SLAP),CLOSED/FINAL,NOT SUSTAINED,REDFIELD,TIARA,,,UNKNOWN,23,FEMALE,BLACK,apr2016,,,S0,S,0,1
1055598,434,TORRENCE AVE,10600,STREET,16jul2012 22:15:00,16jul2012 22:15:00,17jul2012,MALISTA,OWARE,8554,004,,19may2008,POLICE OFFICER,S002,OPEN HAND STRIKE (SLAP),S002,OPEN HAND STRIKE (SLAP),CLOSED/FINAL,UNFOUNDED,REDFIELD,TIARA,,,UNKNOWN,24,FEMALE,BLACK,apr2016,,,S0,S,0,1
1055598,434,TORRENCE AVE,10600,STREET,16jul2012 22:15:00,16jul2012 22:15:00,17jul2012,MALISTA,OWARE,8554,004,,19may2008,POLICE OFFICER,S002,OPEN HAND STRIKE (SLAP),S002,OPEN HAND STRIKE (SLAP),CLOSED/FINAL,UNFOUNDED,REDFIELD,TIARA,,,UNKNOWN,23,FEMALE,BLACK,apr2016,,,S0,S,0,1
