COMPLAINT_NUMBER,BEAT,STREET,ADDRESS,LOCATION_CODE,INCIDENT_TIME_START,INCIDENT_TIME_END,NOTIFICATION_DATE,ACCSUEDOFFICER_FNAME,ACCUSEDOFFICER_LNAME,ACCUSED_STAR,ACCUSED_UNIT,ACCUSED_DETAIL,ACCUSED_APPOINTMENT_DATE,ACCUSED_POSITION,INITIAL_CATEGORY_CODE,INITIAL_CATEGORY,CURRENT_CATEGORY_CODE,CURRENT_CATEGORY,CURRENT_STATUS,FINDING_CODE,INVOLVED_OFFICER_LNAME,INVOLVED_OFFICER_FNAME,INVOLVED_OFFICER_UNIT,INVOLVED_OFFICER_DETAIL,INVOLVED_OFFICER_POSITION,INVOLVED_OFFICER_AGE,INVOLVED_OFFICER_SEX,INVOLVED_OFFICER_RACE,foia,INVOLVED_OFFICER_DESCRIPTION,INVOLVED_OFFICER_TYPE,start_code_2,start_code_1,rec,sum_rec
1060148,1912,IRVING PARK RD,1500,STREET,12feb2013 00:59:59,12feb2013 00:59:59,14feb2013,,PATEL,12976,019,,30apr2001,POLICE OFFICER,01B,"RACIAL / ETHNIC, ETC.",05A,EXCESSIVE FORCE / ON DUTY - INJURY,CLOSED/NO CONVERSION,NOT SUSTAINED,PALACIOS,GILARDO,,,UNKNOWN,,MALE,WHITE HISPANIC,apr2016,,,01,0,0,1
1060148,1912,IRVING PARK RD,1500,STREET,12feb2013 00:59:59,12feb2013 00:59:59,14feb2013,,PATEL,12976,019,,30apr2001,POLICE OFFICER,01B,"RACIAL / ETHNIC, ETC.",05A,EXCESSIVE FORCE / ON DUTY - INJURY,CLOSED/NO CONVERSION,NOT SUSTAINED,CASARES,OSCAR,,,UNKNOWN,,MALE,WHITE HISPANIC,apr2016,,,01,0,0,1
1060148,1912,IRVING PARK RD,1500,STREET,12feb2013 00:59:59,12feb2013 00:59:59,14feb2013,,ROLDAN,12457,019,,29apr2002,POLICE OFFICER,01B,"RACIAL / ETHNIC, ETC.",05A,EXCESSIVE FORCE / ON DUTY - INJURY,CLOSED/NO CONVERSION,NOT SUSTAINED,CASARES,OSCAR,,,UNKNOWN,,MALE,WHITE HISPANIC,apr2016,,,01,0,0,1
1060148,1912,IRVING PARK RD,1500,STREET,12feb2013 00:59:59,12feb2013 00:59:59,14feb2013,,ROLDAN,12457,019,,29apr2002,POLICE OFFICER,01B,"RACIAL / ETHNIC, ETC.",05A,EXCESSIVE FORCE / ON DUTY - INJURY,CLOSED/NO CONVERSION,NOT SUSTAINED,FLORES,JOSE,,,UNKNOWN,23,MALE,WHITE HISPANIC,apr2016,,,01,0,0,1
1060148,1912,IRVING PARK RD,1500,STREET,12feb2013 00:59:59,12feb2013 00:59:59,14feb2013,,ROLDAN,12457,019,,29apr2002,POLICE OFFICER,01B,"RACIAL / ETHNIC, ETC.",05A,EXCESSIVE FORCE / ON DUTY - INJURY,CLOSED/NO CONVERSION,NOT SUSTAINED,PALACIOS,GILARDO,,,UNKNOWN,,MALE,WHITE HISPANIC,apr2016,,,01,0,0,1
1060148,1912,IRVING PARK RD,1500,STREET,12feb2013 00:59:59,12feb2013 00:59:59,14feb2013,,PATEL,12976,019,,30apr2001,POLICE OFFICER,01B,"RACIAL / ETHNIC, ETC.",05A,EXCESSIVE FORCE / ON DUTY - INJURY,CLOSED/NO CONVERSION,NOT SUSTAINED,FLORES,JOSE,,,UNKNOWN,23,MALE,WHITE HISPANIC,apr2016,,,01,0,0,1
