COMPLAINT_NUMBER,BEAT,STREET,ADDRESS,LOCATION_CODE,INCIDENT_TIME_START,INCIDENT_TIME_END,NOTIFICATION_DATE,ACCSUEDOFFICER_FNAME,ACCUSEDOFFICER_LNAME,ACCUSED_STAR,ACCUSED_UNIT,ACCUSED_DETAIL,ACCUSED_APPOINTMENT_DATE,ACCUSED_POSITION,INITIAL_CATEGORY_CODE,INITIAL_CATEGORY,CURRENT_CATEGORY_CODE,CURRENT_CATEGORY,CURRENT_STATUS,FINDING_CODE,INVOLVED_OFFICER_LNAME,INVOLVED_OFFICER_FNAME,INVOLVED_OFFICER_UNIT,INVOLVED_OFFICER_DETAIL,INVOLVED_OFFICER_POSITION,INVOLVED_OFFICER_AGE,INVOLVED_OFFICER_SEX,INVOLVED_OFFICER_RACE,foia,INVOLVED_OFFICER_DESCRIPTION,INVOLVED_OFFICER_TYPE,start_code_2,start_code_1,rec,sum_rec
1059371,735,WINCHESTER AVE,7035,RESIDENCE,04jan2013 23:29:59,05jan2013 00:30:00,07jan2013,,,,,,,,05A,EXCESSIVE FORCE / ON DUTY - INJURY,S022,CLOSED HAND STRIKE (PUNCH),CLOSED/FINAL,NOT SUSTAINED,JONES,LOCHELLA,,,UNKNOWN,36,FEMALE,BLACK,apr2016,,,05,0,1,1
1059371,735,WINCHESTER AVE,7035,RESIDENCE,04jan2013 23:29:59,05jan2013 00:30:00,07jan2013,,LUNA,16327,004,193,10oct2000,POLICE OFFICER,05A,EXCESSIVE FORCE / ON DUTY - INJURY,S022,CLOSED HAND STRIKE (PUNCH),CLOSED/FINAL,NOT SUSTAINED,THOMAS,TRASHUN,,,UNKNOWN,17,MALE,BLACK,apr2016,,,05,0,0,1
1059371,735,WINCHESTER AVE,7035,RESIDENCE,04jan2013 23:29:59,05jan2013 00:30:00,07jan2013,,LUNA,16327,004,193,10oct2000,POLICE OFFICER,05A,EXCESSIVE FORCE / ON DUTY - INJURY,S022,CLOSED HAND STRIKE (PUNCH),CLOSED/FINAL,NOT SUSTAINED,THOMAS,RODERICK,,,UNKNOWN,21,MALE,BLACK,apr2016,,,05,0,0,1
1059371,735,WINCHESTER AVE,7035,RESIDENCE,04jan2013 23:29:59,05jan2013 00:30:00,07jan2013,,SZUBSKI,4443,015,211,26mar2001,POLICE OFFICER,05A,EXCESSIVE FORCE / ON DUTY - INJURY,S022,CLOSED HAND STRIKE (PUNCH),CLOSED/FINAL,NOT SUSTAINED,THOMAS,TRASHUN,,,UNKNOWN,16,MALE,BLACK,apr2016,,,05,0,0,1
1059371,735,WINCHESTER AVE,7035,RESIDENCE,04jan2013 23:29:59,05jan2013 00:30:00,07jan2013,,RENO,19605,193,,04nov1996,POLICE OFFICER,05A,EXCESSIVE FORCE / ON DUTY - INJURY,S022,CLOSED HAND STRIKE (PUNCH),CLOSED/FINAL,NOT SUSTAINED,THOMAS,RODERICK,,,UNKNOWN,22,MALE,BLACK,apr2016,,,05,0,0,1
1059371,735,WINCHESTER AVE,7035,RESIDENCE,04jan2013 23:29:59,05jan2013 00:30:00,07jan2013,,RENO,19605,193,,04nov1996,POLICE OFFICER,05A,EXCESSIVE FORCE / ON DUTY - INJURY,S022,CLOSED HAND STRIKE (PUNCH),CLOSED/FINAL,NOT SUSTAINED,THOMAS,TRASHUN,,,UNKNOWN,17,MALE,BLACK,apr2016,,,05,0,0,1
1059371,735,WINCHESTER AVE,7035,RESIDENCE,04jan2013 23:29:59,05jan2013 00:30:00,07jan2013,,RENO,19605,193,,04nov1996,POLICE OFFICER,05A,EXCESSIVE FORCE / ON DUTY - INJURY,S022,CLOSED HAND STRIKE (PUNCH),CLOSED/FINAL,NOT SUSTAINED,THOMAS,TRASHUN,,,UNKNOWN,16,MALE,BLACK,apr2016,,,05,0,0,1
1059371,735,WINCHESTER AVE,7035,RESIDENCE,04jan2013 23:29:59,05jan2013 00:30:00,07jan2013,,,,,,,,05A,EXCESSIVE FORCE / ON DUTY - INJURY,S022,CLOSED HAND STRIKE (PUNCH),CLOSED/FINAL,NOT SUSTAINED,THOMAS,RODERICK,,,UNKNOWN,21,MALE,BLACK,apr2016,,,05,0,0,1
1059371,735,WINCHESTER AVE,7035,RESIDENCE,04jan2013 23:29:59,05jan2013 00:30:00,07jan2013,,LUNA,16327,004,193,10oct2000,POLICE OFFICER,05A,EXCESSIVE FORCE / ON DUTY - INJURY,S022,CLOSED HAND STRIKE (PUNCH),CLOSED/FINAL,NOT SUSTAINED,JONES,LOCHELLA,,,UNKNOWN,36,FEMALE,BLACK,apr2016,,,05,0,0,1
1059371,735,WINCHESTER AVE,7035,RESIDENCE,04jan2013 23:29:59,05jan2013 00:30:00,07jan2013,,,,,,,,05A,EXCESSIVE FORCE / ON DUTY - INJURY,S022,CLOSED HAND STRIKE (PUNCH),CLOSED/FINAL,NOT SUSTAINED,SMITH,MANIQUE,,,UNKNOWN,18,FEMALE,BLACK,apr2016,,,05,0,0,1
1059371,735,WINCHESTER AVE,7035,RESIDENCE,04jan2013 23:29:59,05jan2013 00:30:00,07jan2013,,,,,,,,05A,EXCESSIVE FORCE / ON DUTY - INJURY,S022,CLOSED HAND STRIKE (PUNCH),CLOSED/FINAL,NOT SUSTAINED,JONES,LOCHELLA,,,UNKNOWN,37,FEMALE,BLACK,apr2016,,,05,0,0,1
1059371,735,WINCHESTER AVE,7035,RESIDENCE,04jan2013 23:29:59,05jan2013 00:30:00,07jan2013,,LUNA,16327,004,193,10oct2000,POLICE OFFICER,05A,EXCESSIVE FORCE / ON DUTY - INJURY,S022,CLOSED HAND STRIKE (PUNCH),CLOSED/FINAL,NOT SUSTAINED,SMITH,MANIQUE,,,UNKNOWN,17,FEMALE,BLACK,apr2016,,,05,0,0,1
1059371,735,WINCHESTER AVE,7035,RESIDENCE,04jan2013 23:29:59,05jan2013 00:30:00,07jan2013,,LUNA,16327,004,193,10oct2000,POLICE OFFICER,05A,EXCESSIVE FORCE / ON DUTY - INJURY,S022,CLOSED HAND STRIKE (PUNCH),CLOSED/FINAL,NOT SUSTAINED,THOMAS,TRASHUN,,,UNKNOWN,16,MALE,BLACK,apr2016,,,05,0,0,1
1059371,735,WINCHESTER AVE,7035,RESIDENCE,04jan2013 23:29:59,05jan2013 00:30:00,07jan2013,,RENO,19605,193,,04nov1996,POLICE OFFICER,05A,EXCESSIVE FORCE / ON DUTY - INJURY,S022,CLOSED HAND STRIKE (PUNCH),CLOSED/FINAL,NOT SUSTAINED,SMITH,MANIQUE,,,UNKNOWN,17,FEMALE,BLACK,apr2016,,,05,0,0,1
1059371,735,WINCHESTER AVE,7035,RESIDENCE,04jan2013 23:29:59,05jan2013 00:30:00,07jan2013,,SZUBSKI,4443,015,211,26mar2001,POLICE OFFICER,05A,EXCESSIVE FORCE / ON DUTY - INJURY,S022,CLOSED HAND STRIKE (PUNCH),CLOSED/FINAL,NOT SUSTAINED,THOMAS,RODERICK,,,UNKNOWN,21,MALE,BLACK,apr2016,,,05,0,0,1
1059371,735,WINCHESTER AVE,7035,RESIDENCE,04jan2013 23:29:59,05jan2013 00:30:00,07jan2013,,SZUBSKI,4443,015,211,26mar2001,POLICE OFFICER,05A,EXCESSIVE FORCE / ON DUTY - INJURY,S022,CLOSED HAND STRIKE (PUNCH),CLOSED/FINAL,NOT SUSTAINED,THOMAS,TRASHUN,,,UNKNOWN,17,MALE,BLACK,apr2016,,,05,0,0,1
1059371,735,WINCHESTER AVE,7035,RESIDENCE,04jan2013 23:29:59,05jan2013 00:30:00,07jan2013,,RENO,19605,193,,04nov1996,POLICE OFFICER,05A,EXCESSIVE FORCE / ON DUTY - INJURY,S022,CLOSED HAND STRIKE (PUNCH),CLOSED/FINAL,NOT SUSTAINED,SMITH,MANIQUE,,,UNKNOWN,18,FEMALE,BLACK,apr2016,,,05,0,0,1
1059371,735,WINCHESTER AVE,7035,RESIDENCE,04jan2013 23:29:59,05jan2013 00:30:00,07jan2013,,SZUBSKI,4443,015,211,26mar2001,POLICE OFFICER,05A,EXCESSIVE FORCE / ON DUTY - INJURY,S022,CLOSED HAND STRIKE (PUNCH),CLOSED/FINAL,NOT SUSTAINED,THOMAS,RODERICK,,,UNKNOWN,22,MALE,BLACK,apr2016,,,05,0,0,1
1059371,735,WINCHESTER AVE,7035,RESIDENCE,04jan2013 23:29:59,05jan2013 00:30:00,07jan2013,,RENO,19605,193,,04nov1996,POLICE OFFICER,05A,EXCESSIVE FORCE / ON DUTY - INJURY,S022,CLOSED HAND STRIKE (PUNCH),CLOSED/FINAL,NOT SUSTAINED,JONES,LOCHELLA,,,UNKNOWN,37,FEMALE,BLACK,apr2016,,,05,0,0,1
1059371,735,WINCHESTER AVE,7035,RESIDENCE,04jan2013 23:29:59,05jan2013 00:30:00,07jan2013,,,,,,,,05A,EXCESSIVE FORCE / ON DUTY - INJURY,S022,CLOSED HAND STRIKE (PUNCH),CLOSED/FINAL,NOT SUSTAINED,THOMAS,TRASHUN,,,UNKNOWN,17,MALE,BLACK,apr2016,,,05,0,0,1
1059371,735,WINCHESTER AVE,7035,RESIDENCE,04jan2013 23:29:59,05jan2013 00:30:00,07jan2013,,,,,,,,05A,EXCESSIVE FORCE / ON DUTY - INJURY,S022,CLOSED HAND STRIKE (PUNCH),CLOSED/FINAL,NOT SUSTAINED,SMITH,MANIQUE,,,UNKNOWN,17,FEMALE,BLACK,apr2016,,,05,0,0,1
1059371,735,WINCHESTER AVE,7035,RESIDENCE,04jan2013 23:29:59,05jan2013 00:30:00,07jan2013,,LUNA,16327,004,193,10oct2000,POLICE OFFICER,05A,EXCESSIVE FORCE / ON DUTY - INJURY,S022,CLOSED HAND STRIKE (PUNCH),CLOSED/FINAL,NOT SUSTAINED,THOMAS,RODERICK,,,UNKNOWN,22,MALE,BLACK,apr2016,,,05,0,0,1
1059371,735,WINCHESTER AVE,7035,RESIDENCE,04jan2013 23:29:59,05jan2013 00:30:00,07jan2013,,RENO,19605,193,,04nov1996,POLICE OFFICER,05A,EXCESSIVE FORCE / ON DUTY - INJURY,S022,CLOSED HAND STRIKE (PUNCH),CLOSED/FINAL,NOT SUSTAINED,THOMAS,RODERICK,,,UNKNOWN,21,MALE,BLACK,apr2016,,,05,0,0,1
1059371,735,WINCHESTER AVE,7035,RESIDENCE,04jan2013 23:29:59,05jan2013 00:30:00,07jan2013,,LUNA,16327,004,193,10oct2000,POLICE OFFICER,05A,EXCESSIVE FORCE / ON DUTY - INJURY,S022,CLOSED HAND STRIKE (PUNCH),CLOSED/FINAL,NOT SUSTAINED,JONES,LOCHELLA,,,UNKNOWN,37,FEMALE,BLACK,apr2016,,,05,0,0,1
1059371,735,WINCHESTER AVE,7035,RESIDENCE,04jan2013 23:29:59,05jan2013 00:30:00,07jan2013,,SZUBSKI,4443,015,211,26mar2001,POLICE OFFICER,05A,EXCESSIVE FORCE / ON DUTY - INJURY,S022,CLOSED HAND STRIKE (PUNCH),CLOSED/FINAL,NOT SUSTAINED,JONES,LOCHELLA,,,UNKNOWN,37,FEMALE,BLACK,apr2016,,,05,0,0,1
1059371,735,WINCHESTER AVE,7035,RESIDENCE,04jan2013 23:29:59,05jan2013 00:30:00,07jan2013,,,,,,,,05A,EXCESSIVE FORCE / ON DUTY - INJURY,S022,CLOSED HAND STRIKE (PUNCH),CLOSED/FINAL,NOT SUSTAINED,THOMAS,TRASHUN,,,UNKNOWN,16,MALE,BLACK,apr2016,,,05,0,0,1
1059371,735,WINCHESTER AVE,7035,RESIDENCE,04jan2013 23:29:59,05jan2013 00:30:00,07jan2013,,SZUBSKI,4443,015,211,26mar2001,POLICE OFFICER,05A,EXCESSIVE FORCE / ON DUTY - INJURY,S022,CLOSED HAND STRIKE (PUNCH),CLOSED/FINAL,NOT SUSTAINED,JONES,LOCHELLA,,,UNKNOWN,36,FEMALE,BLACK,apr2016,,,05,0,0,1
1059371,735,WINCHESTER AVE,7035,RESIDENCE,04jan2013 23:29:59,05jan2013 00:30:00,07jan2013,,,,,,,,05A,EXCESSIVE FORCE / ON DUTY - INJURY,S022,CLOSED HAND STRIKE (PUNCH),CLOSED/FINAL,NOT SUSTAINED,THOMAS,RODERICK,,,UNKNOWN,22,MALE,BLACK,apr2016,,,05,0,0,1
1059371,735,WINCHESTER AVE,7035,RESIDENCE,04jan2013 23:29:59,05jan2013 00:30:00,07jan2013,,SZUBSKI,4443,015,211,26mar2001,POLICE OFFICER,05A,EXCESSIVE FORCE / ON DUTY - INJURY,S022,CLOSED HAND STRIKE (PUNCH),CLOSED/FINAL,NOT SUSTAINED,SMITH,MANIQUE,,,UNKNOWN,17,FEMALE,BLACK,apr2016,,,05,0,0,1
1059371,735,WINCHESTER AVE,7035,RESIDENCE,04jan2013 23:29:59,05jan2013 00:30:00,07jan2013,,RENO,19605,193,,04nov1996,POLICE OFFICER,05A,EXCESSIVE FORCE / ON DUTY - INJURY,S022,CLOSED HAND STRIKE (PUNCH),CLOSED/FINAL,NOT SUSTAINED,JONES,LOCHELLA,,,UNKNOWN,36,FEMALE,BLACK,apr2016,,,05,0,0,1
1059371,735,WINCHESTER AVE,7035,RESIDENCE,04jan2013 23:29:59,05jan2013 00:30:00,07jan2013,,LUNA,16327,004,193,10oct2000,POLICE OFFICER,05A,EXCESSIVE FORCE / ON DUTY - INJURY,S022,CLOSED HAND STRIKE (PUNCH),CLOSED/FINAL,NOT SUSTAINED,SMITH,MANIQUE,,,UNKNOWN,18,FEMALE,BLACK,apr2016,,,05,0,0,1
1059371,735,WINCHESTER AVE,7035,RESIDENCE,04jan2013 23:29:59,05jan2013 00:30:00,07jan2013,,SZUBSKI,4443,015,211,26mar2001,POLICE OFFICER,05A,EXCESSIVE FORCE / ON DUTY - INJURY,S022,CLOSED HAND STRIKE (PUNCH),CLOSED/FINAL,NOT SUSTAINED,SMITH,MANIQUE,,,UNKNOWN,18,FEMALE,BLACK,apr2016,,,05,0,0,1
