COMPLAINT_NUMBER,BEAT,STREET,ADDRESS,LOCATION_CODE,INCIDENT_TIME_START,INCIDENT_TIME_END,NOTIFICATION_DATE,ACCSUEDOFFICER_FNAME,ACCUSEDOFFICER_LNAME,ACCUSED_STAR,ACCUSED_UNIT,ACCUSED_DETAIL,ACCUSED_APPOINTMENT_DATE,ACCUSED_POSITION,INITIAL_CATEGORY_CODE,INITIAL_CATEGORY,CURRENT_CATEGORY_CODE,CURRENT_CATEGORY,CURRENT_STATUS,FINDING_CODE,INVOLVED_OFFICER_LNAME,INVOLVED_OFFICER_FNAME,INVOLVED_OFFICER_UNIT,INVOLVED_OFFICER_DETAIL,INVOLVED_OFFICER_POSITION,INVOLVED_OFFICER_AGE,INVOLVED_OFFICER_SEX,INVOLVED_OFFICER_RACE,foia,INVOLVED_OFFICER_DESCRIPTION,INVOLVED_OFFICER_TYPE,start_code_2,start_code_1,rec,sum_rec
1054695,614,ASHLAND AVE,8120,STREET,11jun2012 18:59:59,11jun2012 19:20:00,12jun2012,MEGAN,LEONARD,,006,376,25oct2004,POLICE OFFICER,05A,EXCESSIVE FORCE / ON DUTY - INJURY,S032,"IMPACT WEAPON - UNAUTHORIZED (FLASHLIGHT, HANDCUFFS, ETC)",CLOSED/FINAL,NOT SUSTAINED,JACKSON,LEMONT,,,UNKNOWN,40,MALE,BLACK,apr2016,,,05,0,0,1
1054695,614,ASHLAND AVE,8120,STREET,11jun2012 18:59:59,11jun2012 19:20:00,12jun2012,KEITH,MCMILLER,11969,006,,01sep2010,POLICE OFFICER,05A,EXCESSIVE FORCE / ON DUTY - INJURY,S032,"IMPACT WEAPON - UNAUTHORIZED (FLASHLIGHT, HANDCUFFS, ETC)",CLOSED/FINAL,NOT SUSTAINED,JACKSON,LEMONT,,,UNKNOWN,40,MALE,BLACK,apr2016,,,05,0,0,1
1054695,614,ASHLAND AVE,8120,STREET,11jun2012 18:59:59,11jun2012 19:20:00,12jun2012,KEITH,MCMILLER,11969,006,,01sep2010,POLICE OFFICER,05A,EXCESSIVE FORCE / ON DUTY - INJURY,S032,"IMPACT WEAPON - UNAUTHORIZED (FLASHLIGHT, HANDCUFFS, ETC)",CLOSED/FINAL,NOT SUSTAINED,JACKSON,LEMONT,,,UNKNOWN,38,MALE,BLACK,apr2016,,,05,0,0,1
1054695,614,ASHLAND AVE,8120,STREET,11jun2012 18:59:59,11jun2012 19:20:00,12jun2012,,,,,,,,05A,EXCESSIVE FORCE / ON DUTY - INJURY,S032,"IMPACT WEAPON - UNAUTHORIZED (FLASHLIGHT, HANDCUFFS, ETC)",CLOSED/FINAL,NOT SUSTAINED,JACKSON,LEMONT,,,UNKNOWN,40,MALE,BLACK,apr2016,,,05,0,0,1
1054695,614,ASHLAND AVE,8120,STREET,11jun2012 18:59:59,11jun2012 19:20:00,12jun2012,,,,,,,,05A,EXCESSIVE FORCE / ON DUTY - INJURY,S032,"IMPACT WEAPON - UNAUTHORIZED (FLASHLIGHT, HANDCUFFS, ETC)",CLOSED/FINAL,NOT SUSTAINED,JACKSON,LEMONT,,,UNKNOWN,38,MALE,BLACK,apr2016,,,05,0,1,1
1054695,614,ASHLAND AVE,8120,STREET,11jun2012 18:59:59,11jun2012 19:20:00,12jun2012,MEGAN,LEONARD,,006,376,25oct2004,POLICE OFFICER,05A,EXCESSIVE FORCE / ON DUTY - INJURY,S032,"IMPACT WEAPON - UNAUTHORIZED (FLASHLIGHT, HANDCUFFS, ETC)",CLOSED/FINAL,NOT SUSTAINED,JACKSON,LEMONT,,,UNKNOWN,38,MALE,BLACK,apr2016,,,05,0,0,1
