COMPLAINT_NUMBER,BEAT,STREET,ADDRESS,LOCATION_CODE,INCIDENT_TIME_START,INCIDENT_TIME_END,NOTIFICATION_DATE,ACCSUEDOFFICER_FNAME,ACCUSEDOFFICER_LNAME,ACCUSED_STAR,ACCUSED_UNIT,ACCUSED_DETAIL,ACCUSED_APPOINTMENT_DATE,ACCUSED_POSITION,INITIAL_CATEGORY_CODE,INITIAL_CATEGORY,CURRENT_CATEGORY_CODE,CURRENT_CATEGORY,CURRENT_STATUS,FINDING_CODE,INVOLVED_OFFICER_LNAME,INVOLVED_OFFICER_FNAME,INVOLVED_OFFICER_UNIT,INVOLVED_OFFICER_DETAIL,INVOLVED_OFFICER_POSITION,INVOLVED_OFFICER_AGE,INVOLVED_OFFICER_SEX,INVOLVED_OFFICER_RACE,foia,INVOLVED_OFFICER_DESCRIPTION,INVOLVED_OFFICER_TYPE,start_code_2,start_code_1,rec,sum_rec
1055276,2423,GREENLEAF AVE,1230,PARK PROPERTY,04jul2012 22:09:59,04jul2012 22:09:59,05jul2012,LISETT,ESTRELLA,10642,024,,01may2006,POLICE OFFICER,05M,UNNECESSARY PHYSICAL CONTACT / ON DUTY - NO INJURY,S117,PUSH/PULL/GRAB,CLOSED/FINAL,UNFOUNDED,BROWN,KATINA,,,UNKNOWN,,FEMALE,BLACK,apr2016,,,05,0,0,1
1055276,2423,GREENLEAF AVE,1230,PARK PROPERTY,04jul2012 22:09:59,04jul2012 22:09:59,05jul2012,LISETT,ESTRELLA,10642,024,,01may2006,POLICE OFFICER,05M,UNNECESSARY PHYSICAL CONTACT / ON DUTY - NO INJURY,S117,PUSH/PULL/GRAB,CLOSED/FINAL,UNFOUNDED,FRANKLIN,DANIEL,,,UNKNOWN,50,MALE,BLACK,apr2016,,,05,0,0,1
1055276,2423,GREENLEAF AVE,1230,PARK PROPERTY,04jul2012 22:09:59,04jul2012 22:09:59,05jul2012,LISETT,ESTRELLA,10642,024,,01may2006,POLICE OFFICER,05M,UNNECESSARY PHYSICAL CONTACT / ON DUTY - NO INJURY,S117,PUSH/PULL/GRAB,CLOSED/FINAL,UNFOUNDED,ACOSTA,JOEL,,,UNKNOWN,,MALE,,apr2016,,,05,0,0,1
1055276,2423,GREENLEAF AVE,1230,PARK PROPERTY,04jul2012 22:09:59,04jul2012 22:09:59,05jul2012,LISETT,ESTRELLA,10642,024,,01may2006,POLICE OFFICER,05M,UNNECESSARY PHYSICAL CONTACT / ON DUTY - NO INJURY,S117,PUSH/PULL/GRAB,CLOSED/FINAL,UNFOUNDED,WILEY,LATOSHA,,,UNKNOWN,40,FEMALE,BLACK,apr2016,,,05,0,0,1
1055276,2423,GREENLEAF AVE,1230,PARK PROPERTY,04jul2012 22:09:59,04jul2012 22:09:59,05jul2012,LISETT,ESTRELLA,10642,024,,01may2006,POLICE OFFICER,05M,UNNECESSARY PHYSICAL CONTACT / ON DUTY - NO INJURY,S117,PUSH/PULL/GRAB,CLOSED/FINAL,UNFOUNDED,LEON,RUBEN,024,,POLICE OFFICER,,MALE,SPANISH (DO NOT USE),apr2016,,,05,0,0,1
1055276,2423,GREENLEAF AVE,1230,PARK PROPERTY,04jul2012 22:09:59,04jul2012 22:09:59,05jul2012,LISETT,ESTRELLA,10642,024,,01may2006,POLICE OFFICER,05M,UNNECESSARY PHYSICAL CONTACT / ON DUTY - NO INJURY,S117,PUSH/PULL/GRAB,CLOSED/FINAL,UNFOUNDED,VENTRELLA,JOHN,024,,POLICE OFFICER,,MALE,WHITE,apr2016,,,05,0,0,1
1055276,2423,GREENLEAF AVE,1230,PARK PROPERTY,04jul2012 22:09:59,04jul2012 22:09:59,05jul2012,LISETT,ESTRELLA,10642,024,,01may2006,POLICE OFFICER,05M,UNNECESSARY PHYSICAL CONTACT / ON DUTY - NO INJURY,S117,PUSH/PULL/GRAB,CLOSED/FINAL,UNFOUNDED,GUERECA,PABLO,024,,POLICE OFFICER,,MALE,SPANISH (DO NOT USE),apr2016,,,05,0,0,1
1055276,2423,GREENLEAF AVE,1230,PARK PROPERTY,04jul2012 22:09:59,04jul2012 22:09:59,05jul2012,LISETT,ESTRELLA,10642,024,,01may2006,POLICE OFFICER,05M,UNNECESSARY PHYSICAL CONTACT / ON DUTY - NO INJURY,S117,PUSH/PULL/GRAB,CLOSED/FINAL,UNFOUNDED,ACOSTA,JOEL,,,UNKNOWN,22,MALE,,apr2016,,,05,0,0,1
