COMPLAINT_NUMBER,BEAT,STREET,ADDRESS,LOCATION_CODE,INCIDENT_TIME_START,INCIDENT_TIME_END,NOTIFICATION_DATE,ACCSUEDOFFICER_FNAME,ACCUSEDOFFICER_LNAME,ACCUSED_STAR,ACCUSED_UNIT,ACCUSED_DETAIL,ACCUSED_APPOINTMENT_DATE,ACCUSED_POSITION,INITIAL_CATEGORY_CODE,INITIAL_CATEGORY,CURRENT_CATEGORY_CODE,CURRENT_CATEGORY,CURRENT_STATUS,FINDING_CODE,INVOLVED_OFFICER_LNAME,INVOLVED_OFFICER_FNAME,INVOLVED_OFFICER_UNIT,INVOLVED_OFFICER_DETAIL,INVOLVED_OFFICER_POSITION,INVOLVED_OFFICER_AGE,INVOLVED_OFFICER_SEX,INVOLVED_OFFICER_RACE,foia,INVOLVED_OFFICER_DESCRIPTION,INVOLVED_OFFICER_TYPE,start_code_2,start_code_1,rec,sum_rec
1057078,2412,CALIFORNIA AVE,6400,STREET,14sep2012 19:40:00,14sep2012 19:40:00,14sep2012,JOHN,BARANOWSKI,2188,024,,03jan1995,SERGEANT OF POLICE,S117,PUSH/PULL/GRAB,01B,"RACIAL / ETHNIC, ETC.",CLOSED/FINAL,NOT SUSTAINED,COPELAND,VERNA,,,UNKNOWN,52,FEMALE,BLACK,apr2016,,,S1,S,0,1
1057078,2412,CALIFORNIA AVE,6400,STREET,14sep2012 19:40:00,14sep2012 19:40:00,14sep2012,JOHN,BARANOWSKI,2188,024,,03jan1995,SERGEANT OF POLICE,S117,PUSH/PULL/GRAB,01B,"RACIAL / ETHNIC, ETC.",CLOSED/FINAL,UNFOUNDED,WALKER,SAVON,,,UNKNOWN,17,MALE,BLACK,apr2016,,,S1,S,0,1
1057078,2412,CALIFORNIA AVE,6400,STREET,14sep2012 19:40:00,14sep2012 19:40:00,14sep2012,JOHN,BARANOWSKI,2188,024,,03jan1995,SERGEANT OF POLICE,S117,PUSH/PULL/GRAB,01B,"RACIAL / ETHNIC, ETC.",CLOSED/FINAL,NOT SUSTAINED,COPELAND,WILL,,,UNKNOWN,15,MALE,BLACK,apr2016,,,S1,S,0,1
1057078,2412,CALIFORNIA AVE,6400,STREET,14sep2012 19:40:00,14sep2012 19:40:00,14sep2012,JASON,ARROYO,14502,024,,01sep2010,POLICE OFFICER,S117,PUSH/PULL/GRAB,01B,"RACIAL / ETHNIC, ETC.",CLOSED/FINAL,EXONERATED,WALKER,SAVON,,,UNKNOWN,17,MALE,BLACK,apr2016,,,S1,S,0,1
1057078,2412,CALIFORNIA AVE,6400,STREET,14sep2012 19:40:00,14sep2012 19:40:00,14sep2012,,,,,,,,S117,PUSH/PULL/GRAB,01B,"RACIAL / ETHNIC, ETC.",CLOSED/FINAL,EXONERATED,COPELAND,WILL,,,UNKNOWN,15,MALE,BLACK,apr2016,,,S1,S,0,1
1057078,2412,CALIFORNIA AVE,6400,STREET,14sep2012 19:40:00,14sep2012 19:40:00,14sep2012,,,,,,,,S117,PUSH/PULL/GRAB,01B,"RACIAL / ETHNIC, ETC.",CLOSED/FINAL,UNFOUNDED,WALKER,SAVON,,,UNKNOWN,17,MALE,BLACK,apr2016,,,S1,S,0,1
1057078,2412,CALIFORNIA AVE,6400,STREET,14sep2012 19:40:00,14sep2012 19:40:00,14sep2012,RUBEN,LEON,19511,024,,24sep2007,POLICE OFFICER,S117,PUSH/PULL/GRAB,01B,"RACIAL / ETHNIC, ETC.",CLOSED/FINAL,UNFOUNDED,COPELAND,WILL,,,UNKNOWN,15,MALE,BLACK,apr2016,,,S1,S,0,1
1057078,2412,CALIFORNIA AVE,6400,STREET,14sep2012 19:40:00,14sep2012 19:40:00,14sep2012,JASON,ARROYO,14502,024,,01sep2010,POLICE OFFICER,S117,PUSH/PULL/GRAB,01B,"RACIAL / ETHNIC, ETC.",CLOSED/FINAL,EXONERATED,COPELAND,VERNA,,,UNKNOWN,52,FEMALE,BLACK,apr2016,,,S1,S,0,1
1057078,2412,CALIFORNIA AVE,6400,STREET,14sep2012 19:40:00,14sep2012 19:40:00,14sep2012,JASON,ARROYO,14502,024,,01sep2010,POLICE OFFICER,S117,PUSH/PULL/GRAB,01B,"RACIAL / ETHNIC, ETC.",CLOSED/FINAL,UNFOUNDED,WALKER,SAVON,,,UNKNOWN,17,MALE,BLACK,apr2016,,,S1,S,0,1
1057078,2412,CALIFORNIA AVE,6400,STREET,14sep2012 19:40:00,14sep2012 19:40:00,14sep2012,RUBEN,LEON,19511,024,,24sep2007,POLICE OFFICER,S117,PUSH/PULL/GRAB,01B,"RACIAL / ETHNIC, ETC.",CLOSED/FINAL,UNFOUNDED,WALKER,SAVON,,,UNKNOWN,17,MALE,BLACK,apr2016,,,S1,S,0,1
1057078,2412,CALIFORNIA AVE,6400,STREET,14sep2012 19:40:00,14sep2012 19:40:00,14sep2012,RUBEN,LEON,19511,024,,24sep2007,POLICE OFFICER,S117,PUSH/PULL/GRAB,01B,"RACIAL / ETHNIC, ETC.",CLOSED/FINAL,UNFOUNDED,COPELAND,VERNA,,,UNKNOWN,52,FEMALE,BLACK,apr2016,,,S1,S,0,1
1057078,2412,CALIFORNIA AVE,6400,STREET,14sep2012 19:40:00,14sep2012 19:40:00,14sep2012,RUBEN,LEON,19511,024,,24sep2007,POLICE OFFICER,S117,PUSH/PULL/GRAB,01B,"RACIAL / ETHNIC, ETC.",CLOSED/FINAL,EXONERATED,COPELAND,WILL,,,UNKNOWN,15,MALE,BLACK,apr2016,,,S1,S,0,1
1057078,2412,CALIFORNIA AVE,6400,STREET,14sep2012 19:40:00,14sep2012 19:40:00,14sep2012,JASON,ARROYO,14502,024,,01sep2010,POLICE OFFICER,S117,PUSH/PULL/GRAB,01B,"RACIAL / ETHNIC, ETC.",CLOSED/FINAL,EXONERATED,COPELAND,WILL,,,UNKNOWN,15,MALE,BLACK,apr2016,,,S1,S,0,1
1057078,2412,CALIFORNIA AVE,6400,STREET,14sep2012 19:40:00,14sep2012 19:40:00,14sep2012,JASON,ARROYO,14502,024,,01sep2010,POLICE OFFICER,S117,PUSH/PULL/GRAB,01B,"RACIAL / ETHNIC, ETC.",CLOSED/FINAL,UNFOUNDED,COPELAND,WILL,,,UNKNOWN,15,MALE,BLACK,apr2016,,,S1,S,0,1
1057078,2412,CALIFORNIA AVE,6400,STREET,14sep2012 19:40:00,14sep2012 19:40:00,14sep2012,,,,,,,,S117,PUSH/PULL/GRAB,01B,"RACIAL / ETHNIC, ETC.",CLOSED/FINAL,EXONERATED,COPELAND,VERNA,,,UNKNOWN,52,FEMALE,BLACK,apr2016,,,S1,S,1,1
1057078,2412,CALIFORNIA AVE,6400,STREET,14sep2012 19:40:00,14sep2012 19:40:00,14sep2012,JOHN,BARANOWSKI,2188,024,,03jan1995,SERGEANT OF POLICE,S117,PUSH/PULL/GRAB,01B,"RACIAL / ETHNIC, ETC.",CLOSED/FINAL,UNFOUNDED,COPELAND,VERNA,,,UNKNOWN,52,FEMALE,BLACK,apr2016,,,S1,S,0,1
1057078,2412,CALIFORNIA AVE,6400,STREET,14sep2012 19:40:00,14sep2012 19:40:00,14sep2012,,,,,,,,S117,PUSH/PULL/GRAB,01B,"RACIAL / ETHNIC, ETC.",CLOSED/FINAL,UNFOUNDED,COPELAND,WILL,,,UNKNOWN,15,MALE,BLACK,apr2016,,,S1,S,0,1
1057078,2412,CALIFORNIA AVE,6400,STREET,14sep2012 19:40:00,14sep2012 19:40:00,14sep2012,RUBEN,LEON,19511,024,,24sep2007,POLICE OFFICER,S117,PUSH/PULL/GRAB,01B,"RACIAL / ETHNIC, ETC.",CLOSED/FINAL,EXONERATED,COPELAND,VERNA,,,UNKNOWN,52,FEMALE,BLACK,apr2016,,,S1,S,0,1
1057078,2412,CALIFORNIA AVE,6400,STREET,14sep2012 19:40:00,14sep2012 19:40:00,14sep2012,JASON,ARROYO,14502,024,,01sep2010,POLICE OFFICER,S117,PUSH/PULL/GRAB,01B,"RACIAL / ETHNIC, ETC.",CLOSED/FINAL,UNFOUNDED,COPELAND,VERNA,,,UNKNOWN,52,FEMALE,BLACK,apr2016,,,S1,S,0,1
1057078,2412,CALIFORNIA AVE,6400,STREET,14sep2012 19:40:00,14sep2012 19:40:00,14sep2012,JOHN,BARANOWSKI,2188,024,,03jan1995,SERGEANT OF POLICE,S117,PUSH/PULL/GRAB,01B,"RACIAL / ETHNIC, ETC.",CLOSED/FINAL,NOT SUSTAINED,WALKER,SAVON,,,UNKNOWN,17,MALE,BLACK,apr2016,,,S1,S,0,1
1057078,2412,CALIFORNIA AVE,6400,STREET,14sep2012 19:40:00,14sep2012 19:40:00,14sep2012,JOHN,BARANOWSKI,2188,024,,03jan1995,SERGEANT OF POLICE,S117,PUSH/PULL/GRAB,01B,"RACIAL / ETHNIC, ETC.",CLOSED/FINAL,UNFOUNDED,COPELAND,WILL,,,UNKNOWN,15,MALE,BLACK,apr2016,,,S1,S,0,1
1057078,2412,CALIFORNIA AVE,6400,STREET,14sep2012 19:40:00,14sep2012 19:40:00,14sep2012,,,,,,,,S117,PUSH/PULL/GRAB,01B,"RACIAL / ETHNIC, ETC.",CLOSED/FINAL,UNFOUNDED,COPELAND,VERNA,,,UNKNOWN,52,FEMALE,BLACK,apr2016,,,S1,S,0,1
1057078,2412,CALIFORNIA AVE,6400,STREET,14sep2012 19:40:00,14sep2012 19:40:00,14sep2012,RUBEN,LEON,19511,024,,24sep2007,POLICE OFFICER,S117,PUSH/PULL/GRAB,01B,"RACIAL / ETHNIC, ETC.",CLOSED/FINAL,EXONERATED,WALKER,SAVON,,,UNKNOWN,17,MALE,BLACK,apr2016,,,S1,S,0,1
1057078,2412,CALIFORNIA AVE,6400,STREET,14sep2012 19:40:00,14sep2012 19:40:00,14sep2012,,,,,,,,S117,PUSH/PULL/GRAB,01B,"RACIAL / ETHNIC, ETC.",CLOSED/FINAL,EXONERATED,WALKER,SAVON,,,UNKNOWN,17,MALE,BLACK,apr2016,,,S1,S,0,1
