COMPLAINT_NUMBER,BEAT,STREET,ADDRESS,LOCATION_CODE,INCIDENT_TIME_START,INCIDENT_TIME_END,NOTIFICATION_DATE,ACCSUEDOFFICER_FNAME,ACCUSEDOFFICER_LNAME,ACCUSED_STAR,ACCUSED_UNIT,ACCUSED_DETAIL,ACCUSED_APPOINTMENT_DATE,ACCUSED_POSITION,INITIAL_CATEGORY_CODE,INITIAL_CATEGORY,CURRENT_CATEGORY_CODE,CURRENT_CATEGORY,CURRENT_STATUS,FINDING_CODE,INVOLVED_OFFICER_LNAME,INVOLVED_OFFICER_FNAME,INVOLVED_OFFICER_UNIT,INVOLVED_OFFICER_DETAIL,INVOLVED_OFFICER_POSITION,INVOLVED_OFFICER_AGE,INVOLVED_OFFICER_SEX,INVOLVED_OFFICER_RACE,foia,INVOLVED_OFFICER_DESCRIPTION,INVOLVED_OFFICER_TYPE,start_code_2,start_code_1,rec,sum_rec
1062629,621,HALSTED ST,7808,POLICE FACILITY/VEH PARKING LOT,03jun2013 00:59:59,03jun2013 00:59:59,03jun2013,,SCHREIBER,12064,044,212,02jul2012,POLICE OFFICER,S001,CLOSED HAND STRIKE (PUNCH),05A,EXCESSIVE FORCE / ON DUTY - INJURY,CLOSED/FINAL,EXONERATED,JOHNSON,KEITH,,,UNKNOWN,41,MALE,BLACK,apr2016,,,S0,S,0,1
1062629,621,HALSTED ST,7808,POLICE FACILITY/VEH PARKING LOT,03jun2013 00:59:59,03jun2013 00:59:59,03jun2013,,,,,,,,S001,CLOSED HAND STRIKE (PUNCH),05A,EXCESSIVE FORCE / ON DUTY - INJURY,CLOSED/FINAL,UNFOUNDED,JOHNSON,KEITH,,,UNKNOWN,42,MALE,BLACK,apr2016,,,S0,S,0,1
1062629,621,HALSTED ST,7808,POLICE FACILITY/VEH PARKING LOT,03jun2013 00:59:59,03jun2013 00:59:59,03jun2013,,ARREOLA,8155,044,212,02jul2012,POLICE OFFICER,S001,CLOSED HAND STRIKE (PUNCH),05A,EXCESSIVE FORCE / ON DUTY - INJURY,CLOSED/FINAL,UNFOUNDED,JOHNSON,KEITH,,,UNKNOWN,41,MALE,BLACK,apr2016,,,S0,S,0,1
1062629,621,HALSTED ST,7808,POLICE FACILITY/VEH PARKING LOT,03jun2013 00:59:59,03jun2013 00:59:59,03jun2013,,,,,,,,S001,CLOSED HAND STRIKE (PUNCH),05A,EXCESSIVE FORCE / ON DUTY - INJURY,CLOSED/FINAL,UNFOUNDED,ARREOLA,RUBY,007,,POLICE OFFICER,,FEMALE,WHITE HISPANIC,apr2016,,,S0,S,0,1
1062629,621,HALSTED ST,7808,POLICE FACILITY/VEH PARKING LOT,03jun2013 00:59:59,03jun2013 00:59:59,03jun2013,,ARREOLA,8155,044,212,02jul2012,POLICE OFFICER,S001,CLOSED HAND STRIKE (PUNCH),05A,EXCESSIVE FORCE / ON DUTY - INJURY,CLOSED/FINAL,UNFOUNDED,DEARBORN,MICHAEL,006,,POLICE OFFICER,,MALE,BLACK,apr2016,,,S0,S,0,1
1062629,621,HALSTED ST,7808,POLICE FACILITY/VEH PARKING LOT,03jun2013 00:59:59,03jun2013 00:59:59,03jun2013,,ARREOLA,8155,044,212,02jul2012,POLICE OFFICER,S001,CLOSED HAND STRIKE (PUNCH),05A,EXCESSIVE FORCE / ON DUTY - INJURY,CLOSED/FINAL,UNFOUNDED,ARREOLA,RUBY,007,,POLICE OFFICER,,FEMALE,WHITE HISPANIC,apr2016,,,S0,S,0,1
1062629,621,HALSTED ST,7808,POLICE FACILITY/VEH PARKING LOT,03jun2013 00:59:59,03jun2013 00:59:59,03jun2013,,SCHREIBER,12064,044,212,02jul2012,POLICE OFFICER,S001,CLOSED HAND STRIKE (PUNCH),05A,EXCESSIVE FORCE / ON DUTY - INJURY,CLOSED/FINAL,NOT SUSTAINED,DEARBORN,MICHAEL,006,,POLICE OFFICER,,MALE,BLACK,apr2016,,,S0,S,0,1
1062629,621,HALSTED ST,7808,POLICE FACILITY/VEH PARKING LOT,03jun2013 00:59:59,03jun2013 00:59:59,03jun2013,,SCHREIBER,12064,044,212,02jul2012,POLICE OFFICER,S001,CLOSED HAND STRIKE (PUNCH),05A,EXCESSIVE FORCE / ON DUTY - INJURY,CLOSED/FINAL,EXONERATED,DEARBORN,MICHAEL,006,,POLICE OFFICER,,MALE,BLACK,apr2016,,,S0,S,0,1
1062629,621,HALSTED ST,7808,POLICE FACILITY/VEH PARKING LOT,03jun2013 00:59:59,03jun2013 00:59:59,03jun2013,,ARREOLA,8155,044,212,02jul2012,POLICE OFFICER,S001,CLOSED HAND STRIKE (PUNCH),05A,EXCESSIVE FORCE / ON DUTY - INJURY,CLOSED/FINAL,EXONERATED,JOHNSON,KEITH,,,UNKNOWN,41,MALE,BLACK,apr2016,,,S0,S,0,1
1062629,621,HALSTED ST,7808,POLICE FACILITY/VEH PARKING LOT,03jun2013 00:59:59,03jun2013 00:59:59,03jun2013,,SCHREIBER,12064,044,212,02jul2012,POLICE OFFICER,S001,CLOSED HAND STRIKE (PUNCH),05A,EXCESSIVE FORCE / ON DUTY - INJURY,CLOSED/FINAL,NOT SUSTAINED,JOHNSON,KEITH,,,UNKNOWN,42,MALE,BLACK,apr2016,,,S0,S,0,1
1062629,621,HALSTED ST,7808,POLICE FACILITY/VEH PARKING LOT,03jun2013 00:59:59,03jun2013 00:59:59,03jun2013,,,,,,,,S001,CLOSED HAND STRIKE (PUNCH),05A,EXCESSIVE FORCE / ON DUTY - INJURY,CLOSED/FINAL,UNFOUNDED,JOHNSON,KEITH,,,UNKNOWN,41,MALE,BLACK,apr2016,,,S0,S,0,1
1062629,621,HALSTED ST,7808,POLICE FACILITY/VEH PARKING LOT,03jun2013 00:59:59,03jun2013 00:59:59,03jun2013,,ARREOLA,8155,044,212,02jul2012,POLICE OFFICER,S001,CLOSED HAND STRIKE (PUNCH),05A,EXCESSIVE FORCE / ON DUTY - INJURY,CLOSED/FINAL,EXONERATED,DEARBORN,MICHAEL,006,,POLICE OFFICER,,MALE,BLACK,apr2016,,,S0,S,0,1
1062629,621,HALSTED ST,7808,POLICE FACILITY/VEH PARKING LOT,03jun2013 00:59:59,03jun2013 00:59:59,03jun2013,,,,,,,,S001,CLOSED HAND STRIKE (PUNCH),05A,EXCESSIVE FORCE / ON DUTY - INJURY,CLOSED/FINAL,NOT SUSTAINED,JOHNSON,KEITH,,,UNKNOWN,42,MALE,BLACK,apr2016,,,S0,S,0,1
1062629,621,HALSTED ST,7808,POLICE FACILITY/VEH PARKING LOT,03jun2013 00:59:59,03jun2013 00:59:59,03jun2013,,ARREOLA,8155,044,212,02jul2012,POLICE OFFICER,S001,CLOSED HAND STRIKE (PUNCH),05A,EXCESSIVE FORCE / ON DUTY - INJURY,CLOSED/FINAL,EXONERATED,JOHNSON,KEITH,,,UNKNOWN,42,MALE,BLACK,apr2016,,,S0,S,0,1
1062629,621,HALSTED ST,7808,POLICE FACILITY/VEH PARKING LOT,03jun2013 00:59:59,03jun2013 00:59:59,03jun2013,,,,,,,,S001,CLOSED HAND STRIKE (PUNCH),05A,EXCESSIVE FORCE / ON DUTY - INJURY,CLOSED/FINAL,NOT SUSTAINED,DEARBORN,MICHAEL,006,,POLICE OFFICER,,MALE,BLACK,apr2016,,,S0,S,0,1
1062629,621,HALSTED ST,7808,POLICE FACILITY/VEH PARKING LOT,03jun2013 00:59:59,03jun2013 00:59:59,03jun2013,,SCHREIBER,12064,044,212,02jul2012,POLICE OFFICER,S001,CLOSED HAND STRIKE (PUNCH),05A,EXCESSIVE FORCE / ON DUTY - INJURY,CLOSED/FINAL,EXONERATED,ARREOLA,RUBY,007,,POLICE OFFICER,,FEMALE,WHITE HISPANIC,apr2016,,,S0,S,0,1
1062629,621,HALSTED ST,7808,POLICE FACILITY/VEH PARKING LOT,03jun2013 00:59:59,03jun2013 00:59:59,03jun2013,,,,,,,,S001,CLOSED HAND STRIKE (PUNCH),05A,EXCESSIVE FORCE / ON DUTY - INJURY,CLOSED/FINAL,UNFOUNDED,DEARBORN,MICHAEL,006,,POLICE OFFICER,,MALE,BLACK,apr2016,,,S0,S,0,1
1062629,621,HALSTED ST,7808,POLICE FACILITY/VEH PARKING LOT,03jun2013 00:59:59,03jun2013 00:59:59,03jun2013,,SCHREIBER,12064,044,212,02jul2012,POLICE OFFICER,S001,CLOSED HAND STRIKE (PUNCH),05A,EXCESSIVE FORCE / ON DUTY - INJURY,CLOSED/FINAL,NOT SUSTAINED,JOHNSON,KEITH,,,UNKNOWN,41,MALE,BLACK,apr2016,,,S0,S,0,1
1062629,621,HALSTED ST,7808,POLICE FACILITY/VEH PARKING LOT,03jun2013 00:59:59,03jun2013 00:59:59,03jun2013,,SCHREIBER,12064,044,212,02jul2012,POLICE OFFICER,S001,CLOSED HAND STRIKE (PUNCH),05A,EXCESSIVE FORCE / ON DUTY - INJURY,CLOSED/FINAL,EXONERATED,JOHNSON,KEITH,,,UNKNOWN,42,MALE,BLACK,apr2016,,,S0,S,0,1
1062629,621,HALSTED ST,7808,POLICE FACILITY/VEH PARKING LOT,03jun2013 00:59:59,03jun2013 00:59:59,03jun2013,,,,,,,,S001,CLOSED HAND STRIKE (PUNCH),05A,EXCESSIVE FORCE / ON DUTY - INJURY,CLOSED/FINAL,NOT SUSTAINED,ARREOLA,RUBY,007,,POLICE OFFICER,,FEMALE,WHITE HISPANIC,apr2016,,,S0,S,0,1
1062629,621,HALSTED ST,7808,POLICE FACILITY/VEH PARKING LOT,03jun2013 00:59:59,03jun2013 00:59:59,03jun2013,,SCHREIBER,12064,044,212,02jul2012,POLICE OFFICER,S001,CLOSED HAND STRIKE (PUNCH),05A,EXCESSIVE FORCE / ON DUTY - INJURY,CLOSED/FINAL,NOT SUSTAINED,ARREOLA,RUBY,007,,POLICE OFFICER,,FEMALE,WHITE HISPANIC,apr2016,,,S0,S,0,1
1062629,621,HALSTED ST,7808,POLICE FACILITY/VEH PARKING LOT,03jun2013 00:59:59,03jun2013 00:59:59,03jun2013,,,,,,,,S001,CLOSED HAND STRIKE (PUNCH),05A,EXCESSIVE FORCE / ON DUTY - INJURY,CLOSED/FINAL,NOT SUSTAINED,JOHNSON,KEITH,,,UNKNOWN,41,MALE,BLACK,apr2016,,,S0,S,0,1
1062629,621,HALSTED ST,7808,POLICE FACILITY/VEH PARKING LOT,03jun2013 00:59:59,03jun2013 00:59:59,03jun2013,,ARREOLA,8155,044,212,02jul2012,POLICE OFFICER,S001,CLOSED HAND STRIKE (PUNCH),05A,EXCESSIVE FORCE / ON DUTY - INJURY,CLOSED/FINAL,EXONERATED,ARREOLA,RUBY,007,,POLICE OFFICER,,FEMALE,WHITE HISPANIC,apr2016,,,S0,S,0,1
1062629,621,HALSTED ST,7808,POLICE FACILITY/VEH PARKING LOT,03jun2013 00:59:59,03jun2013 00:59:59,03jun2013,,ARREOLA,8155,044,212,02jul2012,POLICE OFFICER,S001,CLOSED HAND STRIKE (PUNCH),05A,EXCESSIVE FORCE / ON DUTY - INJURY,CLOSED/FINAL,UNFOUNDED,JOHNSON,KEITH,,,UNKNOWN,42,MALE,BLACK,apr2016,,,S0,S,0,1
