COMPLAINT_NUMBER,BEAT,STREET,ADDRESS,LOCATION_CODE,INCIDENT_TIME_START,INCIDENT_TIME_END,NOTIFICATION_DATE,ACCSUEDOFFICER_FNAME,ACCUSEDOFFICER_LNAME,ACCUSED_STAR,ACCUSED_UNIT,ACCUSED_DETAIL,ACCUSED_APPOINTMENT_DATE,ACCUSED_POSITION,INITIAL_CATEGORY_CODE,INITIAL_CATEGORY,CURRENT_CATEGORY_CODE,CURRENT_CATEGORY,CURRENT_STATUS,FINDING_CODE,INVOLVED_OFFICER_LNAME,INVOLVED_OFFICER_FNAME,INVOLVED_OFFICER_UNIT,INVOLVED_OFFICER_DETAIL,INVOLVED_OFFICER_POSITION,INVOLVED_OFFICER_AGE,INVOLVED_OFFICER_SEX,INVOLVED_OFFICER_RACE,foia,INVOLVED_OFFICER_DESCRIPTION,INVOLVED_OFFICER_TYPE,start_code_2,start_code_1,rec,sum_rec
1055580,114,LAKE SHORE DR NB,111,LAKEFRONT/WATERFRONT/RIVERBANK,15jul2012 18:30:00,15jul2012 18:30:00,16jul2012,MARK,JAEGER,9974,059,,01aug1994,PO/MARINE OFFICER,05M,UNNECESSARY PHYSICAL CONTACT / ON DUTY - NO INJURY,S125,MISCELLANEOUS,CLOSED/FINAL,NOT SUSTAINED,VAN VRANKEN,JAMES,059,353,SERGEANT OF POLICE,,MALE,WHITE,apr2016,,,05,0,0,1
1055580,114,LAKE SHORE DR NB,111,LAKEFRONT/WATERFRONT/RIVERBANK,15jul2012 18:30:00,15jul2012 18:30:00,16jul2012,MARK,JAEGER,9974,059,,01aug1994,PO/MARINE OFFICER,05M,UNNECESSARY PHYSICAL CONTACT / ON DUTY - NO INJURY,S125,MISCELLANEOUS,CLOSED/FINAL,NOT SUSTAINED,PACE,ERIC,,,UNKNOWN,,MALE,UNKNOWN,apr2016,,,05,0,0,1
1055580,114,LAKE SHORE DR NB,111,LAKEFRONT/WATERFRONT/RIVERBANK,15jul2012 18:30:00,15jul2012 18:30:00,16jul2012,MARK,JAEGER,9974,059,,01aug1994,PO/MARINE OFFICER,05M,UNNECESSARY PHYSICAL CONTACT / ON DUTY - NO INJURY,S125,MISCELLANEOUS,CLOSED/FINAL,NOT SUSTAINED,BUENROSTRO,MARCUS,059,,PO/MARINE OFFICER,,MALE,SPANISH (DO NOT USE),apr2016,,,05,0,0,1
1055580,114,LAKE SHORE DR NB,111,LAKEFRONT/WATERFRONT/RIVERBANK,15jul2012 18:30:00,15jul2012 18:30:00,16jul2012,MARK,JAEGER,9974,059,,01aug1994,PO/MARINE OFFICER,05M,UNNECESSARY PHYSICAL CONTACT / ON DUTY - NO INJURY,S125,MISCELLANEOUS,CLOSED/FINAL,NOT SUSTAINED,KELLY,KEVIN,059,,PO/MARINE OFFICER,,MALE,WHITE,apr2016,,,05,0,0,1
1055580,114,LAKE SHORE DR NB,111,LAKEFRONT/WATERFRONT/RIVERBANK,15jul2012 18:30:00,15jul2012 18:30:00,16jul2012,MARK,JAEGER,9974,059,,01aug1994,PO/MARINE OFFICER,05M,UNNECESSARY PHYSICAL CONTACT / ON DUTY - NO INJURY,S125,MISCELLANEOUS,CLOSED/FINAL,NOT SUSTAINED,,,,,UNKNOWN,,MALE,WHITE,apr2016,,,05,0,0,1
