COMPLAINT_NUMBER,BEAT,STREET,ADDRESS,LOCATION_CODE,INCIDENT_TIME_START,INCIDENT_TIME_END,NOTIFICATION_DATE,ACCSUEDOFFICER_FNAME,ACCUSEDOFFICER_LNAME,ACCUSED_STAR,ACCUSED_UNIT,ACCUSED_DETAIL,ACCUSED_APPOINTMENT_DATE,ACCUSED_POSITION,INITIAL_CATEGORY_CODE,INITIAL_CATEGORY,CURRENT_CATEGORY_CODE,CURRENT_CATEGORY,CURRENT_STATUS,FINDING_CODE,INVOLVED_OFFICER_LNAME,INVOLVED_OFFICER_FNAME,INVOLVED_OFFICER_UNIT,INVOLVED_OFFICER_DETAIL,INVOLVED_OFFICER_POSITION,INVOLVED_OFFICER_AGE,INVOLVED_OFFICER_SEX,INVOLVED_OFFICER_RACE,foia,INVOLVED_OFFICER_DESCRIPTION,INVOLVED_OFFICER_TYPE,start_code_2,start_code_1,rec,sum_rec
1058661,2413,FAIRFIELD AVE,6047,RESIDENTIAL YARD (FRONT/BACK),27nov2012 14:00:59,27nov2012 14:00:59,27nov2012,PATRICK,MC HUGH,18509,024,,03oct1994,POLICE OFFICER,S125,MISCELLANEOUS,05M,UNNECESSARY PHYSICAL CONTACT / ON DUTY - NO INJURY,CLOSED/FINAL,NOT SUSTAINED,,,,,UNKNOWN,,MALE,ASIAN/PACIFIC ISLANDER,apr2016,,,S1,S,0,1
1058661,2413,FAIRFIELD AVE,6047,RESIDENTIAL YARD (FRONT/BACK),27nov2012 14:00:59,27nov2012 14:00:59,27nov2012,,,,,,,,S125,MISCELLANEOUS,05M,UNNECESSARY PHYSICAL CONTACT / ON DUTY - NO INJURY,CLOSED/FINAL,NOT SUSTAINED,RIZZO,HELEN,,,,50,FEMALE,WHITE,apr2016,,,S1,S,0,1
1058661,2413,FAIRFIELD AVE,6047,RESIDENTIAL YARD (FRONT/BACK),27nov2012 14:00:59,27nov2012 14:00:59,27nov2012,PATRICK,MC HUGH,18509,024,,03oct1994,POLICE OFFICER,S125,MISCELLANEOUS,05M,UNNECESSARY PHYSICAL CONTACT / ON DUTY - NO INJURY,CLOSED/FINAL,NOT SUSTAINED,NETH,ADAM,,,,38,MALE,WHITE,apr2016,,,S1,S,0,1
1058661,2413,FAIRFIELD AVE,6047,RESIDENTIAL YARD (FRONT/BACK),27nov2012 14:00:59,27nov2012 14:00:59,27nov2012,PATRICK,MC HUGH,18509,024,,03oct1994,POLICE OFFICER,S125,MISCELLANEOUS,05M,UNNECESSARY PHYSICAL CONTACT / ON DUTY - NO INJURY,CLOSED/FINAL,EXONERATED,RIZZO,HELEN,,,,50,FEMALE,WHITE,apr2016,,,S1,S,0,1
1058661,2413,FAIRFIELD AVE,6047,RESIDENTIAL YARD (FRONT/BACK),27nov2012 14:00:59,27nov2012 14:00:59,27nov2012,,,,,,,,S125,MISCELLANEOUS,05M,UNNECESSARY PHYSICAL CONTACT / ON DUTY - NO INJURY,CLOSED/FINAL,UNFOUNDED,NETH,ADAM,,,,38,MALE,WHITE,apr2016,,,S1,S,0,1
1058661,2413,FAIRFIELD AVE,6047,RESIDENTIAL YARD (FRONT/BACK),27nov2012 14:00:59,27nov2012 14:00:59,27nov2012,PATRICK,MC HUGH,18509,024,,03oct1994,POLICE OFFICER,S125,MISCELLANEOUS,05M,UNNECESSARY PHYSICAL CONTACT / ON DUTY - NO INJURY,CLOSED/FINAL,EXONERATED,LAMARCA,GINA,,,UNKNOWN,35,FEMALE,WHITE,apr2016,,,S1,S,0,1
1058661,2413,FAIRFIELD AVE,6047,RESIDENTIAL YARD (FRONT/BACK),27nov2012 14:00:59,27nov2012 14:00:59,27nov2012,,,,,,,,S125,MISCELLANEOUS,05M,UNNECESSARY PHYSICAL CONTACT / ON DUTY - NO INJURY,CLOSED/FINAL,UNFOUNDED,BLANKE,STEPHEN,,,,65,MALE,WHITE,apr2016,,,S1,S,0,1
1058661,2413,FAIRFIELD AVE,6047,RESIDENTIAL YARD (FRONT/BACK),27nov2012 14:00:59,27nov2012 14:00:59,27nov2012,PATRICK,MC HUGH,18509,024,,03oct1994,POLICE OFFICER,S125,MISCELLANEOUS,05M,UNNECESSARY PHYSICAL CONTACT / ON DUTY - NO INJURY,CLOSED/FINAL,NOT SUSTAINED,DINA,SAKELLARION,,,UNKNOWN,36,FEMALE,WHITE,apr2016,,,S1,S,0,1
1058661,2413,FAIRFIELD AVE,6047,RESIDENTIAL YARD (FRONT/BACK),27nov2012 14:00:59,27nov2012 14:00:59,27nov2012,PATRICK,MC HUGH,18509,024,,03oct1994,POLICE OFFICER,S125,MISCELLANEOUS,05M,UNNECESSARY PHYSICAL CONTACT / ON DUTY - NO INJURY,CLOSED/FINAL,NOT SUSTAINED,DINA,SAKELLARION,,,UNKNOWN,37,FEMALE,WHITE,apr2016,,,S1,S,0,1
1058661,2413,FAIRFIELD AVE,6047,RESIDENTIAL YARD (FRONT/BACK),27nov2012 14:00:59,27nov2012 14:00:59,27nov2012,PATRICK,MC HUGH,18509,024,,03oct1994,POLICE OFFICER,S125,MISCELLANEOUS,05M,UNNECESSARY PHYSICAL CONTACT / ON DUTY - NO INJURY,CLOSED/FINAL,EXONERATED,NETH,ADAM,,,,38,MALE,WHITE,apr2016,,,S1,S,0,1
1058661,2413,FAIRFIELD AVE,6047,RESIDENTIAL YARD (FRONT/BACK),27nov2012 14:00:59,27nov2012 14:00:59,27nov2012,,,,,,,,S125,MISCELLANEOUS,05M,UNNECESSARY PHYSICAL CONTACT / ON DUTY - NO INJURY,CLOSED/FINAL,NOT SUSTAINED,,,,,UNKNOWN,,MALE,ASIAN/PACIFIC ISLANDER,apr2016,,,S1,S,0,1
1058661,2413,FAIRFIELD AVE,6047,RESIDENTIAL YARD (FRONT/BACK),27nov2012 14:00:59,27nov2012 14:00:59,27nov2012,,,,,,,,S125,MISCELLANEOUS,05M,UNNECESSARY PHYSICAL CONTACT / ON DUTY - NO INJURY,CLOSED/FINAL,UNFOUNDED,LAMARCA,GINA,,,UNKNOWN,34,FEMALE,WHITE,apr2016,,,S1,S,0,1
1058661,2413,FAIRFIELD AVE,6047,RESIDENTIAL YARD (FRONT/BACK),27nov2012 14:00:59,27nov2012 14:00:59,27nov2012,PATRICK,MC HUGH,18509,024,,03oct1994,POLICE OFFICER,S125,MISCELLANEOUS,05M,UNNECESSARY PHYSICAL CONTACT / ON DUTY - NO INJURY,CLOSED/FINAL,NOT SUSTAINED,LAMARCA,GINA,,,UNKNOWN,35,FEMALE,WHITE,apr2016,,,S1,S,0,1
1058661,2413,FAIRFIELD AVE,6047,RESIDENTIAL YARD (FRONT/BACK),27nov2012 14:00:59,27nov2012 14:00:59,27nov2012,PATRICK,MC HUGH,18509,024,,03oct1994,POLICE OFFICER,S125,MISCELLANEOUS,05M,UNNECESSARY PHYSICAL CONTACT / ON DUTY - NO INJURY,CLOSED/FINAL,EXONERATED,,,,,UNKNOWN,,MALE,ASIAN/PACIFIC ISLANDER,apr2016,,,S1,S,0,1
1058661,2413,FAIRFIELD AVE,6047,RESIDENTIAL YARD (FRONT/BACK),27nov2012 14:00:59,27nov2012 14:00:59,27nov2012,,,,,,,,S125,MISCELLANEOUS,05M,UNNECESSARY PHYSICAL CONTACT / ON DUTY - NO INJURY,CLOSED/FINAL,NOT SUSTAINED,DINA,SAKELLARION,,,UNKNOWN,36,FEMALE,WHITE,apr2016,,,S1,S,0,1
1058661,2413,FAIRFIELD AVE,6047,RESIDENTIAL YARD (FRONT/BACK),27nov2012 14:00:59,27nov2012 14:00:59,27nov2012,PATRICK,MC HUGH,18509,024,,03oct1994,POLICE OFFICER,S125,MISCELLANEOUS,05M,UNNECESSARY PHYSICAL CONTACT / ON DUTY - NO INJURY,CLOSED/FINAL,EXONERATED,DINA,SAKELLARION,,,UNKNOWN,36,FEMALE,WHITE,apr2016,,,S1,S,0,1
1058661,2413,FAIRFIELD AVE,6047,RESIDENTIAL YARD (FRONT/BACK),27nov2012 14:00:59,27nov2012 14:00:59,27nov2012,,,,,,,,S125,MISCELLANEOUS,05M,UNNECESSARY PHYSICAL CONTACT / ON DUTY - NO INJURY,CLOSED/FINAL,UNFOUNDED,,,,,UNKNOWN,,MALE,ASIAN/PACIFIC ISLANDER,apr2016,,,S1,S,0,1
1058661,2413,FAIRFIELD AVE,6047,RESIDENTIAL YARD (FRONT/BACK),27nov2012 14:00:59,27nov2012 14:00:59,27nov2012,,,,,,,,S125,MISCELLANEOUS,05M,UNNECESSARY PHYSICAL CONTACT / ON DUTY - NO INJURY,CLOSED/FINAL,NOT SUSTAINED,LAMARCA,GINA,,,UNKNOWN,34,FEMALE,WHITE,apr2016,,,S1,S,0,1
1058661,2413,FAIRFIELD AVE,6047,RESIDENTIAL YARD (FRONT/BACK),27nov2012 14:00:59,27nov2012 14:00:59,27nov2012,,,,,,,,S125,MISCELLANEOUS,05M,UNNECESSARY PHYSICAL CONTACT / ON DUTY - NO INJURY,CLOSED/FINAL,UNFOUNDED,DINA,SAKELLARION,,,UNKNOWN,36,FEMALE,WHITE,apr2016,,,S1,S,0,1
1058661,2413,FAIRFIELD AVE,6047,RESIDENTIAL YARD (FRONT/BACK),27nov2012 14:00:59,27nov2012 14:00:59,27nov2012,PATRICK,MC HUGH,18509,024,,03oct1994,POLICE OFFICER,S125,MISCELLANEOUS,05M,UNNECESSARY PHYSICAL CONTACT / ON DUTY - NO INJURY,CLOSED/FINAL,EXONERATED,BLANKE,YUANA,,,,57,FEMALE,WHITE,apr2016,,,S1,S,0,1
1058661,2413,FAIRFIELD AVE,6047,RESIDENTIAL YARD (FRONT/BACK),27nov2012 14:00:59,27nov2012 14:00:59,27nov2012,,,,,,,,S125,MISCELLANEOUS,05M,UNNECESSARY PHYSICAL CONTACT / ON DUTY - NO INJURY,CLOSED/FINAL,UNFOUNDED,LAMARCA,GINA,,,UNKNOWN,35,FEMALE,WHITE,apr2016,,,S1,S,0,1
1058661,2413,FAIRFIELD AVE,6047,RESIDENTIAL YARD (FRONT/BACK),27nov2012 14:00:59,27nov2012 14:00:59,27nov2012,,,,,,,,S125,MISCELLANEOUS,05M,UNNECESSARY PHYSICAL CONTACT / ON DUTY - NO INJURY,CLOSED/FINAL,NOT SUSTAINED,BLANKE,STEPHEN,,,,65,MALE,WHITE,apr2016,,,S1,S,0,1
1058661,2413,FAIRFIELD AVE,6047,RESIDENTIAL YARD (FRONT/BACK),27nov2012 14:00:59,27nov2012 14:00:59,27nov2012,,,,,,,,S125,MISCELLANEOUS,05M,UNNECESSARY PHYSICAL CONTACT / ON DUTY - NO INJURY,CLOSED/FINAL,NOT SUSTAINED,BLANKE,YUANA,,,,57,FEMALE,WHITE,apr2016,,,S1,S,0,1
1058661,2413,FAIRFIELD AVE,6047,RESIDENTIAL YARD (FRONT/BACK),27nov2012 14:00:59,27nov2012 14:00:59,27nov2012,,,,,,,,S125,MISCELLANEOUS,05M,UNNECESSARY PHYSICAL CONTACT / ON DUTY - NO INJURY,CLOSED/FINAL,NOT SUSTAINED,LAMARCA,GINA,,,UNKNOWN,35,FEMALE,WHITE,apr2016,,,S1,S,0,1
1058661,2413,FAIRFIELD AVE,6047,RESIDENTIAL YARD (FRONT/BACK),27nov2012 14:00:59,27nov2012 14:00:59,27nov2012,PATRICK,MC HUGH,18509,024,,03oct1994,POLICE OFFICER,S125,MISCELLANEOUS,05M,UNNECESSARY PHYSICAL CONTACT / ON DUTY - NO INJURY,CLOSED/FINAL,EXONERATED,BLANKE,STEPHEN,,,,65,MALE,WHITE,apr2016,,,S1,S,0,1
1058661,2413,FAIRFIELD AVE,6047,RESIDENTIAL YARD (FRONT/BACK),27nov2012 14:00:59,27nov2012 14:00:59,27nov2012,,,,,,,,S125,MISCELLANEOUS,05M,UNNECESSARY PHYSICAL CONTACT / ON DUTY - NO INJURY,CLOSED/FINAL,UNFOUNDED,BLANKE,YUANA,,,,57,FEMALE,WHITE,apr2016,,,S1,S,0,1
1058661,2413,FAIRFIELD AVE,6047,RESIDENTIAL YARD (FRONT/BACK),27nov2012 14:00:59,27nov2012 14:00:59,27nov2012,,,,,,,,S125,MISCELLANEOUS,05M,UNNECESSARY PHYSICAL CONTACT / ON DUTY - NO INJURY,CLOSED/FINAL,UNFOUNDED,DINA,SAKELLARION,,,UNKNOWN,37,FEMALE,WHITE,apr2016,,,S1,S,0,1
1058661,2413,FAIRFIELD AVE,6047,RESIDENTIAL YARD (FRONT/BACK),27nov2012 14:00:59,27nov2012 14:00:59,27nov2012,PATRICK,MC HUGH,18509,024,,03oct1994,POLICE OFFICER,S125,MISCELLANEOUS,05M,UNNECESSARY PHYSICAL CONTACT / ON DUTY - NO INJURY,CLOSED/FINAL,EXONERATED,DINA,SAKELLARION,,,UNKNOWN,37,FEMALE,WHITE,apr2016,,,S1,S,0,1
1058661,2413,FAIRFIELD AVE,6047,RESIDENTIAL YARD (FRONT/BACK),27nov2012 14:00:59,27nov2012 14:00:59,27nov2012,PATRICK,MC HUGH,18509,024,,03oct1994,POLICE OFFICER,S125,MISCELLANEOUS,05M,UNNECESSARY PHYSICAL CONTACT / ON DUTY - NO INJURY,CLOSED/FINAL,EXONERATED,LAMARCA,GINA,,,UNKNOWN,34,FEMALE,WHITE,apr2016,,,S1,S,0,1
1058661,2413,FAIRFIELD AVE,6047,RESIDENTIAL YARD (FRONT/BACK),27nov2012 14:00:59,27nov2012 14:00:59,27nov2012,PATRICK,MC HUGH,18509,024,,03oct1994,POLICE OFFICER,S125,MISCELLANEOUS,05M,UNNECESSARY PHYSICAL CONTACT / ON DUTY - NO INJURY,CLOSED/FINAL,NOT SUSTAINED,LAMARCA,GINA,,,UNKNOWN,34,FEMALE,WHITE,apr2016,,,S1,S,0,1
1058661,2413,FAIRFIELD AVE,6047,RESIDENTIAL YARD (FRONT/BACK),27nov2012 14:00:59,27nov2012 14:00:59,27nov2012,PATRICK,MC HUGH,18509,024,,03oct1994,POLICE OFFICER,S125,MISCELLANEOUS,05M,UNNECESSARY PHYSICAL CONTACT / ON DUTY - NO INJURY,CLOSED/FINAL,NOT SUSTAINED,BLANKE,STEPHEN,,,,65,MALE,WHITE,apr2016,,,S1,S,0,1
1058661,2413,FAIRFIELD AVE,6047,RESIDENTIAL YARD (FRONT/BACK),27nov2012 14:00:59,27nov2012 14:00:59,27nov2012,,,,,,,,S125,MISCELLANEOUS,05M,UNNECESSARY PHYSICAL CONTACT / ON DUTY - NO INJURY,CLOSED/FINAL,NOT SUSTAINED,NETH,ADAM,,,,38,MALE,WHITE,apr2016,,,S1,S,0,1
1058661,2413,FAIRFIELD AVE,6047,RESIDENTIAL YARD (FRONT/BACK),27nov2012 14:00:59,27nov2012 14:00:59,27nov2012,PATRICK,MC HUGH,18509,024,,03oct1994,POLICE OFFICER,S125,MISCELLANEOUS,05M,UNNECESSARY PHYSICAL CONTACT / ON DUTY - NO INJURY,CLOSED/FINAL,NOT SUSTAINED,BLANKE,YUANA,,,,57,FEMALE,WHITE,apr2016,,,S1,S,0,1
1058661,2413,FAIRFIELD AVE,6047,RESIDENTIAL YARD (FRONT/BACK),27nov2012 14:00:59,27nov2012 14:00:59,27nov2012,,,,,,,,S125,MISCELLANEOUS,05M,UNNECESSARY PHYSICAL CONTACT / ON DUTY - NO INJURY,CLOSED/FINAL,NOT SUSTAINED,DINA,SAKELLARION,,,UNKNOWN,37,FEMALE,WHITE,apr2016,,,S1,S,0,1
1058661,2413,FAIRFIELD AVE,6047,RESIDENTIAL YARD (FRONT/BACK),27nov2012 14:00:59,27nov2012 14:00:59,27nov2012,PATRICK,MC HUGH,18509,024,,03oct1994,POLICE OFFICER,S125,MISCELLANEOUS,05M,UNNECESSARY PHYSICAL CONTACT / ON DUTY - NO INJURY,CLOSED/FINAL,NOT SUSTAINED,RIZZO,HELEN,,,,50,FEMALE,WHITE,apr2016,,,S1,S,0,1
1058661,2413,FAIRFIELD AVE,6047,RESIDENTIAL YARD (FRONT/BACK),27nov2012 14:00:59,27nov2012 14:00:59,27nov2012,,,,,,,,S125,MISCELLANEOUS,05M,UNNECESSARY PHYSICAL CONTACT / ON DUTY - NO INJURY,CLOSED/FINAL,UNFOUNDED,RIZZO,HELEN,,,,50,FEMALE,WHITE,apr2016,,,S1,S,0,1
