COMPLAINT_NUMBER,BEAT,STREET,ADDRESS,LOCATION_CODE,INCIDENT_TIME_START,INCIDENT_TIME_END,NOTIFICATION_DATE,ACCSUEDOFFICER_FNAME,ACCUSEDOFFICER_LNAME,ACCUSED_STAR,ACCUSED_UNIT,ACCUSED_DETAIL,ACCUSED_APPOINTMENT_DATE,ACCUSED_POSITION,INITIAL_CATEGORY_CODE,INITIAL_CATEGORY,CURRENT_CATEGORY_CODE,CURRENT_CATEGORY,CURRENT_STATUS,FINDING_CODE,INVOLVED_OFFICER_LNAME,INVOLVED_OFFICER_FNAME,INVOLVED_OFFICER_UNIT,INVOLVED_OFFICER_DETAIL,INVOLVED_OFFICER_POSITION,INVOLVED_OFFICER_AGE,INVOLVED_OFFICER_SEX,INVOLVED_OFFICER_RACE,foia,INVOLVED_OFFICER_DESCRIPTION,INVOLVED_OFFICER_TYPE,start_code_2,start_code_1,rec,sum_rec
1061324,131,STATE ST,1718,POLICE FACILITY/VEH PARKING LOT,10apr2013 12:30:00,10apr2013 12:30:00,10apr2013,,TRAVERSO,19920,001,,08jul1996,POLICE OFFICER,05M,UNNECESSARY PHYSICAL CONTACT / ON DUTY - NO INJURY,S125,MISCELLANEOUS,CLOSED/FINAL,NO AFFIDAVIT,TIDWELL,MARQUETTA,,,UNKNOWN,31,FEMALE,BLACK,apr2016,,,05,0,0,1
1061324,131,STATE ST,1718,POLICE FACILITY/VEH PARKING LOT,10apr2013 12:30:00,10apr2013 12:30:00,10apr2013,,,,,,,,05M,UNNECESSARY PHYSICAL CONTACT / ON DUTY - NO INJURY,S125,MISCELLANEOUS,CLOSED/FINAL,NOT SUSTAINED,TIDWELL,MARQUETTA,,,UNKNOWN,30,FEMALE,BLACK,apr2016,,,05,0,0,1
1061324,131,STATE ST,1718,POLICE FACILITY/VEH PARKING LOT,10apr2013 12:30:00,10apr2013 12:30:00,10apr2013,,,,,,,,05M,UNNECESSARY PHYSICAL CONTACT / ON DUTY - NO INJURY,S125,MISCELLANEOUS,CLOSED/FINAL,NOT SUSTAINED,TIDWELL,MARQUETTA,,,UNKNOWN,31,FEMALE,BLACK,apr2016,,,05,0,0,1
1061324,131,STATE ST,1718,POLICE FACILITY/VEH PARKING LOT,10apr2013 12:30:00,10apr2013 12:30:00,10apr2013,,TRAVERSO,19920,001,,08jul1996,POLICE OFFICER,05M,UNNECESSARY PHYSICAL CONTACT / ON DUTY - NO INJURY,S125,MISCELLANEOUS,CLOSED/FINAL,NO AFFIDAVIT,TIDWELL,MARQUETTA,,,UNKNOWN,30,FEMALE,BLACK,apr2016,,,05,0,0,1
