COMPLAINT_NUMBER,BEAT,STREET,ADDRESS,LOCATION_CODE,INCIDENT_TIME_START,INCIDENT_TIME_END,NOTIFICATION_DATE,ACCSUEDOFFICER_FNAME,ACCUSEDOFFICER_LNAME,ACCUSED_STAR,ACCUSED_UNIT,ACCUSED_DETAIL,ACCUSED_APPOINTMENT_DATE,ACCUSED_POSITION,INITIAL_CATEGORY_CODE,INITIAL_CATEGORY,CURRENT_CATEGORY_CODE,CURRENT_CATEGORY,CURRENT_STATUS,FINDING_CODE,INVOLVED_OFFICER_LNAME,INVOLVED_OFFICER_FNAME,INVOLVED_OFFICER_UNIT,INVOLVED_OFFICER_DETAIL,INVOLVED_OFFICER_POSITION,INVOLVED_OFFICER_AGE,INVOLVED_OFFICER_SEX,INVOLVED_OFFICER_RACE,foia,INVOLVED_OFFICER_DESCRIPTION,INVOLVED_OFFICER_TYPE,start_code_2,start_code_1,rec,sum_rec
1061802,1513,MADISON ST,5701,POLICE FACILITY/VEH PARKING LOT,27apr2013 00:10:00,27apr2013 00:10:00,27apr2013,,DEROSA,13022,015,,27nov2006,POLICE OFFICER,S008,TAKE DOWN (THROWN TO GROUND),05A,EXCESSIVE FORCE / ON DUTY - INJURY,CLOSED/FINAL,NOT SUSTAINED,SOTO,SAMUEL,015,,POLICE OFFICER,,MALE,SPANISH (DO NOT USE),apr2016,,,S0,S,0,1
1061802,1513,MADISON ST,5701,POLICE FACILITY/VEH PARKING LOT,27apr2013 00:10:00,27apr2013 00:10:00,27apr2013,,,,,,,,S008,TAKE DOWN (THROWN TO GROUND),05A,EXCESSIVE FORCE / ON DUTY - INJURY,CLOSED/FINAL,UNFOUNDED,SOTO,SAMUEL,015,,POLICE OFFICER,,MALE,SPANISH (DO NOT USE),apr2016,,,S0,S,0,1
1061802,1513,MADISON ST,5701,POLICE FACILITY/VEH PARKING LOT,27apr2013 00:10:00,27apr2013 00:10:00,27apr2013,,,,,,,,S008,TAKE DOWN (THROWN TO GROUND),05A,EXCESSIVE FORCE / ON DUTY - INJURY,CLOSED/FINAL,UNFOUNDED,LANDON ,CHRISTIAN ,,,UNKNOWN,19,MALE,BLACK,apr2016,,,S0,S,0,1
1061802,1513,MADISON ST,5701,POLICE FACILITY/VEH PARKING LOT,27apr2013 00:10:00,27apr2013 00:10:00,27apr2013,,DEROSA,13022,015,,27nov2006,POLICE OFFICER,S008,TAKE DOWN (THROWN TO GROUND),05A,EXCESSIVE FORCE / ON DUTY - INJURY,CLOSED/FINAL,NOT SUSTAINED,LANDON ,CHRISTIAN ,,,UNKNOWN,19,MALE,BLACK,apr2016,,,S0,S,0,1
