COMPLAINT_NUMBER,BEAT,STREET,ADDRESS,LOCATION_CODE,INCIDENT_TIME_START,INCIDENT_TIME_END,NOTIFICATION_DATE,ACCSUEDOFFICER_FNAME,ACCUSEDOFFICER_LNAME,ACCUSED_STAR,ACCUSED_UNIT,ACCUSED_DETAIL,ACCUSED_APPOINTMENT_DATE,ACCUSED_POSITION,INITIAL_CATEGORY_CODE,INITIAL_CATEGORY,CURRENT_CATEGORY_CODE,CURRENT_CATEGORY,CURRENT_STATUS,FINDING_CODE,INVOLVED_OFFICER_LNAME,INVOLVED_OFFICER_FNAME,INVOLVED_OFFICER_UNIT,INVOLVED_OFFICER_DETAIL,INVOLVED_OFFICER_POSITION,INVOLVED_OFFICER_AGE,INVOLVED_OFFICER_SEX,INVOLVED_OFFICER_RACE,foia,INVOLVED_OFFICER_DESCRIPTION,INVOLVED_OFFICER_TYPE,start_code_2,start_code_1,rec,sum_rec
1053891,531,VERNON AVE,11139,APARTMENT,02may2012 09:59:59,02may2012 11:00:00,09may2012,RONALD,LIS,19106,005,,02dec1996,POLICE OFFICER,S001,CLOSED HAND STRIKE (PUNCH),05A,EXCESSIVE FORCE / ON DUTY - INJURY,CLOSED/FINAL,UNFOUNDED,HARRIS,JAMESHA,,,UNKNOWN,23,FEMALE,BLACK,apr2016,,,S0,S,0,1
1053891,531,VERNON AVE,11139,APARTMENT,02may2012 09:59:59,02may2012 11:00:00,09may2012,,,,,,,,S001,CLOSED HAND STRIKE (PUNCH),05A,EXCESSIVE FORCE / ON DUTY - INJURY,CLOSED/FINAL,UNFOUNDED,HARRIS,JAMESHA,,,UNKNOWN,23,FEMALE,BLACK,apr2016,,,S0,S,0,1
1053891,531,VERNON AVE,11139,APARTMENT,02may2012 09:59:59,02may2012 11:00:00,09may2012,LAWRENCE,LYNCH,949,005,,17nov1986,SERGEANT OF POLICE,S001,CLOSED HAND STRIKE (PUNCH),05A,EXCESSIVE FORCE / ON DUTY - INJURY,CLOSED/FINAL,UNFOUNDED,GLOVER,CHAVELL,,,UNKNOWN,23,MALE,BLACK,apr2016,,,S0,S,0,1
1053891,531,VERNON AVE,11139,APARTMENT,02may2012 09:59:59,02may2012 11:00:00,09may2012,RONALD,LIS,19106,005,,02dec1996,POLICE OFFICER,S001,CLOSED HAND STRIKE (PUNCH),05A,EXCESSIVE FORCE / ON DUTY - INJURY,CLOSED/FINAL,UNFOUNDED,GLOVER,CHAVELL,,,UNKNOWN,23,MALE,BLACK,apr2016,,,S0,S,0,1
1053891,531,VERNON AVE,11139,APARTMENT,02may2012 09:59:59,02may2012 11:00:00,09may2012,SUSAN,WILLIAMS,3036,005,,16mar1998,POLICE OFFICER,S001,CLOSED HAND STRIKE (PUNCH),05A,EXCESSIVE FORCE / ON DUTY - INJURY,CLOSED/FINAL,UNFOUNDED,HARRIS,JAMESHA,,,UNKNOWN,23,FEMALE,BLACK,apr2016,,,S0,S,0,1
1053891,531,VERNON AVE,11139,APARTMENT,02may2012 09:59:59,02may2012 11:00:00,09may2012,,,,,,,,S001,CLOSED HAND STRIKE (PUNCH),05A,EXCESSIVE FORCE / ON DUTY - INJURY,CLOSED/FINAL,UNFOUNDED,GLOVER,CHAVELL,,,UNKNOWN,23,MALE,BLACK,apr2016,,,S0,S,0,1
1053891,531,VERNON AVE,11139,APARTMENT,02may2012 09:59:59,02may2012 11:00:00,09may2012,LAWRENCE,LYNCH,949,005,,17nov1986,SERGEANT OF POLICE,S001,CLOSED HAND STRIKE (PUNCH),05A,EXCESSIVE FORCE / ON DUTY - INJURY,CLOSED/FINAL,UNFOUNDED,HARRIS,JAMESHA,,,UNKNOWN,23,FEMALE,BLACK,apr2016,,,S0,S,0,1
1053891,531,VERNON AVE,11139,APARTMENT,02may2012 09:59:59,02may2012 11:00:00,09may2012,SUSAN,WILLIAMS,3036,005,,16mar1998,POLICE OFFICER,S001,CLOSED HAND STRIKE (PUNCH),05A,EXCESSIVE FORCE / ON DUTY - INJURY,CLOSED/FINAL,UNFOUNDED,GLOVER,CHAVELL,,,UNKNOWN,23,MALE,BLACK,apr2016,,,S0,S,0,1
