COMPLAINT_NUMBER,BEAT,STREET,ADDRESS,LOCATION_CODE,INCIDENT_TIME_START,INCIDENT_TIME_END,NOTIFICATION_DATE,ACCSUEDOFFICER_FNAME,ACCUSEDOFFICER_LNAME,ACCUSED_STAR,ACCUSED_UNIT,ACCUSED_DETAIL,ACCUSED_APPOINTMENT_DATE,ACCUSED_POSITION,INITIAL_CATEGORY_CODE,INITIAL_CATEGORY,CURRENT_CATEGORY_CODE,CURRENT_CATEGORY,CURRENT_STATUS,FINDING_CODE,INVOLVED_OFFICER_LNAME,INVOLVED_OFFICER_FNAME,INVOLVED_OFFICER_UNIT,INVOLVED_OFFICER_DETAIL,INVOLVED_OFFICER_POSITION,INVOLVED_OFFICER_AGE,INVOLVED_OFFICER_SEX,INVOLVED_OFFICER_RACE,foia,INVOLVED_OFFICER_DESCRIPTION,INVOLVED_OFFICER_TYPE,start_code_2,start_code_1,rec,sum_rec
1058767,3100,CICERO,7900,GAS STATION,02dec2012 19:31:00,02dec2012 19:31:00,02dec2012,RICHARD,RIZZO,17012,011,376,04aug1997,POLICE OFFICER,S109,INJURY,S110,NO INJURY,CLOSED/FINAL,NOT SUSTAINED,VUCKOVICH,AMY,,,,30,FEMALE,WHITE,apr2016,,,S1,S,0,1
1058767,3100,CICERO,7900,GAS STATION,02dec2012 19:31:00,02dec2012 19:31:00,02dec2012,RICHARD,RIZZO,17012,011,376,04aug1997,POLICE OFFICER,S109,INJURY,S110,NO INJURY,CLOSED/FINAL,UNFOUNDED,SZCZECH,MICHELLE,,,UNKNOWN,40,FEMALE,WHITE,apr2016,,,S1,S,0,1
1058767,3100,CICERO,7900,GAS STATION,02dec2012 19:31:00,02dec2012 19:31:00,02dec2012,RICHARD,RIZZO,17012,011,376,04aug1997,POLICE OFFICER,S109,INJURY,S110,NO INJURY,CLOSED/FINAL,NOT SUSTAINED,SZCZECH,MICHELLE,,,UNKNOWN,40,FEMALE,WHITE,apr2016,,,S1,S,0,1
1058767,3100,CICERO,7900,GAS STATION,02dec2012 19:31:00,02dec2012 19:31:00,02dec2012,RICHARD,RIZZO,17012,011,376,04aug1997,POLICE OFFICER,S109,INJURY,S110,NO INJURY,CLOSED/FINAL,SUSTAINED,SZCZECH,MICHELLE,,,UNKNOWN,40,FEMALE,WHITE,apr2016,,,S1,S,0,1
1058767,3100,CICERO,7900,GAS STATION,02dec2012 19:31:00,02dec2012 19:31:00,02dec2012,RICHARD,RIZZO,17012,011,376,04aug1997,POLICE OFFICER,S109,INJURY,S110,NO INJURY,CLOSED/FINAL,SUSTAINED,SZCZECH,MICHELLE,,,UNKNOWN,38,FEMALE,WHITE,apr2016,,,S1,S,0,1
1058767,3100,CICERO,7900,GAS STATION,02dec2012 19:31:00,02dec2012 19:31:00,02dec2012,RICHARD,RIZZO,17012,011,376,04aug1997,POLICE OFFICER,S109,INJURY,S110,NO INJURY,CLOSED/FINAL,SUSTAINED,VUCKOVICH,AMY,,,,30,FEMALE,WHITE,apr2016,,,S1,S,0,1
1058767,3100,CICERO,7900,GAS STATION,02dec2012 19:31:00,02dec2012 19:31:00,02dec2012,RICHARD,RIZZO,17012,011,376,04aug1997,POLICE OFFICER,S109,INJURY,S110,NO INJURY,CLOSED/FINAL,NOT SUSTAINED,SZCZECH,MICHELLE,,,UNKNOWN,38,FEMALE,WHITE,apr2016,,,S1,S,0,1
1058767,3100,CICERO,7900,GAS STATION,02dec2012 19:31:00,02dec2012 19:31:00,02dec2012,RICHARD,RIZZO,17012,011,376,04aug1997,POLICE OFFICER,S109,INJURY,S110,NO INJURY,CLOSED/FINAL,UNFOUNDED,SZCZECH,MICHELLE,,,UNKNOWN,38,FEMALE,WHITE,apr2016,,,S1,S,0,1
1058767,3100,CICERO,7900,GAS STATION,02dec2012 19:31:00,02dec2012 19:31:00,02dec2012,RICHARD,RIZZO,17012,011,376,04aug1997,POLICE OFFICER,S109,INJURY,S110,NO INJURY,CLOSED/FINAL,UNFOUNDED,VUCKOVICH,AMY,,,,30,FEMALE,WHITE,apr2016,,,S1,S,0,1
