COMPLAINT_NUMBER,BEAT,STREET,ADDRESS,LOCATION_CODE,INCIDENT_TIME_START,INCIDENT_TIME_END,NOTIFICATION_DATE,ACCSUEDOFFICER_FNAME,ACCUSEDOFFICER_LNAME,ACCUSED_STAR,ACCUSED_UNIT,ACCUSED_DETAIL,ACCUSED_APPOINTMENT_DATE,ACCUSED_POSITION,INITIAL_CATEGORY_CODE,INITIAL_CATEGORY,CURRENT_CATEGORY_CODE,CURRENT_CATEGORY,CURRENT_STATUS,FINDING_CODE,INVOLVED_OFFICER_LNAME,INVOLVED_OFFICER_FNAME,INVOLVED_OFFICER_UNIT,INVOLVED_OFFICER_DETAIL,INVOLVED_OFFICER_POSITION,INVOLVED_OFFICER_AGE,INVOLVED_OFFICER_SEX,INVOLVED_OFFICER_RACE,foia,INVOLVED_OFFICER_DESCRIPTION,INVOLVED_OFFICER_TYPE,start_code_2,start_code_1,rec,sum_rec
1060084,1513,MADISON ST,5701,POLICE FACILITY/VEH PARKING LOT,11feb2013 18:30:00,11feb2013 18:30:00,11feb2013,,PICKETT,19335,015,,16mar1998,POLICE OFFICER,05A,EXCESSIVE FORCE / ON DUTY - INJURY,05Z,MISCELLANEOUS,CLOSED/FINAL,UNFOUNDED,THOMAS,DARLENE,015,,POLICE OFFICER,,FEMALE,BLACK,apr2016,,,05,0,0,1
1060084,1513,MADISON ST,5701,POLICE FACILITY/VEH PARKING LOT,11feb2013 18:30:00,11feb2013 18:30:00,11feb2013,,PICKETT,19335,015,,16mar1998,POLICE OFFICER,05A,EXCESSIVE FORCE / ON DUTY - INJURY,05Z,MISCELLANEOUS,CLOSED/FINAL,UNFOUNDED,WILLIAMS,MICHELLE,,,UNKNOWN,39,FEMALE,BLACK,apr2016,,,05,0,0,1
1060084,1513,MADISON ST,5701,POLICE FACILITY/VEH PARKING LOT,11feb2013 18:30:00,11feb2013 18:30:00,11feb2013,,,,,,,,05A,EXCESSIVE FORCE / ON DUTY - INJURY,05Z,MISCELLANEOUS,CLOSED/FINAL,UNFOUNDED,JOHNSON,QUANTINA,,,UNKNOWN,38,FEMALE,BLACK,apr2016,,,05,0,0,1
1060084,1513,MADISON ST,5701,POLICE FACILITY/VEH PARKING LOT,11feb2013 18:30:00,11feb2013 18:30:00,11feb2013,,,,,,,,05A,EXCESSIVE FORCE / ON DUTY - INJURY,05Z,MISCELLANEOUS,CLOSED/FINAL,UNFOUNDED,WILLIAMS,MICHELLE,,,UNKNOWN,39,FEMALE,BLACK,apr2016,,,05,0,0,1
1060084,1513,MADISON ST,5701,POLICE FACILITY/VEH PARKING LOT,11feb2013 18:30:00,11feb2013 18:30:00,11feb2013,,,,,,,,05A,EXCESSIVE FORCE / ON DUTY - INJURY,05Z,MISCELLANEOUS,CLOSED/FINAL,UNFOUNDED,THOMAS,DARLENE,015,,POLICE OFFICER,,FEMALE,BLACK,apr2016,,,05,0,0,1
1060084,1513,MADISON ST,5701,POLICE FACILITY/VEH PARKING LOT,11feb2013 18:30:00,11feb2013 18:30:00,11feb2013,,PICKETT,19335,015,,16mar1998,POLICE OFFICER,05A,EXCESSIVE FORCE / ON DUTY - INJURY,05Z,MISCELLANEOUS,CLOSED/FINAL,UNFOUNDED,JOHNSON,QUANTINA,,,UNKNOWN,38,FEMALE,BLACK,apr2016,,,05,0,0,1
1060084,1513,MADISON ST,5701,POLICE FACILITY/VEH PARKING LOT,11feb2013 18:30:00,11feb2013 18:30:00,11feb2013,,,,,,,,05A,EXCESSIVE FORCE / ON DUTY - INJURY,05Z,MISCELLANEOUS,CLOSED/FINAL,UNFOUNDED,RILES,SHARDEJA,,,UNKNOWN,22,FEMALE,BLACK,apr2016,,,05,0,0,1
1060084,1513,MADISON ST,5701,POLICE FACILITY/VEH PARKING LOT,11feb2013 18:30:00,11feb2013 18:30:00,11feb2013,,PICKETT,19335,015,,16mar1998,POLICE OFFICER,05A,EXCESSIVE FORCE / ON DUTY - INJURY,05Z,MISCELLANEOUS,CLOSED/FINAL,UNFOUNDED,RILES,SHARDEJA,,,UNKNOWN,22,FEMALE,BLACK,apr2016,,,05,0,0,1
