COMPLAINT_NUMBER,BEAT,STREET,ADDRESS,LOCATION_CODE,INCIDENT_TIME_START,INCIDENT_TIME_END,NOTIFICATION_DATE,ACCSUEDOFFICER_FNAME,ACCUSEDOFFICER_LNAME,ACCUSED_STAR,ACCUSED_UNIT,ACCUSED_DETAIL,ACCUSED_APPOINTMENT_DATE,ACCUSED_POSITION,INITIAL_CATEGORY_CODE,INITIAL_CATEGORY,CURRENT_CATEGORY_CODE,CURRENT_CATEGORY,CURRENT_STATUS,FINDING_CODE,INVOLVED_OFFICER_LNAME,INVOLVED_OFFICER_FNAME,INVOLVED_OFFICER_UNIT,INVOLVED_OFFICER_DETAIL,INVOLVED_OFFICER_POSITION,INVOLVED_OFFICER_AGE,INVOLVED_OFFICER_SEX,INVOLVED_OFFICER_RACE,foia,INVOLVED_OFFICER_DESCRIPTION,INVOLVED_OFFICER_TYPE,start_code_2,start_code_1,rec,sum_rec
1054996,2011,LINCOLN AVE,5400,POLICE FACILITY/VEH PARKING LOT,23jun2012 03:00:00,23jun2012 03:00:00,23jun2012,,,,,,,,05B,EXCESSIVE FORCE / ON DUTY - NO INJURY,S121,HANDCUFF TOO TIGHT,CLOSED/FINAL,UNFOUNDED,NACEEF,JOSEPH,,,UNKNOWN,26,MALE,WHITE HISPANIC,apr2016,,,05,0,0,1
1054996,2011,LINCOLN AVE,5400,POLICE FACILITY/VEH PARKING LOT,23jun2012 03:00:00,23jun2012 03:00:00,23jun2012,CHRIS,MALECKI,12031,020,,04aug1997,POLICE OFFICER,05B,EXCESSIVE FORCE / ON DUTY - NO INJURY,S121,HANDCUFF TOO TIGHT,CLOSED/FINAL,NOT SUSTAINED,LARDINO,DANIEL,020,,POLICE OFFICER,,MALE,WHITE,apr2016,,,05,0,0,1
1054996,2011,LINCOLN AVE,5400,POLICE FACILITY/VEH PARKING LOT,23jun2012 03:00:00,23jun2012 03:00:00,23jun2012,CHRIS,MALECKI,12031,020,,04aug1997,POLICE OFFICER,05B,EXCESSIVE FORCE / ON DUTY - NO INJURY,S121,HANDCUFF TOO TIGHT,CLOSED/FINAL,NOT SUSTAINED,NACEEF,JOSEPH,,,UNKNOWN,26,MALE,WHITE HISPANIC,apr2016,,,05,0,0,1
1054996,2011,LINCOLN AVE,5400,POLICE FACILITY/VEH PARKING LOT,23jun2012 03:00:00,23jun2012 03:00:00,23jun2012,CHRIS,MALECKI,12031,020,,04aug1997,POLICE OFFICER,05B,EXCESSIVE FORCE / ON DUTY - NO INJURY,S121,HANDCUFF TOO TIGHT,CLOSED/FINAL,NOT SUSTAINED,RICE,ANTHONY,020,,DETENTION AIDE,,MALE,WHITE HISPANIC,apr2016,,,05,0,0,1
1054996,2011,LINCOLN AVE,5400,POLICE FACILITY/VEH PARKING LOT,23jun2012 03:00:00,23jun2012 03:00:00,23jun2012,,,,,,,,05B,EXCESSIVE FORCE / ON DUTY - NO INJURY,S121,HANDCUFF TOO TIGHT,CLOSED/FINAL,UNFOUNDED,SLOWIK,PETE,020,,DETENTION AIDE,,MALE,WHITE,apr2016,,,05,0,0,1
1054996,2011,LINCOLN AVE,5400,POLICE FACILITY/VEH PARKING LOT,23jun2012 03:00:00,23jun2012 03:00:00,23jun2012,,,,,,,,05B,EXCESSIVE FORCE / ON DUTY - NO INJURY,S121,HANDCUFF TOO TIGHT,CLOSED/FINAL,UNFOUNDED,LARDINO,DANIEL,020,,POLICE OFFICER,,MALE,WHITE,apr2016,,,05,0,0,1
1054996,2011,LINCOLN AVE,5400,POLICE FACILITY/VEH PARKING LOT,23jun2012 03:00:00,23jun2012 03:00:00,23jun2012,CHRIS,MALECKI,12031,020,,04aug1997,POLICE OFFICER,05B,EXCESSIVE FORCE / ON DUTY - NO INJURY,S121,HANDCUFF TOO TIGHT,CLOSED/FINAL,NOT SUSTAINED,SLOWIK,PETE,020,,DETENTION AIDE,,MALE,WHITE,apr2016,,,05,0,0,1
1054996,2011,LINCOLN AVE,5400,POLICE FACILITY/VEH PARKING LOT,23jun2012 03:00:00,23jun2012 03:00:00,23jun2012,,,,,,,,05B,EXCESSIVE FORCE / ON DUTY - NO INJURY,S121,HANDCUFF TOO TIGHT,CLOSED/FINAL,UNFOUNDED,RICE,ANTHONY,020,,DETENTION AIDE,,MALE,WHITE HISPANIC,apr2016,,,05,0,0,1
