COMPLAINT_NUMBER,BEAT,STREET,ADDRESS,LOCATION_CODE,INCIDENT_TIME_START,INCIDENT_TIME_END,NOTIFICATION_DATE,ACCSUEDOFFICER_FNAME,ACCUSEDOFFICER_LNAME,ACCUSED_STAR,ACCUSED_UNIT,ACCUSED_DETAIL,ACCUSED_APPOINTMENT_DATE,ACCUSED_POSITION,INITIAL_CATEGORY_CODE,INITIAL_CATEGORY,CURRENT_CATEGORY_CODE,CURRENT_CATEGORY,CURRENT_STATUS,FINDING_CODE,INVOLVED_OFFICER_LNAME,INVOLVED_OFFICER_FNAME,INVOLVED_OFFICER_UNIT,INVOLVED_OFFICER_DETAIL,INVOLVED_OFFICER_POSITION,INVOLVED_OFFICER_AGE,INVOLVED_OFFICER_SEX,INVOLVED_OFFICER_RACE,foia,INVOLVED_OFFICER_DESCRIPTION,INVOLVED_OFFICER_TYPE,start_code_2,start_code_1,rec,sum_rec
1057277,1822,LARRABEE ST,1160,POLICE FACILITY/VEH PARKING LOT,23sep2012 12:30:00,23sep2012 12:30:00,23sep2012,,,,,,,,01B,"RACIAL / ETHNIC, ETC.",01B,"RACIAL / ETHNIC, ETC.",CLOSED/FINAL,NOT SUSTAINED,KATICH,SKIP,313,,POLICE OFFICER,,MALE,WHITE,apr2016,,,01,0,0,1
1057277,1822,LARRABEE ST,1160,POLICE FACILITY/VEH PARKING LOT,23sep2012 12:30:00,23sep2012 12:30:00,23sep2012,TRACIE,SHEEHAN,15427,018,,04oct1999,POLICE OFFICER,01B,"RACIAL / ETHNIC, ETC.",01B,"RACIAL / ETHNIC, ETC.",CLOSED/FINAL,EXONERATED,STAMPS,JUSTICE ,,,UNKNOWN,41,FEMALE,BLACK,apr2016,,,01,0,0,1
1057277,1822,LARRABEE ST,1160,POLICE FACILITY/VEH PARKING LOT,23sep2012 12:30:00,23sep2012 12:30:00,23sep2012,,,,,,,,01B,"RACIAL / ETHNIC, ETC.",01B,"RACIAL / ETHNIC, ETC.",CLOSED/FINAL,EXONERATED,STAMPS,JUSTICE ,,,UNKNOWN,41,FEMALE,BLACK,apr2016,,,01,0,0,1
1057277,1822,LARRABEE ST,1160,POLICE FACILITY/VEH PARKING LOT,23sep2012 12:30:00,23sep2012 12:30:00,23sep2012,TIMOTHY,WESTBROOKS,16446,393,313,14dec1998,POLICE OFFICER,01B,"RACIAL / ETHNIC, ETC.",01B,"RACIAL / ETHNIC, ETC.",CLOSED/FINAL,EXONERATED,KATICH,SKIP,313,,POLICE OFFICER,,MALE,WHITE,apr2016,,,01,0,0,1
1057277,1822,LARRABEE ST,1160,POLICE FACILITY/VEH PARKING LOT,23sep2012 12:30:00,23sep2012 12:30:00,23sep2012,,,,,,,,01B,"RACIAL / ETHNIC, ETC.",01B,"RACIAL / ETHNIC, ETC.",CLOSED/FINAL,NOT SUSTAINED,STAMPS,JUSTICE ,,,UNKNOWN,41,FEMALE,BLACK,apr2016,,,01,0,0,1
1057277,1822,LARRABEE ST,1160,POLICE FACILITY/VEH PARKING LOT,23sep2012 12:30:00,23sep2012 12:30:00,23sep2012,TRACIE,SHEEHAN,15427,018,,04oct1999,POLICE OFFICER,01B,"RACIAL / ETHNIC, ETC.",01B,"RACIAL / ETHNIC, ETC.",CLOSED/FINAL,EXONERATED,KATICH,SKIP,313,,POLICE OFFICER,,MALE,WHITE,apr2016,,,01,0,0,1
1057277,1822,LARRABEE ST,1160,POLICE FACILITY/VEH PARKING LOT,23sep2012 12:30:00,23sep2012 12:30:00,23sep2012,TRACIE,SHEEHAN,15427,018,,04oct1999,POLICE OFFICER,01B,"RACIAL / ETHNIC, ETC.",01B,"RACIAL / ETHNIC, ETC.",CLOSED/FINAL,NOT SUSTAINED,STAMPS,JUSTICE ,,,UNKNOWN,41,FEMALE,BLACK,apr2016,,,01,0,0,1
1057277,1822,LARRABEE ST,1160,POLICE FACILITY/VEH PARKING LOT,23sep2012 12:30:00,23sep2012 12:30:00,23sep2012,TIMOTHY,WESTBROOKS,16446,393,313,14dec1998,POLICE OFFICER,01B,"RACIAL / ETHNIC, ETC.",01B,"RACIAL / ETHNIC, ETC.",CLOSED/FINAL,UNFOUNDED,KATICH,SKIP,313,,POLICE OFFICER,,MALE,WHITE,apr2016,,,01,0,0,1
1057277,1822,LARRABEE ST,1160,POLICE FACILITY/VEH PARKING LOT,23sep2012 12:30:00,23sep2012 12:30:00,23sep2012,TRACIE,SHEEHAN,15427,018,,04oct1999,POLICE OFFICER,01B,"RACIAL / ETHNIC, ETC.",01B,"RACIAL / ETHNIC, ETC.",CLOSED/FINAL,NOT SUSTAINED,KATICH,SKIP,313,,POLICE OFFICER,,MALE,WHITE,apr2016,,,01,0,0,1
1057277,1822,LARRABEE ST,1160,POLICE FACILITY/VEH PARKING LOT,23sep2012 12:30:00,23sep2012 12:30:00,23sep2012,TIMOTHY,WESTBROOKS,16446,393,313,14dec1998,POLICE OFFICER,01B,"RACIAL / ETHNIC, ETC.",01B,"RACIAL / ETHNIC, ETC.",CLOSED/FINAL,EXONERATED,STAMPS,JUSTICE ,,,UNKNOWN,41,FEMALE,BLACK,apr2016,,,01,0,0,1
1057277,1822,LARRABEE ST,1160,POLICE FACILITY/VEH PARKING LOT,23sep2012 12:30:00,23sep2012 12:30:00,23sep2012,TIMOTHY,WESTBROOKS,16446,393,313,14dec1998,POLICE OFFICER,01B,"RACIAL / ETHNIC, ETC.",01B,"RACIAL / ETHNIC, ETC.",CLOSED/FINAL,UNFOUNDED,STAMPS,JUSTICE ,,,UNKNOWN,41,FEMALE,BLACK,apr2016,,,01,0,0,1
1057277,1822,LARRABEE ST,1160,POLICE FACILITY/VEH PARKING LOT,23sep2012 12:30:00,23sep2012 12:30:00,23sep2012,,,,,,,,01B,"RACIAL / ETHNIC, ETC.",01B,"RACIAL / ETHNIC, ETC.",CLOSED/FINAL,EXONERATED,KATICH,SKIP,313,,POLICE OFFICER,,MALE,WHITE,apr2016,,,01,0,1,1
