COMPLAINT_NUMBER,BEAT,STREET,ADDRESS,LOCATION_CODE,INCIDENT_TIME_START,INCIDENT_TIME_END,NOTIFICATION_DATE,ACCSUEDOFFICER_FNAME,ACCUSEDOFFICER_LNAME,ACCUSED_STAR,ACCUSED_UNIT,ACCUSED_DETAIL,ACCUSED_APPOINTMENT_DATE,ACCUSED_POSITION,INITIAL_CATEGORY_CODE,INITIAL_CATEGORY,CURRENT_CATEGORY_CODE,CURRENT_CATEGORY,CURRENT_STATUS,FINDING_CODE,INVOLVED_OFFICER_LNAME,INVOLVED_OFFICER_FNAME,INVOLVED_OFFICER_UNIT,INVOLVED_OFFICER_DETAIL,INVOLVED_OFFICER_POSITION,INVOLVED_OFFICER_AGE,INVOLVED_OFFICER_SEX,INVOLVED_OFFICER_RACE,foia,INVOLVED_OFFICER_DESCRIPTION,INVOLVED_OFFICER_TYPE,start_code_2,start_code_1,rec,sum_rec
1053571,1121,KEDZIE AVE,800,PARKING LOT/GARAGE(NON.RESID.),19apr2012 15:30:00,19apr2012 15:30:00,25apr2012,ARTHUR,CARLSON,11870,024,011,05dec2005,POLICE OFFICER,05A,EXCESSIVE FORCE / ON DUTY - INJURY,S002,OPEN HAND STRIKE (SLAP),CLOSED/FINAL,NOT SUSTAINED,CHRISTOPHER,JOSEPHINE,011,,POLICE OFFICER,,FEMALE,WHITE,apr2016,,,05,0,0,1
1053571,1121,KEDZIE AVE,800,PARKING LOT/GARAGE(NON.RESID.),19apr2012 15:30:00,19apr2012 15:30:00,25apr2012,SEAN,FLYNN,3926,011,,29may2001,POLICE OFFICER,05A,EXCESSIVE FORCE / ON DUTY - INJURY,S002,OPEN HAND STRIKE (SLAP),CLOSED/FINAL,NOT SUSTAINED,HOLLER,JOEL,011,,POLICE OFFICER,,MALE,WHITE,apr2016,,,05,0,0,1
1053571,1121,KEDZIE AVE,800,PARKING LOT/GARAGE(NON.RESID.),19apr2012 15:30:00,19apr2012 15:30:00,25apr2012,SEAN,FLYNN,3926,011,,29may2001,POLICE OFFICER,05A,EXCESSIVE FORCE / ON DUTY - INJURY,S002,OPEN HAND STRIKE (SLAP),CLOSED/FINAL,NOT SUSTAINED,BURGOS,LYNDA,011,,POLICE OFFICER,,FEMALE,SPANISH (DO NOT USE),apr2016,,,05,0,0,1
1053571,1121,KEDZIE AVE,800,PARKING LOT/GARAGE(NON.RESID.),19apr2012 15:30:00,19apr2012 15:30:00,25apr2012,SEAN,FLYNN,3926,011,,29may2001,POLICE OFFICER,05A,EXCESSIVE FORCE / ON DUTY - INJURY,S002,OPEN HAND STRIKE (SLAP),CLOSED/FINAL,NOT SUSTAINED,CHRISTOPHER,JOSEPHINE,011,,POLICE OFFICER,,FEMALE,WHITE,apr2016,,,05,0,0,1
1053571,1121,KEDZIE AVE,800,PARKING LOT/GARAGE(NON.RESID.),19apr2012 15:30:00,19apr2012 15:30:00,25apr2012,SEAN,FLYNN,3926,011,,29may2001,POLICE OFFICER,05A,EXCESSIVE FORCE / ON DUTY - INJURY,S002,OPEN HAND STRIKE (SLAP),CLOSED/FINAL,NOT SUSTAINED,LENOW,ANTONIO,,,,40,MALE,BLACK,apr2016,,,05,0,0,1
1053571,1121,KEDZIE AVE,800,PARKING LOT/GARAGE(NON.RESID.),19apr2012 15:30:00,19apr2012 15:30:00,25apr2012,SEAN,FLYNN,3926,011,,29may2001,POLICE OFFICER,05A,EXCESSIVE FORCE / ON DUTY - INJURY,S002,OPEN HAND STRIKE (SLAP),CLOSED/FINAL,NOT SUSTAINED,MAUREEDULLAH,ABDUL,,,UNKNOWN,,MALE,BLACK,apr2016,,,05,0,0,1
1053571,1121,KEDZIE AVE,800,PARKING LOT/GARAGE(NON.RESID.),19apr2012 15:30:00,19apr2012 15:30:00,25apr2012,,,,,,,,05A,EXCESSIVE FORCE / ON DUTY - INJURY,S002,OPEN HAND STRIKE (SLAP),CLOSED/FINAL,NOT SUSTAINED,CHRISTOPHER,JOSEPHINE,011,,POLICE OFFICER,,FEMALE,WHITE,apr2016,,,05,0,0,1
1053571,1121,KEDZIE AVE,800,PARKING LOT/GARAGE(NON.RESID.),19apr2012 15:30:00,19apr2012 15:30:00,25apr2012,,,,,,,,05A,EXCESSIVE FORCE / ON DUTY - INJURY,S002,OPEN HAND STRIKE (SLAP),CLOSED/FINAL,NOT SUSTAINED,BURGOS,LYNDA,011,,POLICE OFFICER,,FEMALE,SPANISH (DO NOT USE),apr2016,,,05,0,0,1
1053571,1121,KEDZIE AVE,800,PARKING LOT/GARAGE(NON.RESID.),19apr2012 15:30:00,19apr2012 15:30:00,25apr2012,ARTHUR,CARLSON,11870,024,011,05dec2005,POLICE OFFICER,05A,EXCESSIVE FORCE / ON DUTY - INJURY,S002,OPEN HAND STRIKE (SLAP),CLOSED/FINAL,NOT SUSTAINED,BURGOS,LYNDA,011,,POLICE OFFICER,,FEMALE,SPANISH (DO NOT USE),apr2016,,,05,0,0,1
1053571,1121,KEDZIE AVE,800,PARKING LOT/GARAGE(NON.RESID.),19apr2012 15:30:00,19apr2012 15:30:00,25apr2012,,,,,,,,05A,EXCESSIVE FORCE / ON DUTY - INJURY,S002,OPEN HAND STRIKE (SLAP),CLOSED/FINAL,NOT SUSTAINED,LENOW,ANTONIO,,,,40,MALE,BLACK,apr2016,,,05,0,0,1
1053571,1121,KEDZIE AVE,800,PARKING LOT/GARAGE(NON.RESID.),19apr2012 15:30:00,19apr2012 15:30:00,25apr2012,SEAN,FLYNN,3926,011,,29may2001,POLICE OFFICER,05A,EXCESSIVE FORCE / ON DUTY - INJURY,S002,OPEN HAND STRIKE (SLAP),CLOSED/FINAL,NOT SUSTAINED,CARROLL,JAMES,610,,PO AS DETECTIVE,,MALE,WHITE,apr2016,,,05,0,0,1
1053571,1121,KEDZIE AVE,800,PARKING LOT/GARAGE(NON.RESID.),19apr2012 15:30:00,19apr2012 15:30:00,25apr2012,ARTHUR,CARLSON,11870,024,011,05dec2005,POLICE OFFICER,05A,EXCESSIVE FORCE / ON DUTY - INJURY,S002,OPEN HAND STRIKE (SLAP),CLOSED/FINAL,NOT SUSTAINED,LENOW,ANTONIO,,,,40,MALE,BLACK,apr2016,,,05,0,0,1
1053571,1121,KEDZIE AVE,800,PARKING LOT/GARAGE(NON.RESID.),19apr2012 15:30:00,19apr2012 15:30:00,25apr2012,ARTHUR,CARLSON,11870,024,011,05dec2005,POLICE OFFICER,05A,EXCESSIVE FORCE / ON DUTY - INJURY,S002,OPEN HAND STRIKE (SLAP),CLOSED/FINAL,NOT SUSTAINED,CARROLL,JAMES,610,,PO AS DETECTIVE,,MALE,WHITE,apr2016,,,05,0,0,1
1053571,1121,KEDZIE AVE,800,PARKING LOT/GARAGE(NON.RESID.),19apr2012 15:30:00,19apr2012 15:30:00,25apr2012,,,,,,,,05A,EXCESSIVE FORCE / ON DUTY - INJURY,S002,OPEN HAND STRIKE (SLAP),CLOSED/FINAL,NOT SUSTAINED,HOLLER,JOEL,011,,POLICE OFFICER,,MALE,WHITE,apr2016,,,05,0,0,1
1053571,1121,KEDZIE AVE,800,PARKING LOT/GARAGE(NON.RESID.),19apr2012 15:30:00,19apr2012 15:30:00,25apr2012,ARTHUR,CARLSON,11870,024,011,05dec2005,POLICE OFFICER,05A,EXCESSIVE FORCE / ON DUTY - INJURY,S002,OPEN HAND STRIKE (SLAP),CLOSED/FINAL,NOT SUSTAINED,HOLLER,JOEL,011,,POLICE OFFICER,,MALE,WHITE,apr2016,,,05,0,0,1
1053571,1121,KEDZIE AVE,800,PARKING LOT/GARAGE(NON.RESID.),19apr2012 15:30:00,19apr2012 15:30:00,25apr2012,ARTHUR,CARLSON,11870,024,011,05dec2005,POLICE OFFICER,05A,EXCESSIVE FORCE / ON DUTY - INJURY,S002,OPEN HAND STRIKE (SLAP),CLOSED/FINAL,NOT SUSTAINED,MAUREEDULLAH,ABDUL,,,UNKNOWN,,MALE,BLACK,apr2016,,,05,0,0,1
1053571,1121,KEDZIE AVE,800,PARKING LOT/GARAGE(NON.RESID.),19apr2012 15:30:00,19apr2012 15:30:00,25apr2012,,,,,,,,05A,EXCESSIVE FORCE / ON DUTY - INJURY,S002,OPEN HAND STRIKE (SLAP),CLOSED/FINAL,NOT SUSTAINED,CARROLL,JAMES,610,,PO AS DETECTIVE,,MALE,WHITE,apr2016,,,05,0,0,1
1053571,1121,KEDZIE AVE,800,PARKING LOT/GARAGE(NON.RESID.),19apr2012 15:30:00,19apr2012 15:30:00,25apr2012,,,,,,,,05A,EXCESSIVE FORCE / ON DUTY - INJURY,S002,OPEN HAND STRIKE (SLAP),CLOSED/FINAL,NOT SUSTAINED,MAUREEDULLAH,ABDUL,,,UNKNOWN,,MALE,BLACK,apr2016,,,05,0,0,1
