COMPLAINT_NUMBER,BEAT,STREET,ADDRESS,LOCATION_CODE,INCIDENT_TIME_START,INCIDENT_TIME_END,NOTIFICATION_DATE,ACCSUEDOFFICER_FNAME,ACCUSEDOFFICER_LNAME,ACCUSED_STAR,ACCUSED_UNIT,ACCUSED_DETAIL,ACCUSED_APPOINTMENT_DATE,ACCUSED_POSITION,INITIAL_CATEGORY_CODE,INITIAL_CATEGORY,CURRENT_CATEGORY_CODE,CURRENT_CATEGORY,CURRENT_STATUS,FINDING_CODE,INVOLVED_OFFICER_LNAME,INVOLVED_OFFICER_FNAME,INVOLVED_OFFICER_UNIT,INVOLVED_OFFICER_DETAIL,INVOLVED_OFFICER_POSITION,INVOLVED_OFFICER_AGE,INVOLVED_OFFICER_SEX,INVOLVED_OFFICER_RACE,foia,INVOLVED_OFFICER_DESCRIPTION,INVOLVED_OFFICER_TYPE,start_code_2,start_code_1,rec,sum_rec
1062195,532,BRAYTON ST,26,STREET,13may2013 22:37:00,13may2013 22:37:00,14may2013,,,,,,,,S117,PUSH/PULL/GRAB,05A,EXCESSIVE FORCE / ON DUTY - INJURY,CLOSED/FINAL,NOT SUSTAINED,ATKINS,ALEX,,,UNKNOWN,28,MALE,BLACK,apr2016,,,S1,S,0,1
1062195,532,BRAYTON ST,26,STREET,13may2013 22:37:00,13may2013 22:37:00,14may2013,,,,,,,,S117,PUSH/PULL/GRAB,05A,EXCESSIVE FORCE / ON DUTY - INJURY,CLOSED/FINAL,NOT SUSTAINED,STANFORD,MILAN,620,,PO AS DETECTIVE,,MALE,BLACK,apr2016,,,S1,S,0,1
1062195,532,BRAYTON ST,26,STREET,13may2013 22:37:00,13may2013 22:37:00,14may2013,,BROOKS,20978,620,,02sep1997,PO AS DETECTIVE,S117,PUSH/PULL/GRAB,05A,EXCESSIVE FORCE / ON DUTY - INJURY,CLOSED/FINAL,NOT SUSTAINED,STANFORD,MILAN,620,,PO AS DETECTIVE,,MALE,BLACK,apr2016,,,S1,S,0,1
1062195,532,BRAYTON ST,26,STREET,13may2013 22:37:00,13may2013 22:37:00,14may2013,,DIXON,15410,312,,29sep2003,POLICE OFFICER,S117,PUSH/PULL/GRAB,05A,EXCESSIVE FORCE / ON DUTY - INJURY,CLOSED/FINAL,UNFOUNDED,ATKINS,ALEX,,,UNKNOWN,26,MALE,BLACK,apr2016,,,S1,S,0,1
1062195,532,BRAYTON ST,26,STREET,13may2013 22:37:00,13may2013 22:37:00,14may2013,,BROOKS,20978,620,,02sep1997,PO AS DETECTIVE,S117,PUSH/PULL/GRAB,05A,EXCESSIVE FORCE / ON DUTY - INJURY,CLOSED/FINAL,NOT SUSTAINED,ATKINS,ANTHONY ,,,UNKNOWN,30,MALE,BLACK,apr2016,,,S1,S,0,1
1062195,532,BRAYTON ST,26,STREET,13may2013 22:37:00,13may2013 22:37:00,14may2013,,DIXON,15410,312,,29sep2003,POLICE OFFICER,S117,PUSH/PULL/GRAB,05A,EXCESSIVE FORCE / ON DUTY - INJURY,CLOSED/FINAL,UNFOUNDED,ATKINS,ALEX,,,UNKNOWN,28,MALE,BLACK,apr2016,,,S1,S,0,1
1062195,532,BRAYTON ST,26,STREET,13may2013 22:37:00,13may2013 22:37:00,14may2013,,DIXON,15410,312,,29sep2003,POLICE OFFICER,S117,PUSH/PULL/GRAB,05A,EXCESSIVE FORCE / ON DUTY - INJURY,CLOSED/FINAL,UNFOUNDED,ATKINS,ANTHONY ,,,UNKNOWN,30,MALE,BLACK,apr2016,,,S1,S,0,1
1062195,532,BRAYTON ST,26,STREET,13may2013 22:37:00,13may2013 22:37:00,14may2013,,,,,,,,S117,PUSH/PULL/GRAB,05A,EXCESSIVE FORCE / ON DUTY - INJURY,CLOSED/FINAL,NOT SUSTAINED,ATKINS,ANTHONY ,,,UNKNOWN,30,MALE,BLACK,apr2016,,,S1,S,0,1
1062195,532,BRAYTON ST,26,STREET,13may2013 22:37:00,13may2013 22:37:00,14may2013,,BROOKS,20978,620,,02sep1997,PO AS DETECTIVE,S117,PUSH/PULL/GRAB,05A,EXCESSIVE FORCE / ON DUTY - INJURY,CLOSED/FINAL,NOT SUSTAINED,HENDRICKS,ELI ,,,UNKNOWN,28,MALE,BLACK,apr2016,,,S1,S,0,1
1062195,532,BRAYTON ST,26,STREET,13may2013 22:37:00,13may2013 22:37:00,14may2013,,DIXON,15410,312,,29sep2003,POLICE OFFICER,S117,PUSH/PULL/GRAB,05A,EXCESSIVE FORCE / ON DUTY - INJURY,CLOSED/FINAL,UNFOUNDED,HENDRICKS,ELI ,,,UNKNOWN,26,MALE,BLACK,apr2016,,,S1,S,0,1
1062195,532,BRAYTON ST,26,STREET,13may2013 22:37:00,13may2013 22:37:00,14may2013,,BROOKS,20978,620,,02sep1997,PO AS DETECTIVE,S117,PUSH/PULL/GRAB,05A,EXCESSIVE FORCE / ON DUTY - INJURY,CLOSED/FINAL,NOT SUSTAINED,ATKINS,ALEX,,,UNKNOWN,28,MALE,BLACK,apr2016,,,S1,S,0,1
1062195,532,BRAYTON ST,26,STREET,13may2013 22:37:00,13may2013 22:37:00,14may2013,,BROOKS,20978,620,,02sep1997,PO AS DETECTIVE,S117,PUSH/PULL/GRAB,05A,EXCESSIVE FORCE / ON DUTY - INJURY,CLOSED/FINAL,NOT SUSTAINED,HENDRICKS,ELI ,,,UNKNOWN,26,MALE,BLACK,apr2016,,,S1,S,0,1
1062195,532,BRAYTON ST,26,STREET,13may2013 22:37:00,13may2013 22:37:00,14may2013,,DIXON,15410,312,,29sep2003,POLICE OFFICER,S117,PUSH/PULL/GRAB,05A,EXCESSIVE FORCE / ON DUTY - INJURY,CLOSED/FINAL,UNFOUNDED,HENDRICKS,ELI ,,,UNKNOWN,28,MALE,BLACK,apr2016,,,S1,S,0,1
1062195,532,BRAYTON ST,26,STREET,13may2013 22:37:00,13may2013 22:37:00,14may2013,,,,,,,,S117,PUSH/PULL/GRAB,05A,EXCESSIVE FORCE / ON DUTY - INJURY,CLOSED/FINAL,NOT SUSTAINED,HENDRICKS,ELI ,,,UNKNOWN,28,MALE,BLACK,apr2016,,,S1,S,0,1
1062195,532,BRAYTON ST,26,STREET,13may2013 22:37:00,13may2013 22:37:00,14may2013,,,,,,,,S117,PUSH/PULL/GRAB,05A,EXCESSIVE FORCE / ON DUTY - INJURY,CLOSED/FINAL,NOT SUSTAINED,ATKINS,ALEX,,,UNKNOWN,26,MALE,BLACK,apr2016,,,S1,S,1,1
1062195,532,BRAYTON ST,26,STREET,13may2013 22:37:00,13may2013 22:37:00,14may2013,,DIXON,15410,312,,29sep2003,POLICE OFFICER,S117,PUSH/PULL/GRAB,05A,EXCESSIVE FORCE / ON DUTY - INJURY,CLOSED/FINAL,UNFOUNDED,ATKINS,ANTHONY ,,,UNKNOWN,28,MALE,BLACK,apr2016,,,S1,S,0,1
1062195,532,BRAYTON ST,26,STREET,13may2013 22:37:00,13may2013 22:37:00,14may2013,,BROOKS,20978,620,,02sep1997,PO AS DETECTIVE,S117,PUSH/PULL/GRAB,05A,EXCESSIVE FORCE / ON DUTY - INJURY,CLOSED/FINAL,NOT SUSTAINED,ATKINS,ANTHONY ,,,UNKNOWN,28,MALE,BLACK,apr2016,,,S1,S,0,1
1062195,532,BRAYTON ST,26,STREET,13may2013 22:37:00,13may2013 22:37:00,14may2013,,,,,,,,S117,PUSH/PULL/GRAB,05A,EXCESSIVE FORCE / ON DUTY - INJURY,CLOSED/FINAL,NOT SUSTAINED,ATKINS,ANTHONY ,,,UNKNOWN,28,MALE,BLACK,apr2016,,,S1,S,0,1
1062195,532,BRAYTON ST,26,STREET,13may2013 22:37:00,13may2013 22:37:00,14may2013,,BROOKS,20978,620,,02sep1997,PO AS DETECTIVE,S117,PUSH/PULL/GRAB,05A,EXCESSIVE FORCE / ON DUTY - INJURY,CLOSED/FINAL,NOT SUSTAINED,ATKINS,ALEX,,,UNKNOWN,26,MALE,BLACK,apr2016,,,S1,S,0,1
1062195,532,BRAYTON ST,26,STREET,13may2013 22:37:00,13may2013 22:37:00,14may2013,,,,,,,,S117,PUSH/PULL/GRAB,05A,EXCESSIVE FORCE / ON DUTY - INJURY,CLOSED/FINAL,NOT SUSTAINED,HENDRICKS,ELI ,,,UNKNOWN,26,MALE,BLACK,apr2016,,,S1,S,0,1
1062195,532,BRAYTON ST,26,STREET,13may2013 22:37:00,13may2013 22:37:00,14may2013,,DIXON,15410,312,,29sep2003,POLICE OFFICER,S117,PUSH/PULL/GRAB,05A,EXCESSIVE FORCE / ON DUTY - INJURY,CLOSED/FINAL,UNFOUNDED,STANFORD,MILAN,620,,PO AS DETECTIVE,,MALE,BLACK,apr2016,,,S1,S,0,1
