COMPLAINT_NUMBER,BEAT,STREET,ADDRESS,LOCATION_CODE,INCIDENT_TIME_START,INCIDENT_TIME_END,NOTIFICATION_DATE,ACCSUEDOFFICER_FNAME,ACCUSEDOFFICER_LNAME,ACCUSED_STAR,ACCUSED_UNIT,ACCUSED_DETAIL,ACCUSED_APPOINTMENT_DATE,ACCUSED_POSITION,INITIAL_CATEGORY_CODE,INITIAL_CATEGORY,CURRENT_CATEGORY_CODE,CURRENT_CATEGORY,CURRENT_STATUS,FINDING_CODE,INVOLVED_OFFICER_LNAME,INVOLVED_OFFICER_FNAME,INVOLVED_OFFICER_UNIT,INVOLVED_OFFICER_DETAIL,INVOLVED_OFFICER_POSITION,INVOLVED_OFFICER_AGE,INVOLVED_OFFICER_SEX,INVOLVED_OFFICER_RACE,foia,INVOLVED_OFFICER_DESCRIPTION,INVOLVED_OFFICER_TYPE,start_code_2,start_code_1,rec,sum_rec
1055147,915,WENTWORTH AVE,3858,STREET,29jun2012 10:34:59,29jun2012 10:34:59,29jun2012,,,,,,,,01B,"RACIAL / ETHNIC, ETC.",01B,"RACIAL / ETHNIC, ETC.",CLOSED/FINAL,NOT SUSTAINED,DANIELS,JAMEEKA,,,UNKNOWN,24,FEMALE,BLACK,apr2016,,,01,0,0,1
1055147,915,WENTWORTH AVE,3858,STREET,29jun2012 10:34:59,29jun2012 10:34:59,29jun2012,,,,,,,,01B,"RACIAL / ETHNIC, ETC.",01B,"RACIAL / ETHNIC, ETC.",CLOSED/FINAL,NOT SUSTAINED,KORWIN,MICHAEL,009,,POLICE OFFICER,,MALE,WHITE,apr2016,,,01,0,0,1
1055147,915,WENTWORTH AVE,3858,STREET,29jun2012 10:34:59,29jun2012 10:34:59,29jun2012,DAVID,TENCZA,9203,009,,08mar1999,POLICE OFFICER,01B,"RACIAL / ETHNIC, ETC.",01B,"RACIAL / ETHNIC, ETC.",CLOSED/FINAL,UNFOUNDED,DANIELS,JAMEEKA,,,UNKNOWN,24,FEMALE,BLACK,apr2016,,,01,0,0,1
1055147,915,WENTWORTH AVE,3858,STREET,29jun2012 10:34:59,29jun2012 10:34:59,29jun2012,DAVID,TENCZA,9203,009,,08mar1999,POLICE OFFICER,01B,"RACIAL / ETHNIC, ETC.",01B,"RACIAL / ETHNIC, ETC.",CLOSED/FINAL,UNFOUNDED,KORWIN,MICHAEL,009,,POLICE OFFICER,,MALE,WHITE,apr2016,,,01,0,0,1
1055147,915,WENTWORTH AVE,3858,STREET,29jun2012 10:34:59,29jun2012 10:34:59,29jun2012,DAVID,TENCZA,9203,009,,08mar1999,POLICE OFFICER,01B,"RACIAL / ETHNIC, ETC.",01B,"RACIAL / ETHNIC, ETC.",CLOSED/FINAL,UNFOUNDED,VERTA,JOHN,009,,SERGEANT OF POLICE,,MALE,WHITE,apr2016,,,01,0,0,1
1055147,915,WENTWORTH AVE,3858,STREET,29jun2012 10:34:59,29jun2012 10:34:59,29jun2012,,,,,,,,01B,"RACIAL / ETHNIC, ETC.",01B,"RACIAL / ETHNIC, ETC.",CLOSED/FINAL,NOT SUSTAINED,VERTA,JOHN,009,,SERGEANT OF POLICE,,MALE,WHITE,apr2016,,,01,0,0,1
1055147,915,WENTWORTH AVE,3858,STREET,29jun2012 10:34:59,29jun2012 10:34:59,29jun2012,,,,,,,,01B,"RACIAL / ETHNIC, ETC.",01B,"RACIAL / ETHNIC, ETC.",CLOSED/FINAL,NOT SUSTAINED,DANIELS,JAMEEKA,,,UNKNOWN,22,FEMALE,BLACK,apr2016,,,01,0,0,1
1055147,915,WENTWORTH AVE,3858,STREET,29jun2012 10:34:59,29jun2012 10:34:59,29jun2012,DAVID,TENCZA,9203,009,,08mar1999,POLICE OFFICER,01B,"RACIAL / ETHNIC, ETC.",01B,"RACIAL / ETHNIC, ETC.",CLOSED/FINAL,UNFOUNDED,BERG,ANTHONY,009,,POLICE OFFICER,,MALE,WHITE,apr2016,,,01,0,0,1
1055147,915,WENTWORTH AVE,3858,STREET,29jun2012 10:34:59,29jun2012 10:34:59,29jun2012,,,,,,,,01B,"RACIAL / ETHNIC, ETC.",01B,"RACIAL / ETHNIC, ETC.",CLOSED/FINAL,NOT SUSTAINED,BERG,ANTHONY,009,,POLICE OFFICER,,MALE,WHITE,apr2016,,,01,0,1,1
1055147,915,WENTWORTH AVE,3858,STREET,29jun2012 10:34:59,29jun2012 10:34:59,29jun2012,DAVID,TENCZA,9203,009,,08mar1999,POLICE OFFICER,01B,"RACIAL / ETHNIC, ETC.",01B,"RACIAL / ETHNIC, ETC.",CLOSED/FINAL,UNFOUNDED,DANIELS,JAMEEKA,,,UNKNOWN,22,FEMALE,BLACK,apr2016,,,01,0,0,1
