COMPLAINT_NUMBER,BEAT,STREET,ADDRESS,LOCATION_CODE,INCIDENT_TIME_START,INCIDENT_TIME_END,NOTIFICATION_DATE,ACCSUEDOFFICER_FNAME,ACCUSEDOFFICER_LNAME,ACCUSED_STAR,ACCUSED_UNIT,ACCUSED_DETAIL,ACCUSED_APPOINTMENT_DATE,ACCUSED_POSITION,INITIAL_CATEGORY_CODE,INITIAL_CATEGORY,CURRENT_CATEGORY_CODE,CURRENT_CATEGORY,CURRENT_STATUS,FINDING_CODE,INVOLVED_OFFICER_LNAME,INVOLVED_OFFICER_FNAME,INVOLVED_OFFICER_UNIT,INVOLVED_OFFICER_DETAIL,INVOLVED_OFFICER_POSITION,INVOLVED_OFFICER_AGE,INVOLVED_OFFICER_SEX,INVOLVED_OFFICER_RACE,foia,INVOLVED_OFFICER_DESCRIPTION,INVOLVED_OFFICER_TYPE,start_code_2,start_code_1,rec,sum_rec
1060068,2423,TOUHY AVE,1458,STREET,10feb2013 22:09:59,10feb2013 22:09:59,11feb2013,,,,,,,,S117,PUSH/PULL/GRAB,05M,UNNECESSARY PHYSICAL CONTACT / ON DUTY - NO INJURY,CLOSED/FINAL,UNFOUNDED,ROBINSON,NIKEALUS,,,UNKNOWN,20,MALE,BLACK,apr2016,,,S1,S,0,1
1060068,2423,TOUHY AVE,1458,STREET,10feb2013 22:09:59,10feb2013 22:09:59,11feb2013,,ROJAS,15535,007,213,27oct2003,POLICE OFFICER,S117,PUSH/PULL/GRAB,05M,UNNECESSARY PHYSICAL CONTACT / ON DUTY - NO INJURY,CLOSED/FINAL,NOT SUSTAINED,ROBINSON,NIKEALUS,,,UNKNOWN,20,MALE,BLACK,apr2016,,,S1,S,0,1
1060068,2423,TOUHY AVE,1458,STREET,10feb2013 22:09:59,10feb2013 22:09:59,11feb2013,,DIBLICH,6643,006,213,05dec2005,POLICE OFFICER,S117,PUSH/PULL/GRAB,05M,UNNECESSARY PHYSICAL CONTACT / ON DUTY - NO INJURY,CLOSED/FINAL,NOT SUSTAINED,ROBINSON,NIKEALUS,,,UNKNOWN,20,MALE,BLACK,apr2016,,,S1,S,0,1
1060068,2423,TOUHY AVE,1458,STREET,10feb2013 22:09:59,10feb2013 22:09:59,11feb2013,,CHON,11483,025,213,27oct2003,POLICE OFFICER,S117,PUSH/PULL/GRAB,05M,UNNECESSARY PHYSICAL CONTACT / ON DUTY - NO INJURY,CLOSED/FINAL,UNFOUNDED,ROBINSON,NIKEALUS,,,UNKNOWN,20,MALE,BLACK,apr2016,,,S1,S,0,1
