COMPLAINT_NUMBER,BEAT,STREET,ADDRESS,LOCATION_CODE,INCIDENT_TIME_START,INCIDENT_TIME_END,NOTIFICATION_DATE,ACCSUEDOFFICER_FNAME,ACCUSEDOFFICER_LNAME,ACCUSED_STAR,ACCUSED_UNIT,ACCUSED_DETAIL,ACCUSED_APPOINTMENT_DATE,ACCUSED_POSITION,INITIAL_CATEGORY_CODE,INITIAL_CATEGORY,CURRENT_CATEGORY_CODE,CURRENT_CATEGORY,CURRENT_STATUS,FINDING_CODE,INVOLVED_OFFICER_LNAME,INVOLVED_OFFICER_FNAME,INVOLVED_OFFICER_UNIT,INVOLVED_OFFICER_DETAIL,INVOLVED_OFFICER_POSITION,INVOLVED_OFFICER_AGE,INVOLVED_OFFICER_SEX,INVOLVED_OFFICER_RACE,foia,INVOLVED_OFFICER_DESCRIPTION,INVOLVED_OFFICER_TYPE,start_code_2,start_code_1,rec,sum_rec
1059373,414,75TH ST,2005,STREET,07jan2013,07jan2013,07jan2013,KEVIN,FRY,15329,004,,29sep2003,POLICE OFFICER,S249,FIREARM DISCHARGE WITH HITS - HANDGUN,S085,FIREARM DISCHARGE WITH HITS - HANDGUN,CLOSED/FINAL,UNFOUNDED,TOTH,LOU,004,,POLICE OFFICER,,MALE,WHITE,may2016,WORKING BEAT 463E,Witness,S2,S,0,2
1059373,414,75TH ST,2005,STREET,07jan2013,07jan2013,07jan2013,KEVIN,FRY,15329,004,,29sep2003,POLICE OFFICER,S249,FIREARM DISCHARGE WITH HITS - HANDGUN,S085,FIREARM DISCHARGE WITH HITS - HANDGUN,CLOSED/FINAL,UNFOUNDED,FRY,KEVIN,004,,POLICE OFFICER,,MALE,WHITE,may2016,WORKING BEAT 463E,Inmate,S2,S,0,2
1059373,414,75TH ST,2005,STREET,07jan2013,07jan2013,07jan2013,KEVIN,FRY,15329,004,,29sep2003,POLICE OFFICER,S249,FIREARM DISCHARGE WITH HITS - HANDGUN,S085,FIREARM DISCHARGE WITH HITS - HANDGUN,CLOSED/FINAL,UNFOUNDED,BELL,PAXTON,,,,41,MALE,BLACK,may2016,,Witness,S2,S,0,2
1059373,414,75TH ST,2005,STREET,07jan2013,07jan2013,07jan2013,KEVIN,FRY,15329,004,,29sep2003,POLICE OFFICER,S249,FIREARM DISCHARGE WITH HITS - HANDGUN,S085,FIREARM DISCHARGE WITH HITS - HANDGUN,CLOSED/FINAL,UNFOUNDED,GULLIFORD,WAYNE,142,212,DEP CHIEF,,MALE,WHITE,may2016,,Complainant,S2,S,0,2
1059373,414,75TH ST,2005,STREET,07jan2013,07jan2013,07jan2013,KEVIN,FRY,15329,004,,29sep2003,POLICE OFFICER,S249,FIREARM DISCHARGE WITH HITS - HANDGUN,S085,FIREARM DISCHARGE WITH HITS - HANDGUN,CLOSED/FINAL,UNFOUNDED,CHATMAN,FREDERICK,,,UNKNOWN,17,MALE,BLACK,may2016,,Victim,S2,S,0,2
1059373,414,75TH ST,2005,STREET,07jan2013 13:46:00,07jan2013 13:46:00,07jan2013,,FRY,15329,004,,29sep2003,POLICE OFFICER,S249,FIREARM DISCHARGE WITH HITS - HANDGUN,S085,FIREARM DISCHARGE WITH HITS - HANDGUN,CLOSED/FINAL,UNFOUNDED,FRY,KEVIN,004,,POLICE OFFICER,,MALE,WHITE,apr2016,,,S2,S,0,2
1059373,414,75TH ST,2005,STREET,07jan2013 13:46:00,07jan2013 13:46:00,07jan2013,,FRY,15329,004,,29sep2003,POLICE OFFICER,S249,FIREARM DISCHARGE WITH HITS - HANDGUN,S085,FIREARM DISCHARGE WITH HITS - HANDGUN,CLOSED/FINAL,UNFOUNDED,CHATMAN,FREDERICK,,,UNKNOWN,17,MALE,BLACK,apr2016,,,S2,S,0,2
1059373,414,75TH ST,2005,STREET,07jan2013,07jan2013,07jan2013,KEVIN,FRY,15329,004,,29sep2003,POLICE OFFICER,S249,FIREARM DISCHARGE WITH HITS - HANDGUN,S085,FIREARM DISCHARGE WITH HITS - HANDGUN,CLOSED/FINAL,UNFOUNDED,CHATMAN,CEDRICK,,,UNKNOWN,19,MALE,BLACK,may2016,,Victim,S2,S,0,2
1059373,414,75TH ST,2005,STREET,07jan2013 13:46:00,07jan2013 13:46:00,07jan2013,,FRY,15329,004,,29sep2003,POLICE OFFICER,S249,FIREARM DISCHARGE WITH HITS - HANDGUN,S085,FIREARM DISCHARGE WITH HITS - HANDGUN,CLOSED/FINAL,UNFOUNDED,BELL,PAXTON,,,,41,MALE,BLACK,apr2016,,,S2,S,0,2
1059373,414,75TH ST,2005,STREET,07jan2013 13:46:00,07jan2013 13:46:00,07jan2013,,FRY,15329,004,,29sep2003,POLICE OFFICER,S249,FIREARM DISCHARGE WITH HITS - HANDGUN,S085,FIREARM DISCHARGE WITH HITS - HANDGUN,CLOSED/FINAL,UNFOUNDED,CHATMAN,CEDRICK,,,UNKNOWN,19,MALE,BLACK,apr2016,,,S2,S,0,2
1059373,414,75TH ST,2005,STREET,07jan2013,07jan2013,07jan2013,KEVIN,FRY,15329,004,,29sep2003,POLICE OFFICER,S249,FIREARM DISCHARGE WITH HITS - HANDGUN,S085,FIREARM DISCHARGE WITH HITS - HANDGUN,CLOSED/FINAL,UNFOUNDED,BELL,KENNETH,,,,41,MALE,BLACK,may2016,,Witness,S2,S,1,2
1059373,414,75TH ST,2005,STREET,07jan2013 13:46:00,07jan2013 13:46:00,07jan2013,,FRY,15329,004,,29sep2003,POLICE OFFICER,S249,FIREARM DISCHARGE WITH HITS - HANDGUN,S085,FIREARM DISCHARGE WITH HITS - HANDGUN,CLOSED/FINAL,UNFOUNDED,TOTH,LOU,004,,POLICE OFFICER,,MALE,WHITE,apr2016,,,S2,S,0,2
1059373,414,75TH ST,2005,STREET,07jan2013 13:46:00,07jan2013 13:46:00,07jan2013,,FRY,15329,004,,29sep2003,POLICE OFFICER,S249,FIREARM DISCHARGE WITH HITS - HANDGUN,S085,FIREARM DISCHARGE WITH HITS - HANDGUN,CLOSED/FINAL,UNFOUNDED,BELL,KENNETH,,,,41,MALE,BLACK,apr2016,,,S2,S,0,2
1059373,414,75TH ST,2005,STREET,07jan2013 13:46:00,07jan2013 13:46:00,07jan2013,,FRY,15329,004,,29sep2003,POLICE OFFICER,S249,FIREARM DISCHARGE WITH HITS - HANDGUN,S085,FIREARM DISCHARGE WITH HITS - HANDGUN,CLOSED/FINAL,UNFOUNDED,GULLIFORD,WAYNE,142,212,DEP CHIEF,,MALE,WHITE,apr2016,,,S2,S,0,2
