COMPLAINT_NUMBER,BEAT,STREET,ADDRESS,LOCATION_CODE,INCIDENT_TIME_START,INCIDENT_TIME_END,NOTIFICATION_DATE,ACCSUEDOFFICER_FNAME,ACCUSEDOFFICER_LNAME,ACCUSED_STAR,ACCUSED_UNIT,ACCUSED_DETAIL,ACCUSED_APPOINTMENT_DATE,ACCUSED_POSITION,INITIAL_CATEGORY_CODE,INITIAL_CATEGORY,CURRENT_CATEGORY_CODE,CURRENT_CATEGORY,CURRENT_STATUS,FINDING_CODE,INVOLVED_OFFICER_LNAME,INVOLVED_OFFICER_FNAME,INVOLVED_OFFICER_UNIT,INVOLVED_OFFICER_DETAIL,INVOLVED_OFFICER_POSITION,INVOLVED_OFFICER_AGE,INVOLVED_OFFICER_SEX,INVOLVED_OFFICER_RACE,foia,INVOLVED_OFFICER_DESCRIPTION,INVOLVED_OFFICER_TYPE,start_code_2,start_code_1,rec,sum_rec
1054795,434,CALHOUN AVE,10400,STREET,07jun2012 12:59:59,07jun2012 12:59:59,15jun2012,,,,,,,,05A,EXCESSIVE FORCE / ON DUTY - INJURY,S117,PUSH/PULL/GRAB,CLOSED/FINAL,EXONERATED,REYES,CARLOS,,,UNKNOWN,39,MALE,WHITE HISPANIC,apr2016,,,05,0,0,1
1054795,434,CALHOUN AVE,10400,STREET,07jun2012 12:59:59,07jun2012 12:59:59,15jun2012,,,,,,,,05A,EXCESSIVE FORCE / ON DUTY - INJURY,S117,PUSH/PULL/GRAB,CLOSED/FINAL,EXONERATED,REYES,CARLOS,,,UNKNOWN,36,MALE,WHITE HISPANIC,apr2016,,,05,0,0,1
1054795,434,CALHOUN AVE,10400,STREET,07jun2012 12:59:59,07jun2012 12:59:59,15jun2012,TRACY,ADLER,5868,311,,24sep2007,POLICE OFFICER,05A,EXCESSIVE FORCE / ON DUTY - INJURY,S117,PUSH/PULL/GRAB,CLOSED/FINAL,UNFOUNDED,BANKS,COREY,,,,,MALE,BLACK,apr2016,,,05,0,0,1
1054795,434,CALHOUN AVE,10400,STREET,07jun2012 12:59:59,07jun2012 12:59:59,15jun2012,TRACY,ADLER,5868,311,,24sep2007,POLICE OFFICER,05A,EXCESSIVE FORCE / ON DUTY - INJURY,S117,PUSH/PULL/GRAB,CLOSED/FINAL,UNFOUNDED,REYES,CARLOS,,,UNKNOWN,36,MALE,WHITE HISPANIC,apr2016,,,05,0,0,1
1054795,434,CALHOUN AVE,10400,STREET,07jun2012 12:59:59,07jun2012 12:59:59,15jun2012,NOEL,MORGAN,8714,004,,26apr2004,POLICE OFFICER,05A,EXCESSIVE FORCE / ON DUTY - INJURY,S117,PUSH/PULL/GRAB,CLOSED/FINAL,UNFOUNDED,REYES,CARLOS,,,UNKNOWN,36,MALE,WHITE HISPANIC,apr2016,,,05,0,0,1
1054795,434,CALHOUN AVE,10400,STREET,07jun2012 12:59:59,07jun2012 12:59:59,15jun2012,NOEL,MORGAN,8714,004,,26apr2004,POLICE OFFICER,05A,EXCESSIVE FORCE / ON DUTY - INJURY,S117,PUSH/PULL/GRAB,CLOSED/FINAL,UNFOUNDED,REYES,CARLOS,,,UNKNOWN,39,MALE,WHITE HISPANIC,apr2016,,,05,0,0,1
1054795,434,CALHOUN AVE,10400,STREET,07jun2012 12:59:59,07jun2012 12:59:59,15jun2012,NOEL,MORGAN,8714,004,,26apr2004,POLICE OFFICER,05A,EXCESSIVE FORCE / ON DUTY - INJURY,S117,PUSH/PULL/GRAB,CLOSED/FINAL,UNFOUNDED,BANKS,COREY,,,,,MALE,BLACK,apr2016,,,05,0,0,1
1054795,434,CALHOUN AVE,10400,STREET,07jun2012 12:59:59,07jun2012 12:59:59,15jun2012,,,,,,,,05A,EXCESSIVE FORCE / ON DUTY - INJURY,S117,PUSH/PULL/GRAB,CLOSED/FINAL,EXONERATED,BANKS,COREY,,,,,MALE,BLACK,apr2016,,,05,0,1,1
1054795,434,CALHOUN AVE,10400,STREET,07jun2012 12:59:59,07jun2012 12:59:59,15jun2012,TRACY,ADLER,5868,311,,24sep2007,POLICE OFFICER,05A,EXCESSIVE FORCE / ON DUTY - INJURY,S117,PUSH/PULL/GRAB,CLOSED/FINAL,UNFOUNDED,REYES,CARLOS,,,UNKNOWN,39,MALE,WHITE HISPANIC,apr2016,,,05,0,0,1
