COMPLAINT_NUMBER,BEAT,STREET,ADDRESS,LOCATION_CODE,INCIDENT_TIME_START,INCIDENT_TIME_END,NOTIFICATION_DATE,ACCSUEDOFFICER_FNAME,ACCUSEDOFFICER_LNAME,ACCUSED_STAR,ACCUSED_UNIT,ACCUSED_DETAIL,ACCUSED_APPOINTMENT_DATE,ACCUSED_POSITION,INITIAL_CATEGORY_CODE,INITIAL_CATEGORY,CURRENT_CATEGORY_CODE,CURRENT_CATEGORY,CURRENT_STATUS,FINDING_CODE,INVOLVED_OFFICER_LNAME,INVOLVED_OFFICER_FNAME,INVOLVED_OFFICER_UNIT,INVOLVED_OFFICER_DETAIL,INVOLVED_OFFICER_POSITION,INVOLVED_OFFICER_AGE,INVOLVED_OFFICER_SEX,INVOLVED_OFFICER_RACE,foia,INVOLVED_OFFICER_DESCRIPTION,INVOLVED_OFFICER_TYPE,start_code_2,start_code_1,rec,sum_rec
1058936,321,EVANS AVE,6528,APARTMENT,10dec2012 04:38:59,10dec2012 04:38:59,10dec2012,KARINA,AGUILAR,1600,004,,13dec1999,SERGEANT OF POLICE,05A,EXCESSIVE FORCE / ON DUTY - INJURY,05A,EXCESSIVE FORCE / ON DUTY - INJURY,CLOSED/FINAL,SUSTAINED,FONDER,JOHN ,,,UNKNOWN,53,MALE,BLACK,apr2016,,,05,0,0,1
1058936,321,EVANS AVE,6528,APARTMENT,10dec2012 04:38:59,10dec2012 04:38:59,10dec2012,,,,,,,,05A,EXCESSIVE FORCE / ON DUTY - INJURY,05A,EXCESSIVE FORCE / ON DUTY - INJURY,CLOSED/FINAL,SUSTAINED,FONDER,JOHN ,,,UNKNOWN,53,MALE,BLACK,apr2016,,,05,0,0,1
1058936,321,EVANS AVE,6528,APARTMENT,10dec2012 04:38:59,10dec2012 04:38:59,10dec2012,HODGES,SMITH,17084,003,,05dec2005,POLICE OFFICER,05A,EXCESSIVE FORCE / ON DUTY - INJURY,05A,EXCESSIVE FORCE / ON DUTY - INJURY,CLOSED/FINAL,SUSTAINED,FONDER,JEANATTA ,,,UNKNOWN,21,FEMALE,BLACK,apr2016,,,05,0,0,1
1058936,321,EVANS AVE,6528,APARTMENT,10dec2012 04:38:59,10dec2012 04:38:59,10dec2012,ALFRED,MAYES,13172,003,,09jul2007,POLICE OFFICER,05A,EXCESSIVE FORCE / ON DUTY - INJURY,05A,EXCESSIVE FORCE / ON DUTY - INJURY,CLOSED/FINAL,SUSTAINED,FONDER,JOHN ,,,UNKNOWN,53,MALE,BLACK,apr2016,,,05,0,0,1
1058936,321,EVANS AVE,6528,APARTMENT,10dec2012 04:38:59,10dec2012 04:38:59,10dec2012,,,,,,,,05A,EXCESSIVE FORCE / ON DUTY - INJURY,05A,EXCESSIVE FORCE / ON DUTY - INJURY,CLOSED/FINAL,UNFOUNDED,FONDER,JOHN ,,,UNKNOWN,53,MALE,BLACK,apr2016,,,05,0,0,1
1058936,321,EVANS AVE,6528,APARTMENT,10dec2012 04:38:59,10dec2012 04:38:59,10dec2012,ALFRED,MAYES,13172,003,,09jul2007,POLICE OFFICER,05A,EXCESSIVE FORCE / ON DUTY - INJURY,05A,EXCESSIVE FORCE / ON DUTY - INJURY,CLOSED/FINAL,SUSTAINED,FONDER,JEANATTA ,,,UNKNOWN,21,FEMALE,BLACK,apr2016,,,05,0,0,1
1058936,321,EVANS AVE,6528,APARTMENT,10dec2012 04:38:59,10dec2012 04:38:59,10dec2012,KARINA,AGUILAR,1600,004,,13dec1999,SERGEANT OF POLICE,05A,EXCESSIVE FORCE / ON DUTY - INJURY,05A,EXCESSIVE FORCE / ON DUTY - INJURY,CLOSED/FINAL,NOT SUSTAINED,FONDER,JEANATTA ,,,UNKNOWN,21,FEMALE,BLACK,apr2016,,,05,0,0,1
1058936,321,EVANS AVE,6528,APARTMENT,10dec2012 04:38:59,10dec2012 04:38:59,10dec2012,ALFRED,MAYES,13172,003,,09jul2007,POLICE OFFICER,05A,EXCESSIVE FORCE / ON DUTY - INJURY,05A,EXCESSIVE FORCE / ON DUTY - INJURY,CLOSED/FINAL,NOT SUSTAINED,FONDER,JOHN ,,,UNKNOWN,53,MALE,BLACK,apr2016,,,05,0,0,1
1058936,321,EVANS AVE,6528,APARTMENT,10dec2012 04:38:59,10dec2012 04:38:59,10dec2012,ALFRED,MAYES,13172,003,,09jul2007,POLICE OFFICER,05A,EXCESSIVE FORCE / ON DUTY - INJURY,05A,EXCESSIVE FORCE / ON DUTY - INJURY,CLOSED/FINAL,NOT SUSTAINED,FONDER,JOHN ,,,UNKNOWN,52,MALE,BLACK,apr2016,,,05,0,0,1
1058936,321,EVANS AVE,6528,APARTMENT,10dec2012 04:38:59,10dec2012 04:38:59,10dec2012,,,,,,,,05A,EXCESSIVE FORCE / ON DUTY - INJURY,05A,EXCESSIVE FORCE / ON DUTY - INJURY,CLOSED/FINAL,UNFOUNDED,FONDER,JEANATTA ,,,UNKNOWN,21,FEMALE,BLACK,apr2016,,,05,0,0,1
1058936,321,EVANS AVE,6528,APARTMENT,10dec2012 04:38:59,10dec2012 04:38:59,10dec2012,ALFRED,MAYES,13172,003,,09jul2007,POLICE OFFICER,05A,EXCESSIVE FORCE / ON DUTY - INJURY,05A,EXCESSIVE FORCE / ON DUTY - INJURY,CLOSED/FINAL,NOT SUSTAINED,FONDER,JEANATTA ,,,UNKNOWN,21,FEMALE,BLACK,apr2016,,,05,0,0,1
1058936,321,EVANS AVE,6528,APARTMENT,10dec2012 04:38:59,10dec2012 04:38:59,10dec2012,HODGES,SMITH,17084,003,,05dec2005,POLICE OFFICER,05A,EXCESSIVE FORCE / ON DUTY - INJURY,05A,EXCESSIVE FORCE / ON DUTY - INJURY,CLOSED/FINAL,UNFOUNDED,FONDER,JOHN ,,,UNKNOWN,52,MALE,BLACK,apr2016,,,05,0,0,1
1058936,321,EVANS AVE,6528,APARTMENT,10dec2012 04:38:59,10dec2012 04:38:59,10dec2012,ALFRED,MAYES,13172,003,,09jul2007,POLICE OFFICER,05A,EXCESSIVE FORCE / ON DUTY - INJURY,05A,EXCESSIVE FORCE / ON DUTY - INJURY,CLOSED/FINAL,SUSTAINED,FONDER,JOHN ,,,UNKNOWN,52,MALE,BLACK,apr2016,,,05,0,0,1
1058936,321,EVANS AVE,6528,APARTMENT,10dec2012 04:38:59,10dec2012 04:38:59,10dec2012,KARINA,AGUILAR,1600,004,,13dec1999,SERGEANT OF POLICE,05A,EXCESSIVE FORCE / ON DUTY - INJURY,05A,EXCESSIVE FORCE / ON DUTY - INJURY,CLOSED/FINAL,NOT SUSTAINED,FONDER,JOHN ,,,UNKNOWN,53,MALE,BLACK,apr2016,,,05,0,0,1
1058936,321,EVANS AVE,6528,APARTMENT,10dec2012 04:38:59,10dec2012 04:38:59,10dec2012,HODGES,SMITH,17084,003,,05dec2005,POLICE OFFICER,05A,EXCESSIVE FORCE / ON DUTY - INJURY,05A,EXCESSIVE FORCE / ON DUTY - INJURY,CLOSED/FINAL,SUSTAINED,FONDER,JOHN ,,,UNKNOWN,53,MALE,BLACK,apr2016,,,05,0,0,1
1058936,321,EVANS AVE,6528,APARTMENT,10dec2012 04:38:59,10dec2012 04:38:59,10dec2012,,,,,,,,05A,EXCESSIVE FORCE / ON DUTY - INJURY,05A,EXCESSIVE FORCE / ON DUTY - INJURY,CLOSED/FINAL,SUSTAINED,FONDER,JEANATTA ,,,UNKNOWN,21,FEMALE,BLACK,apr2016,,,05,0,0,1
1058936,321,EVANS AVE,6528,APARTMENT,10dec2012 04:38:59,10dec2012 04:38:59,10dec2012,HODGES,SMITH,17084,003,,05dec2005,POLICE OFFICER,05A,EXCESSIVE FORCE / ON DUTY - INJURY,05A,EXCESSIVE FORCE / ON DUTY - INJURY,CLOSED/FINAL,UNFOUNDED,FONDER,JOHN ,,,UNKNOWN,53,MALE,BLACK,apr2016,,,05,0,0,1
1058936,321,EVANS AVE,6528,APARTMENT,10dec2012 04:38:59,10dec2012 04:38:59,10dec2012,,,,,,,,05A,EXCESSIVE FORCE / ON DUTY - INJURY,05A,EXCESSIVE FORCE / ON DUTY - INJURY,CLOSED/FINAL,SUSTAINED,FONDER,JOHN ,,,UNKNOWN,52,MALE,BLACK,apr2016,,,05,0,0,1
1058936,321,EVANS AVE,6528,APARTMENT,10dec2012 04:38:59,10dec2012 04:38:59,10dec2012,,,,,,,,05A,EXCESSIVE FORCE / ON DUTY - INJURY,05A,EXCESSIVE FORCE / ON DUTY - INJURY,CLOSED/FINAL,UNFOUNDED,FONDER,JOHN ,,,UNKNOWN,52,MALE,BLACK,apr2016,,,05,0,0,1
1058936,321,EVANS AVE,6528,APARTMENT,10dec2012 04:38:59,10dec2012 04:38:59,10dec2012,HODGES,SMITH,17084,003,,05dec2005,POLICE OFFICER,05A,EXCESSIVE FORCE / ON DUTY - INJURY,05A,EXCESSIVE FORCE / ON DUTY - INJURY,CLOSED/FINAL,UNFOUNDED,FONDER,JEANATTA ,,,UNKNOWN,21,FEMALE,BLACK,apr2016,,,05,0,0,1
1058936,321,EVANS AVE,6528,APARTMENT,10dec2012 04:38:59,10dec2012 04:38:59,10dec2012,KARINA,AGUILAR,1600,004,,13dec1999,SERGEANT OF POLICE,05A,EXCESSIVE FORCE / ON DUTY - INJURY,05A,EXCESSIVE FORCE / ON DUTY - INJURY,CLOSED/FINAL,SUSTAINED,FONDER,JEANATTA ,,,UNKNOWN,21,FEMALE,BLACK,apr2016,,,05,0,0,1
1058936,321,EVANS AVE,6528,APARTMENT,10dec2012 04:38:59,10dec2012 04:38:59,10dec2012,KARINA,AGUILAR,1600,004,,13dec1999,SERGEANT OF POLICE,05A,EXCESSIVE FORCE / ON DUTY - INJURY,05A,EXCESSIVE FORCE / ON DUTY - INJURY,CLOSED/FINAL,NOT SUSTAINED,FONDER,JOHN ,,,UNKNOWN,52,MALE,BLACK,apr2016,,,05,0,0,1
1058936,321,EVANS AVE,6528,APARTMENT,10dec2012 04:38:59,10dec2012 04:38:59,10dec2012,KARINA,AGUILAR,1600,004,,13dec1999,SERGEANT OF POLICE,05A,EXCESSIVE FORCE / ON DUTY - INJURY,05A,EXCESSIVE FORCE / ON DUTY - INJURY,CLOSED/FINAL,SUSTAINED,FONDER,JOHN ,,,UNKNOWN,52,MALE,BLACK,apr2016,,,05,0,0,1
1058936,321,EVANS AVE,6528,APARTMENT,10dec2012 04:38:59,10dec2012 04:38:59,10dec2012,HODGES,SMITH,17084,003,,05dec2005,POLICE OFFICER,05A,EXCESSIVE FORCE / ON DUTY - INJURY,05A,EXCESSIVE FORCE / ON DUTY - INJURY,CLOSED/FINAL,SUSTAINED,FONDER,JOHN ,,,UNKNOWN,52,MALE,BLACK,apr2016,,,05,0,0,1
