COMPLAINT_NUMBER,BEAT,STREET,ADDRESS,LOCATION_CODE,INCIDENT_TIME_START,INCIDENT_TIME_END,NOTIFICATION_DATE,ACCSUEDOFFICER_FNAME,ACCUSEDOFFICER_LNAME,ACCUSED_STAR,ACCUSED_UNIT,ACCUSED_DETAIL,ACCUSED_APPOINTMENT_DATE,ACCUSED_POSITION,INITIAL_CATEGORY_CODE,INITIAL_CATEGORY,CURRENT_CATEGORY_CODE,CURRENT_CATEGORY,CURRENT_STATUS,FINDING_CODE,INVOLVED_OFFICER_LNAME,INVOLVED_OFFICER_FNAME,INVOLVED_OFFICER_UNIT,INVOLVED_OFFICER_DETAIL,INVOLVED_OFFICER_POSITION,INVOLVED_OFFICER_AGE,INVOLVED_OFFICER_SEX,INVOLVED_OFFICER_RACE,foia,INVOLVED_OFFICER_DESCRIPTION,INVOLVED_OFFICER_TYPE,start_code_2,start_code_1,rec,sum_rec
1056552,631,ELLIS AVE,8052,STREET,15jun2012 20:18:00,15jun2012 20:18:00,24aug2012,WILFORD,FIELDS,12773,006,,21feb2006,POLICE OFFICER,05M,UNNECESSARY PHYSICAL CONTACT / ON DUTY - NO INJURY,S125,MISCELLANEOUS,CLOSED/FINAL,UNFOUNDED,JAMES III,TERRY,,,UNKNOWN,26,MALE,,apr2016,,,05,0,0,1
1056552,631,ELLIS AVE,8052,STREET,15jun2012 20:18:00,15jun2012 20:18:00,24aug2012,PHILIP,STRAZZANTE,8496,006,,01sep2010,POLICE OFFICER,05M,UNNECESSARY PHYSICAL CONTACT / ON DUTY - NO INJURY,S125,MISCELLANEOUS,CLOSED/FINAL,EXONERATED,JAMES III,TERRY,,,UNKNOWN,27,MALE,,apr2016,,,05,0,0,1
1056552,631,ELLIS AVE,8052,STREET,15jun2012 20:18:00,15jun2012 20:18:00,24aug2012,PHILIP,STRAZZANTE,8496,006,,01sep2010,POLICE OFFICER,05M,UNNECESSARY PHYSICAL CONTACT / ON DUTY - NO INJURY,S125,MISCELLANEOUS,CLOSED/FINAL,NOT SUSTAINED,JAMES III,TERRY,,,UNKNOWN,27,MALE,,apr2016,,,05,0,0,1
1056552,631,ELLIS AVE,8052,STREET,15jun2012 20:18:00,15jun2012 20:18:00,24aug2012,PHILIP,STRAZZANTE,8496,006,,01sep2010,POLICE OFFICER,05M,UNNECESSARY PHYSICAL CONTACT / ON DUTY - NO INJURY,S125,MISCELLANEOUS,CLOSED/FINAL,NOT SUSTAINED,JAMES III,TERRY,,,UNKNOWN,26,MALE,,apr2016,,,05,0,0,1
1056552,631,ELLIS AVE,8052,STREET,15jun2012 20:18:00,15jun2012 20:18:00,24aug2012,WILFORD,FIELDS,12773,006,,21feb2006,POLICE OFFICER,05M,UNNECESSARY PHYSICAL CONTACT / ON DUTY - NO INJURY,S125,MISCELLANEOUS,CLOSED/FINAL,EXONERATED,JAMES III,TERRY,,,UNKNOWN,26,MALE,,apr2016,,,05,0,0,1
1056552,631,ELLIS AVE,8052,STREET,15jun2012 20:18:00,15jun2012 20:18:00,24aug2012,WILFORD,FIELDS,12773,006,,21feb2006,POLICE OFFICER,05M,UNNECESSARY PHYSICAL CONTACT / ON DUTY - NO INJURY,S125,MISCELLANEOUS,CLOSED/FINAL,UNFOUNDED,JAMES III,TERRY,,,UNKNOWN,27,MALE,,apr2016,,,05,0,0,1
1056552,631,ELLIS AVE,8052,STREET,15jun2012 20:18:00,15jun2012 20:18:00,24aug2012,WILFORD,FIELDS,12773,006,,21feb2006,POLICE OFFICER,05M,UNNECESSARY PHYSICAL CONTACT / ON DUTY - NO INJURY,S125,MISCELLANEOUS,CLOSED/FINAL,EXONERATED,JAMES III,TERRY,,,UNKNOWN,27,MALE,,apr2016,,,05,0,0,1
1056552,631,ELLIS AVE,8052,STREET,15jun2012 20:18:00,15jun2012 20:18:00,24aug2012,PHILIP,STRAZZANTE,8496,006,,01sep2010,POLICE OFFICER,05M,UNNECESSARY PHYSICAL CONTACT / ON DUTY - NO INJURY,S125,MISCELLANEOUS,CLOSED/FINAL,EXONERATED,JAMES III,TERRY,,,UNKNOWN,26,MALE,,apr2016,,,05,0,1,1
