COMPLAINT_NUMBER,BEAT,STREET,ADDRESS,LOCATION_CODE,INCIDENT_TIME_START,INCIDENT_TIME_END,NOTIFICATION_DATE,ACCSUEDOFFICER_FNAME,ACCUSEDOFFICER_LNAME,ACCUSED_STAR,ACCUSED_UNIT,ACCUSED_DETAIL,ACCUSED_APPOINTMENT_DATE,ACCUSED_POSITION,INITIAL_CATEGORY_CODE,INITIAL_CATEGORY,CURRENT_CATEGORY_CODE,CURRENT_CATEGORY,CURRENT_STATUS,FINDING_CODE,INVOLVED_OFFICER_LNAME,INVOLVED_OFFICER_FNAME,INVOLVED_OFFICER_UNIT,INVOLVED_OFFICER_DETAIL,INVOLVED_OFFICER_POSITION,INVOLVED_OFFICER_AGE,INVOLVED_OFFICER_SEX,INVOLVED_OFFICER_RACE,foia,INVOLVED_OFFICER_DESCRIPTION,INVOLVED_OFFICER_TYPE,start_code_2,start_code_1,rec,sum_rec
1055205,312,COTTAGE GROVE AVE,6300,STREET,02jul2012 12:00:00,02jul2012 12:00:00,02jul2012,,,,,,,,S117,PUSH/PULL/GRAB,05A,EXCESSIVE FORCE / ON DUTY - INJURY,CLOSED/FINAL,UNFOUNDED,MITCHELL,BRIAN,,,,25,MALE,BLACK,apr2016,,,S1,S,0,1
1055205,312,COTTAGE GROVE AVE,6300,STREET,02jul2012 12:00:00,02jul2012 12:00:00,02jul2012,JOHN,BLOCK,18408,003,,13oct1998,POLICE OFFICER,S117,PUSH/PULL/GRAB,05A,EXCESSIVE FORCE / ON DUTY - INJURY,CLOSED/FINAL,UNFOUNDED,BEATHEA,KANAHI,,,UNKNOWN,27,FEMALE,BLACK,apr2016,,,S1,S,0,1
1055205,312,COTTAGE GROVE AVE,6300,STREET,02jul2012 12:00:00,02jul2012 12:00:00,02jul2012,JOHN,BLOCK,18408,003,,13oct1998,POLICE OFFICER,S117,PUSH/PULL/GRAB,05A,EXCESSIVE FORCE / ON DUTY - INJURY,CLOSED/FINAL,UNFOUNDED,BEATHEA,KANAHI,,,UNKNOWN,25,FEMALE,BLACK,apr2016,,,S1,S,0,1
1055205,312,COTTAGE GROVE AVE,6300,STREET,02jul2012 12:00:00,02jul2012 12:00:00,02jul2012,,,,,,,,S117,PUSH/PULL/GRAB,05A,EXCESSIVE FORCE / ON DUTY - INJURY,CLOSED/FINAL,UNFOUNDED,BEATHEA,KANAHI,,,UNKNOWN,25,FEMALE,BLACK,apr2016,,,S1,S,0,1
1055205,312,COTTAGE GROVE AVE,6300,STREET,02jul2012 12:00:00,02jul2012 12:00:00,02jul2012,JOHN,BLOCK,18408,003,,13oct1998,POLICE OFFICER,S117,PUSH/PULL/GRAB,05A,EXCESSIVE FORCE / ON DUTY - INJURY,CLOSED/FINAL,UNFOUNDED,MITCHELL,BRIAN,,,,25,MALE,BLACK,apr2016,,,S1,S,0,1
1055205,312,COTTAGE GROVE AVE,6300,STREET,02jul2012 12:00:00,02jul2012 12:00:00,02jul2012,,,,,,,,S117,PUSH/PULL/GRAB,05A,EXCESSIVE FORCE / ON DUTY - INJURY,CLOSED/FINAL,UNFOUNDED,BEATHEA,KANAHI,,,UNKNOWN,27,FEMALE,BLACK,apr2016,,,S1,S,0,1
